benchmark,scenario,noise_ratio,samples_per_client,num_clients,seed,method,exact_recovery,term_precision,term_recall,test_nmse,train_mse,spurious_accepted,exception_recovered,runtime_seconds,communication_bytes,search_evaluations,discovered_terms,expression,stop_reason
base,complementary,0.03,300,4,9011,fedfalsify-v05,1.0,1.0,1.0,5.206347393030049e-07,0.00818922535816707,0.0,1.0,0.5045053560002088,238514,5,sin(x2);x1;x3^2,-0.002474 + 1.999·x₁ + 0.5005·x₃² + 1·sin(x₂),target federated MSE reached; no replacement passed the federated certificate
base,complementary,0.03,300,4,9011,centralized-tree-gp,0.0,0.25,0.3333333333333333,0.00013511385452181734,0.008951844357960814,0.0,1.0,1.3591012719998616,0,1564,"expr:add(sin(x2),x1);expr:cos(add(cos(x3),cos(x3)));expr:square(add(sin(x3),x3));x1",-0.3106 + 0.9999*(sin(x2)+x1) - 0.6894*cos((cos(x3)+cos(x3))) + 0.335*((sin(x3)+x3))^2 + 0.9994*x1,generation budget reached
base,complementary,0.03,300,4,9011,federated-tree-gp-style,0.0,0.25,0.3333333333333333,0.00013511385452181823,0.008951844357960814,0.0,1.0,3.3508011069998247,584128,1564,"expr:add(sin(x2),x1);expr:cos(add(cos(x3),cos(x3)));expr:square(add(sin(x3),x3));x1",-0.3106 + 0.9999*(sin(x2)+x1) - 0.6894*cos((cos(x3)+cos(x3))) + 0.335*((sin(x3)+x3))^2 + 0.9994*x1,generation budget reached
base,complementary,0.03,300,4,9011,centralized-residual-counterexample-gp,0.0,0.3333333333333333,0.3333333333333333,0.004029962289884723,0.03467088102023028,0.0,1.0,1.7500180010001714,0,1600,"expr:add(sin(x1),square(x3));expr:add(sin(x2),x1);x1",0.04475 + 0.4754*(sin(x1)+(x3)^2) + 1.017*(sin(x2)+x1) + 0.7527*x1,generation budget reached
base,complementary,0.03,300,4,9012,fedfalsify-v05,1.0,1.0,1.0,8.51670329245835e-07,0.007204379551704119,0.0,1.0,0.46660441399990304,238404,5,sin(x2);x1;x3^2,0.003187 + 1.999·x₁ + 0.4998·x₃² + 1.002·sin(x₂),target federated MSE reached; no replacement passed the federated certificate
base,complementary,0.03,300,4,9012,centralized-tree-gp,0.0,0.3333333333333333,0.3333333333333333,8.516703353865481e-07,0.007204379551704119,0.0,1.0,1.3956961899998532,0,1600,"expr:add(sin(x2),square(x3));expr:add(sin(x2),x1);x1",0.003187 + 0.4998*(sin(x2)+(x3)^2) + 0.5019*(sin(x2)+x1) + 1.497*x1,generation budget reached
base,complementary,0.03,300,4,9012,federated-tree-gp-style,0.0,0.3333333333333333,0.3333333333333333,8.516703353860034e-07,0.007204379551704118,0.0,1.0,1.4230371990001913,629696,1600,"expr:add(sin(x2),square(x3));expr:add(sin(x2),x1);x1",0.003187 + 0.4998*(sin(x2)+(x3)^2) + 0.5019*(sin(x2)+x1) + 1.497*x1,generation budget reached
base,complementary,0.03,300,4,9012,centralized-residual-counterexample-gp,0.0,0.3333333333333333,0.3333333333333333,8.516703353865481e-07,0.007204379551704119,0.0,1.0,1.1520334609999736,0,1610,"expr:add(sin(x2),square(x3));expr:add(sin(x2),x1);x1",0.003187 + 0.4998*(sin(x2)+(x3)^2) + 0.5019*(sin(x2)+x1) + 1.497*x1,generation budget reached
base,complementary,0.03,300,4,9013,fedfalsify-v05,1.0,1.0,1.0,5.349705218978376e-06,0.00761884823485221,0.0,1.0,0.45913735599970096,238267,5,sin(x2);x1;x3^2,-0.001234 + 2·x₁ + 0.4974·x₃² + 0.9961·sin(x₂),target federated MSE reached; no replacement passed the federated certificate
base,complementary,0.03,300,4,9013,centralized-tree-gp,0.0,0.3333333333333333,0.3333333333333333,5.3497052116398065e-06,0.0076188482348522124,0.0,1.0,0.8375007230001756,0,1491,"expr:add(sin(x2),x1);expr:add(square(x3),x1);x1",-0.001234 + 0.9961*(sin(x2)+x1) + 0.4974*((x3)^2+x1) + 0.5062*x1,generation budget reached
base,complementary,0.03,300,4,9013,federated-tree-gp-style,0.0,0.3333333333333333,0.3333333333333333,5.349705211640421e-06,0.0076188482348522124,0.0,1.0,0.9912020899996605,530048,1491,"expr:add(sin(x2),x1);expr:add(square(x3),x1);x1",-0.001234 + 0.9961*(sin(x2)+x1) + 0.4974*((x3)^2+x1) + 0.5062*x1,generation budget reached
base,complementary,0.03,300,4,9013,centralized-residual-counterexample-gp,0.0,0.3333333333333333,0.3333333333333333,5.3497052116398065e-06,0.0076188482348522124,0.0,1.0,0.7984571950000827,0,1488,"expr:add(sin(x2),x1);expr:add(square(x3),x1);x1",-0.001234 + 0.9961*(sin(x2)+x1) + 0.4974*((x3)^2+x1) + 0.5062*x1,generation budget reached
base,complementary,0.03,300,4,9014,fedfalsify-v05,1.0,1.0,1.0,1.4765709947028777e-06,0.0077697267051632995,0.0,1.0,0.3269455139998172,238311,5,sin(x2);x1;x3^2,0.000568 + 2.001·x₁ + 0.5005·x₃² + 0.9948·sin(x₂),target federated MSE reached; no replacement passed the federated certificate
base,complementary,0.03,300,4,9014,centralized-tree-gp,0.0,0.3333333333333333,0.3333333333333333,1.4765709812181407e-06,0.007769726705163301,0.0,1.0,0.9190763589999733,0,1624,"expr:add(sin(x2),square(x3));expr:add(sin(x2),x1);x1",0.000568 + 0.5005*(sin(x2)+(x3)^2) + 0.4943*(sin(x2)+x1) + 1.507*x1,generation budget reached
base,complementary,0.03,300,4,9014,federated-tree-gp-style,0.0,0.3333333333333333,0.3333333333333333,1.4765709812190826e-06,0.007769726705163301,0.0,1.0,1.248517878000257,674560,1624,"expr:add(sin(x2),square(x3));expr:add(sin(x2),x1);x1",0.000568 + 0.5005*(sin(x2)+(x3)^2) + 0.4943*(sin(x2)+x1) + 1.507*x1,generation budget reached
base,complementary,0.03,300,4,9014,centralized-residual-counterexample-gp,0.0,0.25,0.3333333333333333,0.0015181368279431429,0.02148293837828805,0.0,1.0,0.9495442600000388,0,1586,"cos(x3);expr:add(sin(x2),x1);expr:square(mul(square(x3),x2));x1",1.333 + 0.9959*(sin(x2)+x1) - 1.425*cos(x3) + 0.00159*(((x3)^2*x2))^2 + 1.003*x1,generation budget reached
base,complementary,0.03,300,4,9015,fedfalsify-v05,1.0,1.0,1.0,3.483717113997653e-06,0.008302977670154628,0.0,1.0,0.30454768700019486,238281,5,sin(x2);x1;x3^2,0.006049 + 1.997·x₁ + 0.4989·x₃² + 1.003·sin(x₂),target federated MSE reached; no replacement passed the federated certificate
base,complementary,0.03,300,4,9015,centralized-tree-gp,0.0,0.25,0.3333333333333333,0.003722687004479996,0.040732930267864446,0.0,1.0,0.8662033850000626,0,1586,"expr:add(cos(x1),square(x3));expr:add(sin(x2),x1);expr:mul(square(x1),square(x3));x1",-0.06911 + 0.3846*(cos(x1)+(x3)^2) + 1.009*(sin(x2)+x1) + 0.04286*((x1)^2*(x3)^2) + 0.9829*x1,generation budget reached
base,complementary,0.03,300,4,9015,federated-tree-gp-style,0.0,0.25,0.3333333333333333,0.003722687004479991,0.040732930267864474,0.0,1.0,1.5768293399996764,608448,1586,"expr:add(cos(x1),square(x3));expr:add(sin(x2),x1);expr:mul(square(x1),square(x3));x1",-0.06911 + 0.3846*(cos(x1)+(x3)^2) + 1.009*(sin(x2)+x1) + 0.04286*((x1)^2*(x3)^2) + 0.9829*x1,generation budget reached
base,complementary,0.03,300,4,9015,centralized-residual-counterexample-gp,0.0,0.25,0.3333333333333333,4.308965914434962e-06,0.008292724510985028,0.0,1.0,1.4522306839999146,0,1596,"expr:add(sin(x2),x1);expr:add(square(x3),x1);expr:sin(mul(sin(x3),x3));x1",0.01022 + 1.003*(sin(x2)+x1) + 0.5019*((x3)^2+x1) - 0.01413*sin((sin(x3)*x3)) + 0.4926*x1,generation budget reached
base,complementary,0.1,300,4,9011,fedfalsify-v05,1.0,1.0,1.0,5.784830405070248e-06,0.09099139286852306,0.0,1.0,0.43361561599976994,238124,5,sin(x2);x1;x3^2,-0.008245 + 1.996·x₁ + 0.5016·x₃² + 1.001·sin(x₂),target federated MSE reached; no replacement passed the federated certificate
base,complementary,0.1,300,4,9011,centralized-tree-gp,0.0,0.25,0.3333333333333333,2.688661929649934e-05,0.09086301627518942,0.0,1.0,1.3854929069998434,0,1576,"expr:add(cos(x3),sin(x2));expr:add(sin(x2),x1);expr:mul(cos(x3),square(x3));x1",1.232 - 1.224*(cos(x3)+sin(x2)) + 2.226*(sin(x2)+x1) - 0.1685*(cos(x3)*(x3)^2) - 0.2297*x1,generation budget reached
base,complementary,0.1,300,4,9011,federated-tree-gp-style,0.0,0.25,0.3333333333333333,2.6886619296512113e-05,0.09086301627518943,0.0,1.0,1.2303722870001366,595904,1576,"expr:add(cos(x3),sin(x2));expr:add(sin(x2),x1);expr:mul(cos(x3),square(x3));x1",1.232 - 1.224*(cos(x3)+sin(x2)) + 2.226*(sin(x2)+x1) - 0.1685*(cos(x3)*(x3)^2) - 0.2297*x1,generation budget reached
base,complementary,0.1,300,4,9011,centralized-residual-counterexample-gp,0.0,0.25,0.3333333333333333,0.002723412027220954,0.10868300290266933,0.0,1.0,0.9575264529999004,0,1601,"expr:add(sin(x2),x1);expr:cos(mul(cos(x3),square(x3)));expr:square(add(sin(x3),x3));x1",0.3507 + 0.9896*(sin(x2)+x1) - 0.4727*cos((cos(x3)*(x3)^2)) + 0.1975*((sin(x3)+x3))^2 + 1.012*x1,generation budget reached
base,complementary,0.1,300,4,9012,fedfalsify-v05,1.0,1.0,1.0,9.46300365621348e-06,0.08004866168560136,0.0,1.0,0.3103415129999121,237921,5,sin(x2);x1;x3^2,0.01062 + 1.997·x₁ + 0.4992·x₃² + 1.006·sin(x₂),target federated MSE reached; no replacement passed the federated certificate
base,complementary,0.1,300,4,9012,centralized-tree-gp,0.0,0.25,0.3333333333333333,3.0449968199057636e-05,0.07984934101824774,0.0,1.0,0.8858363330000429,0,1598,"expr:add(sin(x1),square(x3));expr:add(sin(x2),x1);expr:square(add(x3,x3));x1",0.008887 - 0.04324*(sin(x1)+(x3)^2) + 1.005*(sin(x2)+x1) + 0.1357*((x3+x3))^2 + 1.014*x1,generation budget reached
base,complementary,0.1,300,4,9012,federated-tree-gp-style,0.0,0.25,0.3333333333333333,3.044996819898043e-05,0.07984934101824774,0.0,1.0,1.1702652949998082,635456,1598,"expr:add(sin(x1),square(x3));expr:add(sin(x2),x1);expr:square(add(x3,x3));x1",0.008887 - 0.04324*(sin(x1)+(x3)^2) + 1.005*(sin(x2)+x1) + 0.1357*((x3+x3))^2 + 1.014*x1,generation budget reached
base,complementary,0.1,300,4,9012,centralized-residual-counterexample-gp,0.0,0.3333333333333333,0.3333333333333333,0.004194173711646902,0.1094852738027322,0.0,1.0,0.8583128469999792,0,1537,"expr:add(sin(x1),square(x3));expr:add(sin(x2),x1);x1",0.06736 + 0.4713*(sin(x1)+(x3)^2) + 1.017*(sin(x2)+x1) + 0.7489*x1,generation budget reached
base,complementary,0.1,300,4,9013,fedfalsify-v05,1.0,1.0,1.0,5.944116902062259e-05,0.08465386927613575,0.0,1.0,0.3218854380002085,237768,5,sin(x2);x1;x3^2,-0.004114 + 1.999·x₁ + 0.4914·x₃² + 0.9871·sin(x₂),target federated MSE reached; no replacement passed the federated certificate
base,complementary,0.1,300,4,9013,centralized-tree-gp,0.0,0.3333333333333333,0.3333333333333333,5.944116899559136e-05,0.08465386927613575,0.0,1.0,0.7950479030000679,0,1512,"expr:add(sin(x2),x1);expr:add(square(x3),x1);x1",-0.004114 + 0.9871*(sin(x2)+x1) + 0.4914*((x3)^2+x1) + 0.5205*x1,generation budget reached
base,complementary,0.1,300,4,9013,federated-tree-gp-style,0.0,0.3333333333333333,0.3333333333333333,5.944116899557338e-05,0.08465386927613575,0.0,1.0,0.994928525999967,548480,1512,"expr:add(sin(x2),x1);expr:add(square(x3),x1);x1",-0.004114 + 0.9871*(sin(x2)+x1) + 0.4914*((x3)^2+x1) + 0.5205*x1,generation budget reached
base,complementary,0.1,300,4,9013,centralized-residual-counterexample-gp,0.0,0.3333333333333333,0.3333333333333333,5.944116899559136e-05,0.08465386927613575,0.0,1.0,0.8378705439999976,0,1502,"expr:add(sin(x2),x1);expr:add(square(x3),x1);x1",-0.004114 + 0.9871*(sin(x2)+x1) + 0.4914*((x3)^2+x1) + 0.5205*x1,generation budget reached
base,complementary,0.1,300,4,9014,fedfalsify-v05,1.0,1.0,1.0,1.6406344379465173e-05,0.08633029672403665,0.0,1.0,0.33128856299981635,237820,5,sin(x2);x1;x3^2,0.001893 + 2.003·x₁ + 0.5016·x₃² + 0.9827·sin(x₂),target federated MSE reached; no replacement passed the federated certificate
base,complementary,0.1,300,4,9014,centralized-tree-gp,0.0,0.5,0.6666666666666666,0.001078762515994308,0.0946277872257187,0.0,1.0,0.8617261780000263,0,1586,"cos(x3);expr:sin(mul(x3,x3));sin(x2);x1",1.405 - 1.419*cos(x3) - 0.1739*sin((x3*x3)) + 0.9825*sin(x2) + 2.002*x1,generation budget reached
base,complementary,0.1,300,4,9014,federated-tree-gp-style,0.0,0.5,0.6666666666666666,0.001078762515994307,0.09462778722571871,0.0,1.0,1.3438258639998821,638912,1586,"cos(x3);expr:sin(mul(x3,x3));sin(x2);x1",1.405 - 1.419*cos(x3) - 0.1739*sin((x3*x3)) + 0.9825*sin(x2) + 2.002*x1,generation budget reached
base,complementary,0.1,300,4,9014,centralized-residual-counterexample-gp,0.0,0.25,0.3333333333333333,2.1425504443498192e-05,0.08642034463664466,0.0,1.0,1.4431965430003402,0,1605,"cos(x3);expr:add(sin(x2),x1);expr:mul(sin(x3),x3);x1",2.284 + 0.9828*(sin(x2)+x1) - 2.274*cos(x3) - 0.6652*(sin(x3)*x3) + 1.021*x1,generation budget reached
base,complementary,0.1,300,4,9015,fedfalsify-v05,1.0,1.0,1.0,3.870796788601169e-05,0.09225530744616253,0.0,1.0,0.49668256099994323,237654,5,sin(x2);x1;x3^2,0.02016 + 1.991·x₁ + 0.4964·x₃² + 1.009·sin(x₂),target federated MSE reached; no replacement passed the federated certificate
base,complementary,0.1,300,4,9015,centralized-tree-gp,0.0,0.0,0.0,4.135815089506458e-05,0.09222795203727743,1.0,1.0,1.3474225960003423,0,1580,"expr:add(sin(x2),x1);expr:add(square(x3),x1);expr:add(square(x3),x4);expr:add(x1,x1)",0.02035 + 1.009*(sin(x2)+x1) + 0.5018*((x3)^2+x1) - 0.005479*((x3)^2+x4) + 0.2399*(x1+x1),generation budget reached
base,complementary,0.1,300,4,9015,federated-tree-gp-style,0.0,0.0,0.0,4.1358150895073894e-05,0.09222795203727745,1.0,1.0,1.5211244469996927,604992,1580,"expr:add(sin(x2),x1);expr:add(square(x3),x1);expr:add(square(x3),x4);expr:add(x1,x1)",0.02035 + 1.009*(sin(x2)+x1) + 0.5018*((x3)^2+x1) - 0.005479*((x3)^2+x4) + 0.2399*(x1+x1),generation budget reached
base,complementary,0.1,300,4,9015,centralized-residual-counterexample-gp,0.0,0.0,0.0,0.0028112805839709378,0.12766286531345905,1.0,1.0,0.8943851880003422,0,1558,"expr:add(sin(x2),sin(x4));expr:add(sin(x2),x1);expr:add(square(x3),x4);expr:add(x1,x1)",0.05665 - 0.6339*(sin(x2)+sin(x4)) + 1.629*(sin(x2)+x1) + 0.4637*((x3)^2+x4) + 0.1795*(x1+x1),generation budget reached
base,spurious,0.03,300,4,9011,fedfalsify-v05,1.0,1.0,1.0,4.850799938778649e-07,0.008347824322405868,0.0,1.0,0.2979221000000507,238474,5,sin(x2);x1;x3^2,-0.003593 + 2·x₁ + 0.5008·x₃² + 0.9999·sin(x₂),target federated MSE reached; no replacement passed the federated certificate
base,spurious,0.03,300,4,9011,centralized-tree-gp,0.0,0.0,0.0,0.0022556158725490845,0.01799101321772327,0.0,1.0,0.840695400000186,0,1531,"expr:add(sin(x1),square(x3));expr:add(sin(x2),x1);expr:add(x1,x1);expr:sin(add(x1,x1))",0.01434 + 0.4928*(sin(x1)+(x3)^2) + 1.008*(sin(x2)+x1) + 0.3734*(x1+x1) - 0.1806*sin((x1+x1)),generation budget reached
base,spurious,0.03,300,4,9011,federated-tree-gp-style,0.0,0.0,0.0,0.0022556158725491266,0.01799101321772326,0.0,1.0,1.122691439999926,579520,1531,"expr:add(sin(x1),square(x3));expr:add(sin(x2),x1);expr:add(x1,x1);expr:sin(add(x1,x1))",0.01434 + 0.4928*(sin(x1)+(x3)^2) + 1.008*(sin(x2)+x1) + 0.3734*(x1+x1) - 0.1806*sin((x1+x1)),generation budget reached
base,spurious,0.03,300,4,9011,centralized-residual-counterexample-gp,0.0,0.0,0.0,0.0022556158725490845,0.01799101321772327,0.0,1.0,0.9205060530002811,0,1525,"expr:add(sin(x1),square(x3));expr:add(sin(x2),x1);expr:add(x1,x1);expr:sin(add(x1,x1))",0.01434 + 0.4928*(sin(x1)+(x3)^2) + 1.008*(sin(x2)+x1) + 0.3734*(x1+x1) - 0.1806*sin((x1+x1)),generation budget reached
base,spurious,0.03,300,4,9012,fedfalsify-v05,1.0,1.0,1.0,1.4474955286611878e-06,0.007339966415384224,0.0,1.0,0.3085102130003179,238452,5,sin(x2);x1;x3^2,0.005731 + 2.001·x₁ + 0.4985·x₃² + 1.001·sin(x₂),target federated MSE reached; no replacement passed the federated certificate
base,spurious,0.03,300,4,9012,centralized-tree-gp,0.0,0.6666666666666666,0.6666666666666666,1.4474955321576242e-06,0.007339966415384225,0.0,1.0,0.8819365800000014,0,1621,"expr:add(sin(x2),x1);x1;x3^2",0.005731 + 1.001*(sin(x2)+x1) + 0.4985*(x3*x3) + 1.001*x1,generation budget reached
base,spurious,0.03,300,4,9012,federated-tree-gp-style,0.0,0.6666666666666666,0.6666666666666666,1.447495532157712e-06,0.007339966415384224,0.0,1.0,1.097544939999807,652864,1621,"expr:add(sin(x2),x1);x1;x3^2",0.005731 + 1.001*(sin(x2)+x1) + 0.4985*(x3*x3) + 1.001*x1,generation budget reached
base,spurious,0.03,300,4,9012,centralized-residual-counterexample-gp,0.0,0.6666666666666666,0.6666666666666666,1.4474955321576242e-06,0.007339966415384225,0.0,1.0,0.8756463649997386,0,1573,"expr:add(sin(x2),x1);x1;x3^2",0.005731 + 1.001*(sin(x2)+x1) + 0.4985*(x3*x3) + 1.001*x1,generation budget reached
base,spurious,0.03,300,4,9013,fedfalsify-v05,1.0,1.0,1.0,4.9229179310632436e-06,0.008406170137167544,0.0,1.0,0.29948447100014164,238325,5,sin(x2);x1;x3^2,-0.008963 + 1.998·x₁ + 0.5028·x₃² + 1.007·sin(x₂),target federated MSE reached; no replacement passed the federated certificate
base,spurious,0.03,300,4,9013,centralized-tree-gp,0.0,0.3333333333333333,0.3333333333333333,0.0004568700496454331,0.01168094892526093,0.0,1.0,0.869290177000039,0,1617,"expr:add(cos(x3),square(x3));expr:add(sin(x2),x1);x1",-0.6937 + 0.7529*(cos(x3)+(x3)^2) + 1.009*(sin(x2)+x1) + 0.99*x1,generation budget reached
base,spurious,0.03,300,4,9013,federated-tree-gp-style,0.0,0.3333333333333333,0.3333333333333333,0.0004568700496454303,0.011680948925260932,0.0,1.0,1.320310167000116,636032,1617,"expr:add(cos(x3),square(x3));expr:add(sin(x2),x1);x1",-0.6937 + 0.7529*(cos(x3)+(x3)^2) + 1.009*(sin(x2)+x1) + 0.99*x1,generation budget reached
base,spurious,0.03,300,4,9013,centralized-residual-counterexample-gp,0.0,0.25,0.3333333333333333,0.0004679522481285914,0.011853189220977172,0.0,1.0,1.4536226810000699,0,1591,"expr:add(sin(x2),x1);expr:square(add(sin(x3),sin(x3)));expr:square(mul(x3,x3));x1",-0.0571 + 1.007*(sin(x2)+x1) + 0.1849*((sin(x3)+sin(x3)))^2 + 0.08413*((x3*x3))^2 + 0.9932*x1,generation budget reached
base,spurious,0.03,300,4,9014,fedfalsify-v05,1.0,1.0,1.0,1.649719684140743e-06,0.008148614715406635,0.0,1.0,0.48330671900021116,238160,5,sin(x2);x1;x3^2,-0.002344 + 1.998·x₁ + 0.501·x₃² + 1.003·sin(x₂),target federated MSE reached; no replacement passed the federated certificate
base,spurious,0.03,300,4,9014,centralized-tree-gp,0.0,0.3333333333333333,0.3333333333333333,1.649719684098461e-06,0.008148614715406635,0.0,1.0,1.4518451180001648,0,1624,"expr:add(sin(x2),x1);expr:add(square(x3),square(x3));x1",-0.002344 + 1.003*(sin(x2)+x1) + 0.2505*((x3)^2+(x3)^2) + 0.995*x1,generation budget reached
base,spurious,0.03,300,4,9014,federated-tree-gp-style,0.0,0.3333333333333333,0.3333333333333333,1.6497196840981996e-06,0.008148614715406637,0.0,1.0,1.670772095999837,667456,1624,"expr:add(sin(x2),x1);expr:add(square(x3),square(x3));x1",-0.002344 + 1.003*(sin(x2)+x1) + 0.2505*((x3)^2+(x3)^2) + 0.995*x1,generation budget reached
base,spurious,0.03,300,4,9014,centralized-residual-counterexample-gp,0.0,0.3333333333333333,0.3333333333333333,1.6497196880715714e-06,0.008148614715406637,0.0,1.0,0.9650533450003422,0,1616,"expr:add(sin(x2),square(x3));expr:add(sin(x2),x1);x1",-0.002344 + 0.501*(sin(x2)+(x3)^2) + 0.5017*(sin(x2)+x1) + 1.496*x1,generation budget reached
base,spurious,0.03,300,4,9015,fedfalsify-v05,1.0,1.0,1.0,2.3293042069219315e-06,0.008082622504486664,0.0,1.0,0.29657204700015427,238391,5,sin(x2);x1;x3^2,0.003895 + 1.999·x₁ + 0.5003·x₃² + 1.004·sin(x₂),target federated MSE reached; no replacement passed the federated certificate
base,spurious,0.03,300,4,9015,centralized-tree-gp,0.0,0.0,0.0,0.003387109734545915,0.0305586531599002,0.0,1.0,0.8845871169996826,0,1587,"expr:add(sin(x1),square(x3));expr:add(sin(x2),x1);expr:add(x1,x1);expr:square(add(cos(x2),square(x3)))",0.06804 + 0.4075*(sin(x1)+(x3)^2) + 1.011*(sin(x2)+x1) + 0.3938*(x1+x1) + 0.01516*((cos(x2)+(x3)^2))^2,generation budget reached
base,spurious,0.03,300,4,9015,federated-tree-gp-style,0.0,0.0,0.0,0.00338710973454597,0.0305586531599002,0.0,1.0,1.1104431210001167,630784,1587,"expr:add(sin(x1),square(x3));expr:add(sin(x2),x1);expr:add(x1,x1);expr:square(add(cos(x2),square(x3)))",0.06804 + 0.4075*(sin(x1)+(x3)^2) + 1.011*(sin(x2)+x1) + 0.3938*(x1+x1) + 0.01516*((cos(x2)+(x3)^2))^2,generation budget reached
base,spurious,0.03,300,4,9015,centralized-residual-counterexample-gp,0.0,0.0,0.0,0.004116370759395574,0.03443916336790557,0.0,1.0,0.8742640450000181,0,1563,"expr:add(sin(x1),square(x3));expr:add(sin(x2),x1);expr:add(x1,x1)",0.04533 + 0.4824*(sin(x1)+(x3)^2) + 1.017*(sin(x2)+x1) + 0.3733*(x1+x1),generation budget reached
base,spurious,0.1,300,4,9011,fedfalsify-v05,1.0,1.0,1.0,5.3897776957257875e-06,0.09275360358228747,0.0,1.0,0.30600730100013607,237899,5,sin(x2);x1;x3^2,-0.01198 + 1.999·x₁ + 0.5026·x₃² + 0.9996·sin(x₂),target federated MSE reached; no replacement passed the federated certificate
base,spurious,0.1,300,4,9011,centralized-tree-gp,0.0,0.0,0.0,7.227666477315918e-06,0.09274639390142281,0.0,1.0,0.7888633789998494,0,1525,"expr:add(sin(x1),square(x3));expr:add(sin(x1),x1);expr:add(sin(x2),x1);expr:add(x1,x1)",-0.01186 + 0.5026*(sin(x1)+(x3)^2) - 0.4944*(sin(x1)+x1) + 0.9998*(sin(x2)+x1) + 0.7447*(x1+x1),generation budget reached
base,spurious,0.1,300,4,9011,federated-tree-gp-style,0.0,0.0,0.0,7.2276664773000755e-06,0.09274639390142281,0.0,1.0,1.0507201289997283,569984,1525,"expr:add(sin(x1),square(x3));expr:add(sin(x1),x1);expr:add(sin(x2),x1);expr:add(x1,x1)",-0.01186 + 0.5026*(sin(x1)+(x3)^2) - 0.4944*(sin(x1)+x1) + 0.9998*(sin(x2)+x1) + 0.7447*(x1+x1),generation budget reached
base,spurious,0.1,300,4,9011,centralized-residual-counterexample-gp,0.0,0.0,0.0,7.227666477315918e-06,0.09274639390142281,0.0,1.0,0.8567202089998318,0,1525,"expr:add(sin(x1),square(x3));expr:add(sin(x1),x1);expr:add(sin(x2),x1);expr:add(x1,x1)",-0.01186 + 0.5026*(sin(x1)+(x3)^2) - 0.4944*(sin(x1)+x1) + 0.9998*(sin(x2)+x1) + 0.7447*(x1+x1),generation budget reached
base,spurious,0.1,300,4,9012,fedfalsify-v05,1.0,1.0,1.0,1.6083283692329883e-05,0.08155518239315805,0.0,1.0,0.30527537300031327,237940,5,sin(x2);x1;x3^2,0.0191 + 2.005·x₁ + 0.4949·x₃² + 1.002·sin(x₂),target federated MSE reached; no replacement passed the federated certificate
base,spurious,0.1,300,4,9012,centralized-tree-gp,0.0,0.3333333333333333,0.3333333333333333,1.6083283703827244e-05,0.08155518239315805,0.0,1.0,0.8999849770002584,0,1606,"expr:add(sin(x2),x1);expr:add(square(x3),x1);x1",0.0191 + 1.002*(sin(x2)+x1) + 0.4949*((x3)^2+x1) + 0.5077*x1,generation budget reached
base,spurious,0.1,300,4,9012,federated-tree-gp-style,0.0,0.3333333333333333,0.3333333333333333,1.608328370382516e-05,0.08155518239315805,0.0,1.0,1.226912263000031,643072,1606,"expr:add(sin(x2),x1);expr:add(square(x3),x1);x1",0.0191 + 1.002*(sin(x2)+x1) + 0.4949*((x3)^2+x1) + 0.5077*x1,generation budget reached
base,spurious,0.1,300,4,9012,centralized-residual-counterexample-gp,0.0,0.0,0.0,1.608328370871612e-05,0.08155518239315805,0.0,1.0,1.4698300730001392,0,1600,"expr:add(sin(x2),x1);expr:add(square(x3),x1);expr:add(x1,x1)",0.0191 + 1.002*(sin(x2)+x1) + 0.4949*((x3)^2+x1) + 0.2538*(x1+x1),generation budget reached
base,spurious,0.1,300,4,9013,fedfalsify-v05,1.0,1.0,1.0,5.469908815341862e-05,0.09340189041297274,0.0,1.0,0.4626148099996499,237771,5,sin(x2);x1;x3^2,-0.02988 + 1.995·x₁ + 0.5092·x₃² + 1.023·sin(x₂),target federated MSE reached; no replacement passed the federated certificate
base,spurious,0.1,300,4,9013,centralized-tree-gp,0.0,0.25,0.3333333333333333,0.0002240509689575302,0.09446770833384005,0.0,1.0,1.4079312560002109,0,1576,"expr:add(sin(x2),x1);expr:mul(cos(x3),square(x3));expr:mul(sin(x3),sin(x3));sin(x2)",-0.05795 + 1.996*(sin(x2)+x1) - 0.5896*(cos(x3)*(x3)^2) + 1.255*(sin(x3)*sin(x3)) - 0.9732*sin(x2),generation budget reached
base,spurious,0.1,300,4,9013,federated-tree-gp-style,0.0,0.25,0.3333333333333333,0.00022405096895753167,0.09446770833384005,0.0,1.0,1.6762902189998385,603648,1576,"expr:add(sin(x2),x1);expr:mul(cos(x3),square(x3));expr:mul(sin(x3),sin(x3));sin(x2)",-0.05795 + 1.996*(sin(x2)+x1) - 0.5896*(cos(x3)*(x3)^2) + 1.255*(sin(x3)*sin(x3)) - 0.9732*sin(x2),generation budget reached
base,spurious,0.1,300,4,9013,centralized-residual-counterexample-gp,0.0,0.25,0.3333333333333333,0.004790949720386712,0.13580526030161869,1.0,1.0,0.938074701000005,0,1566,"expr:add(sin(x2),x1);expr:add(sin(x3),square(x3));expr:square(add(cos(x4),square(x3)));sin(x2)",0.1225 + 1.995*(sin(x2)+x1) + 0.1576*(sin(x3)+(x3)^2) - 0.965*sin(x2) + 0.05543*((cos(x4)+(x3)^2))^2,generation budget reached
base,spurious,0.1,300,4,9014,fedfalsify-v05,1.0,1.0,1.0,1.833021867625086e-05,0.0905401635045182,0.0,1.0,0.31903351500022836,237509,5,sin(x2);x1;x3^2,-0.007814 + 1.993·x₁ + 0.5034·x₃² + 1.009·sin(x₂),target federated MSE reached; no replacement passed the federated certificate
base,spurious,0.1,300,4,9014,centralized-tree-gp,0.0,0.25,0.3333333333333333,0.00011070060793373885,0.09011935394310257,0.0,1.0,0.9026509330001318,0,1568,"expr:add(sin(x1),sin(x2));expr:add(sin(x1),square(x3));expr:add(sin(x2),x1);x1",-0.0067 - 0.4432*(sin(x1)+sin(x2)) + 0.5039*(sin(x1)+(x3)^2) + 1.454*(sin(x2)+x1) + 0.5098*x1,generation budget reached
base,spurious,0.1,300,4,9014,federated-tree-gp-style,0.0,0.25,0.3333333333333333,0.00011070060793374503,0.09011935394310255,0.0,1.0,1.1481997939999928,623872,1568,"expr:add(sin(x1),sin(x2));expr:add(sin(x1),square(x3));expr:add(sin(x2),x1);x1",-0.0067 - 0.4432*(sin(x1)+sin(x2)) + 0.5039*(sin(x1)+(x3)^2) + 1.454*(sin(x2)+x1) + 0.5098*x1,generation budget reached
base,spurious,0.1,300,4,9014,centralized-residual-counterexample-gp,0.0,0.0,0.0,0.00422171055761824,0.11183031589198535,0.0,1.0,0.9943318460000228,0,1593,"expr:add(sin(x1),square(x3));expr:add(sin(x2),x1);expr:add(x1,x1)",0.03286 + 0.4861*(sin(x1)+(x3)^2) + 1.021*(sin(x2)+x1) + 0.3703*(x1+x1),generation budget reached
base,spurious,0.1,300,4,9015,fedfalsify-v05,1.0,1.0,1.0,2.5881157885299596e-05,0.08980691671651853,0.0,1.0,0.32324095000012676,237809,5,sin(x2);x1;x3^2,0.01298 + 1.997·x₁ + 0.5011·x₃² + 1.013·sin(x₂),target federated MSE reached; no replacement passed the federated certificate
base,spurious,0.1,300,4,9015,centralized-tree-gp,0.0,0.25,0.3333333333333333,3.1089841336718054e-05,0.0897507120374404,1.0,1.0,0.9076329289996465,0,1596,"expr:add(sin(x2),x1);expr:sin(mul(square(x4),x4));expr:square(add(x3,x3));x1",0.01318 + 1.014*(sin(x2)+x1) + 0.01469*sin(((x4)^2*x4)) + 0.1252*((x3+x3))^2 + 0.9831*x1,generation budget reached
base,spurious,0.1,300,4,9015,federated-tree-gp-style,0.0,0.25,0.3333333333333333,3.1089841336745145e-05,0.0897507120374404,1.0,1.0,1.2438506890002827,621504,1596,"expr:add(sin(x2),x1);expr:sin(mul(square(x4),x4));expr:square(add(x3,x3));x1",0.01318 + 1.014*(sin(x2)+x1) + 0.01469*sin(((x4)^2*x4)) + 0.1252*((x3+x3))^2 + 0.9831*x1,generation budget reached
base,spurious,0.1,300,4,9015,centralized-residual-counterexample-gp,0.0,0.25,0.3333333333333333,2.7667891545991412e-05,0.08978863105910072,0.0,1.0,0.9564465660000678,0,1606,"expr:add(sin(x2),x1);expr:add(square(x3),x1);expr:cos(mul(square(x3),x2));x1",0.007639 + 1.013*(sin(x2)+x1) + 0.5027*((x3)^2+x1) + 0.007128*cos(((x3)^2*x2)) + 0.4819*x1,generation budget reached
base,exception,0.03,300,4,9011,fedfalsify-v05,1.0,1.0,1.0,2.0453319664584073e-06,0.01393230024679068,0.0,1.0,0.43867341499981194,308007,7,I(x3>1)*x3^2;sin(x2);x1;x3^2,-0.001521 + 1.999·x₁ + 0.7465·𝟙[x₃>1]·x₃² + 0.5012·x₃² + 1.001·sin(x₂),target federated MSE reached; no replacement passed the federated certificate
base,exception,0.03,300,4,9011,centralized-tree-gp,0.0,0.5,0.5,0.015423860235853374,0.1607870770795733,0.0,1.0,0.8548986410000907,0,1580,"I(x3>1)*x3^2;expr:add(square(x3),x1);x1;x2",0.01892 + 0.5034*((x3)^2+x1) + 0.7176*I(x3>1)*((x3)^2) + 1.485*x1 + 0.4223*x2,generation budget reached
base,exception,0.03,300,4,9011,federated-tree-gp-style,0.0,0.5,0.5,0.015423860235853572,0.16078707707957332,0.0,1.0,1.3681847130001188,632000,1580,"I(x3>1)*x3^2;expr:add(square(x3),x1);x1;x2",0.01892 + 0.5034*((x3)^2+x1) + 0.7176*I(x3>1)*((x3)^2) + 1.485*x1 + 0.4223*x2,generation budget reached
base,exception,0.03,300,4,9011,centralized-residual-counterexample-gp,0.0,0.25,0.25,0.0031468644714357902,0.0548416007714217,0.0,1.0,1.3404680690000532,0,1540,"I(x3>1)*x3^2;expr:add(sin(x2),sin(x3));expr:add(sin(x3),square(x3));expr:add(square(x3),x1)",-0.02392 + 1.198*(sin(x2)+sin(x3)) - 1.47*(sin(x3)+(x3)^2) + 1.945*((x3)^2+x1) + 0.8378*I(x3>1)*((x3)^2),generation budget reached
base,exception,0.03,300,4,9012,fedfalsify-v05,1.0,1.0,1.0,1.4818855509787231e-06,0.01248098010633242,0.0,1.0,0.6301456360001794,307746,7,I(x3>1)*x3^2;sin(x2);x1;x3^2,0.002421 + 1.999·x₁ + 0.7504·𝟙[x₃>1]·x₃² + 0.5005·x₃² + 1.002·sin(x₂),target federated MSE reached; no replacement passed the federated certificate
base,exception,0.03,300,4,9012,centralized-tree-gp,0.0,0.0,0.0,0.0021671271958820367,0.039540696439735186,0.0,0.0,1.7839959249999993,0,1579,"expr:add(sin(x2),square(x3));expr:add(sin(x2),x1);expr:add(square(x3),x1);expr:mul(square(x3),x3)",-0.08308 - 0.0504*(sin(x2)+(x3)^2) + 1.079*(sin(x2)+x1) + 0.9372*((x3)^2+x1) + 0.1755*((x3)^2*x3),generation budget reached
base,exception,0.03,300,4,9012,federated-tree-gp-style,0.0,0.0,0.0,0.0021671271958820346,0.039540696439735186,0.0,0.0,1.3919953650001844,635648,1579,"expr:add(sin(x2),square(x3));expr:add(sin(x2),x1);expr:add(square(x3),x1);expr:mul(square(x3),x3)",-0.08308 - 0.0504*(sin(x2)+(x3)^2) + 1.079*(sin(x2)+x1) + 0.9372*((x3)^2+x1) + 0.1755*((x3)^2*x3),generation budget reached
base,exception,0.03,300,4,9012,centralized-residual-counterexample-gp,0.0,0.0,0.0,0.0016098036724036336,0.033921843106026056,0.0,0.0,0.9292083109999112,0,1584,"expr:add(sin(x2),x1);expr:add(square(x3),x1);expr:mul(square(x3),x3);expr:sin(mul(sin(x3),square(x3)))",-0.08187 + 1.087*(sin(x2)+x1) + 0.8964*((x3)^2+x1) + 0.1817*((x3)^2*x3) + 0.1781*sin((sin(x3)*(x3)^2)),generation budget reached
base,exception,0.03,300,4,9013,fedfalsify-v05,1.0,1.0,1.0,3.88974975560406e-06,0.013379152172843996,0.0,1.0,1.8682966359997408,1980978,8,I(x3>1)*x3^2;sin(x2);x1;x3^2,-0.003335 + 2·x₁ + 0.7496·𝟙[x₃>1]·x₃² + 0.9952·sin(x₂) + 0.4985·x₃²,target federated MSE reached; no replacement passed the federated certificate
base,exception,0.03,300,4,9013,centralized-tree-gp,0.0,0.0,0.0,0.024360964600937292,0.3068255724256319,1.0,0.0,0.8391291359998831,0,1554,"expr:add(cos(x3),x1);expr:add(cos(x4),x2);expr:add(square(x3),x1);expr:add(square(x3),x3)",-1.534 + 1.328*(cos(x3)+x1) + 0.3874*(cos(x4)+x2) + 0.7089*((x3)^2+x1) + 0.6154*((x3)^2+x3),generation budget reached
base,exception,0.03,300,4,9013,federated-tree-gp-style,0.0,0.0,0.0,0.024360964600937354,0.30682557242563185,1.0,0.0,1.0860521370000242,596224,1554,"expr:add(cos(x3),x1);expr:add(cos(x4),x2);expr:add(square(x3),x1);expr:add(square(x3),x3)",-1.534 + 1.328*(cos(x3)+x1) + 0.3874*(cos(x4)+x2) + 0.7089*((x3)^2+x1) + 0.6154*((x3)^2+x3),generation budget reached
base,exception,0.03,300,4,9013,centralized-residual-counterexample-gp,0.0,0.0,0.0,0.03059978184875341,0.31664910022397874,1.0,0.0,0.9019722739999452,0,1577,"expr:add(cos(x4),x2);expr:add(sin(x1),x3);expr:add(sin(x3),square(x3));expr:add(square(x3),x1)",-0.3542 + 0.4065*(cos(x4)+x2) + 0.9415*(sin(x1)+x3) - 0.6349*(sin(x3)+(x3)^2) + 1.541*((x3)^2+x1),generation budget reached
base,exception,0.03,300,4,9014,fedfalsify-v05,1.0,1.0,1.0,1.998322706315519e-06,0.013070386713664587,0.0,1.0,0.442357668999648,307816,7,I(x3>1)*x3^2;sin(x2);x1;x3^2,0.0004126 + 2.001·x₁ + 0.7505·𝟙[x₃>1]·x₃² + 0.5004·x₃² + 0.993·sin(x₂),target federated MSE reached; no replacement passed the federated certificate
base,exception,0.03,300,4,9014,centralized-tree-gp,0.0,0.25,0.25,1.998322709024747e-06,0.013070386713664587,0.0,1.0,0.9115036670000336,0,1607,"I(x3>1)*x3^2;expr:add(sin(x2),x1);expr:add(square(x3),x1);expr:add(x1,x1)",0.0004126 + 0.993*(sin(x2)+x1) + 0.5004*((x3)^2+x1) + 0.2538*(x1+x1) + 0.7505*I(x3>1)*((x3)^2),generation budget reached
base,exception,0.03,300,4,9014,federated-tree-gp-style,0.0,0.25,0.25,1.9983227090254814e-06,0.013070386713664587,0.0,1.0,1.1886189869996997,672896,1607,"I(x3>1)*x3^2;expr:add(sin(x2),x1);expr:add(square(x3),x1);expr:add(x1,x1)",0.0004126 + 0.993*(sin(x2)+x1) + 0.5004*((x3)^2+x1) + 0.2538*(x1+x1) + 0.7505*I(x3>1)*((x3)^2),generation budget reached
base,exception,0.03,300,4,9014,centralized-residual-counterexample-gp,0.0,0.0,0.0,0.013178453889226907,0.13662986975976377,0.0,0.0,1.101912011999957,0,1622,"expr:add(sin(x1),sin(x2));expr:add(square(x3),x1);expr:add(x1,x1);expr:mul(sin(x3),square(x3))",-0.1124 + 0.8169*(sin(x1)+sin(x2)) + 0.9146*((x3)^2+x1) + 0.3466*(x1+x1) + 0.4614*(sin(x3)*(x3)^2),generation budget reached
base,exception,0.03,300,4,9015,fedfalsify-v05,1.0,1.0,1.0,6.140066301085294e-06,0.014094908865715733,0.0,1.0,0.6246879459999946,307773,7,I(x3>1)*x3^2;sin(x2);x1;x3^2,0.006263 + 1.996·x₁ + 0.7518·𝟙[x₃>1]·x₃² + 0.499·x₃² + 1.003·sin(x₂),target federated MSE reached; no replacement passed the federated certificate
base,exception,0.03,300,4,9015,centralized-tree-gp,0.0,0.0,0.0,0.015708428440257625,0.18941515260385897,0.0,0.0,1.4871041470000819,0,1610,"cos(x1);expr:add(cos(x1),x1);expr:add(sin(x2),square(x3));expr:add(sin(x2),x3)",0.1259 + 2.021*(cos(x1)+x1) + 0.8274*(sin(x2)+(x3)^2) + 0.5314*(sin(x2)+x3) - 2.074*cos(x1),generation budget reached
base,exception,0.03,300,4,9015,federated-tree-gp-style,0.0,0.0,0.0,0.015708428440257625,0.18941515260385897,0.0,0.0,1.8660565230002248,653824,1610,"cos(x1);expr:add(cos(x1),x1);expr:add(sin(x2),square(x3));expr:add(sin(x2),x3)",0.1259 + 2.021*(cos(x1)+x1) + 0.8274*(sin(x2)+(x3)^2) + 0.5314*(sin(x2)+x3) - 2.074*cos(x1),generation budget reached
base,exception,0.03,300,4,9015,centralized-residual-counterexample-gp,0.0,0.0,0.0,0.009865714061556343,0.15496431367860083,0.0,0.0,1.1464342840004065,0,1587,"cos(x1);expr:add(cos(x1),x1);expr:add(sin(x2),x3);expr:add(square(x3),x1)",-0.08919 + 1.086*(cos(x1)+x1) + 0.7515*(sin(x2)+x3) + 0.9063*((x3)^2+x1) - 1.134*cos(x1),generation budget reached
base,exception,0.1,300,4,9011,fedfalsify-v05,1.0,1.0,1.0,2.272591074354755e-05,0.154803336075452,0.0,1.0,0.5247563090001677,458731,7,I(x3>1)*x3^2;sin(x2);x1;x3^2,-0.005069 + 1.998·x₁ + 0.7382·𝟙[x₃>1]·x₃² + 0.504·x₃² + 1.005·sin(x₂),target federated MSE reached; no replacement passed the federated certificate
base,exception,0.1,300,4,9011,centralized-tree-gp,0.0,0.0,0.0,0.002936443823422127,0.1865389545093286,0.0,0.0,0.8901792569999998,0,1595,"expr:add(sin(x2),x1);expr:add(square(x3),x1);expr:mul(sin(x3),square(x3))",-0.09939 + 1.076*(sin(x2)+x1) + 0.9065*((x3)^2+x1) + 0.4291*(sin(x3)*(x3)^2),generation budget reached
base,exception,0.1,300,4,9011,federated-tree-gp-style,0.0,0.0,0.0,0.002936443823422127,0.1865389545093286,0.0,0.0,1.1326911440000913,636864,1595,"expr:add(sin(x2),x1);expr:add(square(x3),x1);expr:mul(sin(x3),square(x3))",-0.09939 + 1.076*(sin(x2)+x1) + 0.9065*((x3)^2+x1) + 0.4291*(sin(x3)*(x3)^2),generation budget reached
base,exception,0.1,300,4,9011,centralized-residual-counterexample-gp,0.0,0.0,0.0,0.002936443823422127,0.1865389545093286,0.0,0.0,0.9121555910001007,0,1567,"expr:add(sin(x2),x1);expr:add(square(x3),x1);expr:mul(sin(x3),square(x3))",-0.09939 + 1.076*(sin(x2)+x1) + 0.9065*((x3)^2+x1) + 0.4291*(sin(x3)*(x3)^2),generation budget reached
base,exception,0.1,300,4,9012,fedfalsify-v05,1.0,1.0,1.0,1.6465394997421465e-05,0.13867755673702686,0.0,1.0,1.2758160360003785,1348600,7,I(x3>1)*x3^2;sin(x2);x1;x3^2,0.008069 + 1.995·x₁ + 0.7513·𝟙[x₃>1]·x₃² + 1.007·sin(x₂) + 0.5016·x₃²,target federated MSE reached; no replacement passed the federated certificate
base,exception,0.1,300,4,9012,centralized-tree-gp,0.0,0.0,0.0,0.008947321339614404,0.27415187261750856,0.0,0.0,0.9384535590002088,0,1619,"expr:add(sin(x2),x1);expr:add(square(x3),x3);expr:sin(add(cos(x2),x2));expr:sin(add(cos(x3),sin(x2)))",0.6472 + 1.975*(sin(x2)+x1) + 0.6807*((x3)^2+x3) - 0.1876*sin((cos(x2)+x2)) - 0.9909*sin((cos(x3)+sin(x2))),generation budget reached
base,exception,0.1,300,4,9012,federated-tree-gp-style,0.0,0.0,0.0,0.008947321339614404,0.27415187261750856,0.0,0.0,1.2236841189996994,663744,1619,"expr:add(sin(x2),x1);expr:add(square(x3),x3);expr:sin(add(cos(x2),x2));expr:sin(add(cos(x3),sin(x2)))",0.6472 + 1.975*(sin(x2)+x1) + 0.6807*((x3)^2+x3) - 0.1876*sin((cos(x2)+x2)) - 0.9909*sin((cos(x3)+sin(x2))),generation budget reached
base,exception,0.1,300,4,9012,centralized-residual-counterexample-gp,0.0,0.25,0.25,0.010539953258280995,0.2669368366531185,0.0,1.0,0.9314952929998981,0,1577,"I(x3>1)*x3^2;expr:add(sin(x1),x1);expr:add(sin(x2),x1);expr:mul(square(x3),square(x3))",0.3869 + 0.5668*(sin(x1)+x1) + 1.125*(sin(x2)+x1) + 0.7901*I(x3>1)*((x3)^2) + 0.08542*((x3)^2*(x3)^2),generation budget reached
base,exception,0.1,300,4,9013,fedfalsify-v05,1.0,1.0,1.0,4.321944168780022e-05,0.1486572463649333,0.0,1.0,1.4060449930002505,1379758,7,I(x3>1)*x3^2;sin(x2);x1;x3^2,-0.01112 + 2·x₁ + 0.7488·𝟙[x₃>1]·x₃² + 0.9841·sin(x₂) + 0.4951·x₃²,target federated MSE reached; no replacement passed the federated certificate
base,exception,0.1,300,4,9013,centralized-tree-gp,0.0,0.0,0.0,0.007983243750283791,0.27146111508383847,0.0,0.0,1.378385415000139,0,1577,"expr:add(cos(x3),x3);expr:add(x1,x3);expr:sin(add(cos(x2),x2));expr:square(add(square(x3),x3))",1.244 - 1.752*(cos(x3)+x3) + 2.031*(x1+x3) + 0.8377*sin((cos(x2)+x2)) + 0.05654*(((x3)^2+x3))^2,generation budget reached
base,exception,0.1,300,4,9013,federated-tree-gp-style,0.0,0.0,0.0,0.007983243750283829,0.27146111508383847,0.0,0.0,1.8033497460000945,620416,1577,"expr:add(cos(x3),x3);expr:add(x1,x3);expr:sin(add(cos(x2),x2));expr:square(add(square(x3),x3))",1.244 - 1.752*(cos(x3)+x3) + 2.031*(x1+x3) + 0.8377*sin((cos(x2)+x2)) + 0.05654*(((x3)^2+x3))^2,generation budget reached
base,exception,0.1,300,4,9013,centralized-residual-counterexample-gp,0.0,0.0,0.0,0.014419831971575182,0.3717016436658464,1.0,0.0,1.5108085520000714,0,1611,"expr:add(cos(x3),x3);expr:add(x1,x3);expr:sin(mul(cos(x4),x2));expr:square(add(square(x3),x3))",1.546 - 1.752*(cos(x3)+x3) + 2.024*(x1+x3) + 0.8421*sin((cos(x4)*x2)) + 0.05792*(((x3)^2+x3))^2,generation budget reached
base,exception,0.1,300,4,9014,fedfalsify-v05,1.0,1.0,1.0,2.2203585603136384e-05,0.1452265190407177,0.0,1.0,0.6115866360000837,458439,7,I(x3>1)*x3^2;sin(x2);x1;x3^2,0.001375 + 2.003·x₁ + 0.7518·𝟙[x₃>1]·x₃² + 0.5013·x₃² + 0.9768·sin(x₂),target federated MSE reached; no replacement passed the federated certificate
base,exception,0.1,300,4,9014,centralized-tree-gp,0.0,0.5,0.5,0.0003067119278429154,0.1493780222657314,0.0,1.0,0.880253635000372,0,1584,"I(x3>1)*x3^2;expr:add(cos(x3),square(x3));expr:add(x1,x1);sin(x2)",-0.648 + 0.7309*(cos(x3)+(x3)^2) + 1.004*(x1+x1) + 0.7502*I(x3>1)*((x3)^2) + 0.9805*sin(x2),generation budget reached
base,exception,0.1,300,4,9014,federated-tree-gp-style,0.0,0.5,0.5,0.0003067119278429158,0.1493780222657314,0.0,1.0,1.0923723770001743,628416,1584,"I(x3>1)*x3^2;expr:add(cos(x3),square(x3));expr:add(x1,x1);sin(x2)",-0.648 + 0.7309*(cos(x3)+(x3)^2) + 1.004*(x1+x1) + 0.7502*I(x3>1)*((x3)^2) + 0.9805*sin(x2),generation budget reached
base,exception,0.1,300,4,9014,centralized-residual-counterexample-gp,0.0,0.5,0.5,2.2203585614175378e-05,0.1452265190407177,0.0,1.0,0.9015491899999688,0,1592,"I(x3>1)*x3^2;expr:add(square(x3),x1);expr:add(x1,x1);sin(x2)",0.001375 + 0.5013*((x3)^2+x1) + 0.7511*(x1+x1) + 0.7518*I(x3>1)*((x3)^2) + 0.9768*sin(x2),generation budget reached
base,exception,0.1,300,4,9015,fedfalsify-v05,1.0,1.0,1.0,6.822295882229212e-05,0.15661009850795268,0.0,1.0,0.671668813999986,611520,7,I(x3>1)*x3^2;sin(x2);x1;x3^2,0.02088 + 1.986·x₁ + 0.7561·𝟙[x₃>1]·x₃² + 0.4965·x₃² + 1.009·sin(x₂),target federated MSE reached; no replacement passed the federated certificate
base,exception,0.1,300,4,9015,centralized-tree-gp,0.0,0.0,0.0,0.025326763962371487,0.3571463204835809,0.0,0.0,0.8636986189999334,0,1594,"expr:add(square(x3),x1);expr:add(x2,x3);expr:cos(add(cos(x2),sin(x2)));expr:square(add(x3,x3))",0.4859 + 1.98*((x3)^2+x1) + 0.5526*(x2+x3) - 0.8901*cos((cos(x2)+sin(x2))) - 0.2772*((x3+x3))^2,generation budget reached
base,exception,0.1,300,4,9015,federated-tree-gp-style,0.0,0.0,0.0,0.025326763962371587,0.3571463204835809,0.0,0.0,1.1260166829997615,644992,1594,"expr:add(square(x3),x1);expr:add(x2,x3);expr:cos(add(cos(x2),sin(x2)));expr:square(add(x3,x3))",0.4859 + 1.98*((x3)^2+x1) + 0.5526*(x2+x3) - 0.8901*cos((cos(x2)+sin(x2))) - 0.2772*((x3+x3))^2,generation budget reached
base,exception,0.1,300,4,9015,centralized-residual-counterexample-gp,0.0,0.0,0.0,0.018734999884013958,0.3955681764312615,0.0,0.0,0.8915010679997977,0,1555,"expr:add(square(x3),x1);expr:add(x1,x3);expr:sin(add(sin(x1),sin(x2)))",-0.07852 + 0.9138*((x3)^2+x1) + 0.7058*(x1+x3) + 1.198*sin((sin(x1)+sin(x2))),generation budget reached
poly3,complementary,0.03,300,4,9011,fedfalsify-v05,1.0,1.0,1.0,5.729220146383949e-07,0.05801889554553837,0.0,1.0,0.3805313150000984,267978,6,x1;x1^2;x1^3,-0.002498 + 0.9982·x₁ + 0.9997·x₁³ + 0.9988·x₁²,target federated MSE reached; no replacement passed the federated certificate
poly3,complementary,0.03,300,4,9011,centralized-tree-gp,0.0,0.3333333333333333,0.3333333333333333,0.0003819304311677123,0.0855809372430977,0.0,1.0,0.8814294170001631,0,1595,"expr:add(cos(x1),sin(x1));sin(x1);x1^3",2.579 - 2.719*(cos(x1)+sin(x1)) + 1.108*((x1)^2*x1) + 3.851*sin(x1) + 0.000733*(((x1)^2*(x1)^2))^2,generation budget reached
poly3,complementary,0.03,300,4,9011,federated-tree-gp-style,0.0,0.3333333333333333,0.3333333333333333,0.0003819304311677302,0.08558093724309773,0.0,1.0,1.1439713350000602,639104,1595,"expr:add(cos(x1),sin(x1));sin(x1);x1^3",2.579 - 2.719*(cos(x1)+sin(x1)) + 1.108*((x1)^2*x1) + 3.851*sin(x1) + 0.000733*(((x1)^2*(x1)^2))^2,generation budget reached
poly3,complementary,0.03,300,4,9011,centralized-residual-counterexample-gp,0.0,0.3333333333333333,0.3333333333333333,0.000381930430970205,0.08558093724309773,0.0,1.0,1.06420246100015,0,1590,"expr:add(cos(x1),cos(x1));sin(x1);x1^3",2.579 - 1.36*(cos(x1)+cos(x1)) + 1.108*((x1)^2*x1) + 1.131*sin(x1) + 0.000733*(((x1)^2*(x1)^2))^2,generation budget reached
poly3,complementary,0.03,300,4,9012,fedfalsify-v05,1.0,1.0,1.0,2.2544586065805955e-06,0.05117343557254646,0.0,1.0,0.4603834189997542,238149,5,x1;x1^2;x1^3,0.009721 + 0.9835·x₁ + 0.9978·x₁² + 1.004·x₁³,target federated MSE reached; no replacement passed the federated certificate
poly3,complementary,0.03,300,4,9012,centralized-tree-gp,0.0,0.25,0.3333333333333333,0.0011088785781320223,0.08213945854453318,0.0,1.0,1.4570370329997786,0,1597,"cos(x1);expr:add(x1,x1);expr:cos(add(cos(x1),cos(x1)));x1^3",3.355 + 0.4592*(x1+x1) - 0.9426*cos((cos(x1)+cos(x1))) - 3.687*cos(x1) + 1.025*((x1)^2*x1),generation budget reached
poly3,complementary,0.03,300,4,9012,federated-tree-gp-style,0.0,0.25,0.3333333333333333,0.0011088785781320325,0.08213945854453307,0.0,1.0,1.8623514869996143,646848,1597,"cos(x1);expr:add(x1,x1);expr:cos(add(cos(x1),cos(x1)));x1^3",3.355 + 0.4592*(x1+x1) - 0.9426*cos((cos(x1)+cos(x1))) - 3.687*cos(x1) + 1.025*((x1)^2*x1),generation budget reached
poly3,complementary,0.03,300,4,9012,centralized-residual-counterexample-gp,0.0,0.25,0.3333333333333333,0.000538428276640812,0.11963336843228706,1.0,1.0,1.2360490379996918,0,1538,"expr:add(cos(x4),square(x1));expr:add(x1,x1);expr:square(mul(sin(x3),x4));x1^3",-0.7684 + 0.982*(cos(x4)+(x1)^2) + 0.4917*(x1+x1) + 1.005*((x1)^2*x1) + 0.3505*((sin(x3)*x4))^2,generation budget reached
poly3,complementary,0.03,300,4,9013,fedfalsify-v05,1.0,1.0,1.0,3.7560808514380478e-06,0.0477281890820817,0.0,1.0,0.3793751739999607,267567,6,x1;x1^2;x1^3,-0.0221 + 1.008·x₁ + 0.9973·x₁³ + 1.006·x₁²,target federated MSE reached; no replacement passed the federated certificate
poly3,complementary,0.03,300,4,9013,centralized-tree-gp,0.0,0.6666666666666666,0.6666666666666666,3.7560808535822647e-06,0.0477281890820817,0.0,1.0,0.8906569750001836,0,1596,"expr:add(x1,x1);x1^2;x1^3",-0.0221 + 0.5042*(x1+x1) + 0.9973*((x1)^2*x1) + 1.006*(x1)^2,generation budget reached
poly3,complementary,0.03,300,4,9013,federated-tree-gp-style,0.0,0.6666666666666666,0.6666666666666666,3.75608085358127e-06,0.047728189082081714,0.0,1.0,1.2095755010000175,627968,1596,"expr:add(x1,x1);x1^2;x1^3",-0.0221 + 0.5042*(x1+x1) + 0.9973*((x1)^2*x1) + 1.006*(x1)^2,generation budget reached
poly3,complementary,0.03,300,4,9013,centralized-residual-counterexample-gp,0.0,0.5,0.6666666666666666,0.0005035192502465715,0.11419551783333916,0.0,1.0,0.9448721130002014,0,1589,"expr:add(sin(x3),square(x1));expr:sin(add(sin(x1),sin(x3)));x1^2;x1^3",-0.0237 - 0.9727*(sin(x3)+(x1)^2) + 1.123*((x1)^2*x1) + 1.516*sin((sin(x1)+sin(x3))) + 1.975*(x1)^2,generation budget reached
poly3,complementary,0.03,300,4,9014,fedfalsify-v05,1.0,1.0,1.0,1.0146407971698253e-06,0.054490864598795215,0.0,1.0,0.6678082260000338,623070,6,x1;x1^2;x1^3,-0.0001629 + 1.001·x₁ + 1·x₁³ + 1.003·x₁²,target federated MSE reached; no replacement passed the federated certificate
poly3,complementary,0.03,300,4,9014,centralized-tree-gp,0.0,0.25,0.3333333333333333,0.0011455029366061824,0.2027995469929993,0.0,1.0,0.9033094719998189,0,1563,"expr:add(sin(x1),sin(x2));expr:add(square(x1),square(x1));expr:mul(sin(x2),square(x2));x1^3",0.00167 + 0.7329*(sin(x1)+sin(x2)) + 0.4972*((x1)^2+(x1)^2) - 0.2057*(sin(x2)*(x2)^2) + 1.143*((x1)^2*x1),generation budget reached
poly3,complementary,0.03,300,4,9014,federated-tree-gp-style,0.0,0.25,0.3333333333333333,0.0011455029366061707,0.20279954699299932,0.0,1.0,1.1915016799998739,622976,1563,"expr:add(sin(x1),sin(x2));expr:add(square(x1),square(x1));expr:mul(sin(x2),square(x2));x1^3",0.00167 + 0.7329*(sin(x1)+sin(x2)) + 0.4972*((x1)^2+(x1)^2) - 0.2057*(sin(x2)*(x2)^2) + 1.143*((x1)^2*x1),generation budget reached
poly3,complementary,0.03,300,4,9014,centralized-residual-counterexample-gp,0.0,0.25,0.3333333333333333,0.0003024175286751131,0.09464491072464537,0.0,1.0,0.8989488480001455,0,1567,"expr:add(sin(x1),sin(x2));expr:add(square(x1),square(x1));expr:sin(add(sin(x1),sin(x1)));x1^3",0.01278 + 0.04551*(sin(x1)+sin(x2)) + 0.4975*((x1)^2+(x1)^2) + 1.117*((x1)^2*x1) + 0.8592*sin((sin(x1)+sin(x1))),generation budget reached
poly3,complementary,0.03,300,4,9015,fedfalsify-v05,1.0,1.0,1.0,4.897641206396563e-06,0.06030720286126572,0.0,1.0,0.3981539870001143,267848,6,x1;x1^2;x1^3,-0.0006111 + 0.9829·x₁ + 1.002·x₁³ + 1.006·x₁²,target federated MSE reached; no replacement passed the federated certificate
poly3,complementary,0.03,300,4,9015,centralized-tree-gp,0.0,0.5,0.3333333333333333,3.5356938768775436e-06,0.0605374478002203,0.0,1.0,0.8761026659999516,0,1580,"expr:add(square(x1),x1);x1^3",0.003765 + 1.004*((x1)^2+x1) + 0.9984*((x1)^2*x1),generation budget reached
poly3,complementary,0.03,300,4,9015,federated-tree-gp-style,0.0,0.5,0.3333333333333333,3.5356938768761083e-06,0.060537447800220315,0.0,1.0,1.1535598799996478,618048,1580,"expr:add(square(x1),x1);x1^3",0.003765 + 1.004*((x1)^2+x1) + 0.9984*((x1)^2*x1),generation budget reached
poly3,complementary,0.03,300,4,9015,centralized-residual-counterexample-gp,0.0,0.5,0.6666666666666666,0.0008100619090089662,0.17087618487129522,1.0,1.0,1.3931099310002537,0,1555,"expr:add(cos(x4),square(x1));expr:cos(add(cos(x4),x4));x1;x1^3",-0.321 + 0.9812*(cos(x4)+(x1)^2) - 0.621*cos((cos(x4)+x4)) + 1.008*((x1)^2*x1) + 0.961*x1,generation budget reached
poly3,complementary,0.1,300,4,9011,fedfalsify-v05,0.0,0.6666666666666666,0.6666666666666666,3.8511264482870654e-05,0.6445744082866645,0.0,1.0,1.622986243000014,1272202,6,sin(x1);x1^2;x1^3,-0.003774 + 1.088·sin(x₁) + 1.115·x₁³ + 0.9916·x₁²,target federated MSE reached; no replacement passed the federated certificate
poly3,complementary,0.1,300,4,9011,centralized-tree-gp,0.0,0.25,0.3333333333333333,0.005157400335068841,1.0543889066086987,1.0,1.0,1.379881012000169,0,1570,"expr:add(x1,x1);expr:cos(add(sin(x4),x1));expr:square(add(sin(x4),square(x1)));x1^3",1.223 + 0.5249*(x1+x1) - 0.8763*cos((sin(x4)+x1)) + 0.9756*((x1)^2*x1) + 0.1063*((sin(x4)+(x1)^2))^2,generation budget reached
poly3,complementary,0.1,300,4,9011,federated-tree-gp-style,0.0,0.25,0.3333333333333333,0.0051574003350688,1.0543889066086987,1.0,1.0,1.3864127500000905,613440,1570,"expr:add(x1,x1);expr:cos(add(sin(x4),x1));expr:square(add(sin(x4),square(x1)));x1^3",1.223 + 0.5249*(x1+x1) - 0.8763*cos((sin(x4)+x1)) + 0.9756*((x1)^2*x1) + 0.1063*((sin(x4)+(x1)^2))^2,generation budget reached
poly3,complementary,0.1,300,4,9011,centralized-residual-counterexample-gp,0.0,0.5,0.3333333333333333,6.54920312398345e-06,0.6446561406315686,0.0,1.0,0.9550468319998799,0,1610,"expr:add(square(x1),x1);x1^3",-0.007954 + 0.9958*((x1)^2+x1) + 0.9987*((x1)^2*x1),generation budget reached
poly3,complementary,0.1,300,4,9012,fedfalsify-v05,1.0,1.0,1.0,2.5049540048138316e-05,0.5685937285838497,0.0,1.0,0.8003238400001464,888493,5,x1;x1^2;x1^3,0.0324 + 0.9452·x₁ + 0.9926·x₁² + 1.012·x₁³,target federated MSE reached; no replacement passed the federated certificate
poly3,complementary,0.1,300,4,9012,centralized-tree-gp,0.0,0.5,0.6666666666666666,2.6002891393485673e-05,0.5684484241360391,1.0,1.0,0.7984549050001988,0,1539,"expr:add(cos(x4),square(x1));expr:add(cos(x4),x1);x1^2;x1^3",0.04955 - 0.9729*(cos(x4)+(x1)^2) + 0.9455*(cos(x4)+x1) + 1.012*((x1)^2*x1) + 1.965*(x1)^2,generation budget reached
poly3,complementary,0.1,300,4,9012,federated-tree-gp-style,0.0,0.5,0.6666666666666666,2.600289139350296e-05,0.5684484241360392,1.0,1.0,1.0379338749999079,561536,1539,"expr:add(cos(x4),square(x1));expr:add(cos(x4),x1);x1^2;x1^3",0.04955 - 0.9729*(cos(x4)+(x1)^2) + 0.9455*(cos(x4)+x1) + 1.012*((x1)^2*x1) + 1.965*(x1)^2,generation budget reached
poly3,complementary,0.1,300,4,9012,centralized-residual-counterexample-gp,0.0,0.5,0.6666666666666666,2.6002891393485673e-05,0.5684484241360391,1.0,1.0,0.8231212119999327,0,1539,"expr:add(cos(x4),square(x1));expr:add(cos(x4),x1);x1^2;x1^3",0.04955 - 0.9729*(cos(x4)+(x1)^2) + 0.9455*(cos(x4)+x1) + 1.012*((x1)^2*x1) + 1.965*(x1)^2,generation budget reached
poly3,complementary,0.1,300,4,9013,fedfalsify-v05,1.0,1.0,1.0,4.173423170822885e-05,0.5303132120231302,0.0,1.0,1.5809184790000472,1894441,6,x1;x1^2;x1^3,-0.07367 + 1.028·x₁ + 1.021·x₁² + 0.9911·x₁³,target federated MSE reached; no replacement passed the federated certificate
poly3,complementary,0.1,300,4,9013,centralized-tree-gp,0.0,0.6666666666666666,0.6666666666666666,0.0021708532583131672,0.7400101419043752,0.0,1.0,0.851797484999679,0,1561,"expr:sin(add(sin(x3),x1));x1^2;x1^3",-0.1015 + 1.157*((x1)^2*x1) + 1.022*(x1*x1) + 0.7717*sin((sin(x3)+x1)),generation budget reached
poly3,complementary,0.1,300,4,9013,federated-tree-gp-style,0.0,0.6666666666666666,0.6666666666666666,0.002170853258313161,0.7400101419043754,0.0,1.0,1.1202757760001987,577152,1561,"expr:sin(add(sin(x3),x1));x1^2;x1^3",-0.1015 + 1.157*((x1)^2*x1) + 1.022*(x1*x1) + 0.7717*sin((sin(x3)+x1)),generation budget reached
poly3,complementary,0.1,300,4,9013,centralized-residual-counterexample-gp,0.0,0.6666666666666666,0.6666666666666666,0.00045887065408661934,0.5631480878822459,0.0,1.0,0.8534297129999686,0,1523,"expr:add(cos(x1),sin(x1));x1^2;x1^3",-0.9941 + 1.06*(cos(x1)+sin(x1)) + 1.114*((x1)^2*x1) + 1.326*(x1*x1),generation budget reached
poly3,complementary,0.1,300,4,9014,fedfalsify-v05,0.0,0.3333333333333333,0.3333333333333333,0.004294246301633625,0.7585164291803452,0.0,1.0,1.040791340999931,888536,5,cos(x1);sin(x1);x1^3,2.994 + 1.042·sin(x₁) - 3.331·cos(x₁) + 1.137·x₁³,target federated MSE reached; no replacement passed the federated certificate
poly3,complementary,0.1,300,4,9014,centralized-tree-gp,0.0,0.3333333333333333,0.3333333333333333,4.934434267025651e-05,0.6091687270256244,0.0,1.0,1.2782730079998146,0,1525,"expr:add(square(x1),square(x1));sin(x1);x1^3",0.005599 + 0.5027*((x1)^2+(x1)^2) + 1.119*((x1)^2*x1) + 1.088*sin(x1),generation budget reached
poly3,complementary,0.1,300,4,9014,federated-tree-gp-style,0.0,0.3333333333333333,0.3333333333333333,4.934434267025602e-05,0.6091687270256244,0.0,1.0,1.6727018259998658,577152,1525,"expr:add(square(x1),square(x1));sin(x1);x1^3",0.005599 + 0.5027*((x1)^2+(x1)^2) + 1.119*((x1)^2*x1) + 1.088*sin(x1),generation budget reached
poly3,complementary,0.1,300,4,9014,centralized-residual-counterexample-gp,0.0,0.3333333333333333,0.3333333333333333,4.934434267025651e-05,0.6091687270256244,0.0,1.0,1.2985910870002044,0,1530,"expr:add(square(x1),square(x1));sin(x1);x1^3",0.005599 + 0.5027*((x1)^2+(x1)^2) + 1.119*((x1)^2*x1) + 1.088*sin(x1),generation budget reached
poly3,complementary,0.1,300,4,9015,fedfalsify-v05,0.0,0.6666666666666666,0.6666666666666666,8.435364940781642e-05,0.6750592299131326,0.0,1.0,1.0800741019997986,1242417,6,sin(x1);x1^2;x1^3,0.004893 + 1.024·sin(x₁) + 1.118·x₁³ + 1.014·x₁²,target federated MSE reached; no replacement passed the federated certificate
poly3,complementary,0.1,300,4,9015,centralized-tree-gp,0.0,0.5,0.3333333333333333,3.928548752887855e-05,0.6726383088913367,0.0,1.0,0.7987590929997168,0,1549,"expr:add(square(x1),x1);x1^3",0.01255 + 1.014*((x1)^2+x1) + 0.9946*((x1)^2*x1),generation budget reached
poly3,complementary,0.1,300,4,9015,federated-tree-gp-style,0.0,0.5,0.3333333333333333,3.928548752889432e-05,0.6726383088913367,0.0,1.0,1.042581571000028,566336,1549,"expr:add(square(x1),x1);x1^3",0.01255 + 1.014*((x1)^2+x1) + 0.9946*((x1)^2*x1),generation budget reached
poly3,complementary,0.1,300,4,9015,centralized-residual-counterexample-gp,0.0,0.5,0.3333333333333333,3.928548752887855e-05,0.6726383088913367,0.0,1.0,0.8708651590000045,0,1561,"expr:add(square(x1),x1);x1^3",0.01255 + 1.014*((x1)^2+x1) + 0.9946*((x1)^2*x1),generation budget reached
poly3,spurious,0.03,300,4,9011,fedfalsify-v05,1.0,1.0,1.0,4.297657012578542e-07,0.053044301472941376,0.0,1.0,0.3974724609997793,268031,6,x1;x1^2;x1^3,-0.006375 + 1.002·x₁ + 0.9991·x₁³ + 1·x₁²,target federated MSE reached; no replacement passed the federated certificate
poly3,spurious,0.03,300,4,9011,centralized-tree-gp,0.0,0.3333333333333333,0.3333333333333333,4.2976570165401594e-07,0.053044301472941376,0.0,1.0,0.8447878120000496,0,1582,"expr:add(square(x1),square(x1));expr:add(x1,x1);x1^3",-0.006375 + 0.5001*((x1)^2+(x1)^2) + 0.5012*(x1+x1) + 0.9991*((x1)^2*x1),generation budget reached
poly3,spurious,0.03,300,4,9011,federated-tree-gp-style,0.0,0.3333333333333333,0.3333333333333333,4.29765701653954e-07,0.053044301472941376,0.0,1.0,1.1468668480001725,622912,1582,"expr:add(square(x1),square(x1));expr:add(x1,x1);x1^3",-0.006375 + 0.5001*((x1)^2+(x1)^2) + 0.5012*(x1+x1) + 0.9991*((x1)^2*x1),generation budget reached
poly3,spurious,0.03,300,4,9011,centralized-residual-counterexample-gp,0.0,0.3333333333333333,0.3333333333333333,4.2976570165401594e-07,0.053044301472941376,0.0,1.0,0.9209713010000087,0,1609,"expr:add(square(x1),square(x1));expr:add(x1,x1);x1^3",-0.006375 + 0.5001*((x1)^2+(x1)^2) + 0.5012*(x1+x1) + 0.9991*((x1)^2*x1),generation budget reached
poly3,spurious,0.03,300,4,9012,fedfalsify-v05,1.0,1.0,1.0,4.055850621878564e-06,0.050066739399726716,0.0,1.0,0.8230265070001224,831946,6,x1;x1^2;x1^3,-0.001745 + 0.9993·x₁ + 1.001·x₁³ + 1.006·x₁²,no sufficiently supported counterexample repair; no replacement passed the federated certificate
poly3,spurious,0.03,300,4,9012,centralized-tree-gp,0.0,0.6666666666666666,0.6666666666666666,4.055850621931789e-06,0.05006673939972674,0.0,1.0,0.8082829030004177,0,1543,"expr:add(x1,x1);x1^2;x1^3",-0.001745 + 0.4996*(x1+x1) + 1.001*((x1)^2*x1) + 1.006*(x1)^2,generation budget reached
poly3,spurious,0.03,300,4,9012,federated-tree-gp-style,0.0,0.6666666666666666,0.6666666666666666,4.055850621932678e-06,0.050066739399726716,0.0,1.0,1.063919801999873,582848,1543,"expr:add(x1,x1);x1^2;x1^3",-0.001745 + 0.4996*(x1+x1) + 1.001*((x1)^2*x1) + 1.006*(x1)^2,generation budget reached
poly3,spurious,0.03,300,4,9012,centralized-residual-counterexample-gp,0.0,0.6666666666666666,0.6666666666666666,4.055850621931789e-06,0.05006673939972674,0.0,1.0,1.397219612000299,0,1542,"expr:add(x1,x1);x1^2;x1^3",-0.001745 + 0.4996*(x1+x1) + 1.001*((x1)^2*x1) + 1.006*(x1)^2,generation budget reached
poly3,spurious,0.03,300,4,9013,fedfalsify-v05,1.0,1.0,1.0,3.9153135118240555e-06,0.0592657192929187,0.0,1.0,0.5885723290002716,267663,6,x1;x1^2;x1^3,-0.01382 + 0.9841·x₁ + 1.004·x₁³ + 0.9987·x₁²,target federated MSE reached; no replacement passed the federated certificate
poly3,spurious,0.03,300,4,9013,centralized-tree-gp,0.0,0.3333333333333333,0.3333333333333333,0.00012070960244435916,0.061443861636774455,1.0,1.0,1.454558750999695,0,1602,"expr:add(sin(x1),square(x1));expr:mul(cos(x4),x1);x1^3",-0.005291 + 0.9898*(sin(x1)+(x1)^2) + 0.05182*(cos(x4)*x1) + 1.12*((x1)^2*x1),generation budget reached
poly3,spurious,0.03,300,4,9013,federated-tree-gp-style,0.0,0.3333333333333333,0.3333333333333333,0.00012070960244435258,0.06144386163677442,1.0,1.0,1.7098856839998007,634368,1602,"expr:add(sin(x1),square(x1));expr:mul(cos(x4),x1);x1^3",-0.005291 + 0.9898*(sin(x1)+(x1)^2) + 0.05182*(cos(x4)*x1) + 1.12*((x1)^2*x1),generation budget reached
poly3,spurious,0.03,300,4,9013,centralized-residual-counterexample-gp,0.0,0.0,0.0,0.001725680763153948,0.20610632158325634,0.0,1.0,0.9636891830000422,0,1556,"expr:mul(cos(x1),x1);expr:mul(square(x1),square(x1));expr:sin(add(sin(x3),x1));expr:square(add(square(x1),x1))",0.2952 + 1.28*(cos(x1)*x1) - 0.6173*((x1)^2*(x1)^2) + 0.1318*sin((sin(x3)+x1)) + 0.6584*(((x1)^2+x1))^2,generation budget reached
poly3,spurious,0.03,300,4,9014,fedfalsify-v05,1.0,1.0,1.0,5.47729714140924e-06,0.06178023811632594,0.0,1.0,0.390983937999863,267531,6,x1;x1^2;x1^3,-0.002018 + 1.014·x₁ + 0.9952·x₁³ + 1·x₁²,target federated MSE reached; no replacement passed the federated certificate
poly3,spurious,0.03,300,4,9014,centralized-tree-gp,0.0,0.25,0.3333333333333333,0.0017703228838350249,0.20425529341745002,1.0,1.0,0.9535906410001189,0,1614,"expr:add(cos(x1),square(x1));expr:add(cos(x4),sin(x1));expr:cos(add(cos(x3),x4));x1^3",-1.657 + 1.433*(cos(x1)+(x1)^2) + 0.9613*(cos(x4)+sin(x1)) - 0.4886*cos((cos(x3)+x4)) + 1.1*((x1)^2*x1),generation budget reached
poly3,spurious,0.03,300,4,9014,federated-tree-gp-style,0.0,0.25,0.3333333333333333,0.0017703228838350988,0.2042552934174501,1.0,1.0,1.2628411330001654,661568,1614,"expr:add(cos(x1),square(x1));expr:add(cos(x4),sin(x1));expr:cos(add(cos(x3),x4));x1^3",-1.657 + 1.433*(cos(x1)+(x1)^2) + 0.9613*(cos(x4)+sin(x1)) - 0.4886*cos((cos(x3)+x4)) + 1.1*((x1)^2*x1),generation budget reached
poly3,spurious,0.03,300,4,9014,centralized-residual-counterexample-gp,0.0,0.25,0.3333333333333333,0.001444502085320192,0.2092479820527593,1.0,1.0,0.9657141130001037,0,1602,"expr:add(cos(x1),square(x1));expr:add(cos(x4),sin(x1));expr:mul(cos(x4),square(x4));x1^3",-1.832 + 1.399*(cos(x1)+(x1)^2) + 0.9548*(cos(x4)+sin(x1)) - 0.2032*(cos(x4)*(x4)^2) + 1.108*((x1)^2*x1),generation budget reached
poly3,spurious,0.03,300,4,9015,fedfalsify-v05,1.0,1.0,1.0,5.259555841264936e-07,0.0554248727025843,0.0,1.0,0.39269717800016224,267725,6,x1;x1^2;x1^3,0.01242 + 0.9982·x₁ + 1·x₁³ + 0.9983·x₁²,target federated MSE reached; no replacement passed the federated certificate
poly3,spurious,0.03,300,4,9015,centralized-tree-gp,0.0,0.5,0.3333333333333333,5.259416548073942e-07,0.055424875098902454,0.0,1.0,0.7344985139998244,0,1511,"expr:add(square(x1),x1);x1^3",0.01243 + 0.9983*((x1)^2+x1) + 1*((x1)^2*x1),generation budget reached
poly3,spurious,0.03,300,4,9015,federated-tree-gp-style,0.0,0.5,0.3333333333333333,5.259416548067509e-07,0.05542487509890245,0.0,1.0,0.9835999339998125,534016,1511,"expr:add(square(x1),x1);x1^3",0.01243 + 0.9983*((x1)^2+x1) + 1*((x1)^2*x1),generation budget reached
poly3,spurious,0.03,300,4,9015,centralized-residual-counterexample-gp,0.0,0.5,0.3333333333333333,5.259416548073942e-07,0.055424875098902454,0.0,1.0,0.8224567799998113,0,1511,"expr:add(square(x1),x1);x1^3",0.01243 + 0.9983*((x1)^2+x1) + 1*((x1)^2*x1),generation budget reached
poly3,spurious,0.1,300,4,9011,fedfalsify-v05,0.0,0.6666666666666666,0.6666666666666666,0.003959216022560919,0.7863442286109439,0.0,1.0,0.7773094300000594,887135,5,cos(x1);x1;x1^3,2.94 + 0.9593·x₁ - 3.317·cos(x₁) + 1.017·x₁³,target federated MSE reached; no replacement passed the federated certificate
poly3,spurious,0.1,300,4,9011,centralized-tree-gp,0.0,0.3333333333333333,0.3333333333333333,7.353180885604158e-06,0.5892492963000481,0.0,1.0,0.8669018600003255,0,1564,"expr:add(square(x1),x1);expr:square(mul(x1,x1));x1^3",-0.0288 + 1.012*((x1)^2+x1) + 0.9966*((x1)^2*x1) - 0.001962*((x1*x1))^2,generation budget reached
poly3,spurious,0.1,300,4,9011,federated-tree-gp-style,0.0,0.3333333333333333,0.3333333333333333,7.353180885601364e-06,0.5892492963000481,0.0,1.0,1.470936821000123,613696,1564,"expr:add(square(x1),x1);expr:square(mul(x1,x1));x1^3",-0.0288 + 1.012*((x1)^2+x1) + 0.9966*((x1)^2*x1) - 0.001962*((x1*x1))^2,generation budget reached
poly3,spurious,0.1,300,4,9011,centralized-residual-counterexample-gp,0.0,0.5,0.3333333333333333,0.0023044221865901817,0.871400754142471,0.0,1.0,1.372315205999712,0,1548,"expr:square(add(cos(x1),x1));x1^3",-0.3617 + 1.385*((x1)^2*x1) + 0.9406*((cos(x1)+x1))^2,generation budget reached
poly3,spurious,0.1,300,4,9012,fedfalsify-v05,1.0,1.0,1.0,4.5065006925729226e-05,0.5562971044414078,0.0,1.0,1.5856231049997405,1270466,6,x1;x1^2;x1^3,-0.005817 + 0.9976·x₁ + 1.004·x₁³ + 1.02·x₁²,target federated MSE reached; no replacement passed the federated certificate
poly3,spurious,0.1,300,4,9012,centralized-tree-gp,0.0,0.25,0.3333333333333333,0.004428422990644058,0.8145602100047062,0.0,1.0,1.1387179550001747,0,1519,"expr:add(x1,x1);expr:cos(mul(square(x1),x1));expr:square(mul(x1,x1));x1^3",1.146 + 0.5267*(x1+x1) - 0.734*cos(((x1)^2*x1)) + 0.9727*((x1)^2*x1) + 0.131*((x1*x1))^2,generation budget reached
poly3,spurious,0.1,300,4,9012,federated-tree-gp-style,0.0,0.25,0.3333333333333333,0.004428422990644226,0.8145602100047064,0.0,1.0,1.0399572579999585,558144,1519,"expr:add(x1,x1);expr:cos(mul(square(x1),x1));expr:square(mul(x1,x1));x1^3",1.146 + 0.5267*(x1+x1) - 0.734*cos(((x1)^2*x1)) + 0.9727*((x1)^2*x1) + 0.131*((x1*x1))^2,generation budget reached
poly3,spurious,0.1,300,4,9012,centralized-residual-counterexample-gp,0.0,0.25,0.3333333333333333,0.0030161107722096623,0.829782717542945,0.0,1.0,0.8662177320002229,0,1528,"expr:add(sin(x2),square(x1));expr:add(x1,x1);expr:square(mul(x1,x1));x1^3",0.4652 + 0.5082*(sin(x2)+(x1)^2) + 0.5025*(x1+x1) + 0.98*((x1)^2*x1) + 0.07139*((x1*x1))^2,generation budget reached
poly3,spurious,0.1,300,4,9013,fedfalsify-v05,0.0,0.6666666666666666,0.6666666666666666,0.00011040130171655398,0.6581913369467827,0.0,1.0,0.8393644289999429,917903,6,sin(x1);x1^2;x1^3,-0.03987 + 1.039·sin(x₁) + 1.122·x₁³ + 0.9914·x₁²,target federated MSE reached; no replacement passed the federated certificate
poly3,spurious,0.1,300,4,9013,centralized-tree-gp,0.0,0.5,0.6666666666666666,4.116887695043986e-05,0.657332838894091,0.0,1.0,0.8857616440000129,0,1564,"expr:mul(square(x1),square(x1));expr:square(add(square(x1),x1));x1;x1^3",-0.0135 - 0.9418*((x1)^2*(x1)^2) - 0.889*((x1)^2*x1) + 0.9491*(((x1)^2+x1))^2 + 0.9531*x1,generation budget reached
poly3,spurious,0.1,300,4,9013,federated-tree-gp-style,0.0,0.5,0.6666666666666666,4.116887695062343e-05,0.657332838894091,0.0,1.0,1.1222272710001562,598336,1564,"expr:mul(square(x1),square(x1));expr:square(add(square(x1),x1));x1;x1^3",-0.0135 - 0.9418*((x1)^2*(x1)^2) - 0.889*((x1)^2*x1) + 0.9491*(((x1)^2+x1))^2 + 0.9531*x1,generation budget reached
poly3,spurious,0.1,300,4,9013,centralized-residual-counterexample-gp,0.0,0.0,0.0,0.0005397055741046583,0.7023234510062867,0.0,1.0,0.8845025440000427,0,1510,"expr:add(cos(x1),sin(x2));expr:mul(square(x1),square(x1));expr:sin(add(sin(x1),sin(x2)));expr:square(add(square(x1),x1))",0.8167 - 0.8226*(cos(x1)+sin(x2)) - 0.532*((x1)^2*(x1)^2) + 1.419*sin((sin(x1)+sin(x2))) + 0.5618*(((x1)^2+x1))^2,generation budget reached
poly3,spurious,0.1,300,4,9014,fedfalsify-v05,1.0,1.0,1.0,6.0858857149390046e-05,0.6864470901813995,0.0,1.0,0.7920925319999697,887584,5,x1;x1^2;x1^3,-0.006725 + 1.047·x₁ + 0.9999·x₁² + 0.9841·x₁³,target federated MSE reached; no replacement passed the federated certificate
poly3,spurious,0.1,300,4,9014,centralized-tree-gp,0.0,0.25,0.3333333333333333,0.0003246557855355997,0.7211498976757721,1.0,1.0,0.9372374549998312,0,1601,"expr:add(cos(x4),sin(x1));expr:add(cos(x4),square(x1));expr:add(sin(x1),square(x4));x1^3",-1.471 + 0.6479*(cos(x4)+sin(x1)) + 0.9852*(cos(x4)+(x1)^2) + 0.4796*(sin(x1)+(x4)^2) + 1.109*((x1)^2*x1),generation budget reached
poly3,spurious,0.1,300,4,9014,federated-tree-gp-style,0.0,0.25,0.3333333333333333,0.00032465578553559645,0.7211498976757721,1.0,1.0,1.206350453000141,655232,1601,"expr:add(cos(x4),sin(x1));expr:add(cos(x4),square(x1));expr:add(sin(x1),square(x4));x1^3",-1.471 + 0.6479*(cos(x4)+sin(x1)) + 0.9852*(cos(x4)+(x1)^2) + 0.4796*(sin(x1)+(x4)^2) + 1.109*((x1)^2*x1),generation budget reached
poly3,spurious,0.1,300,4,9014,centralized-residual-counterexample-gp,0.0,0.25,0.3333333333333333,6.240350046234658e-05,0.6867780243788592,1.0,1.0,0.9648933630001011,0,1608,"expr:add(cos(x4),sin(x4));expr:add(cos(x4),square(x1));expr:add(sin(x4),x1);x1^3",-0.01739 - 0.9999*(cos(x4)+sin(x4)) + 1.004*(cos(x4)+(x1)^2) + 1.03*(sin(x4)+x1) + 0.9866*((x1)^2*x1),generation budget reached
poly3,spurious,0.1,300,4,9015,fedfalsify-v05,0.0,0.6666666666666666,0.6666666666666666,4.301032526502014e-05,0.6167119748712628,0.0,1.0,1.212931357999878,915905,6,sin(x1);x1^2;x1^3,0.04558 + 1.082·sin(x₁) + 1.117·x₁³ + 0.9902·x₁²,target federated MSE reached; no replacement passed the federated certificate
poly3,spurious,0.1,300,4,9015,centralized-tree-gp,0.0,0.5,0.3333333333333333,5.843796163803683e-06,0.6158319455433606,0.0,1.0,1.2812344009998924,0,1538,"expr:add(square(x1),x1);x1^3",0.04143 + 0.9943*((x1)^2+x1) + 1.001*((x1)^2*x1),generation budget reached
poly3,spurious,0.1,300,4,9015,federated-tree-gp-style,0.0,0.5,0.3333333333333333,5.8437961638027564e-06,0.6158319455433606,0.0,1.0,1.7492268040000454,556480,1538,"expr:add(square(x1),x1);x1^3",0.04143 + 0.9943*((x1)^2+x1) + 1.001*((x1)^2*x1),generation budget reached
poly3,spurious,0.1,300,4,9015,centralized-residual-counterexample-gp,0.0,0.5,0.3333333333333333,5.843796163803683e-06,0.6158319455433606,0.0,1.0,1.1569680179995885,0,1542,"expr:add(square(x1),x1);x1^3",0.04143 + 0.9943*((x1)^2+x1) + 1.001*((x1)^2*x1),generation budget reached
poly3,exception,0.03,300,4,9011,fedfalsify-v05,1.0,1.0,1.0,9.579652139339263e-07,0.06544302369198463,0.0,1.0,0.4672210889998496,308211,7,I(x3>1)*x3^2;x1;x1^2;x1^3,0.001528 + 0.9984·x₁ + 0.7444·𝟙[x₃>1]·x₃² + 1·x₁³ + 0.999·x₁²,target federated MSE reached; no replacement passed the federated certificate
poly3,exception,0.03,300,4,9011,centralized-tree-gp,0.0,0.25,0.25,0.009351032213026519,0.8800350330707709,0.0,0.0,0.9371562260002975,0,1621,"expr:add(x1,x1);expr:square(add(cos(x1),x3));expr:square(add(sin(x3),square(x1)));x1^3",0.5701 + 0.5348*(x1+x1) + 0.9924*((x1)^2*x1) + 0.3441*((cos(x1)+x3))^2 + 0.1368*((sin(x3)+(x1)^2))^2,generation budget reached
poly3,exception,0.03,300,4,9011,federated-tree-gp-style,0.0,0.25,0.25,0.009351032213026536,0.8800350330707709,0.0,0.0,1.1910527889999685,675456,1621,"expr:add(x1,x1);expr:square(add(cos(x1),x3));expr:square(add(sin(x3),square(x1)));x1^3",0.5701 + 0.5348*(x1+x1) + 0.9924*((x1)^2*x1) + 0.3441*((cos(x1)+x3))^2 + 0.1368*((sin(x3)+(x1)^2))^2,generation budget reached
poly3,exception,0.03,300,4,9011,centralized-residual-counterexample-gp,0.0,0.5,0.5,0.01468467570550993,0.573656283315841,0.0,0.0,0.9790174900003876,0,1609,"expr:add(square(x1),square(x1));expr:square(add(cos(x1),x3));x1;x1^3",-0.2516 + 0.5257*((x1)^2+(x1)^2) + 1.089*((x1)^2*x1) + 0.3409*((cos(x1)+x3))^2 + 0.9438*x1,generation budget reached
poly3,exception,0.03,300,4,9012,fedfalsify-v05,1.0,1.0,1.0,2.420691087378762e-06,0.05823756244893847,0.0,1.0,0.4028788639998311,277230,6,I(x3>1)*x3^2;x1;x1^2;x1^3,0.009622 + 0.9823·x₁ + 0.751·𝟙[x₃>1]·x₃² + 0.9976·x₁² + 1.004·x₁³,target federated MSE reached; no replacement passed the federated certificate
poly3,exception,0.03,300,4,9012,centralized-tree-gp,0.0,0.25,0.25,0.003219980812555074,0.4365876212915346,1.0,0.0,0.9448746479997681,0,1616,"expr:add(square(x1),x1);expr:sin(add(cos(x4),sin(x3)));expr:square(add(cos(x4),x3));x1^3",-0.2998 + 1.004*((x1)^2+x1) + 1.019*((x1)^2*x1) + 0.3702*sin((cos(x4)+sin(x3))) + 0.3275*((cos(x4)+x3))^2,generation budget reached
poly3,exception,0.03,300,4,9012,federated-tree-gp-style,0.0,0.25,0.25,0.003219980812555076,0.4365876212915346,1.0,0.0,1.160806115000014,652992,1616,"expr:add(square(x1),x1);expr:sin(add(cos(x4),sin(x3)));expr:square(add(cos(x4),x3));x1^3",-0.2998 + 1.004*((x1)^2+x1) + 1.019*((x1)^2*x1) + 0.3702*sin((cos(x4)+sin(x3))) + 0.3275*((cos(x4)+x3))^2,generation budget reached
poly3,exception,0.03,300,4,9012,centralized-residual-counterexample-gp,0.0,0.25,0.25,0.005113692837282115,0.5949114060996249,0.0,0.0,0.9163905450000129,0,1605,"expr:add(square(x1),x1);expr:mul(square(x1),x3);expr:square(add(x3,x3));x1^3",-0.1552 + 1.001*((x1)^2+x1) + 0.9706*((x1)^2*x1) + 0.1835*((x1)^2*x3) + 0.1028*((x3+x3))^2,generation budget reached
poly3,exception,0.03,300,4,9013,fedfalsify-v05,1.0,1.0,1.0,4.145543868753581e-06,0.05472689954408826,0.0,1.0,0.46874964999960866,307844,7,I(x3>1)*x3^2;x1;x1^2;x1^3,-0.02079 + 1.009·x₁ + 0.7461·𝟙[x₃>1]·x₃² + 0.9975·x₁³ + 1.007·x₁²,target federated MSE reached; no replacement passed the federated certificate
poly3,exception,0.03,300,4,9013,centralized-tree-gp,0.0,0.25,0.25,0.0009530890746403188,0.15674744805393848,0.0,0.0,0.888220347999777,0,1616,"expr:add(square(x1),x1);expr:add(x3,x3);expr:square(add(sin(x3),square(x3)));x1^3",0.1149 + 1.005*((x1)^2+x1) + 0.1991*(x3+x3) + 1.009*((x1)^2*x1) + 0.07407*((sin(x3)+(x3)^2))^2,generation budget reached
poly3,exception,0.03,300,4,9013,federated-tree-gp-style,0.0,0.25,0.25,0.0009530890746403121,0.1567474480539385,0.0,0.0,1.178892254999937,654400,1616,"expr:add(square(x1),x1);expr:add(x3,x3);expr:square(add(sin(x3),square(x3)));x1^3",0.1149 + 1.005*((x1)^2+x1) + 0.1991*(x3+x3) + 1.009*((x1)^2*x1) + 0.07407*((sin(x3)+(x3)^2))^2,generation budget reached
poly3,exception,0.03,300,4,9013,centralized-residual-counterexample-gp,0.0,0.25,0.25,0.003486236078548604,0.44819238862874966,0.0,0.0,1.4901400519997878,0,1596,"expr:add(square(x1),x1);expr:add(x3,x3);expr:sin(add(cos(x3),sin(x1)));x1^3",0.7031 + 1.063*((x1)^2+x1) + 0.3332*(x3+x3) + 1.041*((x1)^2*x1) - 0.775*sin((cos(x3)+sin(x1))),generation budget reached
poly3,exception,0.03,300,4,9014,fedfalsify-v05,1.0,1.0,1.0,1.1278932243907818e-06,0.06184150366051092,0.0,1.0,1.2005016899997827,674481,7,I(x3>1)*x3^2;x1;x1^2;x1^3,-0.000492 + 1.001·x₁ + 0.7505·𝟙[x₃>1]·x₃² + 1·x₁³ + 1.003·x₁²,target federated MSE reached; no replacement passed the federated certificate
poly3,exception,0.03,300,4,9014,centralized-tree-gp,0.0,0.5,0.5,0.004914818857862896,0.5846200346783348,0.0,0.0,1.3357017920002363,0,1555,cos(x3);x1^2;x1^3;x3,1.016 - 1.223*cos(x3) + 1.19*((x1)^2*x1) + 0.9824*(x1)^2 + 0.6886*x3,generation budget reached
poly3,exception,0.03,300,4,9014,federated-tree-gp-style,0.0,0.5,0.5,0.0049148188578629045,0.5846200346783348,0.0,0.0,1.4007060070002808,618176,1555,cos(x3);x1^2;x1^3;x3,1.016 - 1.223*cos(x3) + 1.19*((x1)^2*x1) + 0.9824*(x1)^2 + 0.6886*x3,generation budget reached
poly3,exception,0.03,300,4,9014,centralized-residual-counterexample-gp,0.0,0.5,0.5,0.005829119695666589,0.6148518196302671,0.0,0.0,0.9449968829999307,0,1572,"expr:sin(add(cos(x1),cos(x3)));x1^2;x1^3;x3",2.022 + 1.191*((x1)^2*x1) - 1.694*sin((cos(x1)+cos(x3))) + 0.645*(x1)^2 + 0.6977*x3,generation budget reached
poly3,exception,0.03,300,4,9015,fedfalsify-v05,1.0,1.0,1.0,5.5827712206122095e-06,0.06869676710673353,0.0,1.0,0.4548032980001153,308002,7,I(x3>1)*x3^2;x1;x1^2;x1^3,-0.001145 + 0.9818·x₁ + 0.7508·𝟙[x₃>1]·x₃² + 1.002·x₁³ + 1.006·x₁²,target federated MSE reached; no replacement passed the federated certificate
poly3,exception,0.03,300,4,9015,centralized-tree-gp,0.0,0.25,0.25,0.005721489121508466,0.5282190876280389,0.0,0.0,0.8884439240000575,0,1600,"expr:add(x1,x3);expr:sin(add(cos(x1),cos(x3)));expr:square(add(sin(x3),square(x1)));x1^3",2.957 + 0.6894*(x1+x3) + 1.008*((x1)^2*x1) - 2.237*sin((cos(x1)+cos(x3))) + 0.07047*((sin(x3)+(x1)^2))^2,generation budget reached
poly3,exception,0.03,300,4,9015,federated-tree-gp-style,0.0,0.25,0.25,0.0057214891215085,0.5282190876280389,0.0,0.0,1.1686977890003618,644288,1600,"expr:add(x1,x3);expr:sin(add(cos(x1),cos(x3)));expr:square(add(sin(x3),square(x1)));x1^3",2.957 + 0.6894*(x1+x3) + 1.008*((x1)^2*x1) - 2.237*sin((cos(x1)+cos(x3))) + 0.07047*((sin(x3)+(x1)^2))^2,generation budget reached
poly3,exception,0.03,300,4,9015,centralized-residual-counterexample-gp,0.0,0.25,0.25,0.005721489121508466,0.5282190876280389,0.0,0.0,0.9661234300001524,0,1605,"expr:add(x1,x3);expr:sin(add(cos(x1),cos(x3)));expr:square(add(sin(x3),square(x1)));x1^3",2.957 + 0.6894*(x1+x3) + 1.008*((x1)^2*x1) - 2.237*sin((cos(x1)+cos(x3))) + 0.07047*((sin(x3)+(x1)^2))^2,generation budget reached
poly3,exception,0.1,300,4,9011,fedfalsify-v05,0.0,0.75,0.75,4.6955433666045416e-05,0.7269726570301753,0.0,1.0,1.3054168219996427,1344661,7,I(x3>1)*x3^2;sin(x1);x1^2;x1^3,0.009232 + 1.089·sin(x₁) + 0.7319·𝟙[x₃>1]·x₃² + 1.116·x₁³ + 0.9922·x₁²,target federated MSE reached; no replacement passed the federated certificate
poly3,exception,0.1,300,4,9011,centralized-tree-gp,0.0,0.25,0.25,0.00406506171675953,1.206568983537751,1.0,0.0,0.8936067110003023,0,1601,"expr:add(cos(x4),x3);expr:add(sin(x1),square(x1));expr:cos(add(square(x4),x3));x1^3",0.4846 + 0.485*(cos(x4)+x3) + 1.001*(sin(x1)+(x1)^2) - 0.6295*cos(((x4)^2+x3)) + 1.139*((x1)^2*x1),generation budget reached
poly3,exception,0.1,300,4,9011,federated-tree-gp-style,0.0,0.25,0.25,0.004065061716759499,1.206568983537751,1.0,0.0,1.212002744000074,631680,1601,"expr:add(cos(x4),x3);expr:add(sin(x1),square(x1));expr:cos(add(square(x4),x3));x1^3",0.4846 + 0.485*(cos(x4)+x3) + 1.001*(sin(x1)+(x1)^2) - 0.6295*cos(((x4)^2+x3)) + 1.139*((x1)^2*x1),generation budget reached
poly3,exception,0.1,300,4,9011,centralized-residual-counterexample-gp,0.0,0.25,0.25,0.0013182230198405102,0.8676069327545822,0.0,0.0,0.9647034459999304,0,1601,"expr:add(sin(x1),square(x1));expr:square(add(square(x3),square(x3)));x1^3;x3",0.19 + 1.002*(sin(x1)+(x1)^2) + 1.131*((x1)^2*x1) + 0.01685*(((x3)^2+(x3)^2))^2 + 0.6292*x3,generation budget reached
poly3,exception,0.1,300,4,9012,fedfalsify-v05,0.0,0.5,0.5,0.005370044406388689,0.8272121323916506,0.0,1.0,1.195287134999944,947939,6,I(x3>1)*x3^2;cos(x1);sin(x1);x1^3,2.921 + 0.9473·sin(x₁) + 0.7798·𝟙[x₃>1]·x₃² - 3.239·cos(x₁) + 1.146·x₁³,target federated MSE reached; no replacement passed the federated certificate
poly3,exception,0.1,300,4,9012,centralized-tree-gp,0.0,0.5,0.5,0.007456980244640685,1.7678220655740389,0.0,1.0,1.5118457250000574,0,1613,"I(x3>1)*x3^2;expr:add(x1,x1);expr:cos(mul(cos(x1),x1));x1^3",4.956 + 0.4433*(x1+x1) - 4.038*cos((cos(x1)*x1)) + 0.7221*I(x3>1)*((x3)^2) + 1.02*((x1)^2*x1),generation budget reached
poly3,exception,0.1,300,4,9012,federated-tree-gp-style,0.0,0.5,0.5,0.0074569802446407185,1.7678220655740393,0.0,1.0,1.9005483500000082,655552,1613,"I(x3>1)*x3^2;expr:add(x1,x1);expr:cos(mul(cos(x1),x1));x1^3",4.956 + 0.4433*(x1+x1) - 4.038*cos((cos(x1)*x1)) + 0.7221*I(x3>1)*((x3)^2) + 1.02*((x1)^2*x1),generation budget reached
poly3,exception,0.1,300,4,9012,centralized-residual-counterexample-gp,0.0,0.5,0.5,0.010975382530024985,1.7345016571772651,0.0,0.0,1.2328786840002977,0,1600,"expr:add(cos(x1),cos(x3));expr:cos(mul(cos(x1),x1));x1;x1^3",5.371 - 1.593*(cos(x1)+cos(x3)) - 2.481*cos((cos(x1)*x1)) + 1.06*((x1)^2*x1) + 0.9399*x1,generation budget reached
poly3,exception,0.1,300,4,9013,fedfalsify-v05,1.0,1.0,1.0,4.606159856661597e-05,0.6080766616009808,0.0,1.0,1.8216981699997632,1987291,7,I(x3>1)*x3^2;x1;x1^2;x1^3,-0.06931 + 1.031·x₁ + 0.7369·𝟙[x₃>1]·x₃² + 1.024·x₁² + 0.9916·x₁³,target federated MSE reached; no replacement passed the federated certificate
poly3,exception,0.1,300,4,9013,centralized-tree-gp,0.0,0.25,0.25,0.0012729073915909348,0.7331913155113976,0.0,0.0,0.8710815500003264,0,1562,"expr:add(cos(x3),x3);expr:add(square(x1),x1);expr:square(add(sin(x3),square(x3)));x1^3",-0.1616 + 0.3074*(cos(x3)+x3) + 1.024*((x1)^2+x1) + 1.007*((x1)^2*x1) + 0.09081*((sin(x3)+(x3)^2))^2,generation budget reached
poly3,exception,0.1,300,4,9013,federated-tree-gp-style,0.0,0.25,0.25,0.0012729073915909424,0.7331913155113975,0.0,0.0,1.1381424300002436,602048,1562,"expr:add(cos(x3),x3);expr:add(square(x1),x1);expr:square(add(sin(x3),square(x3)));x1^3",-0.1616 + 0.3074*(cos(x3)+x3) + 1.024*((x1)^2+x1) + 1.007*((x1)^2*x1) + 0.09081*((sin(x3)+(x3)^2))^2,generation budget reached
poly3,exception,0.1,300,4,9013,centralized-residual-counterexample-gp,0.0,0.5,0.5,7.445716624151259e-05,0.6073996096951209,0.0,1.0,0.949017516999902,0,1594,"I(x3>1)*x3^2;expr:add(sin(x1),square(x1));expr:add(square(x1),x1);x1^3",-0.065 - 0.3881*(sin(x1)+(x1)^2) + 1.411*((x1)^2+x1) + 0.7367*I(x3>1)*((x3)^2) + 0.9451*((x1)^2*x1),generation budget reached
poly3,exception,0.1,300,4,9014,fedfalsify-v05,0.0,0.5,0.5,0.004186159475901295,0.8369960746832481,0.0,1.0,0.9392442129997107,948503,6,I(x3>1)*x3^2;cos(x1);sin(x1);x1^3,2.975 + 1.04·sin(x₁) + 0.7751·𝟙[x₃>1]·x₃² - 3.329·cos(x₁) + 1.135·x₁³,target federated MSE reached; no replacement passed the federated certificate
poly3,exception,0.1,300,4,9014,centralized-tree-gp,0.0,0.25,0.25,0.0024201540027156765,1.0463597950569146,0.0,0.0,0.9295691030001763,0,1615,"expr:add(sin(x1),x3);expr:sin(add(cos(x1),cos(x3)));expr:square(mul(x1,x1));x1^3",2.825 + 0.7426*(sin(x1)+x3) + 1.125*((x1)^2*x1) - 2.11*sin((cos(x1)+cos(x3))) + 0.08296*((x1*x1))^2,generation budget reached
poly3,exception,0.1,300,4,9014,federated-tree-gp-style,0.0,0.25,0.25,0.0024201540027156705,1.0463597950569146,0.0,0.0,1.2622886310000467,667392,1615,"expr:add(sin(x1),x3);expr:sin(add(cos(x1),cos(x3)));expr:square(mul(x1,x1));x1^3",2.825 + 0.7426*(sin(x1)+x3) + 1.125*((x1)^2*x1) - 2.11*sin((cos(x1)+cos(x3))) + 0.08296*((x1*x1))^2,generation budget reached
poly3,exception,0.1,300,4,9014,centralized-residual-counterexample-gp,0.0,0.25,0.25,0.004714685587866073,1.2677520815018386,0.0,0.0,0.9852105569998457,0,1600,"cos(x3);expr:add(square(x1),x3);expr:square(add(square(x1),x1));x1^3",1.205 + 0.7647*((x1)^2+x3) - 1.25*cos(x3) + 1.131*((x1)^2*x1) + 0.02574*(((x1)^2+x1))^2,generation budget reached
poly3,exception,0.1,300,4,9015,fedfalsify-v05,1.0,1.0,1.0,6.203079134966352e-05,0.7632974122970396,0.0,1.0,1.6099554860002172,1314227,7,I(x3>1)*x3^2;x1;x1^2;x1^3,-0.003816 + 0.9393·x₁ + 0.7526·𝟙[x₃>1]·x₃² + 1.008·x₁³ + 1.021·x₁²,target federated MSE reached; no replacement passed the federated certificate
poly3,exception,0.1,300,4,9015,centralized-tree-gp,0.0,0.25,0.25,0.006265700654868615,1.264012617304299,1.0,0.0,1.4980235359998915,0,1635,"expr:add(square(x1),x1);expr:sin(add(cos(x4),x3));expr:square(add(sin(x2),square(x3)));x1^3",-0.1202 + 1.044*((x1)^2+x1) + 1.017*((x1)^2*x1) + 0.7272*sin((cos(x4)+x3)) + 0.08659*((sin(x2)+(x3)^2))^2,generation budget reached
poly3,exception,0.1,300,4,9015,federated-tree-gp-style,0.0,0.25,0.25,0.006265700654868604,1.264012617304299,1.0,0.0,2.0492995260001408,675072,1635,"expr:add(square(x1),x1);expr:sin(add(cos(x4),x3));expr:square(add(sin(x2),square(x3)));x1^3",-0.1202 + 1.044*((x1)^2+x1) + 1.017*((x1)^2*x1) + 0.7272*sin((cos(x4)+x3)) + 0.08659*((sin(x2)+(x3)^2))^2,generation budget reached
poly3,exception,0.1,300,4,9015,centralized-residual-counterexample-gp,0.0,0.25,0.25,0.006018953429087606,1.565731110067525,1.0,0.0,1.095969703999799,0,1585,"expr:add(cos(x4),x1);expr:add(square(x1),x3);expr:square(add(sin(x3),square(x1)));x1^3",0.4858 + 0.6662*(cos(x4)+x1) + 0.7649*((x1)^2+x3) + 1.06*((x1)^2*x1) + 0.02785*((sin(x3)+(x1)^2))^2,generation budget reached
nested_sine,complementary,0.03,300,4,9011,fedfalsify-v05,1.0,1.0,1.0,4.3763026979584273e-07,0.0007331511299371567,0.0,1.0,0.2830299960000957,210631,4,sin(x1);sin(x1+x1^2),-0.0005178 + 0.9996·sin(x₁) + 0.9999·sin(x₁+x₁²),target federated MSE reached; no replacement passed the federated certificate
nested_sine,complementary,0.03,300,4,9011,centralized-tree-gp,0.0,0.0,0.0,0.15699760020420164,0.06719340116160374,0.0,1.0,0.9172047350002686,0,1569,"expr:mul(cos(x1),sin(x1));expr:sin(add(sin(x1),sin(x1)));expr:sin(add(sin(x1),x1));expr:square(mul(cos(x1),square(x1)))",0.246 + 10.83*(cos(x1)*sin(x1)) + 7.177*sin((sin(x1)+sin(x1))) - 11.32*sin((sin(x1)+x1)) - 0.01954*((cos(x1)*(x1)^2))^2,generation budget reached
nested_sine,complementary,0.03,300,4,9011,federated-tree-gp-style,0.0,0.0,0.0,0.1569976002042606,0.06719340116160372,0.0,1.0,1.214452706999964,594176,1569,"expr:mul(cos(x1),sin(x1));expr:sin(add(sin(x1),sin(x1)));expr:sin(add(sin(x1),x1));expr:square(mul(cos(x1),square(x1)))",0.246 + 10.83*(cos(x1)*sin(x1)) + 7.177*sin((sin(x1)+sin(x1))) - 11.32*sin((sin(x1)+x1)) - 0.01954*((cos(x1)*(x1)^2))^2,generation budget reached
nested_sine,complementary,0.03,300,4,9011,centralized-residual-counterexample-gp,0.0,0.0,0.0,0.16907900336121803,0.08012063555221625,0.0,1.0,1.0189523509998253,0,1562,"expr:mul(cos(x1),sin(x1));expr:sin(add(sin(x1),sin(x1)));expr:sin(add(sin(x1),x1));expr:square(add(cos(x1),square(x1)))",0.2994 + 10.51*(cos(x1)*sin(x1)) + 6.957*sin((sin(x1)+sin(x1))) - 10.95*sin((sin(x1)+x1)) - 0.01818*((cos(x1)+(x1)^2))^2,generation budget reached
nested_sine,complementary,0.03,300,4,9012,fedfalsify-v05,1.0,1.0,1.0,1.5532484426488128e-06,0.0006666031365795706,0.0,1.0,0.4842863810004019,567477,4,sin(x1);sin(x1+x1^2),0.0007622 + 0.9999·sin(x₁+x₁²) + 0.9988·sin(x₁),target federated MSE reached; no replacement passed the federated certificate
nested_sine,complementary,0.03,300,4,9012,centralized-tree-gp,0.0,0.25,0.5,0.17985522196639023,0.10852466120746421,1.0,1.0,0.8449644239999543,0,1502,"expr:sin(add(sin(x1),sin(x1)));expr:sin(add(sin(x1),x1));expr:square(add(square(x1),x4));sin(x1)",0.2758 + 1.647*sin((sin(x1)+sin(x1))) + 0.5388*sin((sin(x1)+x1)) - 1.334*sin(x1) - 0.009511*(((x1)^2+x4))^2,generation budget reached
nested_sine,complementary,0.03,300,4,9012,federated-tree-gp-style,0.0,0.25,0.5,0.17985522196639134,0.10852466120746421,1.0,1.0,1.0771322640002836,532544,1502,"expr:sin(add(sin(x1),sin(x1)));expr:sin(add(sin(x1),x1));expr:square(add(square(x1),x4));sin(x1)",0.2758 + 1.647*sin((sin(x1)+sin(x1))) + 0.5388*sin((sin(x1)+x1)) - 1.334*sin(x1) - 0.009511*(((x1)^2+x4))^2,generation budget reached
nested_sine,complementary,0.03,300,4,9012,centralized-residual-counterexample-gp,0.0,0.25,0.5,0.008851190529238537,0.008130230413363422,0.0,1.0,0.9108417859997644,0,1525,"expr:sin(add(sin(x1),sin(x1)));expr:sin(add(sin(x1),x1));expr:sin(mul(cos(x1),sin(x1)));sin(x1+x1^2)",0.01348 - 1.553*sin((sin(x1)+sin(x1))) + 4.259*sin((sin(x1)+x1)) + 0.9175*sin(((x1)^2+x1)) - 4.001*sin((cos(x1)*sin(x1))),generation budget reached
nested_sine,complementary,0.03,300,4,9013,fedfalsify-v05,1.0,1.0,1.0,2.0413576530063e-06,0.0006892010416156102,0.0,1.0,0.23988897699973677,210373,4,sin(x1);sin(x1+x1^2),-0.001262 + 1·sin(x₁) + 0.9997·sin(x₁+x₁²),target federated MSE reached; no replacement passed the federated certificate
nested_sine,complementary,0.03,300,4,9013,centralized-tree-gp,1.0,1.0,1.0,2.0413576530073553e-06,0.0006892010416156104,0.0,1.0,0.7729814859999351,0,1476,sin(x1);sin(x1+x1^2),-0.001262 + 0.9997*sin(((x1)^2+x1)) + 1*sin(x1),generation budget reached
nested_sine,complementary,0.03,300,4,9013,federated-tree-gp-style,1.0,1.0,1.0,2.041357653006372e-06,0.0006892010416156106,0.0,1.0,0.9637742240001899,494272,1476,sin(x1);sin(x1+x1^2),-0.001262 + 0.9997*sin(((x1)^2+x1)) + 1*sin(x1),generation budget reached
nested_sine,complementary,0.03,300,4,9013,centralized-residual-counterexample-gp,1.0,1.0,1.0,2.0413576530073553e-06,0.0006892010416156104,0.0,1.0,0.9897984829999587,0,1476,sin(x1);sin(x1+x1^2),-0.001262 + 0.9997*sin(((x1)^2+x1)) + 1*sin(x1),generation budget reached
nested_sine,complementary,0.03,300,4,9014,fedfalsify-v05,1.0,1.0,1.0,4.2664139261217033e-07,0.0006820048020681603,0.0,1.0,0.346066700999927,210521,4,sin(x1);sin(x1+x1^2),0.0005351 + 1·sin(x₁+x₁²) + 1·sin(x₁),target federated MSE reached; no replacement passed the federated certificate
nested_sine,complementary,0.03,300,4,9014,centralized-tree-gp,0.0,0.0,0.0,0.2438538916975885,0.08788836116503956,0.0,1.0,1.4081559420001213,0,1542,"expr:sin(add(sin(x1),sin(x1)));expr:sin(add(sin(x1),x1));expr:sin(mul(cos(x1),sin(x1)));x1",0.1874 + 9.181*sin((sin(x1)+sin(x1))) - 13.18*sin((sin(x1)+x1)) + 11.83*sin((cos(x1)*sin(x1))) - 0.5745*x1,generation budget reached
nested_sine,complementary,0.03,300,4,9014,federated-tree-gp-style,0.0,0.0,0.0,0.24385389169757785,0.08788836116503955,0.0,1.0,1.8627075610002066,595904,1542,"expr:sin(add(sin(x1),sin(x1)));expr:sin(add(sin(x1),x1));expr:sin(mul(cos(x1),sin(x1)));x1",0.1874 + 9.181*sin((sin(x1)+sin(x1))) - 13.18*sin((sin(x1)+x1)) + 11.83*sin((cos(x1)*sin(x1))) - 0.5745*x1,generation budget reached
nested_sine,complementary,0.03,300,4,9014,centralized-residual-counterexample-gp,0.0,0.0,0.0,0.23925881090732928,0.12808430197517282,1.0,1.0,1.1144923500000914,0,1513,"expr:mul(sin(x1),square(x1));expr:sin(add(sin(x1),sin(x1)));expr:square(add(sin(x4),square(x1)))",0.2572 - 0.1892*(sin(x1)*(x1)^2) + 1.242*sin((sin(x1)+sin(x1))) - 0.009329*((sin(x4)+(x1)^2))^2,generation budget reached
nested_sine,complementary,0.03,300,4,9015,fedfalsify-v05,1.0,1.0,1.0,5.507696216836452e-06,0.0007211825927422688,0.0,1.0,0.24920697500010647,210386,4,sin(x1);sin(x1+x1^2),0.001475 + 0.998·sin(x₁) + 0.9984·sin(x₁+x₁²),target federated MSE reached; no replacement passed the federated certificate
nested_sine,complementary,0.03,300,4,9015,centralized-tree-gp,1.0,1.0,1.0,5.507696216836642e-06,0.0007211825927422689,0.0,1.0,0.8280027629998585,0,1509,sin(x1);sin(x1+x1^2),0.001475 + 0.9984*sin(((x1)^2+x1)) + 0.998*sin(x1),generation budget reached
nested_sine,complementary,0.03,300,4,9015,federated-tree-gp-style,1.0,1.0,1.0,5.50769621683638e-06,0.000721182592742269,0.0,1.0,1.04944535300001,531456,1509,sin(x1);sin(x1+x1^2),0.001475 + 0.9984*sin(((x1)^2+x1)) + 0.998*sin(x1),generation budget reached
nested_sine,complementary,0.03,300,4,9015,centralized-residual-counterexample-gp,1.0,1.0,1.0,5.507696216836642e-06,0.0007211825927422689,0.0,1.0,0.9169435279995923,0,1572,sin(x1);sin(x1+x1^2),0.001475 + 0.9984*sin(((x1)^2+x1)) + 0.998*sin(x1),generation budget reached
nested_sine,complementary,0.1,300,4,9011,fedfalsify-v05,1.0,1.0,1.0,4.862558498147347e-06,0.008146123665968409,0.0,1.0,0.2533826760000011,209982,4,sin(x1);sin(x1+x1^2),-0.001726 + 0.9986·sin(x₁) + 0.9997·sin(x₁+x₁²),target federated MSE reached; no replacement passed the federated certificate
nested_sine,complementary,0.1,300,4,9011,centralized-tree-gp,1.0,1.0,1.0,4.862558498146561e-06,0.008146123665968409,0.0,1.0,0.7741609319996314,0,1487,sin(x1);sin(x1+x1^2),-0.001726 + 0.9997*sin(((x1)^2+x1)) + 0.9986*sin(x1),generation budget reached
nested_sine,complementary,0.1,300,4,9011,federated-tree-gp-style,1.0,1.0,1.0,4.862558498147437e-06,0.008146123665968409,0.0,1.0,0.9942552640000031,500096,1487,sin(x1);sin(x1+x1^2),-0.001726 + 0.9997*sin(((x1)^2+x1)) + 0.9986*sin(x1),generation budget reached
nested_sine,complementary,0.1,300,4,9011,centralized-residual-counterexample-gp,1.0,1.0,1.0,4.862558498146561e-06,0.008146123665968409,0.0,1.0,0.820726747000208,0,1486,sin(x1);sin(x1+x1^2),-0.001726 + 0.9997*sin(((x1)^2+x1)) + 0.9986*sin(x1),generation budget reached
nested_sine,complementary,0.1,300,4,9012,fedfalsify-v05,1.0,1.0,1.0,1.725831579587828e-05,0.007406701517550784,0.0,1.0,0.49752211699978943,566929,4,sin(x1);sin(x1+x1^2),0.002541 + 0.9995·sin(x₁+x₁²) + 0.996·sin(x₁),target federated MSE reached; no replacement passed the federated certificate
nested_sine,complementary,0.1,300,4,9012,centralized-tree-gp,0.0,0.0,0.0,0.1609930119991659,0.09535485295035839,1.0,1.0,0.8797330099996543,0,1532,"expr:sin(add(sin(x1),sin(x1)));expr:sin(add(sin(x1),x1));expr:sin(mul(cos(x1),sin(x1)));expr:square(add(sin(x4),square(x1)))",0.2893 + 7.149*sin((sin(x1)+sin(x1))) - 11.22*sin((sin(x1)+x1)) + 11.03*sin((cos(x1)*sin(x1))) - 0.01174*((sin(x4)+(x1)^2))^2,generation budget reached
nested_sine,complementary,0.1,300,4,9012,federated-tree-gp-style,0.0,0.0,0.0,0.16099301199912094,0.09535485295035839,1.0,1.0,1.1380783589997918,551296,1532,"expr:sin(add(sin(x1),sin(x1)));expr:sin(add(sin(x1),x1));expr:sin(mul(cos(x1),sin(x1)));expr:square(add(sin(x4),square(x1)))",0.2893 + 7.149*sin((sin(x1)+sin(x1))) - 11.22*sin((sin(x1)+x1)) + 11.03*sin((cos(x1)*sin(x1))) - 0.01174*((sin(x4)+(x1)^2))^2,generation budget reached
nested_sine,complementary,0.1,300,4,9012,centralized-residual-counterexample-gp,0.0,0.0,0.0,0.1609930119991659,0.09535485295035839,1.0,1.0,0.8846270539997931,0,1510,"expr:sin(add(sin(x1),sin(x1)));expr:sin(add(sin(x1),x1));expr:sin(mul(cos(x1),sin(x1)));expr:square(add(sin(x4),square(x1)))",0.2893 + 7.149*sin((sin(x1)+sin(x1))) - 11.22*sin((sin(x1)+x1)) + 11.03*sin((cos(x1)*sin(x1))) - 0.01174*((sin(x4)+(x1)^2))^2,generation budget reached
nested_sine,complementary,0.1,300,4,9013,fedfalsify-v05,1.0,1.0,1.0,2.268175170114555e-05,0.007657789351284562,0.0,1.0,0.32144705500013515,209751,4,sin(x1);sin(x1+x1^2),-0.004206 + 1·sin(x₁) + 0.999·sin(x₁+x₁²),target federated MSE reached; no replacement passed the federated certificate
nested_sine,complementary,0.1,300,4,9013,centralized-tree-gp,1.0,1.0,1.0,2.26817517011472e-05,0.007657789351284562,0.0,1.0,1.3325096339999618,0,1520,sin(x1);sin(x1+x1^2),-0.004206 + 0.999*sin(((x1)^2+x1)) + 1*sin(x1),generation budget reached
nested_sine,complementary,0.1,300,4,9013,federated-tree-gp-style,1.0,1.0,1.0,2.26817517011453e-05,0.007657789351284562,0.0,1.0,1.7207368240001415,541824,1520,sin(x1);sin(x1+x1^2),-0.004206 + 0.999*sin(((x1)^2+x1)) + 1*sin(x1),generation budget reached
nested_sine,complementary,0.1,300,4,9013,centralized-residual-counterexample-gp,1.0,1.0,1.0,2.26817517011472e-05,0.007657789351284562,0.0,1.0,1.4454689159997542,0,1531,sin(x1);sin(x1+x1^2),-0.004206 + 0.999*sin(((x1)^2+x1)) + 1*sin(x1),generation budget reached
nested_sine,complementary,0.1,300,4,9014,fedfalsify-v05,1.0,1.0,1.0,4.740459988413636e-06,0.00757783113409067,0.0,1.0,0.33813697200002935,209842,4,sin(x1);sin(x1+x1^2),0.001784 + 1.001·sin(x₁+x₁²) + 1.001·sin(x₁),target federated MSE reached; no replacement passed the federated certificate
nested_sine,complementary,0.1,300,4,9014,centralized-tree-gp,0.0,0.0,0.0,0.18017885613946902,0.11836032697087688,0.0,1.0,0.9398889079998298,0,1546,"expr:add(sin(x1),sin(x1));expr:sin(add(sin(x1),sin(x1)));expr:square(add(cos(x2),square(x1)));expr:square(add(square(x1),x1))",0.2497 - 0.7686*(sin(x1)+sin(x1)) + 2.284*sin((sin(x1)+sin(x1))) + 0.004908*((cos(x2)+(x1)^2))^2 - 0.01208*(((x1)^2+x1))^2,generation budget reached
nested_sine,complementary,0.1,300,4,9014,federated-tree-gp-style,0.0,0.0,0.0,0.1801788561394709,0.11836032697087688,0.0,1.0,1.1479499269998996,578240,1546,"expr:add(sin(x1),sin(x1));expr:sin(add(sin(x1),sin(x1)));expr:square(add(cos(x2),square(x1)));expr:square(add(square(x1),x1))",0.2497 - 0.7686*(sin(x1)+sin(x1)) + 2.284*sin((sin(x1)+sin(x1))) + 0.004908*((cos(x2)+(x1)^2))^2 - 0.01208*(((x1)^2+x1))^2,generation budget reached
nested_sine,complementary,0.1,300,4,9014,centralized-residual-counterexample-gp,0.0,0.0,0.0,0.1799359006799554,0.11537693204788,1.0,1.0,0.903250584000034,0,1511,"expr:add(sin(x1),sin(x1));expr:sin(add(sin(x1),sin(x1)));expr:sin(add(sin(x1),x1));expr:square(add(cos(x4),square(x1)))",0.2583 - 0.6544*(sin(x1)+sin(x1)) + 1.64*sin((sin(x1)+sin(x1))) + 0.4948*sin((sin(x1)+x1)) - 0.007749*((cos(x4)+(x1)^2))^2,generation budget reached
nested_sine,complementary,0.1,300,4,9015,fedfalsify-v05,1.0,1.0,1.0,6.119662396732382e-05,0.008013139919358547,0.0,1.0,0.2580726190003588,209783,4,sin(x1);sin(x1+x1^2),0.004917 + 0.9932·sin(x₁) + 0.9947·sin(x₁+x₁²),target federated MSE reached; no replacement passed the federated certificate
nested_sine,complementary,0.1,300,4,9015,centralized-tree-gp,0.0,0.0,0.0,0.33716710264606936,0.14891221082060047,0.0,1.0,0.7828983459999108,0,1473,"expr:sin(add(sin(x1),sin(x1)));expr:square(mul(cos(x3),square(x1)));x1",0.2517 + 1.385*sin((sin(x1)+sin(x1))) - 0.01035*((cos(x3)*(x1)^2))^2 - 0.3452*x1,generation budget reached
nested_sine,complementary,0.1,300,4,9015,federated-tree-gp-style,0.0,0.0,0.0,0.33716710264606947,0.14891221082060047,0.0,1.0,1.0111060620001808,482432,1473,"expr:sin(add(sin(x1),sin(x1)));expr:square(mul(cos(x3),square(x1)));x1",0.2517 + 1.385*sin((sin(x1)+sin(x1))) - 0.01035*((cos(x3)*(x1)^2))^2 - 0.3452*x1,generation budget reached
nested_sine,complementary,0.1,300,4,9015,centralized-residual-counterexample-gp,0.0,0.0,0.0,0.3526358799084121,0.15930294310667695,0.0,1.0,0.7537470789998224,0,1461,"expr:sin(add(sin(x1),x1));expr:sin(mul(cos(x1),x1))",0.2067 + 1.327*sin((sin(x1)+x1)) - 0.406*sin((cos(x1)*x1)),generation budget reached
nested_sine,spurious,0.03,300,4,9011,fedfalsify-v05,1.0,1.0,1.0,1.188081854393735e-06,0.0006907169216477651,0.0,1.0,0.2582745139998224,210428,4,sin(x1);sin(x1+x1^2),-0.0008866 + 1·sin(x₁) + 1.001·sin(x₁+x₁²),target federated MSE reached; no replacement passed the federated certificate
nested_sine,spurious,0.03,300,4,9011,centralized-tree-gp,1.0,1.0,1.0,1.1880818543940477e-06,0.0006907169216477652,0.0,1.0,0.8448355479999918,0,1552,sin(x1);sin(x1+x1^2),-0.0008866 + 1.001*sin(((x1)^2+x1)) + 1*sin(x1),generation budget reached
nested_sine,spurious,0.03,300,4,9011,federated-tree-gp-style,1.0,1.0,1.0,1.1880818543936782e-06,0.0006907169216477651,0.0,1.0,1.0789044200000717,588416,1552,sin(x1);sin(x1+x1^2),-0.0008866 + 1.001*sin(((x1)^2+x1)) + 1*sin(x1),generation budget reached
nested_sine,spurious,0.03,300,4,9011,centralized-residual-counterexample-gp,1.0,1.0,1.0,1.1880818543940477e-06,0.0006907169216477652,0.0,1.0,0.9013765709996733,0,1552,sin(x1);sin(x1+x1^2),-0.0008866 + 1.001*sin(((x1)^2+x1)) + 1*sin(x1),generation budget reached
nested_sine,spurious,0.03,300,4,9012,fedfalsify-v05,1.0,1.0,1.0,6.336306845607538e-06,0.0006599460953422337,0.0,1.0,0.26095548200009944,210332,4,sin(x1);sin(x1+x1^2),0.001589 + 1·sin(x₁) + 0.997·sin(x₁+x₁²),target federated MSE reached; no replacement passed the federated certificate
nested_sine,spurious,0.03,300,4,9012,centralized-tree-gp,0.0,0.25,0.5,4.4808706716464126e-05,0.0006878730927766628,0.0,1.0,1.059523879000153,0,1595,"expr:add(cos(x3),sin(x1));expr:mul(square(x3),square(x3));expr:square(add(x3,x3));sin(x1+x1^2)",-0.9925 + 1*(cos(x3)+sin(x1)) - 0.03164*((x3)^2*(x3)^2) + 0.997*sin(((x1)^2+x1)) + 0.1202*((x3+x3))^2,generation budget reached
nested_sine,spurious,0.03,300,4,9012,federated-tree-gp-style,0.0,0.25,0.5,4.4808706716457424e-05,0.0006878730927766627,0.0,1.0,1.9871324589998949,609600,1595,"expr:add(cos(x3),sin(x1));expr:mul(square(x3),square(x3));expr:square(add(x3,x3));sin(x1+x1^2)",-0.9925 + 1*(cos(x3)+sin(x1)) - 0.03164*((x3)^2*(x3)^2) + 0.997*sin(((x1)^2+x1)) + 0.1202*((x3+x3))^2,generation budget reached
nested_sine,spurious,0.03,300,4,9012,centralized-residual-counterexample-gp,0.0,0.25,0.5,0.015113991885165823,0.011054831750750917,1.0,1.0,1.4832137399998828,0,1529,"expr:add(sin(x1),sin(x4));expr:sin(add(sin(x1),sin(x1)));expr:square(add(sin(x1),square(x1)));sin(x1+x1^2)",0.06074 + 0.01851*(sin(x1)+sin(x4)) + 0.8429*sin((sin(x1)+sin(x1))) + 0.7696*sin(((x1)^2+x1)) - 0.002478*((sin(x1)+(x1)^2))^2,generation budget reached
nested_sine,spurious,0.03,300,4,9013,fedfalsify-v05,1.0,1.0,1.0,3.985275032791555e-06,0.0007086599483831226,0.0,1.0,0.3839301899997736,210362,4,sin(x1);sin(x1+x1^2),-0.001671 + 0.9998·sin(x₁+x₁²) + 0.999·sin(x₁),target federated MSE reached; no replacement passed the federated certificate
nested_sine,spurious,0.03,300,4,9013,centralized-tree-gp,0.0,0.0,0.0,0.35539384344536135,0.14875863656440227,1.0,1.0,1.0317667260001144,0,1489,"expr:add(sin(x1),x1);expr:sin(add(sin(x1),sin(x1)));x4",0.1899 - 0.3672*(sin(x1)+x1) + 1.703*sin((sin(x1)+sin(x1))) + 0.04261*x4,generation budget reached
nested_sine,spurious,0.03,300,4,9013,federated-tree-gp-style,0.0,0.0,0.0,0.35539384344536135,0.14875863656440227,1.0,1.0,0.9963333340001554,494272,1489,"expr:add(sin(x1),x1);expr:sin(add(sin(x1),sin(x1)));x4",0.1899 - 0.3672*(sin(x1)+x1) + 1.703*sin((sin(x1)+sin(x1))) + 0.04261*x4,generation budget reached
nested_sine,spurious,0.03,300,4,9013,centralized-residual-counterexample-gp,0.0,0.0,0.0,0.23205615400163498,0.1387983007807106,0.0,1.0,0.7466570059996229,0,1460,"expr:mul(cos(x1),x1);expr:sin(add(sin(x1),x1));expr:square(mul(cos(x1),x1))",0.2627 - 0.2848*(cos(x1)*x1) + 1.265*sin((sin(x1)+x1)) - 0.1261*((cos(x1)*x1))^2,generation budget reached
nested_sine,spurious,0.03,300,4,9014,fedfalsify-v05,1.0,1.0,1.0,1.029382988225302e-06,0.0007696245711240079,0.0,1.0,0.2617764809997425,210433,4,sin(x1);sin(x1+x1^2),-0.0006172 + 1·sin(x₁) + 1.001·sin(x₁+x₁²),target federated MSE reached; no replacement passed the federated certificate
nested_sine,spurious,0.03,300,4,9014,centralized-tree-gp,0.0,0.25,0.5,0.011432453441299752,0.010653711737411546,1.0,1.0,0.9372624889997496,0,1571,"expr:mul(square(x1),square(x4));expr:sin(add(sin(x1),sin(x1)));expr:square(add(square(x1),x1));sin(x1+x1^2)",0.06173 + 0.001924*((x1)^2*(x4)^2) + 0.8723*sin((sin(x1)+sin(x1))) + 0.7779*sin(((x1)^2+x1)) - 0.002488*(((x1)^2+x1))^2,generation budget reached
nested_sine,spurious,0.03,300,4,9014,federated-tree-gp-style,0.0,0.25,0.5,0.011432453441299764,0.010653711737411548,1.0,1.0,1.2087809180002296,632448,1571,"expr:mul(square(x1),square(x4));expr:sin(add(sin(x1),sin(x1)));expr:square(add(square(x1),x1));sin(x1+x1^2)",0.06173 + 0.001924*((x1)^2*(x4)^2) + 0.8723*sin((sin(x1)+sin(x1))) + 0.7779*sin(((x1)^2+x1)) - 0.002488*(((x1)^2+x1))^2,generation budget reached
nested_sine,spurious,0.03,300,4,9014,centralized-residual-counterexample-gp,0.0,0.3333333333333333,0.5,0.017757570210696325,0.011553569528289976,0.0,1.0,0.8587851399997817,0,1492,"expr:sin(add(sin(x1),sin(x1)));expr:square(add(square(x1),x2));sin(x1+x1^2)",0.05989 + 0.8559*sin((sin(x1)+sin(x1))) + 0.79*sin(((x1)^2+x1)) - 0.002512*(((x1)^2+x2))^2,generation budget reached
nested_sine,spurious,0.03,300,4,9015,fedfalsify-v05,1.0,1.0,1.0,2.5496471347371387e-06,0.000755405810670347,0.0,1.0,0.25901170399993134,210287,4,sin(x1);sin(x1+x1^2),0.0006831 + 0.9998·sin(x₁) + 1.002·sin(x₁+x₁²),target federated MSE reached; no replacement passed the federated certificate
nested_sine,spurious,0.03,300,4,9015,centralized-tree-gp,0.0,0.0,0.0,0.24209649734680597,0.1420337008386827,0.0,1.0,0.7503836549999505,0,1463,"expr:sin(add(sin(x1),sin(x1)));expr:sin(mul(cos(x1),sin(x1)));expr:square(mul(x1,x1))",0.2856 + 0.8286*sin((sin(x1)+sin(x1))) + 0.6381*sin((cos(x1)*sin(x1))) - 0.009828*((x1*x1))^2,generation budget reached
nested_sine,spurious,0.03,300,4,9015,federated-tree-gp-style,0.0,0.0,0.0,0.24209649734680602,0.1420337008386827,0.0,1.0,0.9741618120001476,469440,1463,"expr:sin(add(sin(x1),sin(x1)));expr:sin(mul(cos(x1),sin(x1)));expr:square(mul(x1,x1))",0.2856 + 0.8286*sin((sin(x1)+sin(x1))) + 0.6381*sin((cos(x1)*sin(x1))) - 0.009828*((x1*x1))^2,generation budget reached
nested_sine,spurious,0.03,300,4,9015,centralized-residual-counterexample-gp,0.0,0.0,0.0,0.24209649734680597,0.1420337008386827,0.0,1.0,0.8145986240001548,0,1467,"expr:sin(add(sin(x1),sin(x1)));expr:sin(mul(cos(x1),sin(x1)));expr:square(mul(x1,x1))",0.2856 + 0.8286*sin((sin(x1)+sin(x1))) + 0.6381*sin((cos(x1)*sin(x1))) - 0.009828*((x1*x1))^2,generation budget reached
nested_sine,spurious,0.1,300,4,9011,fedfalsify-v05,1.0,1.0,1.0,1.3200909716332422e-05,0.007674632462752949,0.0,1.0,0.24462830599986773,209907,4,sin(x1);sin(x1+x1^2),-0.002955 + 1·sin(x₁) + 1.003·sin(x₁+x₁²),target federated MSE reached; no replacement passed the federated certificate
nested_sine,spurious,0.1,300,4,9011,centralized-tree-gp,1.0,1.0,1.0,1.3200909716330185e-05,0.007674632462752949,0.0,1.0,0.7976389359996574,0,1519,sin(x1);sin(x1+x1^2),-0.002955 + 1.003*sin(((x1)^2+x1)) + 1*sin(x1),generation budget reached
nested_sine,spurious,0.1,300,4,9011,federated-tree-gp-style,1.0,1.0,1.0,1.3200909716332296e-05,0.007674632462752949,0.0,1.0,1.2721536760000163,540416,1519,sin(x1);sin(x1+x1^2),-0.002955 + 1.003*sin(((x1)^2+x1)) + 1*sin(x1),generation budget reached
nested_sine,spurious,0.1,300,4,9011,centralized-residual-counterexample-gp,1.0,1.0,1.0,1.3200909716330185e-05,0.007674632462752949,0.0,1.0,1.4078452690000631,0,1551,sin(x1);sin(x1+x1^2),-0.002955 + 1.003*sin(((x1)^2+x1)) + 1*sin(x1),generation budget reached
nested_sine,spurious,0.1,300,4,9012,fedfalsify-v05,1.0,1.0,1.0,7.040340874385086e-05,0.007332734392691487,0.0,1.0,0.38245161300028485,209730,4,sin(x1);sin(x1+x1^2),0.005296 + 1·sin(x₁) + 0.99·sin(x₁+x₁²),target federated MSE reached; no replacement passed the federated certificate
nested_sine,spurious,0.1,300,4,9012,centralized-tree-gp,0.0,0.5,0.5,7.040340875210753e-05,0.007332734392691487,0.0,1.0,1.3441203719999066,0,1535,"expr:add(sin(x1),sin(x1));sin(x1+x1^2)",0.005296 + 0.5001*(sin(x1)+sin(x1)) + 0.99*sin(((x1)^2+x1)),generation budget reached
nested_sine,spurious,0.1,300,4,9012,federated-tree-gp-style,0.0,0.5,0.5,7.040340875209921e-05,0.007332734392691487,0.0,1.0,1.5947741300001326,571008,1535,"expr:add(sin(x1),sin(x1));sin(x1+x1^2)",0.005296 + 0.5001*(sin(x1)+sin(x1)) + 0.99*sin(((x1)^2+x1)),generation budget reached
nested_sine,spurious,0.1,300,4,9012,centralized-residual-counterexample-gp,0.0,0.5,0.5,7.040340875210753e-05,0.007332734392691487,0.0,1.0,0.8943270559998382,0,1506,"expr:add(sin(x1),sin(x1));sin(x1+x1^2)",0.005296 + 0.5001*(sin(x1)+sin(x1)) + 0.99*sin(((x1)^2+x1)),generation budget reached
nested_sine,spurious,0.1,300,4,9013,fedfalsify-v05,1.0,1.0,1.0,4.428083357589588e-05,0.007873999426479142,0.0,1.0,0.2892472309999903,209693,4,sin(x1);sin(x1+x1^2),-0.005571 + 0.9995·sin(x₁+x₁²) + 0.9967·sin(x₁),target federated MSE reached; no replacement passed the federated certificate
nested_sine,spurious,0.1,300,4,9013,centralized-tree-gp,0.0,0.0,0.0,0.20533305790451636,0.13089757418945042,1.0,1.0,0.8538177549999091,0,1501,"expr:add(cos(x4),square(x1));expr:add(sin(x1),sin(x1));expr:sin(add(sin(x1),sin(x1)));expr:sin(add(sin(x1),x1))",0.2846 - 0.04579*(cos(x4)+(x1)^2) - 0.6968*(sin(x1)+sin(x1)) + 1.718*sin((sin(x1)+sin(x1))) + 0.4828*sin((sin(x1)+x1)),generation budget reached
nested_sine,spurious,0.1,300,4,9013,federated-tree-gp-style,0.0,0.0,0.0,0.20533305790451598,0.13089757418945042,1.0,1.0,1.0667250669998793,526400,1501,"expr:add(cos(x4),square(x1));expr:add(sin(x1),sin(x1));expr:sin(add(sin(x1),sin(x1)));expr:sin(add(sin(x1),x1))",0.2846 - 0.04579*(cos(x4)+(x1)^2) - 0.6968*(sin(x1)+sin(x1)) + 1.718*sin((sin(x1)+sin(x1))) + 0.4828*sin((sin(x1)+x1)),generation budget reached
nested_sine,spurious,0.1,300,4,9013,centralized-residual-counterexample-gp,0.0,0.0,0.0,0.15972136376748933,0.11720819779312916,0.0,1.0,0.8782591079998383,0,1493,"expr:add(sin(x1),sin(x1));expr:sin(add(sin(x1),sin(x1)));expr:sin(add(sin(x1),x1));expr:square(mul(cos(x1),x1))",0.2379 - 0.7094*(sin(x1)+sin(x1)) + 1.756*sin((sin(x1)+sin(x1))) + 0.4692*sin((sin(x1)+x1)) - 0.1039*((cos(x1)*x1))^2,generation budget reached
nested_sine,spurious,0.1,300,4,9014,fedfalsify-v05,1.0,1.0,1.0,1.1437589033773977e-05,0.00855138412360009,0.0,1.0,0.24983032999989518,209851,4,sin(x1);sin(x1+x1^2),-0.002057 + 1.001·sin(x₁) + 1.004·sin(x₁+x₁²),target federated MSE reached; no replacement passed the federated certificate
nested_sine,spurious,0.1,300,4,9014,centralized-tree-gp,0.0,0.5,0.5,1.1437589037112976e-05,0.00855138412360009,0.0,1.0,0.8135908450003626,0,1527,"expr:add(sin(x1),sin(x1));sin(x1+x1^2)",-0.002057 + 0.5003*(sin(x1)+sin(x1)) + 1.004*sin(((x1)^2+x1)),generation budget reached
nested_sine,spurious,0.1,300,4,9014,federated-tree-gp-style,0.0,0.5,0.5,1.1437589037112393e-05,0.00855138412360009,0.0,1.0,1.020265603000098,547904,1527,"expr:add(sin(x1),sin(x1));sin(x1+x1^2)",-0.002057 + 0.5003*(sin(x1)+sin(x1)) + 1.004*sin(((x1)^2+x1)),generation budget reached
nested_sine,spurious,0.1,300,4,9014,centralized-residual-counterexample-gp,0.0,0.5,1.0,5.706559060644211e-05,0.008517524739074491,0.0,1.0,0.9652187090000552,0,1589,"expr:sin(add(sin(x1),x1));expr:sin(add(x2,x2));sin(x1);sin(x1+x1^2)",-0.0005131 + 0.02063*sin((sin(x1)+x1)) + 0.9958*sin(((x1)^2+x1)) + 0.002535*sin((x2+x2)) + 0.9841*sin(x1),generation budget reached
nested_sine,spurious,0.1,300,4,9015,fedfalsify-v05,1.0,1.0,1.0,2.8329412883951386e-05,0.008393397896337192,0.0,1.0,0.26390563999984806,209651,4,sin(x1);sin(x1+x1^2),0.002277 + 0.9993·sin(x₁) + 1.006·sin(x₁+x₁²),target federated MSE reached; no replacement passed the federated certificate
nested_sine,spurious,0.1,300,4,9015,centralized-tree-gp,0.0,0.0,0.0,0.3539207965798162,0.15185373793850435,0.0,1.0,0.7889053089998015,0,1498,"expr:add(sin(x1),x1);expr:sin(add(sin(x1),sin(x1)))",0.2201 - 0.365*(sin(x1)+x1) + 1.739*sin((sin(x1)+sin(x1))),generation budget reached
nested_sine,spurious,0.1,300,4,9015,federated-tree-gp-style,0.0,0.0,0.0,0.35392079657981573,0.15185373793850435,0.0,1.0,1.009264069999972,506944,1498,"expr:add(sin(x1),x1);expr:sin(add(sin(x1),sin(x1)))",0.2201 - 0.365*(sin(x1)+x1) + 1.739*sin((sin(x1)+sin(x1))),generation budget reached
nested_sine,spurious,0.1,300,4,9015,centralized-residual-counterexample-gp,0.0,0.0,0.0,0.2028853915293447,0.11192243096084752,0.0,1.0,1.1687593370002105,0,1516,"expr:add(sin(x1),x1);expr:cos(mul(cos(x1),square(x1)));expr:sin(add(sin(x1),sin(x1)));expr:square(add(sin(x3),square(x1)))",0.6596 - 0.3293*(sin(x1)+x1) - 0.4354*cos((cos(x1)*(x1)^2)) + 1.66*sin((sin(x1)+sin(x1))) - 0.01479*((sin(x3)+(x1)^2))^2,generation budget reached
nested_sine,exception,0.03,300,4,9011,fedfalsify-v05,1.0,1.0,1.0,1.9001839866549013e-06,0.0022330706272736234,0.0,1.0,0.4830427259998942,248149,5,I(x3>1)*x3^2;sin(x1);sin(x1+x1^2),0.0001038 + 0.7489·𝟙[x₃>1]·x₃² + 0.9998·sin(x₁) + 0.9995·sin(x₁+x₁²),target federated MSE reached; no replacement passed the federated certificate
nested_sine,exception,0.03,300,4,9011,centralized-tree-gp,0.0,0.0,0.0,0.16355705331698156,0.3064798708038567,0.0,0.0,1.3206000440000025,0,1560,"expr:add(cos(x3),sin(x3));expr:add(sin(x1),x3);expr:square(add(square(x3),x3));expr:square(mul(square(x1),x3))",0.988 - 0.8654*(cos(x3)+sin(x3)) + 0.9623*(sin(x1)+x3) + 0.01911*(((x3)^2+x3))^2 - 0.003282*(((x1)^2*x3))^2,generation budget reached
nested_sine,exception,0.03,300,4,9011,federated-tree-gp-style,0.0,0.0,0.0,0.16355705331698167,0.3064798708038567,0.0,0.0,1.7097388530000899,615680,1560,"expr:add(cos(x3),sin(x3));expr:add(sin(x1),x3);expr:square(add(square(x3),x3));expr:square(mul(square(x1),x3))",0.988 - 0.8654*(cos(x3)+sin(x3)) + 0.9623*(sin(x1)+x3) + 0.01911*(((x3)^2+x3))^2 - 0.003282*(((x1)^2*x3))^2,generation budget reached
nested_sine,exception,0.03,300,4,9011,centralized-residual-counterexample-gp,0.0,0.0,0.0,0.18323163186555852,0.2835295430309187,0.0,0.0,1.0146309369997653,0,1587,"expr:add(cos(x3),square(x3));expr:add(sin(x1),x3);expr:mul(sin(x1),square(x1));sin(x3)",-0.3891 + 0.5617*(cos(x3)+(x3)^2) + 1.279*(sin(x1)+x3) - 0.1556*(sin(x1)*(x1)^2) - 1.19*sin(x3),generation budget reached
nested_sine,exception,0.03,300,4,9012,fedfalsify-v05,1.0,1.0,1.0,2.191841343640475e-06,0.0021536709876309513,0.0,1.0,0.6175389219997669,615414,5,I(x3>1)*x3^2;sin(x1);sin(x1+x1^2),0.0009592 + 0.7504·𝟙[x₃>1]·x₃² + 0.9999·sin(x₁+x₁²) + 0.9976·sin(x₁),target federated MSE reached; no replacement passed the federated certificate
nested_sine,exception,0.03,300,4,9012,centralized-tree-gp,0.0,0.6666666666666666,0.6666666666666666,0.07199075790396206,0.08601578407633523,0.0,1.0,0.8149632290001136,0,1563,"I(x3>1)*x3^2;expr:sin(add(sin(x1),x1));sin(x1+x1^2)",0.04941 + 0.7901*I(x3>1)*((x3)^2) + 1.016*sin((sin(x1)+x1)) + 0.5839*sin(((x1)^2+x1)),generation budget reached
nested_sine,exception,0.03,300,4,9012,federated-tree-gp-style,0.0,0.6666666666666666,0.6666666666666666,0.07199075790396214,0.08601578407633524,0.0,1.0,1.0705845279999266,571968,1563,"I(x3>1)*x3^2;expr:sin(add(sin(x1),x1));sin(x1+x1^2)",0.04941 + 0.7901*I(x3>1)*((x3)^2) + 1.016*sin((sin(x1)+x1)) + 0.5839*sin(((x1)^2+x1)),generation budget reached
nested_sine,exception,0.03,300,4,9012,centralized-residual-counterexample-gp,0.0,0.3333333333333333,0.3333333333333333,0.1394057938297135,0.19320278375167235,0.0,1.0,0.8364821270001812,0,1549,"I(x3>1)*x3^2;expr:add(sin(x1),x1);expr:sin(mul(cos(x1),sin(x1)))",0.216 + 0.2919*(sin(x1)+x1) + 0.7394*I(x3>1)*((x3)^2) + 1.351*sin((cos(x1)*sin(x1))),generation budget reached
nested_sine,exception,0.03,300,4,9013,fedfalsify-v05,1.0,1.0,1.0,3.2398825505157606e-06,0.002273872727606933,0.0,1.0,0.33083319399975153,247861,5,I(x3>1)*x3^2;sin(x1);sin(x1+x1^2),-0.001499 + 0.7491·𝟙[x₃>1]·x₃² + 1.001·sin(x₁) + 0.9992·sin(x₁+x₁²),target federated MSE reached; no replacement passed the federated certificate
nested_sine,exception,0.03,300,4,9013,centralized-tree-gp,0.0,0.5,0.3333333333333333,0.1565091559158057,0.29574186442371114,0.0,1.0,0.7720689870002388,0,1528,"I(x3>1)*x3^2;expr:add(sin(x1),sin(x1))",0.2304 + 0.4873*(sin(x1)+sin(x1)) + 0.7229*I(x3>1)*((x3)^2),generation budget reached
nested_sine,exception,0.03,300,4,9013,federated-tree-gp-style,0.0,0.5,0.3333333333333333,0.15650915591580578,0.2957418644237112,0.0,1.0,1.021531553999921,543744,1528,"I(x3>1)*x3^2;expr:add(sin(x1),sin(x1))",0.2304 + 0.4873*(sin(x1)+sin(x1)) + 0.7229*I(x3>1)*((x3)^2),generation budget reached
nested_sine,exception,0.03,300,4,9013,centralized-residual-counterexample-gp,0.0,0.3333333333333333,0.3333333333333333,0.1714146368313972,0.28739335376641423,0.0,1.0,0.8535269770000014,0,1574,"I(x3>1)*x3^2;expr:add(sin(x1),sin(x1));x1",0.2196 + 0.6183*(sin(x1)+sin(x1)) + 0.7389*I(x3>1)*((x3)^2) - 0.1657*x1,generation budget reached
nested_sine,exception,0.03,300,4,9014,fedfalsify-v05,1.0,1.0,1.0,5.557245017912471e-07,0.002126097526256952,0.0,1.0,0.35199824400024227,247923,5,I(x3>1)*x3^2;sin(x1);sin(x1+x1^2),0.0007156 + 0.7503·𝟙[x₃>1]·x₃² + 1.001·sin(x₁+x₁²) + 1·sin(x₁),target federated MSE reached; no replacement passed the federated certificate
nested_sine,exception,0.03,300,4,9014,centralized-tree-gp,0.0,0.5,0.6666666666666666,0.16872291379622403,0.22267647096739723,0.0,1.0,0.7581468280000081,0,1529,"I(x3>1)*x3^2;expr:sin(mul(cos(x1),sin(x1)));sin(x1);x3^2",0.1879 + 0.745*I(x3>1)*((x3)^2) + 0.8534*sin((cos(x1)*sin(x1))) + 0.8279*sin(x1) + 0.002475*(x3)^2,generation budget reached
nested_sine,exception,0.03,300,4,9014,federated-tree-gp-style,0.0,0.5,0.6666666666666666,0.16872291379622406,0.22267647096739718,0.0,1.0,0.9931991970001945,551040,1529,"I(x3>1)*x3^2;expr:sin(mul(cos(x1),sin(x1)));sin(x1);x3^2",0.1879 + 0.745*I(x3>1)*((x3)^2) + 0.8534*sin((cos(x1)*sin(x1))) + 0.8279*sin(x1) + 0.002475*(x3)^2,generation budget reached
nested_sine,exception,0.03,300,4,9014,centralized-residual-counterexample-gp,0.0,1.0,0.6666666666666666,0.16890395253477414,0.2960694933196257,0.0,1.0,0.8104187139997521,0,1523,I(x3>1)*x3^2;sin(x1),0.2178 + 0.7061*I(x3>1)*((x3)^2) + 0.9752*sin(x1),generation budget reached
nested_sine,exception,0.03,300,4,9015,fedfalsify-v05,1.0,1.0,1.0,6.356405368097653e-06,0.0021304903425715966,0.0,1.0,0.5172520920000352,247783,5,I(x3>1)*x3^2;sin(x1);sin(x1+x1^2),0.002242 + 0.7503·𝟙[x₃>1]·x₃² + 0.9964·sin(x₁) + 0.9974·sin(x₁+x₁²),target federated MSE reached; no replacement passed the federated certificate
nested_sine,exception,0.03,300,4,9015,centralized-tree-gp,0.0,0.25,0.3333333333333333,0.17032149253993284,0.1779241201812601,1.0,1.0,1.362983437999901,0,1578,"I(x3>1)*x3^2;expr:add(sin(x1),sin(x3));expr:sin(add(cos(x4),sin(x1)));expr:sin(add(sin(x1),x1))",0.2076 + 0.04205*(sin(x1)+sin(x3)) + 0.7519*I(x3>1)*((x3)^2) - 0.001035*sin((cos(x4)+sin(x1))) + 1.122*sin((sin(x1)+x1)),generation budget reached
nested_sine,exception,0.03,300,4,9015,federated-tree-gp-style,0.0,0.25,0.3333333333333333,0.17032149253993276,0.1779241201812601,1.0,1.0,1.8377375109998866,614976,1578,"I(x3>1)*x3^2;expr:add(sin(x1),sin(x3));expr:sin(add(cos(x4),sin(x1)));expr:sin(add(sin(x1),x1))",0.2076 + 0.04205*(sin(x1)+sin(x3)) + 0.7519*I(x3>1)*((x3)^2) - 0.001035*sin((cos(x4)+sin(x1))) + 1.122*sin((sin(x1)+x1)),generation budget reached
nested_sine,exception,0.03,300,4,9015,centralized-residual-counterexample-gp,0.0,0.25,0.3333333333333333,0.1890190564742025,0.21858092641342425,0.0,1.0,1.3431459850003193,0,1575,"I(x3>1)*x3^2;expr:add(sin(x1),x2);expr:add(sin(x2),x1);expr:sin(mul(cos(x1),sin(x1)))",0.2063 - 0.1855*(sin(x1)+x2) + 0.4859*(sin(x2)+x1) + 0.7487*I(x3>1)*((x3)^2) + 1.677*sin((cos(x1)*sin(x1))),generation budget reached
nested_sine,exception,0.1,300,4,9011,fedfalsify-v05,1.0,1.0,1.0,2.1113155330838784e-05,0.02481189585859583,0.0,1.0,0.3383278999999675,247621,5,I(x3>1)*x3^2;sin(x1);sin(x1+x1^2),0.0003459 + 0.7463·𝟙[x₃>1]·x₃² + 0.9992·sin(x₁) + 0.9982·sin(x₁+x₁²),target federated MSE reached; no replacement passed the federated certificate
nested_sine,exception,0.1,300,4,9011,centralized-tree-gp,0.0,0.25,0.3333333333333333,0.18535312996265127,0.34521419354892763,0.0,0.0,0.8287629860001289,0,1563,"expr:cos(add(cos(x3),cos(x3)));expr:square(add(square(x3),x3));sin(x1);x3",0.2736 + 0.3093*cos((cos(x3)+cos(x3))) + 0.985*sin(x1) + 0.05402*(((x3)^2+x3))^2 + 0.2359*x3,generation budget reached
nested_sine,exception,0.1,300,4,9011,federated-tree-gp-style,0.0,0.25,0.3333333333333333,0.1853531299626513,0.3452141935489277,0.0,0.0,1.0598369950002962,608000,1563,"expr:cos(add(cos(x3),cos(x3)));expr:square(add(square(x3),x3));sin(x1);x3",0.2736 + 0.3093*cos((cos(x3)+cos(x3))) + 0.985*sin(x1) + 0.05402*(((x3)^2+x3))^2 + 0.2359*x3,generation budget reached
nested_sine,exception,0.1,300,4,9011,centralized-residual-counterexample-gp,0.0,0.25,0.3333333333333333,0.14215740861457737,0.21403511101399592,1.0,1.0,0.9521150810001018,0,1571,"I(x3>1)*x3^2;expr:add(cos(x4),x1);expr:cos(add(cos(x1),sin(x1)));expr:mul(sin(x1),square(x1))",1.344 + 0.08084*(cos(x4)+x1) - 2.139*cos((cos(x1)+sin(x1))) + 0.7298*I(x3>1)*((x3)^2) + 0.2577*(sin(x1)*(x1)^2),generation budget reached
nested_sine,exception,0.1,300,4,9012,fedfalsify-v05,1.0,1.0,1.0,2.4353792579850372e-05,0.023929677640343913,0.0,1.0,0.6497739009996621,615041,5,I(x3>1)*x3^2;sin(x1);sin(x1+x1^2),0.003197 + 0.7515·𝟙[x₃>1]·x₃² + 0.9995·sin(x₁+x₁²) + 0.9921·sin(x₁),target federated MSE reached; no replacement passed the federated certificate
nested_sine,exception,0.1,300,4,9012,centralized-tree-gp,0.0,0.0,0.0,0.2385445052736048,0.3666106920499676,0.0,0.0,0.8064746770000966,0,1511,"expr:add(cos(x3),square(x3));expr:add(sin(x1),x3);expr:sin(mul(cos(x1),sin(x1)))",-0.3585 + 0.5766*(cos(x3)+(x3)^2) + 0.7142*(sin(x1)+x3) + 1.011*sin((cos(x1)*sin(x1))),generation budget reached
nested_sine,exception,0.1,300,4,9012,federated-tree-gp-style,0.0,0.0,0.0,0.2385445052736047,0.3666106920499676,0.0,0.0,1.0276794490000611,532992,1511,"expr:add(cos(x3),square(x3));expr:add(sin(x1),x3);expr:sin(mul(cos(x1),sin(x1)))",-0.3585 + 0.5766*(cos(x3)+(x3)^2) + 0.7142*(sin(x1)+x3) + 1.011*sin((cos(x1)*sin(x1))),generation budget reached
nested_sine,exception,0.1,300,4,9012,centralized-residual-counterexample-gp,0.0,0.3333333333333333,0.3333333333333333,0.17254470641174843,0.34419493311772753,0.0,1.0,0.8833917160000055,0,1548,"I(x3>1)*x3^2;expr:add(sin(x1),x1);expr:sin(mul(square(x1),x1))",0.2353 + 0.2791*(sin(x1)+x1) + 0.7125*I(x3>1)*((x3)^2) + 0.5009*sin(((x1)^2*x1)),generation budget reached
nested_sine,exception,0.1,300,4,9013,fedfalsify-v05,1.0,1.0,1.0,3.5998694980629194e-05,0.025265252528965925,0.0,1.0,0.32830513099997916,247236,5,I(x3>1)*x3^2;sin(x1);sin(x1+x1^2),-0.004996 + 0.7472·𝟙[x₃>1]·x₃² + 1.002·sin(x₁) + 0.9975·sin(x₁+x₁²),target federated MSE reached; no replacement passed the federated certificate
nested_sine,exception,0.1,300,4,9013,centralized-tree-gp,0.0,0.25,0.3333333333333333,0.13582453947798728,0.18023225625295392,0.0,1.0,0.832106099000157,0,1526,"I(x3>1)*x3^2;expr:add(sin(x1),sin(x1));expr:mul(cos(x1),sin(x1));expr:mul(cos(x1),x1)",0.2063 + 0.3195*(sin(x1)+sin(x1)) + 0.7351*I(x3>1)*((x3)^2) + 1.99*(cos(x1)*sin(x1)) - 0.5767*(cos(x1)*x1),generation budget reached
nested_sine,exception,0.1,300,4,9013,federated-tree-gp-style,0.0,0.25,0.3333333333333333,0.13582453947798764,0.18023225625295397,0.0,1.0,1.0364294500000142,553408,1526,"I(x3>1)*x3^2;expr:add(sin(x1),sin(x1));expr:mul(cos(x1),sin(x1));expr:mul(cos(x1),x1)",0.2063 + 0.3195*(sin(x1)+sin(x1)) + 0.7351*I(x3>1)*((x3)^2) + 1.99*(cos(x1)*sin(x1)) - 0.5767*(cos(x1)*x1),generation budget reached
nested_sine,exception,0.1,300,4,9013,centralized-residual-counterexample-gp,0.0,0.5,0.3333333333333333,0.15625358213623455,0.31770362469771274,0.0,1.0,0.8137909219999528,0,1497,"I(x3>1)*x3^2;expr:add(sin(x1),sin(x1))",0.2265 + 0.4879*(sin(x1)+sin(x1)) + 0.7209*I(x3>1)*((x3)^2),generation budget reached
nested_sine,exception,0.1,300,4,9014,fedfalsify-v05,1.0,1.0,1.0,6.174716741322108e-06,0.023623305847299478,0.0,1.0,0.47957341299979817,247348,5,I(x3>1)*x3^2;sin(x1);sin(x1+x1^2),0.002385 + 0.7508·𝟙[x₃>1]·x₃² + 1.002·sin(x₁+x₁²) + 1.001·sin(x₁),target federated MSE reached; no replacement passed the federated certificate
nested_sine,exception,0.1,300,4,9014,centralized-tree-gp,0.0,1.0,0.6666666666666666,0.1690295090988067,0.3183941345262134,0.0,1.0,1.2703533509998124,0,1552,I(x3>1)*x3^2;sin(x1),0.2198 + 0.7066*I(x3>1)*((x3)^2) + 0.9757*sin(x1),generation budget reached
nested_sine,exception,0.1,300,4,9014,federated-tree-gp-style,0.0,1.0,0.6666666666666666,0.1690295090988068,0.3183941345262134,0.0,1.0,1.700839558000098,572160,1552,I(x3>1)*x3^2;sin(x1),0.2198 + 0.7066*I(x3>1)*((x3)^2) + 0.9757*sin(x1),generation budget reached
nested_sine,exception,0.1,300,4,9014,centralized-residual-counterexample-gp,0.0,0.25,0.3333333333333333,0.12379624925628427,0.18640846679652023,0.0,1.0,1.4329438079998909,0,1553,"I(x3>1)*x3^2;expr:square(add(cos(x1),sin(x1)));expr:square(mul(cos(x1),cos(x1)));x1",-0.3856 + 0.7239*I(x3>1)*((x3)^2) + 0.7182*((cos(x1)+sin(x1)))^2 - 0.3668*((cos(x1)*cos(x1)))^2 + 0.468*x1,generation budget reached
nested_sine,exception,0.1,300,4,9015,fedfalsify-v05,1.0,1.0,1.0,7.062672591644544e-05,0.023672114917462187,0.0,1.0,0.3359800879998147,247305,5,I(x3>1)*x3^2;sin(x1);sin(x1+x1^2),0.007472 + 0.7511·𝟙[x₃>1]·x₃² + 0.9879·sin(x₁) + 0.9912·sin(x₁+x₁²),target federated MSE reached; no replacement passed the federated certificate
nested_sine,exception,0.1,300,4,9015,centralized-tree-gp,0.0,0.3333333333333333,0.3333333333333333,0.17681500143916037,0.2568422247694512,0.0,1.0,0.9000686860003952,0,1602,"I(x3>1)*x3^2;expr:add(sin(x1),x1);expr:sin(mul(cos(x1),x1))",0.2187 + 0.3351*(sin(x1)+x1) + 0.7265*I(x3>1)*((x3)^2) + 0.7864*sin((cos(x1)*x1)),generation budget reached
nested_sine,exception,0.1,300,4,9015,federated-tree-gp-style,0.0,0.3333333333333333,0.3333333333333333,0.17681500143916037,0.2568422247694512,0.0,1.0,1.1533042910000404,630400,1602,"I(x3>1)*x3^2;expr:add(sin(x1),x1);expr:sin(mul(cos(x1),x1))",0.2187 + 0.3351*(sin(x1)+x1) + 0.7265*I(x3>1)*((x3)^2) + 0.7864*sin((cos(x1)*x1)),generation budget reached
nested_sine,exception,0.1,300,4,9015,centralized-residual-counterexample-gp,0.0,0.3333333333333333,0.3333333333333333,0.15467678534108906,0.20568243154464283,0.0,1.0,0.9239080049997028,0,1564,"I(x3>1)*x3^2;expr:add(x1,x1);expr:sin(mul(cos(x1),sin(x1)))",0.2108 + 0.2184*(x1+x1) + 0.7312*I(x3>1)*((x3)^2) + 1.514*sin((cos(x1)*sin(x1))),generation budget reached
trig_product,complementary,0.03,300,4,9011,fedfalsify-v05,1.0,1.0,1.0,4.4027492508194e-07,0.0009264316932237985,0.0,1.0,0.17206579899993812,152416,2,sin(x1)*cos(x2),-0.000595 + 2.001·sin(x₁)cos(x₂),target federated MSE reached; no replacement passed the federated certificate
trig_product,complementary,0.03,300,4,9011,centralized-tree-gp,1.0,1.0,1.0,4.402749250818105e-07,0.0009264316932237984,0.0,1.0,0.6920609829999194,0,1460,sin(x1)*cos(x2),-0.000595 + 2.001*(cos(x2)*sin(x1)),generation budget reached
trig_product,complementary,0.03,300,4,9011,federated-tree-gp-style,1.0,1.0,1.0,4.4027492508194e-07,0.0009264316932237985,0.0,1.0,0.8612767270001314,427776,1460,sin(x1)*cos(x2),-0.000595 + 2.001*(cos(x2)*sin(x1)),generation budget reached
trig_product,complementary,0.03,300,4,9011,centralized-residual-counterexample-gp,1.0,1.0,1.0,4.402749250818105e-07,0.0009264316932237984,0.0,1.0,0.7401870700000472,0,1460,sin(x1)*cos(x2),-0.000595 + 2.001*(cos(x2)*sin(x1)),generation budget reached
trig_product,complementary,0.03,300,4,9012,fedfalsify-v05,1.0,1.0,1.0,8.512969873185005e-07,0.000825948844288494,0.0,1.0,0.17036875700023302,152252,2,sin(x1)*cos(x2),0.0008663 + 2.001·sin(x₁)cos(x₂),target federated MSE reached; no replacement passed the federated certificate
trig_product,complementary,0.03,300,4,9012,centralized-tree-gp,1.0,1.0,1.0,8.512969873188256e-07,0.0008259488442884941,0.0,1.0,0.7002308010000888,0,1466,sin(x1)*cos(x2),0.0008663 + 2.001*(cos(x2)*sin(x1)),generation budget reached
trig_product,complementary,0.03,300,4,9012,federated-tree-gp-style,1.0,1.0,1.0,8.512969873185005e-07,0.000825948844288494,0.0,1.0,0.88250297400009,435264,1466,sin(x1)*cos(x2),0.0008663 + 2.001*(cos(x2)*sin(x1)),generation budget reached
trig_product,complementary,0.03,300,4,9012,centralized-residual-counterexample-gp,1.0,1.0,1.0,8.512969873188256e-07,0.0008259488442884941,0.0,1.0,0.741339281999899,0,1456,sin(x1)*cos(x2),0.0008663 + 2.001*(cos(x2)*sin(x1)),generation budget reached
trig_product,complementary,0.03,300,4,9013,fedfalsify-v05,1.0,1.0,1.0,2.9459435636959695e-06,0.0008799674417123338,0.0,1.0,0.17145253199987565,151919,2,sin(x1)*cos(x2),-0.001492 + 2.002·sin(x₁)cos(x₂),target federated MSE reached; no replacement passed the federated certificate
trig_product,complementary,0.03,300,4,9013,centralized-tree-gp,1.0,1.0,1.0,2.9459435636958056e-06,0.0008799674417123338,0.0,1.0,0.6831115100003444,0,1457,sin(x1)*cos(x2),-0.001492 + 2.002*(cos(x2)*sin(x1)),generation budget reached
trig_product,complementary,0.03,300,4,9013,federated-tree-gp-style,1.0,1.0,1.0,2.9459435636959695e-06,0.0008799674417123338,0.0,1.0,0.9349050900000293,420032,1457,sin(x1)*cos(x2),-0.001492 + 2.002*(cos(x2)*sin(x1)),generation budget reached
trig_product,complementary,0.03,300,4,9013,centralized-residual-counterexample-gp,1.0,1.0,1.0,2.9459435636958056e-06,0.0008799674417123338,0.0,1.0,1.169002360000377,0,1457,sin(x1)*cos(x2),-0.001492 + 2.002*(cos(x2)*sin(x1)),generation budget reached
trig_product,complementary,0.03,300,4,9014,fedfalsify-v05,1.0,1.0,1.0,6.905890628427657e-07,0.0009087037182133634,0.0,1.0,0.22417611299988494,152434,2,sin(x1)*cos(x2),0.0006758 + 2.001·sin(x₁)cos(x₂),target federated MSE reached; no replacement passed the federated certificate
trig_product,complementary,0.03,300,4,9014,centralized-tree-gp,1.0,1.0,1.0,6.905890628421074e-07,0.0009087037182133634,0.0,1.0,1.1311500239999077,0,1445,sin(x1)*cos(x2),0.0006758 + 2.001*(cos(x2)*sin(x1)),generation budget reached
trig_product,complementary,0.03,300,4,9014,federated-tree-gp-style,1.0,1.0,1.0,6.905890628427657e-07,0.0009087037182133634,0.0,1.0,1.4342679209999005,423744,1445,sin(x1)*cos(x2),0.0006758 + 2.001*(cos(x2)*sin(x1)),generation budget reached
trig_product,complementary,0.03,300,4,9014,centralized-residual-counterexample-gp,1.0,1.0,1.0,6.905890628421074e-07,0.0009087037182133634,0.0,1.0,1.0090456150001046,0,1445,sin(x1)*cos(x2),0.0006758 + 2.001*(cos(x2)*sin(x1)),generation budget reached
trig_product,complementary,0.03,300,4,9015,fedfalsify-v05,1.0,1.0,1.0,2.0147999746819427e-06,0.0009252491613637325,0.0,1.0,0.259316119000232,271814,2,sin(x1)*cos(x2),0.001414 + 2.001·sin(x₁)cos(x₂),target federated MSE reached; no replacement passed the federated certificate
trig_product,complementary,0.03,300,4,9015,centralized-tree-gp,1.0,1.0,1.0,2.014799974681939e-06,0.0009252491613637325,0.0,1.0,0.7445700550001675,0,1480,sin(x1)*cos(x2),0.001414 + 2.001*(cos(x2)*sin(x1)),generation budget reached
trig_product,complementary,0.03,300,4,9015,federated-tree-gp-style,1.0,1.0,1.0,2.0147999746819427e-06,0.0009252491613637325,0.0,1.0,0.9293275400000311,439680,1480,sin(x1)*cos(x2),0.001414 + 2.001*(cos(x2)*sin(x1)),generation budget reached
trig_product,complementary,0.03,300,4,9015,centralized-residual-counterexample-gp,1.0,1.0,1.0,2.014799974681939e-06,0.0009252491613637325,0.0,1.0,0.7827158370000689,0,1479,sin(x1)*cos(x2),0.001414 + 2.001*(cos(x2)*sin(x1)),generation budget reached
trig_product,complementary,0.1,300,4,9011,fedfalsify-v05,1.0,1.0,1.0,4.891943790309777e-06,0.010293685480264431,0.0,1.0,0.17599751000034303,151771,2,sin(x1)*cos(x2),-0.001983 + 2.002·sin(x₁)cos(x₂),target federated MSE reached; no replacement passed the federated certificate
trig_product,complementary,0.1,300,4,9011,centralized-tree-gp,1.0,1.0,1.0,4.8919437903063815e-06,0.010293685480264433,0.0,1.0,0.7263088989998323,0,1456,sin(x1)*cos(x2),-0.001983 + 2.002*(cos(x2)*sin(x1)),generation budget reached
trig_product,complementary,0.1,300,4,9011,federated-tree-gp-style,1.0,1.0,1.0,4.891943790309777e-06,0.010293685480264431,0.0,1.0,0.9383205950002775,425088,1456,sin(x1)*cos(x2),-0.001983 + 2.002*(cos(x2)*sin(x1)),generation budget reached
trig_product,complementary,0.1,300,4,9011,centralized-residual-counterexample-gp,1.0,1.0,1.0,4.8919437903063815e-06,0.010293685480264433,0.0,1.0,0.7589928990000772,0,1456,sin(x1)*cos(x2),-0.001983 + 2.002*(cos(x2)*sin(x1)),generation budget reached
trig_product,complementary,0.1,300,4,9012,fedfalsify-v05,1.0,1.0,1.0,9.458855601874072e-06,0.009177209380983268,0.0,1.0,0.16748873300002742,151715,2,sin(x1)*cos(x2),0.002888 + 2.002·sin(x₁)cos(x₂),target federated MSE reached; no replacement passed the federated certificate
trig_product,complementary,0.1,300,4,9012,centralized-tree-gp,1.0,1.0,1.0,9.458855601873711e-06,0.00917720938098327,0.0,1.0,0.7475958820000415,0,1458,sin(x1)*cos(x2),0.002888 + 2.002*(cos(x2)*sin(x1)),generation budget reached
trig_product,complementary,0.1,300,4,9012,federated-tree-gp-style,1.0,1.0,1.0,9.458855601874072e-06,0.009177209380983268,0.0,1.0,0.9613728189997346,426048,1458,sin(x1)*cos(x2),0.002888 + 2.002*(cos(x2)*sin(x1)),generation budget reached
trig_product,complementary,0.1,300,4,9012,centralized-residual-counterexample-gp,1.0,1.0,1.0,9.458855601873711e-06,0.00917720938098327,0.0,1.0,0.7669130310000583,0,1460,sin(x1)*cos(x2),0.002888 + 2.002*(cos(x2)*sin(x1)),generation budget reached
trig_product,complementary,0.1,300,4,9013,fedfalsify-v05,1.0,1.0,1.0,3.2732706724799475e-05,0.009777416019025934,0.0,1.0,0.1658901179998793,151404,2,sin(x1)*cos(x2),-0.004972 + 2.006·sin(x₁)cos(x₂),target federated MSE reached; no replacement passed the federated certificate
trig_product,complementary,0.1,300,4,9013,centralized-tree-gp,1.0,1.0,1.0,3.273270672480527e-05,0.009777416019025936,0.0,1.0,0.6959284700001263,0,1454,sin(x1)*cos(x2),-0.004972 + 2.006*(cos(x2)*sin(x1)),generation budget reached
trig_product,complementary,0.1,300,4,9013,federated-tree-gp-style,1.0,1.0,1.0,3.2732706724799475e-05,0.009777416019025934,0.0,1.0,1.0720471390000057,417856,1454,sin(x1)*cos(x2),-0.004972 + 2.006*(cos(x2)*sin(x1)),generation budget reached
trig_product,complementary,0.1,300,4,9013,centralized-residual-counterexample-gp,1.0,1.0,1.0,3.273270672480527e-05,0.009777416019025936,0.0,1.0,1.1811026839995975,0,1456,sin(x1)*cos(x2),-0.004972 + 2.006*(cos(x2)*sin(x1)),generation budget reached
trig_product,complementary,0.1,300,4,9014,fedfalsify-v05,1.0,1.0,1.0,7.67321206664816e-06,0.010096707980148485,0.0,1.0,0.23603414799981692,151684,2,sin(x1)*cos(x2),0.002253 + 2.003·sin(x₁)cos(x₂),target federated MSE reached; no replacement passed the federated certificate
trig_product,complementary,0.1,300,4,9014,centralized-tree-gp,1.0,1.0,1.0,7.673212066642312e-06,0.010096707980148485,0.0,1.0,1.137578150999616,0,1441,sin(x1)*cos(x2),0.002253 + 2.003*(cos(x2)*sin(x1)),generation budget reached
trig_product,complementary,0.1,300,4,9014,federated-tree-gp-style,1.0,1.0,1.0,7.67321206664816e-06,0.010096707980148485,0.0,1.0,1.4737598689998777,424384,1441,sin(x1)*cos(x2),0.002253 + 2.003*(cos(x2)*sin(x1)),generation budget reached
trig_product,complementary,0.1,300,4,9014,centralized-residual-counterexample-gp,1.0,1.0,1.0,7.673212066642312e-06,0.010096707980148485,0.0,1.0,0.8342350160000933,0,1442,sin(x1)*cos(x2),0.002253 + 2.003*(cos(x2)*sin(x1)),generation budget reached
trig_product,complementary,0.1,300,4,9015,fedfalsify-v05,1.0,1.0,1.0,2.2386666558733605e-05,0.010280546237374809,0.0,1.0,0.24771039999995992,271178,2,sin(x1)*cos(x2),0.004714 + 2.002·sin(x₁)cos(x₂),target federated MSE reached; no replacement passed the federated certificate
trig_product,complementary,0.1,300,4,9015,centralized-tree-gp,1.0,1.0,1.0,2.238666655873428e-05,0.010280546237374809,0.0,1.0,0.7226918389997081,0,1473,sin(x1)*cos(x2),0.004714 + 2.002*(cos(x2)*sin(x1)),generation budget reached
trig_product,complementary,0.1,300,4,9015,federated-tree-gp-style,1.0,1.0,1.0,2.2386666558733605e-05,0.010280546237374809,0.0,1.0,0.9055404939999789,436864,1473,sin(x1)*cos(x2),0.004714 + 2.002*(cos(x2)*sin(x1)),generation budget reached
trig_product,complementary,0.1,300,4,9015,centralized-residual-counterexample-gp,1.0,1.0,1.0,2.238666655873428e-05,0.010280546237374809,0.0,1.0,0.73084294399996,0,1472,sin(x1)*cos(x2),0.004714 + 2.002*(cos(x2)*sin(x1)),generation budget reached
trig_product,spurious,0.03,300,4,9011,fedfalsify-v05,1.0,1.0,1.0,7.503554681864824e-07,0.0008845085721627273,0.0,1.0,0.18534974000021975,152326,2,sin(x1)*cos(x2),-0.0007965 + 2.001·sin(x₁)cos(x₂),target federated MSE reached; no replacement passed the federated certificate
trig_product,spurious,0.03,300,4,9011,centralized-tree-gp,1.0,1.0,1.0,7.50355468187187e-07,0.0008845085721627273,0.0,1.0,0.6904955709997012,0,1450,sin(x1)*cos(x2),-0.0007965 + 2.001*(cos(x2)*sin(x1)),generation budget reached
trig_product,spurious,0.03,300,4,9011,federated-tree-gp-style,1.0,1.0,1.0,7.503554681864824e-07,0.0008845085721627273,0.0,1.0,0.8675339090000307,419520,1450,sin(x1)*cos(x2),-0.0007965 + 2.001*(cos(x2)*sin(x1)),generation budget reached
trig_product,spurious,0.03,300,4,9011,centralized-residual-counterexample-gp,1.0,1.0,1.0,7.50355468187187e-07,0.0008845085721627273,0.0,1.0,0.71732244299983,0,1450,sin(x1)*cos(x2),-0.0007965 + 2.001*(cos(x2)*sin(x1)),generation budget reached
trig_product,spurious,0.03,300,4,9012,fedfalsify-v05,1.0,1.0,1.0,1.1771543798449246e-06,0.000818491016634052,0.0,1.0,0.16758116300024994,152054,2,sin(x1)*cos(x2),0.001111 + 2·sin(x₁)cos(x₂),target federated MSE reached; no replacement passed the federated certificate
trig_product,spurious,0.03,300,4,9012,centralized-tree-gp,1.0,1.0,1.0,1.1771543798450133e-06,0.000818491016634052,0.0,1.0,0.7071371900001395,0,1463,sin(x1)*cos(x2),0.001111 + 2*(cos(x2)*sin(x1)),generation budget reached
trig_product,spurious,0.03,300,4,9012,federated-tree-gp-style,1.0,1.0,1.0,1.1771543798449246e-06,0.000818491016634052,0.0,1.0,0.8924814599999991,431104,1463,sin(x1)*cos(x2),0.001111 + 2*(cos(x2)*sin(x1)),generation budget reached
trig_product,spurious,0.03,300,4,9012,centralized-residual-counterexample-gp,1.0,1.0,1.0,1.1771543798450133e-06,0.000818491016634052,0.0,1.0,0.7383167529997081,0,1463,sin(x1)*cos(x2),0.001111 + 2*(cos(x2)*sin(x1)),generation budget reached
trig_product,spurious,0.03,300,4,9013,fedfalsify-v05,1.0,1.0,1.0,4.024743872922915e-06,0.0009553142239089277,0.0,1.0,0.16637700100000075,152165,2,sin(x1)*cos(x2),-0.001948 + 2.001·sin(x₁)cos(x₂),target federated MSE reached; no replacement passed the federated certificate
trig_product,spurious,0.03,300,4,9013,centralized-tree-gp,1.0,1.0,1.0,4.024743872924061e-06,0.0009553142239089276,0.0,1.0,0.7113584319999973,0,1455,sin(x1)*cos(x2),-0.001948 + 2.001*(cos(x2)*sin(x1)),generation budget reached
trig_product,spurious,0.03,300,4,9013,federated-tree-gp-style,1.0,1.0,1.0,4.024743872922915e-06,0.0009553142239089277,0.0,1.0,0.8992250900000727,420672,1455,sin(x1)*cos(x2),-0.001948 + 2.001*(cos(x2)*sin(x1)),generation budget reached
trig_product,spurious,0.03,300,4,9013,centralized-residual-counterexample-gp,1.0,1.0,1.0,4.024743872924061e-06,0.0009553142239089276,0.0,1.0,1.2206121520002853,0,1454,sin(x1)*cos(x2),-0.001948 + 2.001*(cos(x2)*sin(x1)),generation budget reached
trig_product,spurious,0.03,300,4,9014,fedfalsify-v05,1.0,1.0,1.0,2.083033247126005e-06,0.0008829598187007143,0.0,1.0,0.22937879200026146,152104,2,sin(x1)*cos(x2),-0.0003549 + 2.003·sin(x₁)cos(x₂),target federated MSE reached; no replacement passed the federated certificate
trig_product,spurious,0.03,300,4,9014,centralized-tree-gp,1.0,1.0,1.0,2.083033247124817e-06,0.0008829598187007144,0.0,1.0,1.1423362610003096,0,1459,sin(x1)*cos(x2),-0.0003549 + 2.003*(cos(x2)*sin(x1)),generation budget reached
trig_product,spurious,0.03,300,4,9014,federated-tree-gp-style,1.0,1.0,1.0,2.083033247126005e-06,0.0008829598187007143,0.0,1.0,1.4443315419998726,439360,1459,sin(x1)*cos(x2),-0.0003549 + 2.003*(cos(x2)*sin(x1)),generation budget reached
trig_product,spurious,0.03,300,4,9014,centralized-residual-counterexample-gp,1.0,1.0,1.0,2.083033247124817e-06,0.0008829598187007144,0.0,1.0,1.0317874120000852,0,1461,sin(x1)*cos(x2),-0.0003549 + 2.003*(cos(x2)*sin(x1)),generation budget reached
trig_product,spurious,0.03,300,4,9015,fedfalsify-v05,1.0,1.0,1.0,1.468533352911865e-06,0.00091734358914053,0.0,1.0,0.16290480700035914,152059,2,sin(x1)*cos(x2),0.001218 + 2·sin(x₁)cos(x₂),target federated MSE reached; no replacement passed the federated certificate
trig_product,spurious,0.03,300,4,9015,centralized-tree-gp,1.0,1.0,1.0,1.468533352912125e-06,0.0009173435891405301,0.0,1.0,0.7204663969996545,0,1473,sin(x1)*cos(x2),0.001218 + 2*(cos(x2)*sin(x1)),generation budget reached
trig_product,spurious,0.03,300,4,9015,federated-tree-gp-style,1.0,1.0,1.0,1.468533352911865e-06,0.00091734358914053,0.0,1.0,0.897208001999843,433920,1473,sin(x1)*cos(x2),0.001218 + 2*(cos(x2)*sin(x1)),generation budget reached
trig_product,spurious,0.03,300,4,9015,centralized-residual-counterexample-gp,1.0,1.0,1.0,1.468533352912125e-06,0.0009173435891405301,0.0,1.0,0.7475529599996662,0,1473,sin(x1)*cos(x2),0.001218 + 2*(cos(x2)*sin(x1)),generation budget reached
trig_product,spurious,0.1,300,4,9011,fedfalsify-v05,1.0,1.0,1.0,8.337283183581092e-06,0.009827873024030305,0.0,1.0,0.16848745399965992,151750,2,sin(x1)*cos(x2),-0.002655 + 2.003·sin(x₁)cos(x₂),target federated MSE reached; no replacement passed the federated certificate
trig_product,spurious,0.1,300,4,9011,centralized-tree-gp,1.0,1.0,1.0,8.337283183581651e-06,0.009827873024030305,0.0,1.0,0.7069992730002923,0,1462,sin(x1)*cos(x2),-0.002655 + 2.003*(cos(x2)*sin(x1)),generation budget reached
trig_product,spurious,0.1,300,4,9011,federated-tree-gp-style,1.0,1.0,1.0,8.337283183581092e-06,0.009827873024030305,0.0,1.0,0.9328882729996621,431168,1462,sin(x1)*cos(x2),-0.002655 + 2.003*(cos(x2)*sin(x1)),generation budget reached
trig_product,spurious,0.1,300,4,9011,centralized-residual-counterexample-gp,1.0,1.0,1.0,8.337283183581651e-06,0.009827873024030305,0.0,1.0,0.7423127900001418,0,1463,sin(x1)*cos(x2),-0.002655 + 2.003*(cos(x2)*sin(x1)),generation budget reached
trig_product,spurious,0.1,300,4,9012,fedfalsify-v05,1.0,1.0,1.0,1.3079493167641508e-05,0.009094344629267247,0.0,1.0,0.17454264900015914,151414,2,sin(x1)*cos(x2),0.003705 + 2·sin(x₁)cos(x₂),target federated MSE reached; no replacement passed the federated certificate
trig_product,spurious,0.1,300,4,9012,centralized-tree-gp,1.0,1.0,1.0,1.3079493167641053e-05,0.009094344629267247,0.0,1.0,0.6902195659999961,0,1455,sin(x1)*cos(x2),0.003705 + 2*(cos(x2)*sin(x1)),generation budget reached
trig_product,spurious,0.1,300,4,9012,federated-tree-gp-style,1.0,1.0,1.0,1.3079493167641508e-05,0.009094344629267247,0.0,1.0,0.8987258880001718,426944,1455,sin(x1)*cos(x2),0.003705 + 2*(cos(x2)*sin(x1)),generation budget reached
trig_product,spurious,0.1,300,4,9012,centralized-residual-counterexample-gp,1.0,1.0,1.0,1.3079493167641053e-05,0.009094344629267247,0.0,1.0,0.7769528630001332,0,1460,sin(x1)*cos(x2),0.003705 + 2*(cos(x2)*sin(x1)),generation budget reached
trig_product,spurious,0.1,300,4,9013,fedfalsify-v05,1.0,1.0,1.0,4.471937671983462e-05,0.010614602487876976,0.0,1.0,0.1706110259997331,151500,2,sin(x1)*cos(x2),-0.006492 + 2.004·sin(x₁)cos(x₂),target federated MSE reached; no replacement passed the federated certificate
trig_product,spurious,0.1,300,4,9013,centralized-tree-gp,1.0,1.0,1.0,4.4719376719827516e-05,0.010614602487876977,0.0,1.0,0.6961309940002138,0,1449,sin(x1)*cos(x2),-0.006492 + 2.004*(cos(x2)*sin(x1)),generation budget reached
trig_product,spurious,0.1,300,4,9013,federated-tree-gp-style,1.0,1.0,1.0,4.471937671983462e-05,0.010614602487876976,0.0,1.0,0.915115496999988,416128,1449,sin(x1)*cos(x2),-0.006492 + 2.004*(cos(x2)*sin(x1)),generation budget reached
trig_product,spurious,0.1,300,4,9013,centralized-residual-counterexample-gp,1.0,1.0,1.0,4.4719376719827516e-05,0.010614602487876977,0.0,1.0,1.1008862400003636,0,1451,sin(x1)*cos(x2),-0.006492 + 2.004*(cos(x2)*sin(x1)),generation budget reached
trig_product,spurious,0.1,300,4,9014,fedfalsify-v05,1.0,1.0,1.0,2.3144814610794436e-05,0.009810664652230162,0.0,1.0,0.2322678319997067,151428,2,sin(x1)*cos(x2),-0.001183 + 2.009·sin(x₁)cos(x₂),target federated MSE reached; no replacement passed the federated certificate
trig_product,spurious,0.1,300,4,9014,centralized-tree-gp,1.0,1.0,1.0,2.314481461079675e-05,0.009810664652230162,0.0,1.0,1.1849682280003435,0,1459,sin(x1)*cos(x2),-0.001183 + 2.009*(cos(x2)*sin(x1)),generation budget reached
trig_product,spurious,0.1,300,4,9014,federated-tree-gp-style,1.0,1.0,1.0,2.3144814610794436e-05,0.009810664652230162,0.0,1.0,1.429682177000359,434496,1459,sin(x1)*cos(x2),-0.001183 + 2.009*(cos(x2)*sin(x1)),generation budget reached
trig_product,spurious,0.1,300,4,9014,centralized-residual-counterexample-gp,1.0,1.0,1.0,2.314481461079675e-05,0.009810664652230162,0.0,1.0,1.1333658389999073,0,1458,sin(x1)*cos(x2),-0.001183 + 2.009*(cos(x2)*sin(x1)),generation budget reached
trig_product,spurious,0.1,300,4,9015,fedfalsify-v05,1.0,1.0,1.0,1.631703731127646e-05,0.01019270654600589,0.0,1.0,0.18119976899970425,151371,2,sin(x1)*cos(x2),0.00406 + 2.001·sin(x₁)cos(x₂),target federated MSE reached; no replacement passed the federated certificate
trig_product,spurious,0.1,300,4,9015,centralized-tree-gp,1.0,1.0,1.0,1.6317037311275888e-05,0.010192706546005889,0.0,1.0,0.7212895040001968,0,1473,sin(x1)*cos(x2),0.00406 + 2.001*(cos(x2)*sin(x1)),generation budget reached
trig_product,spurious,0.1,300,4,9015,federated-tree-gp-style,1.0,1.0,1.0,1.631703731127646e-05,0.01019270654600589,0.0,1.0,0.9099636710002414,433920,1473,sin(x1)*cos(x2),0.00406 + 2.001*(cos(x2)*sin(x1)),generation budget reached
trig_product,spurious,0.1,300,4,9015,centralized-residual-counterexample-gp,1.0,1.0,1.0,1.6317037311275888e-05,0.010192706546005889,0.0,1.0,0.746883114999946,0,1473,sin(x1)*cos(x2),0.00406 + 2.001*(cos(x2)*sin(x1)),generation budget reached
trig_product,exception,0.03,300,4,9011,fedfalsify-v05,1.0,1.0,1.0,1.9324744660682175e-06,0.002349409715539711,0.0,1.0,0.23000548199979676,187707,3,I(x3>1)*x3^2;sin(x1)*cos(x2),0.7489·𝟙[x₃>1]·x₃² + 2.001·sin(x₁)cos(x₂),target federated MSE reached; no replacement passed the federated certificate
trig_product,exception,0.03,300,4,9011,centralized-tree-gp,1.0,1.0,1.0,1.932474466067485e-06,0.002349409715539712,0.0,1.0,0.8251563909998367,0,1540,I(x3>1)*x3^2;sin(x1)*cos(x2),-7.541e-06 + 0.7489*I(x3>1)*((x3)^2) + 2.001*(cos(x2)*sin(x1)),generation budget reached
trig_product,exception,0.03,300,4,9011,federated-tree-gp-style,1.0,1.0,1.0,1.9324744660682103e-06,0.0023494097155397115,0.0,1.0,1.1068238030002249,557952,1540,I(x3>1)*x3^2;sin(x1)*cos(x2),-7.541e-06 + 0.7489*I(x3>1)*((x3)^2) + 2.001*(cos(x2)*sin(x1)),generation budget reached
trig_product,exception,0.03,300,4,9011,centralized-residual-counterexample-gp,1.0,1.0,1.0,1.932474466067485e-06,0.002349409715539712,0.0,1.0,0.8818248160000621,0,1532,I(x3>1)*x3^2;sin(x1)*cos(x2),-7.541e-06 + 0.7489*I(x3>1)*((x3)^2) + 2.001*(cos(x2)*sin(x1)),generation budget reached
trig_product,exception,0.03,300,4,9012,fedfalsify-v05,1.0,1.0,1.0,9.385758295572477e-07,0.0022301955946736757,0.0,1.0,0.2333392069999718,187677,3,I(x3>1)*x3^2;sin(x1)*cos(x2),0.001272 + 0.7502·𝟙[x₃>1]·x₃² + 2.001·sin(x₁)cos(x₂),target federated MSE reached; no replacement passed the federated certificate
trig_product,exception,0.03,300,4,9012,centralized-tree-gp,0.0,0.5,0.5,0.0008715904895599861,0.004217404404625526,0.0,1.0,0.8375990290001027,0,1529,"I(x3>1)*x3^2;expr:sin(mul(cos(x2),sin(x1)))",0.003093 + 0.7508*I(x3>1)*((x3)^2) + 2.191*sin((cos(x2)*sin(x1))),generation budget reached
trig_product,exception,0.03,300,4,9012,federated-tree-gp-style,0.0,0.5,0.5,0.0008715904895599858,0.004217404404625526,0.0,1.0,1.0494996019997416,554624,1529,"I(x3>1)*x3^2;expr:sin(mul(cos(x2),sin(x1)))",0.003093 + 0.7508*I(x3>1)*((x3)^2) + 2.191*sin((cos(x2)*sin(x1))),generation budget reached
trig_product,exception,0.03,300,4,9012,centralized-residual-counterexample-gp,0.0,0.5,0.5,0.0008715904895599861,0.004217404404625526,0.0,1.0,0.8333354000001236,0,1515,"I(x3>1)*x3^2;expr:sin(mul(cos(x2),sin(x1)))",0.003093 + 0.7508*I(x3>1)*((x3)^2) + 2.191*sin((cos(x2)*sin(x1))),generation budget reached
trig_product,exception,0.03,300,4,9013,fedfalsify-v05,1.0,1.0,1.0,4.3526641262352045e-06,0.0024300751948310028,0.0,1.0,0.23112031899972862,187572,3,I(x3>1)*x3^2;sin(x1)*cos(x2),-0.001704 + 0.7491·𝟙[x₃>1]·x₃² + 2.003·sin(x₁)cos(x₂),target federated MSE reached; no replacement passed the federated certificate
trig_product,exception,0.03,300,4,9013,centralized-tree-gp,0.0,0.5,0.5,0.054804477256203354,0.0641013760991727,0.0,1.0,0.820343134000268,0,1549,"I(x3>1)*x3^2;expr:sin(mul(cos(x2),x1))",0.00948 + 0.742*I(x3>1)*((x3)^2) + 1.646*sin((cos(x2)*x1)),generation budget reached
trig_product,exception,0.03,300,4,9013,federated-tree-gp-style,0.0,0.5,0.5,0.05480447725620342,0.0641013760991727,0.0,1.0,1.6457020220000231,574272,1549,"I(x3>1)*x3^2;expr:sin(mul(cos(x2),x1))",0.00948 + 0.742*I(x3>1)*((x3)^2) + 1.646*sin((cos(x2)*x1)),generation budget reached
trig_product,exception,0.03,300,4,9013,centralized-residual-counterexample-gp,0.0,0.5,0.5,0.054804477256203354,0.0641013760991727,0.0,1.0,1.3189632710000296,0,1499,"I(x3>1)*x3^2;expr:sin(mul(cos(x2),x1))",0.00948 + 0.742*I(x3>1)*((x3)^2) + 1.646*sin((cos(x2)*x1)),generation budget reached
trig_product,exception,0.03,300,4,9014,fedfalsify-v05,1.0,1.0,1.0,7.400212140290033e-07,0.0022484346021455436,0.0,1.0,0.3107089929999347,187813,3,I(x3>1)*x3^2;sin(x1)*cos(x2),0.0008693 + 0.7502·𝟙[x₃>1]·x₃² + 2.002·sin(x₁)cos(x₂),target federated MSE reached; no replacement passed the federated certificate
trig_product,exception,0.03,300,4,9014,centralized-tree-gp,0.0,0.5,0.5,0.0008500986776093697,0.004562455518740004,0.0,1.0,1.3323741350000091,0,1525,"I(x3>1)*x3^2;expr:sin(mul(cos(x2),sin(x1)))",-0.002123 + 0.7507*I(x3>1)*((x3)^2) + 2.197*sin((cos(x2)*sin(x1))),generation budget reached
trig_product,exception,0.03,300,4,9014,federated-tree-gp-style,0.0,0.5,0.5,0.0008500986776093667,0.004562455518740004,0.0,1.0,1.118106040999919,547776,1525,"I(x3>1)*x3^2;expr:sin(mul(cos(x2),sin(x1)))",-0.002123 + 0.7507*I(x3>1)*((x3)^2) + 2.197*sin((cos(x2)*sin(x1))),generation budget reached
trig_product,exception,0.03,300,4,9014,centralized-residual-counterexample-gp,0.0,0.5,0.5,0.0008500986776093697,0.004562455518740004,0.0,1.0,0.8668932729997323,0,1515,"I(x3>1)*x3^2;expr:sin(mul(cos(x2),sin(x1)))",-0.002123 + 0.7507*I(x3>1)*((x3)^2) + 2.197*sin((cos(x2)*sin(x1))),generation budget reached
trig_product,exception,0.03,300,4,9015,fedfalsify-v05,1.0,1.0,1.0,2.0463022414996785e-06,0.0022282689407439383,0.0,1.0,0.3256570379999175,310740,3,I(x3>1)*x3^2;sin(x1)*cos(x2),0.00211 + 0.7501·𝟙[x₃>1]·x₃² + 2.001·sin(x₁)cos(x₂),target federated MSE reached; no replacement passed the federated certificate
trig_product,exception,0.03,300,4,9015,centralized-tree-gp,0.0,0.25,0.5,0.041998358564469845,0.07457573320907811,0.0,1.0,0.9071797430001425,0,1580,"I(x3>1)*x3^2;expr:cos(add(cos(x2),sin(x1)));expr:mul(cos(x2),x1);expr:square(add(sin(x1),sin(x1)))",1.358 - 1.742*cos((cos(x2)+sin(x1))) + 0.7511*I(x3>1)*((x3)^2) + 0.3212*(cos(x2)*x1) - 0.1607*((sin(x1)+sin(x1)))^2,generation budget reached
trig_product,exception,0.03,300,4,9015,federated-tree-gp-style,0.0,0.25,0.5,0.04199835856446959,0.07457573320907812,0.0,1.0,1.1486425509997389,628288,1580,"I(x3>1)*x3^2;expr:cos(add(cos(x2),sin(x1)));expr:mul(cos(x2),x1);expr:square(add(sin(x1),sin(x1)))",1.358 - 1.742*cos((cos(x2)+sin(x1))) + 0.7511*I(x3>1)*((x3)^2) + 0.3212*(cos(x2)*x1) - 0.1607*((sin(x1)+sin(x1)))^2,generation budget reached
trig_product,exception,0.03,300,4,9015,centralized-residual-counterexample-gp,0.0,0.5,0.5,0.0009386647355316457,0.004753381035293666,0.0,1.0,0.8791260009998041,0,1545,"I(x3>1)*x3^2;expr:sin(mul(cos(x2),sin(x1)))",0.002196 + 0.7492*I(x3>1)*((x3)^2) + 2.196*sin((cos(x2)*sin(x1))),generation budget reached
trig_product,exception,0.1,300,4,9011,fedfalsify-v05,1.0,1.0,1.0,2.14719386017675e-05,0.026104552394885697,0.0,1.0,0.22790132500040272,187190,3,I(x3>1)*x3^2;sin(x1)*cos(x2),-2.514e-05 + 0.7462·𝟙[x₃>1]·x₃² + 2.004·sin(x₁)cos(x₂),target federated MSE reached; no replacement passed the federated certificate
trig_product,exception,0.1,300,4,9011,centralized-tree-gp,1.0,1.0,1.0,2.1471938601765444e-05,0.0261045523948857,0.0,1.0,0.812085813000067,0,1503,I(x3>1)*x3^2;sin(x1)*cos(x2),-2.514e-05 + 0.7462*I(x3>1)*((x3)^2) + 2.004*(cos(x2)*sin(x1)),generation budget reached
trig_product,exception,0.1,300,4,9011,federated-tree-gp-style,1.0,1.0,1.0,2.14719386017675e-05,0.0261045523948857,0.0,1.0,1.0514008100003593,527808,1503,I(x3>1)*x3^2;sin(x1)*cos(x2),-2.514e-05 + 0.7462*I(x3>1)*((x3)^2) + 2.004*(cos(x2)*sin(x1)),generation budget reached
trig_product,exception,0.1,300,4,9011,centralized-residual-counterexample-gp,1.0,1.0,1.0,2.1471938601765444e-05,0.0261045523948857,0.0,1.0,0.85331535000023,0,1521,I(x3>1)*x3^2;sin(x1)*cos(x2),-2.514e-05 + 0.7462*I(x3>1)*((x3)^2) + 2.004*(cos(x2)*sin(x1)),generation budget reached
trig_product,exception,0.1,300,4,9012,fedfalsify-v05,1.0,1.0,1.0,1.0428620446470411e-05,0.02477995105192974,0.0,1.0,0.23466436199987584,186949,3,I(x3>1)*x3^2;sin(x1)*cos(x2),0.00424 + 0.7506·𝟙[x₃>1]·x₃² + 2.004·sin(x₁)cos(x₂),target federated MSE reached; no replacement passed the federated certificate
trig_product,exception,0.1,300,4,9012,centralized-tree-gp,0.0,0.5,0.5,0.0008848281072499387,0.026340255434058994,0.0,1.0,0.8434444730000905,0,1532,"I(x3>1)*x3^2;expr:sin(mul(cos(x2),sin(x1)))",0.006069 + 0.7512*I(x3>1)*((x3)^2) + 2.194*sin((cos(x2)*sin(x1))),generation budget reached
trig_product,exception,0.1,300,4,9012,federated-tree-gp-style,0.0,0.5,0.5,0.0008848281072499403,0.026340255434058994,0.0,1.0,1.2246380510000563,560512,1532,"I(x3>1)*x3^2;expr:sin(mul(cos(x2),sin(x1)))",0.006069 + 0.7512*I(x3>1)*((x3)^2) + 2.194*sin((cos(x2)*sin(x1))),generation budget reached
trig_product,exception,0.1,300,4,9012,centralized-residual-counterexample-gp,0.0,0.3333333333333333,0.5,0.06470939167135144,0.1331940716563467,0.0,1.0,1.4893924989996776,0,1571,"I(x3>1)*x3^2;expr:mul(cos(x2),x1);expr:square(add(cos(x2),sin(x1)))",-0.4867 + 0.7471*I(x3>1)*((x3)^2) + 0.4914*(cos(x2)*x1) + 0.477*((cos(x2)+sin(x1)))^2,generation budget reached
trig_product,exception,0.1,300,4,9013,fedfalsify-v05,1.0,1.0,1.0,4.836293505363911e-05,0.027000835498122253,0.0,1.0,0.3518247249999149,186851,3,I(x3>1)*x3^2;sin(x1)*cos(x2),-0.00568 + 0.747·𝟙[x₃>1]·x₃² + 2.011·sin(x₁)cos(x₂),target federated MSE reached; no replacement passed the federated certificate
trig_product,exception,0.1,300,4,9013,centralized-tree-gp,0.0,0.5,0.5,0.0553742966394823,0.08748620551900174,0.0,1.0,1.3223034949996872,0,1524,"I(x3>1)*x3^2;expr:sin(mul(cos(x2),x1))",0.005611 + 0.7398*I(x3>1)*((x3)^2) + 1.653*sin((cos(x2)*x1)),generation budget reached
trig_product,exception,0.1,300,4,9013,federated-tree-gp-style,0.0,0.5,0.5,0.055374296639482276,0.08748620551900174,0.0,1.0,1.568324911000218,553664,1524,"I(x3>1)*x3^2;expr:sin(mul(cos(x2),x1))",0.005611 + 0.7398*I(x3>1)*((x3)^2) + 1.653*sin((cos(x2)*x1)),generation budget reached
trig_product,exception,0.1,300,4,9013,centralized-residual-counterexample-gp,1.0,1.0,1.0,4.8362935053646235e-05,0.027000835498122253,0.0,1.0,0.8645786889996998,0,1523,I(x3>1)*x3^2;sin(x1)*cos(x2),-0.00568 + 0.747*I(x3>1)*((x3)^2) + 2.011*(cos(x2)*sin(x1)),generation budget reached
trig_product,exception,0.1,300,4,9014,fedfalsify-v05,1.0,1.0,1.0,8.222458093693102e-06,0.024982606690506046,0.0,1.0,0.2405944180000006,187167,3,I(x3>1)*x3^2;sin(x1)*cos(x2),0.002898 + 0.7508·𝟙[x₃>1]·x₃² + 2.005·sin(x₁)cos(x₂),target federated MSE reached; no replacement passed the federated certificate
trig_product,exception,0.1,300,4,9014,centralized-tree-gp,1.0,1.0,1.0,8.222458093692703e-06,0.024982606690506046,0.0,1.0,0.8776334939998378,0,1577,I(x3>1)*x3^2;sin(x1)*cos(x2),0.002898 + 0.7508*I(x3>1)*((x3)^2) + 2.005*(cos(x2)*sin(x1)),generation budget reached
trig_product,exception,0.1,300,4,9014,federated-tree-gp-style,1.0,1.0,1.0,8.222458093693038e-06,0.024982606690506046,0.0,1.0,1.1479617429999962,607744,1577,I(x3>1)*x3^2;sin(x1)*cos(x2),0.002898 + 0.7508*I(x3>1)*((x3)^2) + 2.005*(cos(x2)*sin(x1)),generation budget reached
trig_product,exception,0.1,300,4,9014,centralized-residual-counterexample-gp,0.0,0.5,0.5,0.0008551473622054317,0.02737638923201341,0.0,1.0,0.8702231850002136,0,1561,"I(x3>1)*x3^2;expr:sin(mul(cos(x2),sin(x1)))",-0.0001011 + 0.7513*I(x3>1)*((x3)^2) + 2.201*sin((cos(x2)*sin(x1))),generation budget reached
trig_product,exception,0.1,300,4,9015,fedfalsify-v05,1.0,1.0,1.0,2.2736691688881858e-05,0.024758543786043755,0.0,1.0,0.32650255499993364,310044,3,I(x3>1)*x3^2;sin(x1)*cos(x2),0.007033 + 0.7504·𝟙[x₃>1]·x₃² + 2.003·sin(x₁)cos(x₂),target federated MSE reached; no replacement passed the federated certificate
trig_product,exception,0.1,300,4,9015,centralized-tree-gp,0.0,0.5,0.5,0.0009526668837647958,0.027534651217690526,0.0,1.0,0.8202430779997485,0,1548,"I(x3>1)*x3^2;expr:sin(mul(cos(x2),sin(x1)))",0.007108 + 0.7495*I(x3>1)*((x3)^2) + 2.198*sin((cos(x2)*sin(x1))),generation budget reached
trig_product,exception,0.1,300,4,9015,federated-tree-gp-style,0.0,0.5,0.5,0.0009526668837647929,0.027534651217690526,0.0,1.0,1.0473386150001716,572608,1548,"I(x3>1)*x3^2;expr:sin(mul(cos(x2),sin(x1)))",0.007108 + 0.7495*I(x3>1)*((x3)^2) + 2.198*sin((cos(x2)*sin(x1))),generation budget reached
trig_product,exception,0.1,300,4,9015,centralized-residual-counterexample-gp,0.0,0.5,0.5,0.0009526668837647958,0.027534651217690526,0.0,1.0,0.8682259439997324,0,1566,"I(x3>1)*x3^2;expr:sin(mul(cos(x2),sin(x1)))",0.007108 + 0.7495*I(x3>1)*((x3)^2) + 2.198*sin((cos(x2)*sin(x1))),generation budget reached
interaction,complementary,0.03,300,4,9011,fedfalsify-v05,1.0,1.0,1.0,1.5399116809820698e-07,0.004112377433756967,0.0,1.0,0.2122097369997391,180482,3,x1*x2;x3^2,-0.001802 + 1·x₁x₂ + 0.5004·x₃²,target federated MSE reached; no replacement passed the federated certificate
interaction,complementary,0.03,300,4,9011,centralized-tree-gp,0.0,0.25,0.5,1.6975647548673978e-06,0.004126089453780099,0.0,1.0,0.8664987649999603,0,1598,"expr:cos(add(x3,x3));expr:mul(cos(x3),square(x3));expr:sin(add(cos(x3),cos(x3)));x1*x2",0.7149 - 0.523*cos((x3+x3)) - 0.472*(cos(x3)*(x3)^2) + 1*(x1*x2) - 0.2084*sin((cos(x3)+cos(x3))),generation budget reached
interaction,complementary,0.03,300,4,9011,federated-tree-gp-style,0.0,0.25,0.5,1.6975647548674283e-06,0.004126089453780101,0.0,1.0,1.175876197999969,633216,1598,"expr:cos(add(x3,x3));expr:mul(cos(x3),square(x3));expr:sin(add(cos(x3),cos(x3)));x1*x2",0.7149 - 0.523*cos((x3+x3)) - 0.472*(cos(x3)*(x3)^2) + 1*(x1*x2) - 0.2084*sin((cos(x3)+cos(x3))),generation budget reached
interaction,complementary,0.03,300,4,9011,centralized-residual-counterexample-gp,0.0,0.3333333333333333,0.5,5.27238784750558e-06,0.0041148187312227795,0.0,1.0,1.3132878740002525,0,1592,"expr:mul(cos(x3),square(x3));expr:square(add(sin(x3),x3));x1*x2",0.002069 + 0.0004338*((x2)^2+(x3)^2) - 0.2592*(cos(x3)*(x3)^2) + 0.9998*(x1*x2) + 0.186*((sin(x3)+x3))^2,generation budget reached
interaction,complementary,0.03,300,4,9012,fedfalsify-v05,1.0,1.0,1.0,1.7117313667612947e-06,0.0036580720011684374,0.0,1.0,0.2761427520003963,180455,3,x1*x2;x3^2,0.002516 + 0.9988·x₁x₂ + 0.4999·x₃²,target federated MSE reached; no replacement passed the federated certificate
interaction,complementary,0.03,300,4,9012,centralized-tree-gp,0.0,0.25,0.5,2.2839869071508812e-06,0.003652286308989241,0.0,1.0,1.4184255119998852,0,1585,"cos(x2);expr:add(cos(x2),square(x3));expr:cos(add(sin(x2),square(x2)));x1*x2",0.00306 + 0.5*(cos(x2)+(x3)^2) - 0.003992*cos((sin(x2)+(x2)^2)) - 0.4976*cos(x2) + 0.9989*(x1*x2),generation budget reached
interaction,complementary,0.03,300,4,9012,federated-tree-gp-style,0.0,0.25,0.5,2.283986907155263e-06,0.0036522863089892416,0.0,1.0,1.865474248999817,620672,1585,"cos(x2);expr:add(cos(x2),square(x3));expr:cos(add(sin(x2),square(x2)));x1*x2",0.00306 + 0.5*(cos(x2)+(x3)^2) - 0.003992*cos((sin(x2)+(x2)^2)) - 0.4976*cos(x2) + 0.9989*(x1*x2),generation budget reached
interaction,complementary,0.03,300,4,9012,centralized-residual-counterexample-gp,0.0,0.3333333333333333,0.5,0.00010259274853107284,0.004257191439113666,0.0,1.0,0.9744799270001749,0,1572,"expr:mul(sin(x3),x3);expr:square(add(cos(x3),square(x3)));x1*x2",-0.1126 - 0.0002776*(sin(x4)+x2) + 0.5123*(sin(x3)*x3) + 0.9993*(x1*x2) + 0.08836*((cos(x3)+(x3)^2))^2,generation budget reached
interaction,complementary,0.03,300,4,9013,fedfalsify-v05,1.0,1.0,1.0,5.404320396669807e-06,0.003787881183055078,0.0,1.0,0.2082505299999866,180275,3,x1*x2;x3^2,-0.000935 + 1.001·x₁x₂ + 0.4981·x₃²,target federated MSE reached; no replacement passed the federated certificate
interaction,complementary,0.03,300,4,9013,centralized-tree-gp,0.0,0.25,0.5,0.0015667097687950215,0.009652432339613883,0.0,1.0,0.8794518609997795,0,1593,"expr:cos(mul(cos(x3),cos(x3)));expr:mul(sin(x3),sin(x3));expr:mul(sin(x3),x3);x1*x2",-0.9454 + 1.729*cos((cos(x3)*cos(x3))) - 2.697*(sin(x3)*sin(x3)) + 1.992*(sin(x3)*x3) + 1.004*(x1*x2),generation budget reached
interaction,complementary,0.03,300,4,9013,federated-tree-gp-style,0.0,0.25,0.5,0.0015667097687950317,0.009652432339613885,0.0,1.0,1.1424705899999026,621120,1593,"expr:cos(mul(cos(x3),cos(x3)));expr:mul(sin(x3),sin(x3));expr:mul(sin(x3),x3);x1*x2",-0.9454 + 1.729*cos((cos(x3)*cos(x3))) - 2.697*(sin(x3)*sin(x3)) + 1.992*(sin(x3)*x3) + 1.004*(x1*x2),generation budget reached
interaction,complementary,0.03,300,4,9013,centralized-residual-counterexample-gp,0.0,0.25,0.5,0.0011798515025829353,0.01136126740018114,1.0,1.0,0.910662321000018,0,1576,"expr:mul(sin(x3),x3);expr:square(add(cos(x4),square(x3)));expr:square(mul(cos(x4),x3));x1*x2",-0.056 + 0.575*(sin(x3)*x3) + 1.002*(x1*x2) + 0.05604*((cos(x4)+(x3)^2))^2 - 0.1049*((cos(x4)*x3))^2,generation budget reached
interaction,complementary,0.03,300,4,9014,fedfalsify-v05,1.0,1.0,1.0,9.654891643143278e-07,0.003985862315617835,0.0,1.0,0.20113598000034472,180253,3,x1*x2;x3^2,0.001101 + 0.9992·x₁x₂ + 0.5004·x₃²,target federated MSE reached; no replacement passed the federated certificate
interaction,complementary,0.03,300,4,9014,centralized-tree-gp,1.0,1.0,1.0,9.65489164314048e-07,0.003985862315617835,0.0,1.0,0.892333624999992,0,1600,x1*x2;x3^2,0.001101 + 0.9992*(x1*x2) + 0.5004*(x3*x3),generation budget reached
interaction,complementary,0.03,300,4,9014,federated-tree-gp-style,1.0,1.0,1.0,9.654891643143362e-07,0.003985862315617835,0.0,1.0,1.2044838950000667,644928,1600,x1*x2;x3^2,0.001101 + 0.9992*(x1*x2) + 0.5004*(x3*x3),generation budget reached
interaction,complementary,0.03,300,4,9014,centralized-residual-counterexample-gp,1.0,1.0,1.0,9.65489164314048e-07,0.003985862315617835,0.0,1.0,0.9071301369999674,0,1587,x1*x2;x3^2,0.001101 + 0.9992*(x1*x2) + 0.5004*(x3)^2,generation budget reached
interaction,complementary,0.03,300,4,9015,fedfalsify-v05,1.0,1.0,1.0,1.9935192669647657e-06,0.004306861179859075,0.0,1.0,0.25687470299999404,271226,3,x1*x2;x3^2,0.0035 + 1.001·x₁x₂ + 0.4992·x₃²,target federated MSE reached; no replacement passed the federated certificate
interaction,complementary,0.03,300,4,9015,centralized-tree-gp,0.0,0.25,0.5,2.686977474635699e-06,0.004294747044920905,0.0,1.0,0.9076957320003203,0,1613,"expr:add(cos(x1),square(x3));expr:square(add(sin(x1),sin(x1)));expr:square(add(x3,x3));x1*x2",0.001076 - 0.003303*(cos(x1)+(x3)^2) + 1.001*(x1*x2) + 0.001623*((sin(x1)+sin(x1)))^2 + 0.1257*((x3+x3))^2,generation budget reached
interaction,complementary,0.03,300,4,9015,federated-tree-gp-style,0.0,0.25,0.5,2.6869774746342575e-06,0.004294747044920906,0.0,1.0,1.2143552769998678,641216,1613,"expr:add(cos(x1),square(x3));expr:square(add(sin(x1),sin(x1)));expr:square(add(x3,x3));x1*x2",0.001076 - 0.003303*(cos(x1)+(x3)^2) + 1.001*(x1*x2) + 0.001623*((sin(x1)+sin(x1)))^2 + 0.1257*((x3+x3))^2,generation budget reached
interaction,complementary,0.03,300,4,9015,centralized-residual-counterexample-gp,0.0,0.25,0.5,0.00880222486987342,0.0368482766326782,0.0,1.0,1.3134040219997587,0,1599,"expr:cos(add(sin(x3),sin(x3)));expr:square(add(cos(x1),square(x3)));expr:square(add(cos(x3),x3));x1*x2",0.354 - 0.4902*cos((sin(x3)+sin(x3))) + 1.024*(x1*x2) + 0.06066*((cos(x1)+(x3)^2))^2 + 0.04212*((cos(x3)+x3))^2,generation budget reached
interaction,complementary,0.1,300,4,9011,fedfalsify-v05,1.0,1.0,1.0,1.7110129854399123e-06,0.04569308259729962,0.0,1.0,0.28205490599975747,179923,3,x1*x2;x3^2,-0.006005 + 1·x₁x₂ + 0.5012·x₃²,target federated MSE reached; no replacement passed the federated certificate
interaction,complementary,0.1,300,4,9011,centralized-tree-gp,0.0,0.5,0.5,1.7110129859613106e-06,0.04569308259729963,0.0,1.0,1.3537681359998714,0,1554,"expr:add(square(x3),square(x3));x1*x2",-0.006005 + 0.2506*((x3)^2+(x3)^2) + 1*(x1*x2),generation budget reached
interaction,complementary,0.1,300,4,9011,federated-tree-gp-style,0.0,0.5,0.5,1.7110129859589182e-06,0.04569308259729963,0.0,1.0,1.7093450049997045,568832,1554,"expr:add(square(x3),square(x3));x1*x2",-0.006005 + 0.2506*((x3)^2+(x3)^2) + 1*(x1*x2),generation budget reached
interaction,complementary,0.1,300,4,9011,centralized-residual-counterexample-gp,0.0,0.3333333333333333,0.5,3.9865012398048834e-05,0.04571560243507769,0.0,1.0,1.0740656359998866,0,1535,"expr:add(cos(x3),square(x3));expr:square(mul(square(x3),x3));x1*x2",-0.8452 + 0.8607*(cos(x3)+(x3)^2) + 0.9999*(x1*x2) - 0.003287*(((x3)^2*x3))^2,generation budget reached
interaction,complementary,0.1,300,4,9012,fedfalsify-v05,1.0,1.0,1.0,1.901923737282255e-05,0.04064524445742709,0.0,1.0,0.23973240399982387,179895,3,x1*x2;x3^2,0.008385 + 0.9961·x₁x₂ + 0.4996·x₃²,target federated MSE reached; no replacement passed the federated certificate
interaction,complementary,0.1,300,4,9012,centralized-tree-gp,0.0,0.25,0.5,2.1562469034455248e-05,0.04063827206286618,1.0,1.0,0.8977088100000401,0,1592,"cos(x2);expr:add(cos(x2),square(x3));expr:mul(sin(x4),square(x3));x1*x2",0.008916 + 0.4995*(cos(x2)+(x3)^2) - 0.5007*cos(x2) - 0.001909*(sin(x4)*(x3)^2) + 0.996*(x1*x2),generation budget reached
interaction,complementary,0.1,300,4,9012,federated-tree-gp-style,0.0,0.25,0.5,2.1562469034453737e-05,0.04063827206286618,1.0,1.0,1.2057577660002607,612544,1592,"cos(x2);expr:add(cos(x2),square(x3));expr:mul(sin(x4),square(x3));x1*x2",0.008916 + 0.4995*(cos(x2)+(x3)^2) - 0.5007*cos(x2) - 0.001909*(sin(x4)*(x3)^2) + 0.996*(x1*x2),generation budget reached
interaction,complementary,0.1,300,4,9012,centralized-residual-counterexample-gp,0.0,0.5,0.5,1.901923737428886e-05,0.0406452444574271,0.0,1.0,0.8033733749998646,0,1498,"expr:square(add(x3,x3));x1*x2",0.008385 + 0.9961*(x1*x2) + 0.1249*((x3+x3))^2,generation budget reached
interaction,complementary,0.1,300,4,9013,fedfalsify-v05,1.0,1.0,1.0,6.0048004428462654e-05,0.04208756870061201,0.0,1.0,0.19906495399982305,179588,3,x1*x2;x3^2,-0.003117 + 1.005·x₁x₂ + 0.4935·x₃²,target federated MSE reached; no replacement passed the federated certificate
interaction,complementary,0.1,300,4,9013,centralized-tree-gp,0.0,0.25,0.5,0.0017243919631037006,0.05484312309051977,1.0,1.0,0.8394885219995558,0,1541,"expr:square(add(cos(x4),square(x3)));expr:square(add(sin(x3),sin(x3)));expr:square(mul(sin(x4),square(x3)));x1*x2",-0.05846 + 1.003*(x1*x2) + 0.05614*((cos(x4)+(x3)^2))^2 + 0.1517*((sin(x3)+sin(x3)))^2 + 0.03343*((sin(x4)*(x3)^2))^2,generation budget reached
interaction,complementary,0.1,300,4,9013,federated-tree-gp-style,0.0,0.25,0.5,0.001724391963103693,0.05484312309051977,1.0,1.0,1.065436290999969,555136,1541,"expr:square(add(cos(x4),square(x3)));expr:square(add(sin(x3),sin(x3)));expr:square(mul(sin(x4),square(x3)));x1*x2",-0.05846 + 1.003*(x1*x2) + 0.05614*((cos(x4)+(x3)^2))^2 + 0.1517*((sin(x3)+sin(x3)))^2 + 0.03343*((sin(x4)*(x3)^2))^2,generation budget reached
interaction,complementary,0.1,300,4,9013,centralized-residual-counterexample-gp,0.0,0.25,0.5,0.008190265826623435,0.09180930512079395,1.0,1.0,0.8392968759999349,0,1512,"expr:cos(mul(cos(x4),square(x3)));expr:cos(mul(sin(x1),square(x3)));expr:square(mul(cos(x3),x3));x1*x2",0.9364 - 0.42*cos((cos(x4)*(x3)^2)) - 0.4144*cos((sin(x1)*(x3)^2)) + 0.9956*(x1*x2) + 0.6457*((cos(x3)*x3))^2,generation budget reached
interaction,complementary,0.1,300,4,9014,fedfalsify-v05,1.0,1.0,1.0,1.0727657362525275e-05,0.044287359062420394,0.0,1.0,0.19344869799988373,179727,3,x1*x2;x3^2,0.003671 + 0.9975·x₁x₂ + 0.5014·x₃²,target federated MSE reached; no replacement passed the federated certificate
interaction,complementary,0.1,300,4,9014,centralized-tree-gp,0.0,0.25,0.5,5.5915009926097165e-05,0.04509931608688634,0.0,1.0,0.8284444010000698,0,1538,"expr:mul(square(x3),square(x3));expr:sin(mul(x3,x3));expr:square(add(cos(x3),cos(x3)));x1*x2",0.8679 + 0.07339*((x3)^2*(x3)^2) + 0.9978*(x1*x2) - 0.174*sin((x3*x3)) - 0.224*((cos(x3)+cos(x3)))^2,generation budget reached
interaction,complementary,0.1,300,4,9014,federated-tree-gp-style,0.0,0.25,0.5,5.5915009926094996e-05,0.04509931608688635,0.0,1.0,1.082212341000286,586560,1538,"expr:mul(square(x3),square(x3));expr:sin(mul(x3,x3));expr:square(add(cos(x3),cos(x3)));x1*x2",0.8679 + 0.07339*((x3)^2*(x3)^2) + 0.9978*(x1*x2) - 0.174*sin((x3*x3)) - 0.224*((cos(x3)+cos(x3)))^2,generation budget reached
interaction,complementary,0.1,300,4,9014,centralized-residual-counterexample-gp,1.0,1.0,1.0,1.0727657362525195e-05,0.044287359062420394,0.0,1.0,0.9180641899997681,0,1568,x1*x2;x3^2,0.003671 + 0.9975*(x1*x2) + 0.5014*(x3)^2,generation budget reached
interaction,complementary,0.1,300,4,9015,fedfalsify-v05,1.0,1.0,1.0,2.215021410541085e-05,0.04785401310954528,0.0,1.0,0.2715127589999611,270631,3,x1*x2;x3^2,0.01167 + 1.004·x₁x₂ + 0.4972·x₃²,target federated MSE reached; no replacement passed the federated certificate
interaction,complementary,0.1,300,4,9015,centralized-tree-gp,0.0,0.5,0.5,2.2150214103381918e-05,0.047854013109545276,0.0,1.0,1.4502036240000962,0,1603,"expr:square(add(x3,x3));x1*x2",0.01167 + 1.004*(x1*x2) + 0.1243*((x3+x3))^2,generation budget reached
interaction,complementary,0.1,300,4,9015,federated-tree-gp-style,0.0,0.5,0.5,2.2150214103373817e-05,0.04785401310954528,0.0,1.0,1.906041420999827,621504,1603,"expr:square(add(x3,x3));x1*x2",0.01167 + 1.004*(x1*x2) + 0.1243*((x3+x3))^2,generation budget reached
interaction,complementary,0.1,300,4,9015,centralized-residual-counterexample-gp,0.0,0.3333333333333333,0.5,0.0015377135133268034,0.059958987007172906,0.0,1.0,1.4900185749997945,0,1596,"expr:square(mul(cos(x3),cos(x3)));expr:square(mul(x3,x3));x1*x2",0.5891 + 1.003*(x1*x2) - 0.6653*((cos(x3)*cos(x3)))^2 + 0.08351*((x3*x3))^2,generation budget reached
interaction,spurious,0.03,300,4,9011,fedfalsify-v05,1.0,1.0,1.0,3.986959911747273e-06,0.004424737884467764,0.0,1.0,0.2168584500000179,180321,3,x1*x2;x3^2,-0.001534 + 0.9979·x₁x₂ + 0.5007·x₃²,target federated MSE reached; no replacement passed the federated certificate
interaction,spurious,0.03,300,4,9011,centralized-tree-gp,1.0,1.0,1.0,3.986959911743159e-06,0.0044247378844677636,0.0,1.0,0.9004851520003285,0,1600,x1*x2;x3^2,-0.001534 + 0.9979*(x1*x2) + 0.5007*(x3)^2,generation budget reached
interaction,spurious,0.03,300,4,9011,federated-tree-gp-style,1.0,1.0,1.0,3.986959911747277e-06,0.004424737884467765,0.0,1.0,1.2123357360001137,628352,1600,x1*x2;x3^2,-0.001534 + 0.9979*(x1*x2) + 0.5007*(x3)^2,generation budget reached
interaction,spurious,0.03,300,4,9011,centralized-residual-counterexample-gp,0.0,0.25,0.5,0.0005611835802244928,0.007450692181057903,1.0,1.0,1.0104512030002297,0,1608,"expr:cos(add(cos(x4),square(x3)));expr:cos(add(x3,x3));expr:square(add(square(x3),square(x3)));x1*x2",0.3249 - 0.0431*cos((cos(x4)+(x3)^2)) - 0.3353*cos((x3+x3)) + 0.9977*(x1*x2) + 0.02096*(((x3)^2+(x3)^2))^2,generation budget reached
interaction,spurious,0.03,300,4,9012,fedfalsify-v05,1.0,1.0,1.0,1.4768456049376183e-06,0.003999596665784961,0.0,1.0,0.21379119900029764,180294,3,x1*x2;x3^2,0.004526 + 0.9992·x₁x₂ + 0.4989·x₃²,target federated MSE reached; no replacement passed the federated certificate
interaction,spurious,0.03,300,4,9012,centralized-tree-gp,0.0,0.5,0.5,1.476845604125529e-06,0.0039995966657849595,0.0,1.0,0.9177474349999102,0,1578,"expr:square(add(x3,x3));x1*x2",0.004526 + 0.9992*(x1*x2) + 0.1247*((x3+x3))^2,generation budget reached
interaction,spurious,0.03,300,4,9012,federated-tree-gp-style,0.0,0.5,0.5,1.4768456041256112e-06,0.00399959666578496,0.0,1.0,1.1309904619997724,592832,1578,"expr:square(add(x3,x3));x1*x2",0.004526 + 0.9992*(x1*x2) + 0.1247*((x3+x3))^2,generation budget reached
interaction,spurious,0.03,300,4,9012,centralized-residual-counterexample-gp,0.0,0.5,0.5,1.476845604125529e-06,0.0039995966657849595,0.0,1.0,0.865734638000049,0,1539,"expr:square(add(x3,x3));x1*x2",0.004526 + 0.9992*(x1*x2) + 0.1247*((x3+x3))^2,generation budget reached
interaction,spurious,0.03,300,4,9013,fedfalsify-v05,1.0,1.0,1.0,1.9766683586082407e-06,0.003987576494308176,0.0,1.0,0.2089977790001285,180106,3,x1*x2;x3^2,-0.006648 + 1·x₁x₂ + 0.5018·x₃²,target federated MSE reached; no replacement passed the federated certificate
interaction,spurious,0.03,300,4,9013,centralized-tree-gp,0.0,0.3333333333333333,0.5,0.0005806700355205203,0.012002495264459649,1.0,1.0,0.964429494000342,0,1584,"expr:add(sin(x4),square(x3));expr:add(sin(x4),x4);x1*x2",0.009189 + 0.4945*(sin(x4)+(x3)^2) - 0.196*(sin(x4)+x4) + 1.005*(x1*x2),generation budget reached
interaction,spurious,0.03,300,4,9013,federated-tree-gp-style,0.0,0.3333333333333333,0.5,0.0005806700355205364,0.012002495264459652,1.0,1.0,1.1867566830001124,616064,1584,"expr:add(sin(x4),square(x3));expr:add(sin(x4),x4);x1*x2",0.009189 + 0.4945*(sin(x4)+(x3)^2) - 0.196*(sin(x4)+x4) + 1.005*(x1*x2),generation budget reached
interaction,spurious,0.03,300,4,9013,centralized-residual-counterexample-gp,0.0,0.25,0.5,0.004758810473593395,0.03600251625876702,1.0,1.0,0.9433151909997832,0,1577,"expr:square(add(cos(x1),x3));expr:square(add(cos(x4),square(x3)));expr:square(mul(cos(x3),cos(x4)));x1*x2",0.3544 + 1.01*(x1*x2) + 0.0335*((cos(x1)+x3))^2 + 0.0679*((cos(x4)+(x3)^2))^2 - 0.6057*((cos(x3)*cos(x4)))^2,generation budget reached
interaction,spurious,0.03,300,4,9014,fedfalsify-v05,1.0,1.0,1.0,2.106551544538765e-07,0.004109424226091828,0.0,1.0,0.2663015620000806,180129,3,x1*x2;x3^2,-0.00196 + 1·x₁x₂ + 0.5007·x₃²,target federated MSE reached; no replacement passed the federated certificate
interaction,spurious,0.03,300,4,9014,centralized-tree-gp,1.0,1.0,1.0,2.106551544540361e-07,0.004109424226091828,0.0,1.0,1.3003269109999565,0,1523,x1*x2;x3^2,-0.00196 + 1*(x1*x2) + 0.5007*(x3*x3),generation budget reached
interaction,spurious,0.03,300,4,9014,federated-tree-gp-style,1.0,1.0,1.0,2.106551544538788e-07,0.004109424226091827,0.0,1.0,1.7218797589998758,559360,1523,x1*x2;x3^2,-0.00196 + 1*(x1*x2) + 0.5007*(x3*x3),generation budget reached
interaction,spurious,0.03,300,4,9014,centralized-residual-counterexample-gp,0.0,0.3333333333333333,0.5,2.1323259623358292e-07,0.004109423489431171,0.0,1.0,1.4141349799997442,0,1532,"cos(x3);expr:add(cos(x3),square(x3));x1*x2",-0.002269 + 0.5008*(cos(x3)+(x3)^2) - 0.5005*cos(x3) + 1*(x1*x2),generation budget reached
interaction,spurious,0.03,300,4,9015,fedfalsify-v05,1.0,1.0,1.0,9.127182411440775e-07,0.0037159206667574775,0.0,1.0,0.25485732399965855,180129,3,x1*x2;x3^2,0.00239 + 0.9995·x₁x₂ + 0.5002·x₃²,target federated MSE reached; no replacement passed the federated certificate
interaction,spurious,0.03,300,4,9015,centralized-tree-gp,1.0,1.0,1.0,9.127182411434618e-07,0.0037159206667574775,0.0,1.0,0.7972725129998253,0,1536,x1*x2;x3^2,0.00239 + 0.9995*(x1*x2) + 0.5002*(x3*x3),generation budget reached
interaction,spurious,0.03,300,4,9015,federated-tree-gp-style,1.0,1.0,1.0,9.127182411440769e-07,0.0037159206667574775,0.0,1.0,1.0066654839997682,552448,1536,x1*x2;x3^2,0.00239 + 0.9995*(x1*x2) + 0.5002*(x3*x3),generation budget reached
interaction,spurious,0.03,300,4,9015,centralized-residual-counterexample-gp,0.0,0.25,0.5,1.4972640868680112e-06,0.003712468891642205,0.0,1.0,0.9278557600000568,0,1580,"expr:add(cos(x1),sin(x2));expr:add(cos(x1),square(x3));expr:add(sin(x2),square(x3));x1*x2",0.002704 - 0.2485*(cos(x1)+sin(x2)) + 0.249*(cos(x1)+(x3)^2) + 0.2512*(sin(x2)+(x3)^2) + 0.9995*(x1*x2),generation budget reached
interaction,spurious,0.1,300,4,9011,fedfalsify-v05,1.0,1.0,1.0,4.429955452703246e-05,0.04916375427186405,0.0,1.0,0.21489478300009068,179733,3,x1*x2;x3^2,-0.005115 + 0.9931·x₁x₂ + 0.5024·x₃²,target federated MSE reached; no replacement passed the federated certificate
interaction,spurious,0.1,300,4,9011,centralized-tree-gp,1.0,1.0,1.0,4.429955452704367e-05,0.04916375427186405,0.0,1.0,0.8941085569999814,0,1578,x1*x2;x3^2,-0.005115 + 0.9931*(x1*x2) + 0.5024*(x3)^2,generation budget reached
interaction,spurious,0.1,300,4,9011,federated-tree-gp-style,1.0,1.0,1.0,4.4299554527032566e-05,0.04916375427186405,0.0,1.0,1.1066975700000512,587648,1578,x1*x2;x3^2,-0.005115 + 0.9931*(x1*x2) + 0.5024*(x3)^2,generation budget reached
interaction,spurious,0.1,300,4,9011,centralized-residual-counterexample-gp,0.0,0.3333333333333333,0.5,6.652014634300302e-05,0.04926838613541792,0.0,1.0,0.8944435220000742,0,1528,"expr:add(cos(x3),square(x3));expr:cos(mul(sin(x3),sin(x3)));x1*x2",-0.2857 + 0.7107*(cos(x3)+(x3)^2) - 0.4147*cos((sin(x3)*sin(x3))) + 0.9932*(x1*x2),generation budget reached
interaction,spurious,0.1,300,4,9012,fedfalsify-v05,1.0,1.0,1.0,1.6409395576320156e-05,0.044439962953166254,0.0,1.0,0.2088076249997357,179715,3,x1*x2;x3^2,0.01509 + 0.9972·x₁x₂ + 0.4963·x₃²,target federated MSE reached; no replacement passed the federated certificate
interaction,spurious,0.1,300,4,9012,centralized-tree-gp,0.0,0.5,0.5,1.6409395573635447e-05,0.04443996295316625,0.0,1.0,0.7668325800000275,0,1482,"expr:square(add(x3,x3));x1*x2",0.01509 + 0.9972*(x1*x2) + 0.1241*((x3+x3))^2,generation budget reached
interaction,spurious,0.1,300,4,9012,federated-tree-gp-style,0.0,0.5,0.5,1.6409395573628407e-05,0.044439962953166254,0.0,1.0,0.925758063000103,499840,1482,"expr:square(add(x3,x3));x1*x2",0.01509 + 0.9972*(x1*x2) + 0.1241*((x3+x3))^2,generation budget reached
interaction,spurious,0.1,300,4,9012,centralized-residual-counterexample-gp,0.0,0.5,0.5,1.6409395573635447e-05,0.04443996295316625,0.0,1.0,0.809169471000132,0,1526,"expr:square(add(x3,x3));x1*x2",0.01509 + 0.9972*(x1*x2) + 0.1241*((x3+x3))^2,generation budget reached
interaction,spurious,0.1,300,4,9013,fedfalsify-v05,1.0,1.0,1.0,2.196298178298652e-05,0.044306405492313045,0.0,1.0,0.19643683000003875,179629,3,x1*x2;x3^2,-0.02216 + 1·x₁x₂ + 0.5061·x₃²,target federated MSE reached; no replacement passed the federated certificate
interaction,spurious,0.1,300,4,9013,centralized-tree-gp,0.0,0.25,0.5,0.0017376303448493008,0.06157666998112993,1.0,1.0,0.7800864959999672,0,1497,"expr:sin(add(cos(x3),cos(x3)));expr:square(add(cos(x4),square(x3)));expr:square(mul(cos(x3),sin(x3)));x1*x2",1.052 + 1.002*(x1*x2) - 1.042*sin((cos(x3)+cos(x3))) + 0.01025*((cos(x4)+(x3)^2))^2 + 0.9935*((cos(x3)*sin(x3)))^2,generation budget reached
interaction,spurious,0.1,300,4,9013,federated-tree-gp-style,0.0,0.25,0.5,0.001737630344849316,0.06157666998112993,1.0,1.0,1.422330950000287,519104,1497,"expr:sin(add(cos(x3),cos(x3)));expr:square(add(cos(x4),square(x3)));expr:square(mul(cos(x3),sin(x3)));x1*x2",1.052 + 1.002*(x1*x2) - 1.042*sin((cos(x3)+cos(x3))) + 0.01025*((cos(x4)+(x3)^2))^2 + 0.9935*((cos(x3)*sin(x3)))^2,generation budget reached
interaction,spurious,0.1,300,4,9013,centralized-residual-counterexample-gp,0.0,0.5,0.5,0.0038208526844000497,0.07352710800459751,0.0,1.0,1.2491385409998657,0,1474,"expr:sin(add(cos(x3),cos(x3)));x1*x2",1.291 + 1.004*(x1*x2) - 1.145*sin((cos(x3)+cos(x3))),generation budget reached
interaction,spurious,0.1,300,4,9014,fedfalsify-v05,1.0,1.0,1.0,2.3406128392668444e-06,0.045660269178798105,0.0,1.0,0.26669131500011645,179504,3,x1*x2;x3^2,-0.006534 + 1.001·x₁x₂ + 0.5023·x₃²,target federated MSE reached; no replacement passed the federated certificate
interaction,spurious,0.1,300,4,9014,centralized-tree-gp,1.0,1.0,1.0,2.3406128392646827e-06,0.045660269178798105,0.0,1.0,1.2297996919996876,0,1539,x1*x2;x3^2,-0.006534 + 1.001*(x1*x2) + 0.5023*(x3*x3),generation budget reached
interaction,spurious,0.1,300,4,9014,federated-tree-gp-style,1.0,1.0,1.0,2.3406128392668516e-06,0.045660269178798105,0.0,1.0,1.3586167809999097,548096,1539,x1*x2;x3^2,-0.006534 + 1.001*(x1*x2) + 0.5023*(x3*x3),generation budget reached
interaction,spurious,0.1,300,4,9014,centralized-residual-counterexample-gp,1.0,1.0,1.0,2.3406128392646827e-06,0.045660269178798105,0.0,1.0,0.8044825429997218,0,1516,x1*x2;x3^2,-0.006534 + 1.001*(x1*x2) + 0.5023*(x3*x3),generation budget reached
interaction,spurious,0.1,300,4,9015,fedfalsify-v05,1.0,1.0,1.0,1.0141313776472466e-05,0.04128800740841642,0.0,1.0,0.22318051699994612,179595,3,x1*x2;x3^2,0.007968 + 0.9984·x₁x₂ + 0.5005·x₃²,target federated MSE reached; no replacement passed the federated certificate
interaction,spurious,0.1,300,4,9015,centralized-tree-gp,0.0,0.3333333333333333,0.5,0.0002028328930533338,0.04254016230501894,0.0,1.0,0.804897980000078,0,1554,"cos(x3);expr:mul(cos(x3),cos(x3));x1*x2",1.271 - 1.687*cos(x3) + 0.438*(cos(x3)*cos(x3)) + 0.9981*(x1*x2),generation budget reached
interaction,spurious,0.1,300,4,9015,federated-tree-gp-style,0.0,0.3333333333333333,0.5,0.00020283289305332027,0.04254016230501894,0.0,1.0,1.0440049439998802,565952,1554,"cos(x3);expr:mul(cos(x3),cos(x3));x1*x2",1.271 - 1.687*cos(x3) + 0.438*(cos(x3)*cos(x3)) + 0.9981*(x1*x2),generation budget reached
interaction,spurious,0.1,300,4,9015,centralized-residual-counterexample-gp,0.0,0.5,0.5,0.0023078668614893846,0.05328065281440734,0.0,1.0,0.8101313399997707,0,1523,cos(x3);x1*x2,1.364 - 1.463*cos(x3) + 0.9995*(x1*x2),generation budget reached
interaction,exception,0.03,300,4,9011,fedfalsify-v05,1.0,1.0,1.0,1.1876299816560534e-06,0.006958452254923468,0.0,1.0,0.33875249599987,247649,5,I(x3>1)*x3^2;x1*x2;x3^2,-0.001288 + 1·x₁x₂ + 0.7475·𝟙[x₃>1]·x₃² + 0.5008·x₃²,target federated MSE reached; no replacement passed the federated certificate
interaction,exception,0.03,300,4,9011,centralized-tree-gp,0.0,0.25,0.3333333333333333,0.0020648837790639175,0.028831549917343928,0.0,0.0,0.8263535599999159,0,1564,"expr:add(square(x3),x3);expr:cos(add(cos(x3),x3));x1*x2;x3",-0.6119 + 1.091*((x3)^2+x3) + 0.8506*cos((cos(x3)+x3)) + 0.9981*(x1*x2) - 0.4641*x3,generation budget reached
interaction,exception,0.03,300,4,9011,federated-tree-gp-style,0.0,0.25,0.3333333333333333,0.002064883779063923,0.028831549917343928,0.0,0.0,1.0572373049999442,597056,1564,"expr:add(square(x3),x3);expr:cos(add(cos(x3),x3));x1*x2;x3",-0.6119 + 1.091*((x3)^2+x3) + 0.8506*cos((cos(x3)+x3)) + 0.9981*(x1*x2) - 0.4641*x3,generation budget reached
interaction,exception,0.03,300,4,9011,centralized-residual-counterexample-gp,0.0,0.25,0.3333333333333333,0.0024075539688250777,0.03715460283413954,0.0,0.0,0.9511012289999599,0,1599,"expr:add(square(x3),x3);expr:mul(square(x3),square(x3));sin(x3);x1*x2",-0.2117 + 1.07*((x3)^2+x3) - 0.0314*((x3)^2*(x3)^2) + 0.9986*(x1*x2) - 0.8124*sin(x3),generation budget reached
interaction,exception,0.03,300,4,9012,fedfalsify-v05,1.0,1.0,1.0,2.3532496388665817e-06,0.006152251422718521,0.0,1.0,0.3762178860001768,278554,6,I(x3>1)*x3^2;x1*x2;x3^2,0.002192 + 0.9985·x₁x₂ + 0.7501·𝟙[x₃>1]·x₃² + 0.5004·x₃²,target federated MSE reached; no replacement passed the federated certificate
interaction,exception,0.03,300,4,9012,centralized-tree-gp,0.0,0.5,0.6666666666666666,0.002856654361285078,0.04002398815111302,0.0,0.0,0.8848750299998756,0,1590,"expr:square(add(sin(x3),x3));expr:square(add(square(x3),x3));x1*x2;x3^2",-0.1326 + 0.9941*(x1*x2) + 0.2765*((sin(x3)+x3))^2 + 0.0877*(((x3)^2+x3))^2 - 0.1377*(x3)^2,generation budget reached
interaction,exception,0.03,300,4,9012,federated-tree-gp-style,0.0,0.5,0.6666666666666666,0.002856654361285083,0.04002398815111302,0.0,0.0,1.110244339000019,632192,1590,"expr:square(add(sin(x3),x3));expr:square(add(square(x3),x3));x1*x2;x3^2",-0.1326 + 0.9941*(x1*x2) + 0.2765*((sin(x3)+x3))^2 + 0.0877*(((x3)^2+x3))^2 - 0.1377*(x3)^2,generation budget reached
interaction,exception,0.03,300,4,9012,centralized-residual-counterexample-gp,0.0,0.5,0.6666666666666666,0.002856654361285078,0.04002398815111302,0.0,0.0,1.369534670000121,0,1587,"expr:square(add(sin(x3),x3));expr:square(add(square(x3),x3));x1*x2;x3^2",-0.1326 + 0.9941*(x1*x2) + 0.2765*((sin(x3)+x3))^2 + 0.0877*(((x3)^2+x3))^2 - 0.1377*(x3)^2,generation budget reached
interaction,exception,0.03,300,4,9013,fedfalsify-v05,1.0,1.0,1.0,4.820502684552677e-06,0.006579377435660114,0.0,1.0,0.46615397499999744,247580,5,I(x3>1)*x3^2;x1*x2;x3^2,-0.002292 + 1.002·x₁x₂ + 0.7494·𝟙[x₃>1]·x₃² + 0.4989·x₃²,target federated MSE reached; no replacement passed the federated certificate
interaction,exception,0.03,300,4,9013,centralized-tree-gp,0.0,0.0,0.0,0.21784292271662278,0.6225616391804628,0.0,0.0,1.4633353300000635,0,1556,"expr:mul(sin(x1),x2);expr:mul(sin(x2),x1);expr:sin(add(cos(x1),cos(x3)));expr:square(add(square(x3),x3))",1.398 + 1.154*(sin(x1)*x2) + 0.6002*(sin(x2)*x1) - 1.076*sin((cos(x1)+cos(x3))) + 0.0929*(((x3)^2+x3))^2,generation budget reached
interaction,exception,0.03,300,4,9013,federated-tree-gp-style,0.0,0.0,0.0,0.21784292271662278,0.6225616391804627,0.0,0.0,1.8256583550000869,597760,1556,"expr:mul(sin(x1),x2);expr:mul(sin(x2),x1);expr:sin(add(cos(x1),cos(x3)));expr:square(add(square(x3),x3))",1.398 + 1.154*(sin(x1)*x2) + 0.6002*(sin(x2)*x1) - 1.076*sin((cos(x1)+cos(x3))) + 0.0929*(((x3)^2+x3))^2,generation budget reached
interaction,exception,0.03,300,4,9013,centralized-residual-counterexample-gp,0.0,0.0,0.0,0.2928609509985196,0.6862964859153925,0.0,0.0,0.9323129979998157,0,1572,"expr:add(square(x3),x3);expr:mul(sin(x1),x2);expr:square(add(square(x3),x3));expr:square(mul(x1,x1))",0.1831 + 0.5587*((x3)^2+x3) + 1.562*(sin(x1)*x2) + 0.03587*(((x3)^2+x3))^2 + 0.03494*((x1*x1))^2,generation budget reached
interaction,exception,0.03,300,4,9014,fedfalsify-v05,1.0,1.0,1.0,1.1416839801845493e-06,0.006641814327885256,0.0,1.0,0.3523004190001302,247480,5,I(x3>1)*x3^2;x1*x2;x3^2,0.00134 + 0.999·x₁x₂ + 0.7502·𝟙[x₃>1]·x₃² + 0.5004·x₃²,target federated MSE reached; no replacement passed the federated certificate
interaction,exception,0.03,300,4,9014,centralized-tree-gp,0.0,0.25,0.3333333333333333,0.010782697343892101,0.11248823056099655,0.0,0.0,0.9058453969996663,0,1565,"expr:add(cos(x1),x3);expr:add(square(x3),x3);expr:sin(mul(cos(x1),sin(x3)));x1*x2",0.03582 - 0.1506*(cos(x1)+x3) + 0.8728*((x3)^2+x3) + 0.9802*(x1*x2) - 0.2301*sin((cos(x1)*sin(x3))),generation budget reached
interaction,exception,0.03,300,4,9014,federated-tree-gp-style,0.0,0.25,0.3333333333333333,0.010782697343892094,0.11248823056099655,0.0,0.0,1.143808689999787,618944,1565,"expr:add(cos(x1),x3);expr:add(square(x3),x3);expr:sin(mul(cos(x1),sin(x3)));x1*x2",0.03582 - 0.1506*(cos(x1)+x3) + 0.8728*((x3)^2+x3) + 0.9802*(x1*x2) - 0.2301*sin((cos(x1)*sin(x3))),generation budget reached
interaction,exception,0.03,300,4,9014,centralized-residual-counterexample-gp,0.0,0.25,0.3333333333333333,0.010782697343892101,0.11248823056099655,0.0,0.0,0.9065694359996996,0,1576,"expr:add(cos(x1),x3);expr:add(square(x3),x3);expr:sin(mul(cos(x1),sin(x3)));x1*x2",0.03582 - 0.1506*(cos(x1)+x3) + 0.8728*((x3)^2+x3) + 0.9802*(x1*x2) - 0.2301*sin((cos(x1)*sin(x3))),generation budget reached
interaction,exception,0.03,300,4,9015,fedfalsify-v05,1.0,1.0,1.0,2.8848705305042626e-06,0.007846641986906155,0.0,1.0,0.342565673000081,247656,5,I(x3>1)*x3^2;x1*x2;x3^2,0.004189 + 1.002·x₁x₂ + 0.7503·𝟙[x₃>1]·x₃² + 0.4993·x₃²,target federated MSE reached; no replacement passed the federated certificate
interaction,exception,0.03,300,4,9015,centralized-tree-gp,0.0,0.25,0.3333333333333333,0.013538797784269885,0.1128960810910913,0.0,0.0,0.9109366559996488,0,1602,"expr:add(x1,x3);expr:square(add(sin(x3),square(x3)));expr:square(mul(cos(x3),cos(x3)));x1*x2",0.7931 + 0.0927*(x1+x3) + 1.02*(x1*x2) + 0.1511*((sin(x3)+(x3)^2))^2 - 0.9817*((cos(x3)*cos(x3)))^2,generation budget reached
interaction,exception,0.03,300,4,9015,federated-tree-gp-style,0.0,0.25,0.3333333333333333,0.013538797784269871,0.1128960810910913,0.0,0.0,1.2084273240002403,639360,1602,"expr:add(x1,x3);expr:square(add(sin(x3),square(x3)));expr:square(mul(cos(x3),cos(x3)));x1*x2",0.7931 + 0.0927*(x1+x3) + 1.02*(x1*x2) + 0.1511*((sin(x3)+(x3)^2))^2 - 0.9817*((cos(x3)*cos(x3)))^2,generation budget reached
interaction,exception,0.03,300,4,9015,centralized-residual-counterexample-gp,0.0,0.25,0.3333333333333333,0.010631972018062178,0.11393288858879447,0.0,0.0,1.0189529299996138,0,1619,"expr:mul(sin(x3),x3);expr:square(add(sin(x1),square(x3)));expr:square(add(sin(x3),square(x3)));x1*x2",-0.03556 + 0.668*(sin(x3)*x3) + 1.014*(x1*x2) - 0.04846*((sin(x1)+(x3)^2))^2 + 0.1842*((sin(x3)+(x3)^2))^2,generation budget reached
interaction,exception,0.1,300,4,9011,fedfalsify-v05,1.0,1.0,1.0,1.3195888676877776e-05,0.07731613616581634,0.0,1.0,0.3425262290002138,247040,5,I(x3>1)*x3^2;x1*x2;x3^2,-0.004294 + 1.001·x₁x₂ + 0.7417·𝟙[x₃>1]·x₃² + 0.5028·x₃²,target federated MSE reached; no replacement passed the federated certificate
interaction,exception,0.1,300,4,9011,centralized-tree-gp,0.0,0.0,0.0,0.6130494435909982,0.8060242537953088,0.0,0.0,0.9023239379998813,0,1567,"expr:add(square(x3),x3);expr:sin(mul(sin(x1),x2));expr:square(mul(square(x1),square(x2)));expr:square(mul(x2,x3))",0.2113 + 0.749*((x3)^2+x3) + 2.262*sin((sin(x1)*x2)) + 0.001867*(((x1)^2*(x2)^2))^2 + 0.03168*((x2*x3))^2,generation budget reached
interaction,exception,0.1,300,4,9011,federated-tree-gp-style,0.0,0.0,0.0,0.6130494435909976,0.806024253795309,0.0,0.0,1.3168440019999252,616704,1567,"expr:add(square(x3),x3);expr:sin(mul(sin(x1),x2));expr:square(mul(square(x1),square(x2)));expr:square(mul(x2,x3))",0.2113 + 0.749*((x3)^2+x3) + 2.262*sin((sin(x1)*x2)) + 0.001867*(((x1)^2*(x2)^2))^2 + 0.03168*((x2*x3))^2,generation budget reached
interaction,exception,0.1,300,4,9011,centralized-residual-counterexample-gp,0.0,0.0,0.0,0.2728242530853871,0.8744279598587341,0.0,0.0,1.5006231319998733,0,1588,"expr:add(square(x3),x3);expr:cos(mul(cos(x1),x1));expr:sin(mul(sin(x1),x2));expr:sin(mul(x1,x2))",0.8718 + 0.806*((x3)^2+x3) - 0.7891*cos((cos(x1)*x1)) + 3.502*sin((sin(x1)*x2)) - 1.454*sin((x1*x2)),generation budget reached
interaction,exception,0.1,300,4,9012,fedfalsify-v05,1.0,1.0,1.0,2.6147218173024994e-05,0.06835834914131687,0.0,1.0,1.1933367809997435,836845,6,I(x3>1)*x3^2;x1*x2;x3^2,0.007308 + 0.995·x₁x₂ + 0.7502·𝟙[x₃>1]·x₃² + 0.5013·x₃²,target federated MSE reached; no replacement passed the federated certificate
interaction,exception,0.1,300,4,9012,centralized-tree-gp,0.0,0.25,0.3333333333333333,0.0068246216248652545,0.16162043821687913,0.0,0.0,1.4261174930002198,0,1569,"expr:add(square(x3),x3);expr:mul(square(x3),square(x3));expr:square(add(square(x3),x3));x1*x2",0.195 + 0.4926*((x3)^2+x3) + 0.03629*((x3)^2*(x3)^2) + 0.993*(x1*x2) + 0.03007*(((x3)^2+x3))^2,generation budget reached
interaction,exception,0.1,300,4,9012,federated-tree-gp-style,0.0,0.25,0.3333333333333333,0.006824621624865261,0.16162043821687913,0.0,0.0,1.3100303199998962,620736,1569,"expr:add(square(x3),x3);expr:mul(square(x3),square(x3));expr:square(add(square(x3),x3));x1*x2",0.195 + 0.4926*((x3)^2+x3) + 0.03629*((x3)^2*(x3)^2) + 0.993*(x1*x2) + 0.03007*(((x3)^2+x3))^2,generation budget reached
interaction,exception,0.1,300,4,9012,centralized-residual-counterexample-gp,0.0,0.5,0.6666666666666666,0.00930939278254452,0.13639232237355303,0.0,1.0,0.9721839869998803,0,1624,"I(x3>1)*x3^2;expr:add(cos(x1),square(x3));expr:sin(add(square(x2),x3));x1*x2",-0.0817 + 0.436*(cos(x1)+(x3)^2) + 0.8075*I(x3>1)*((x3)^2) + 1.031*(x1*x2) - 0.0515*sin(((x2)^2+x3)),generation budget reached
interaction,exception,0.1,300,4,9013,fedfalsify-v05,1.0,1.0,1.0,5.356114097739348e-05,0.07310419372955682,0.0,1.0,0.3542366770002445,246913,5,I(x3>1)*x3^2;x1*x2;x3^2,-0.00764 + 1.006·x₁x₂ + 0.748·𝟙[x₃>1]·x₃² + 0.4964·x₃²,target federated MSE reached; no replacement passed the federated certificate
interaction,exception,0.1,300,4,9013,centralized-tree-gp,0.0,0.0,0.0,0.14299760372204137,0.6028962776689168,0.0,0.0,0.8684926089999863,0,1570,"expr:add(square(x3),x3);expr:mul(sin(x2),x1);expr:square(add(sin(x3),square(x2)));expr:square(add(x1,x2))",-0.6039 + 0.8043*((x3)^2+x3) + 0.643*(sin(x2)*x1) - 0.02028*((sin(x3)+(x2)^2))^2 + 0.2592*((x1+x2))^2,generation budget reached
interaction,exception,0.1,300,4,9013,federated-tree-gp-style,0.0,0.0,0.0,0.1429976037220417,0.6028962776689167,0.0,0.0,1.1430112630000622,614912,1570,"expr:add(square(x3),x3);expr:mul(sin(x2),x1);expr:square(add(sin(x3),square(x2)));expr:square(add(x1,x2))",-0.6039 + 0.8043*((x3)^2+x3) + 0.643*(sin(x2)*x1) - 0.02028*((sin(x3)+(x2)^2))^2 + 0.2592*((x1+x2))^2,generation budget reached
interaction,exception,0.1,300,4,9013,centralized-residual-counterexample-gp,0.0,0.0,0.0,0.04392960467773353,0.3614112083462916,0.0,0.0,0.9125646279999273,0,1591,"expr:add(square(x3),x3);expr:square(add(sin(x1),x1));expr:square(add(x1,x2));expr:square(add(x2,x2))",0.3101 + 0.7983*((x3)^2+x3) - 0.2436*((sin(x1)+x1))^2 + 0.465*((x1+x2))^2 - 0.1149*((x2+x2))^2,generation budget reached
interaction,exception,0.1,300,4,9014,fedfalsify-v05,1.0,1.0,1.0,1.2685377536801319e-05,0.07379793697650287,0.0,1.0,0.9159184990003268,991726,6,I(x3>1)*x3^2;x1*x2;x3^2,0.004467 + 0.9967·x₁x₂ + 0.7508·𝟙[x₃>1]·x₃² + 0.5012·x₃²,target federated MSE reached; no replacement passed the federated certificate
interaction,exception,0.1,300,4,9014,centralized-tree-gp,0.0,0.25,0.3333333333333333,0.004803356167133714,0.13726492850604255,0.0,0.0,0.8862360870002703,0,1577,"expr:square(add(sin(x3),square(x3)));expr:square(mul(cos(x3),sin(x2)));expr:square(mul(cos(x3),x3));x1*x2",0.5518 + 0.9934*(x1*x2) + 0.2192*((sin(x3)+(x3)^2))^2 - 0.5763*((cos(x3)*sin(x2)))^2 - 0.8645*((cos(x3)*x3))^2,generation budget reached
interaction,exception,0.1,300,4,9014,federated-tree-gp-style,0.0,0.25,0.3333333333333333,0.00480335616713371,0.13726492850604255,0.0,0.0,1.1180235900001207,617472,1577,"expr:square(add(sin(x3),square(x3)));expr:square(mul(cos(x3),sin(x2)));expr:square(mul(cos(x3),x3));x1*x2",0.5518 + 0.9934*(x1*x2) + 0.2192*((sin(x3)+(x3)^2))^2 - 0.5763*((cos(x3)*sin(x2)))^2 - 0.8645*((cos(x3)*x3))^2,generation budget reached
interaction,exception,0.1,300,4,9014,centralized-residual-counterexample-gp,0.0,0.3333333333333333,0.3333333333333333,0.009158366432581133,0.19947713835542327,0.0,0.0,0.9456559290001678,0,1545,"expr:mul(cos(x3),square(x3));expr:square(add(sin(x3),square(x3)));x1*x2",0.1736 + 0.612*(cos(x3)*(x3)^2) + 0.9983*(x1*x2) + 0.2362*((sin(x3)+(x3)^2))^2,generation budget reached
interaction,exception,0.1,300,4,9015,fedfalsify-v05,1.0,1.0,1.0,3.205411703492214e-05,0.08718491096562403,0.0,1.0,0.6864837959997203,769412,5,I(x3>1)*x3^2;x1*x2;x3^2,0.01396 + 1.006·x₁x₂ + 0.7509·𝟙[x₃>1]·x₃² + 0.4978·x₃²,target federated MSE reached; no replacement passed the federated certificate
interaction,exception,0.1,300,4,9015,centralized-tree-gp,0.0,0.25,0.3333333333333333,0.007676852734144402,0.16530867172351812,0.0,0.0,1.3371569490000184,0,1585,"expr:square(add(sin(x3),square(x3)));expr:square(mul(cos(x3),cos(x3)));expr:square(mul(x3,x3));x1*x2",0.8295 + 1.012*(x1*x2) + 0.2123*((sin(x3)+(x3)^2))^2 - 1.057*((cos(x3)*cos(x3)))^2 - 0.06572*((x3*x3))^2,generation budget reached
interaction,exception,0.1,300,4,9015,federated-tree-gp-style,0.0,0.25,0.3333333333333333,0.007676852734144421,0.1653086717235181,0.0,0.0,1.964513110000098,636800,1585,"expr:square(add(sin(x3),square(x3)));expr:square(mul(cos(x3),cos(x3)));expr:square(mul(x3,x3));x1*x2",0.8295 + 1.012*(x1*x2) + 0.2123*((sin(x3)+(x3)^2))^2 - 1.057*((cos(x3)*cos(x3)))^2 - 0.06572*((x3*x3))^2,generation budget reached
interaction,exception,0.1,300,4,9015,centralized-residual-counterexample-gp,0.0,0.25,0.3333333333333333,0.003366088680673204,0.12227621055005945,0.0,0.0,1.5540383979996477,0,1602,"expr:mul(cos(x3),cos(x3));expr:square(add(sin(x3),square(x3)));expr:square(mul(cos(x3),x3));x1*x2",0.7363 - 0.7026*(cos(x3)*cos(x3)) + 1.008*(x1*x2) + 0.2066*((sin(x3)+(x3)^2))^2 - 0.6951*((cos(x3)*x3))^2,generation budget reached
