benchmark,scenario,noise_ratio,samples_per_client,num_clients,seed,method,exact_recovery,term_precision,term_recall,test_nmse,train_mse,spurious_accepted,exception_recovered,runtime_seconds,communication_bytes,search_evaluations,discovered_terms,expression,stop_reason
base,complementary,0.03,300,4,9001,fedfalsify-v05,1.0,1.0,1.0,7.520194842177324e-07,0.0078045897239101825,0.0,1.0,0.5018141859999332,238605,5,sin(x2);x1;x3^2,2·x₁ + 0.4989·x₃² + 1.001·sin(x₂),target federated MSE reached; no replacement passed the federated certificate
base,complementary,0.03,300,4,9001,centralized-tree-gp,0.0,0.3333333333333333,0.3333333333333333,7.520194821938257e-07,0.007804589723910184,0.0,1.0,3.432584600000041,0,1589,"expr:add(sin(x2),x1);expr:add(square(x3),x1);x1",-4.228e-06 + 1.001*(sin(x2)+x1) + 0.4989*((x3)^2+x1) + 0.4995*x1,generation budget reached
base,complementary,0.03,300,4,9001,federated-tree-gp-style,0.0,0.3333333333333333,0.3333333333333333,7.520194821937714e-07,0.0078045897239101825,0.0,1.0,3.0905224929999804,633344,1589,"expr:add(sin(x2),x1);expr:add(square(x3),x1);x1",-4.228e-06 + 1.001*(sin(x2)+x1) + 0.4989*((x3)^2+x1) + 0.4995*x1,generation budget reached
base,complementary,0.03,300,4,9001,centralized-residual-counterexample-gp,0.0,0.0,0.0,0.0024631333820681915,0.033463624168906476,0.0,1.0,0.9855969730000425,0,1642,"expr:add(sin(x1),square(x3));expr:add(sin(x1),x1);expr:add(sin(x2),x1);expr:sin(add(sin(x1),sin(x2)))",0.000534 + 0.4969*(sin(x1)+(x3)^2) + 0.2864*(sin(x1)+x1) + 1.591*(sin(x2)+x1) - 0.8497*sin((sin(x1)+sin(x2))),generation budget reached
base,complementary,0.03,300,4,9002,fedfalsify-v05,1.0,1.0,1.0,1.282087336781059e-06,0.008295233899165609,0.0,1.0,0.3099166160000095,238728,5,sin(x2);x1;x3^2,0.003983 + 1.999·x₁ + 0.4991·x₃² + 1.003·sin(x₂),target federated MSE reached; no replacement passed the federated certificate
base,complementary,0.03,300,4,9002,centralized-tree-gp,0.0,0.0,0.0,0.0013416596894051426,0.01785850565717693,0.0,1.0,0.8913365079999949,0,1590,"cos(x3);expr:add(cos(x3),x1);expr:add(sin(x1),square(x3));expr:add(sin(x2),x1)",0.8904 + 0.9082*(cos(x3)+x1) + 0.1745*(sin(x1)+(x3)^2) + 1.007*(sin(x2)+x1) - 1.857*cos(x3),generation budget reached
base,complementary,0.03,300,4,9002,federated-tree-gp-style,0.0,0.0,0.0,0.0013416596894051437,0.01785850565717693,0.0,1.0,1.1495743610000773,636672,1590,"cos(x3);expr:add(cos(x3),x1);expr:add(sin(x1),square(x3));expr:add(sin(x2),x1)",0.8904 + 0.9082*(cos(x3)+x1) + 0.1745*(sin(x1)+(x3)^2) + 1.007*(sin(x2)+x1) - 1.857*cos(x3),generation budget reached
base,complementary,0.03,300,4,9002,centralized-residual-counterexample-gp,0.0,0.25,0.3333333333333333,0.0011332848270732582,0.013916360354322296,0.0,1.0,0.9664715069999374,0,1619,"expr:add(sin(x1),square(x3));expr:add(sin(x2),x1);expr:sin(add(sin(x1),x1));x1",0.02312 + 0.4938*(sin(x1)+(x3)^2) + 1.002*(sin(x2)+x1) - 0.2713*sin((sin(x1)+x1)) + 0.8416*x1,generation budget reached
base,complementary,0.03,300,4,9003,fedfalsify-v05,1.0,1.0,1.0,1.270468025365394e-06,0.008003496401867071,0.0,1.0,0.31894344199997704,238420,5,sin(x2);x1;x3^2,0.004857 + 2.001·x₁ + 0.498·x₃² + 0.998·sin(x₂),target federated MSE reached; no replacement passed the federated certificate
base,complementary,0.03,300,4,9003,centralized-tree-gp,0.0,0.0,0.0,0.00011112174023195526,0.008374995076279826,0.0,1.0,0.9143229830000337,0,1624,"expr:add(sin(x1),square(x3));expr:add(sin(x2),sin(x2));expr:add(sin(x2),x1);x1^3",0.003926 + 0.4978*(sin(x1)+(x3)^2) - 0.2708*(sin(x2)+sin(x2)) + 1.542*(sin(x2)+x1) + 0.05437*((x1)^2*x1),generation budget reached
base,complementary,0.03,300,4,9003,federated-tree-gp-style,0.0,0.0,0.0,0.00011112174023195875,0.008374995076279828,0.0,1.0,1.1847153390000358,661440,1624,"expr:add(sin(x1),square(x3));expr:add(sin(x2),sin(x2));expr:add(sin(x2),x1);x1^3",0.003926 + 0.4978*(sin(x1)+(x3)^2) - 0.2708*(sin(x2)+sin(x2)) + 1.542*(sin(x2)+x1) + 0.05437*((x1)^2*x1),generation budget reached
base,complementary,0.03,300,4,9003,centralized-residual-counterexample-gp,0.0,0.0,0.0,2.040679676129235e-06,0.008000742344301481,0.0,1.0,0.9400847609999801,0,1598,"expr:add(sin(x1),sin(x2));expr:add(sin(x1),square(x3));expr:add(sin(x2),x1);expr:add(x1,x1)",0.004731 - 0.5032*(sin(x1)+sin(x2)) + 0.4979*(sin(x1)+(x3)^2) + 1.501*(sin(x2)+x1) + 0.2511*(x1+x1),generation budget reached
base,complementary,0.03,300,4,9004,fedfalsify-v05,1.0,1.0,1.0,2.318316474532753e-06,0.008802359492981965,0.0,1.0,0.4105565379999234,238434,5,sin(x2);x1;x3^2,-0.00635 + 2.002·x₁ + 0.502·x₃² + 0.9979·sin(x₂),target federated MSE reached; no replacement passed the federated certificate
base,complementary,0.03,300,4,9004,centralized-tree-gp,0.0,0.25,0.3333333333333333,2.2284443204522495e-06,0.00880128726089242,0.0,1.0,1.4104247550000082,0,1610,"expr:add(cos(x3),cos(x3));expr:add(cos(x3),x1);expr:add(sin(x2),x1);x3^2",0.005226 - 0.5083*(cos(x3)+cos(x3)) + 1.004*(cos(x3)+x1) + 0.9979*(sin(x2)+x1) + 0.4978*(x3)^2,generation budget reached
base,complementary,0.03,300,4,9004,federated-tree-gp-style,0.0,0.25,0.3333333333333333,2.228444320449648e-06,0.008801287260892418,0.0,1.0,1.8865874130000293,650560,1610,"expr:add(cos(x3),cos(x3));expr:add(cos(x3),x1);expr:add(sin(x2),x1);x3^2",0.005226 - 0.5083*(cos(x3)+cos(x3)) + 1.004*(cos(x3)+x1) + 0.9979*(sin(x2)+x1) + 0.4978*(x3)^2,generation budget reached
base,complementary,0.03,300,4,9004,centralized-residual-counterexample-gp,0.0,0.0,0.0,0.00024133875396610416,0.011318630616492008,0.0,1.0,1.3278804100000343,0,1581,"expr:add(sin(x1),x1);expr:add(sin(x2),x1);expr:add(square(x3),x1);expr:sin(add(sin(x1),sin(x2)))",-0.0117 + 0.2569*(sin(x1)+x1) + 1.207*(sin(x2)+x1) + 0.5052*((x3)^2+x1) - 0.3017*sin((sin(x1)+sin(x2))),generation budget reached
base,complementary,0.03,300,4,9005,fedfalsify-v05,1.0,1.0,1.0,8.302592519671647e-07,0.007450110399601983,0.0,1.0,0.29392513100003725,238322,5,sin(x2);x1;x3^2,-0.001747 + 2.002·x₁ + 0.501·x₃² + 1·sin(x₂),target federated MSE reached; no replacement passed the federated certificate
base,complementary,0.03,300,4,9005,centralized-tree-gp,0.0,0.0,0.0,8.302592591190484e-07,0.007450110399601981,0.0,1.0,0.7683296690000816,0,1523,"expr:add(sin(x2),x1);expr:add(square(x3),x1);expr:add(x1,x1)",-0.001747 + 1*(sin(x2)+x1) + 0.501*((x3)^2+x1) + 0.2502*(x1+x1),generation budget reached
base,complementary,0.03,300,4,9005,federated-tree-gp-style,0.0,0.0,0.0,8.302592591215146e-07,0.007450110399601983,0.0,1.0,1.056309515999942,558400,1523,"expr:add(sin(x2),x1);expr:add(square(x3),x1);expr:add(x1,x1)",-0.001747 + 1*(sin(x2)+x1) + 0.501*((x3)^2+x1) + 0.2502*(x1+x1),generation budget reached
base,complementary,0.03,300,4,9005,centralized-residual-counterexample-gp,0.0,0.0,0.0,8.302592591190484e-07,0.007450110399601981,0.0,1.0,0.8858895909999092,0,1544,"expr:add(sin(x2),x1);expr:add(square(x3),x1);expr:add(x1,x1)",-0.001747 + 1*(sin(x2)+x1) + 0.501*((x3)^2+x1) + 0.2502*(x1+x1),generation budget reached
base,complementary,0.1,300,4,9001,fedfalsify-v05,1.0,1.0,1.0,8.355772031635638e-06,0.08671766359900206,0.0,1.0,0.3098127770000474,237878,5,sin(x2);x1;x3^2,-1.409e-05 + 1.999·x₁ + 0.4964·x₃² + 1.004·sin(x₂),target federated MSE reached; no replacement passed the federated certificate
base,complementary,0.1,300,4,9001,centralized-tree-gp,0.0,0.3333333333333333,0.3333333333333333,8.355772024899657e-06,0.08671766359900204,0.0,1.0,0.8395425790000672,0,1613,"expr:add(sin(x2),x1);expr:add(square(x3),x1);x1",-1.409e-05 + 1.004*(sin(x2)+x1) + 0.4964*((x3)^2+x1) + 0.4985*x1,generation budget reached
base,complementary,0.1,300,4,9001,federated-tree-gp-style,0.0,0.3333333333333333,0.3333333333333333,8.355772024893474e-06,0.08671766359900204,0.0,1.0,1.1042994289999797,650688,1613,"expr:add(sin(x2),x1);expr:add(square(x3),x1);x1",-1.409e-05 + 1.004*(sin(x2)+x1) + 0.4964*((x3)^2+x1) + 0.4985*x1,generation budget reached
base,complementary,0.1,300,4,9001,centralized-residual-counterexample-gp,0.0,0.0,0.0,0.020798419761250485,0.24072843332853827,0.0,1.0,0.7565546590000167,0,1499,"expr:add(square(x3),x2);expr:add(x1,x1)",0.06868 + 0.4447*((x3)^2+x2) + 0.9873*(x1+x1),generation budget reached
base,complementary,0.1,300,4,9002,fedfalsify-v05,1.0,1.0,1.0,1.4245414843355602e-05,0.09216926554628456,0.0,1.0,0.3069147129999692,238191,5,sin(x2);x1;x3^2,0.01328 + 1.996·x₁ + 0.497·x₃² + 1.009·sin(x₂),target federated MSE reached; no replacement passed the federated certificate
base,complementary,0.1,300,4,9002,centralized-tree-gp,0.0,0.25,0.3333333333333333,0.004888443903933534,0.1467099190603569,0.0,1.0,0.8414698060000774,0,1586,"expr:add(cos(x2),square(x3));expr:add(sin(x2),x1);expr:sin(add(cos(x3),square(x3)));x1",0.6255 + 0.2818*(cos(x2)+(x3)^2) + 0.9753*(sin(x2)+x1) - 0.5479*sin((cos(x3)+(x3)^2)) + 1.026*x1,generation budget reached
base,complementary,0.1,300,4,9002,federated-tree-gp-style,0.0,0.25,0.3333333333333333,0.004888443903933579,0.1467099190603569,0.0,1.0,1.0916639360000318,624256,1586,"expr:add(cos(x2),square(x3));expr:add(sin(x2),x1);expr:sin(add(cos(x3),square(x3)));x1",0.6255 + 0.2818*(cos(x2)+(x3)^2) + 0.9753*(sin(x2)+x1) - 0.5479*sin((cos(x3)+(x3)^2)) + 1.026*x1,generation budget reached
base,complementary,0.1,300,4,9002,centralized-residual-counterexample-gp,0.0,0.5,0.3333333333333333,0.020276158008720582,0.2438108426403922,0.0,1.0,0.855912031999992,0,1561,"expr:add(square(x3),x2);x1",0.07183 + 0.4543*((x3)^2+x2) + 1.978*x1,generation budget reached
base,complementary,0.1,300,4,9003,fedfalsify-v05,1.0,1.0,1.0,1.4116311383587526e-05,0.08892773779852306,0.0,1.0,0.30609893099995134,237805,5,sin(x2);x1;x3^2,0.01619 + 2.002·x₁ + 0.4933·x₃² + 0.9935·sin(x₂),target federated MSE reached; no replacement passed the federated certificate
base,complementary,0.1,300,4,9003,centralized-tree-gp,0.0,0.0,0.0,0.0020233353113898594,0.09919430737715283,0.0,1.0,1.249410796999996,0,1598,"expr:add(cos(x3),x1);expr:add(sin(x2),x1);expr:add(x1,x1)",1.351 - 1.435*(cos(x3)+x1) + 0.9926*(sin(x2)+x1) + 1.222*(x1+x1),generation budget reached
base,complementary,0.1,300,4,9003,federated-tree-gp-style,0.0,0.0,0.0,0.0020233353113897207,0.09919430737715283,0.0,1.0,1.795792874999961,646784,1598,"expr:add(cos(x3),x1);expr:add(sin(x2),x1);expr:add(x1,x1)",1.351 - 1.435*(cos(x3)+x1) + 0.9926*(sin(x2)+x1) + 1.222*(x1+x1),generation budget reached
base,complementary,0.1,300,4,9003,centralized-residual-counterexample-gp,0.0,0.0,0.0,3.301102323202055e-05,0.08885642444797594,0.0,1.0,1.4127070569999205,0,1564,"expr:add(sin(x2),x1);expr:add(square(x3),square(x3));expr:add(x1,x1)",0.007579 + 0.9933*(sin(x2)+x1) + 0.2549*((x3)^2+(x3)^2) + 0.5043*(x1+x1) - 0.0008999*(((x3)^2+(x3)^2))^2,generation budget reached
base,complementary,0.1,300,4,9004,fedfalsify-v05,1.0,1.0,1.0,2.575907197868184e-05,0.09780399436646631,0.0,1.0,0.4942527790000213,237884,5,sin(x2);x1;x3^2,-0.02117 + 2.006·x₁ + 0.5068·x₃² + 0.9929·sin(x₂),target federated MSE reached; no replacement passed the federated certificate
base,complementary,0.1,300,4,9004,centralized-tree-gp,0.0,0.25,0.3333333333333333,7.360346880852657e-05,0.09730419092321557,0.0,1.0,0.918473027999994,0,1619,"cos(x1);expr:add(sin(x2),x1);expr:add(square(x3),x1);x3^2",-0.007699 + 0.9924*(sin(x2)+x1) + 1.013*((x3)^2+x1) - 0.0383*cos(x1) - 0.5071*(x3*x3),generation budget reached
base,complementary,0.1,300,4,9004,federated-tree-gp-style,0.0,0.25,0.3333333333333333,7.360346880852793e-05,0.09730419092321556,0.0,1.0,1.1396240099999204,650816,1619,"cos(x1);expr:add(sin(x2),x1);expr:add(square(x3),x1);x3^2",-0.007699 + 0.9924*(sin(x2)+x1) + 1.013*((x3)^2+x1) - 0.0383*cos(x1) - 0.5071*(x3*x3),generation budget reached
base,complementary,0.1,300,4,9004,centralized-residual-counterexample-gp,0.0,0.3333333333333333,0.3333333333333333,2.575907199616337e-05,0.09780399436646628,0.0,1.0,0.815471443999968,0,1522,"expr:add(sin(x2),x1);expr:add(square(x3),x1);x1",-0.02117 + 0.9929*(sin(x2)+x1) + 0.5068*((x3)^2+x1) + 0.5063*x1,generation budget reached
base,complementary,0.1,300,4,9005,fedfalsify-v05,1.0,1.0,1.0,9.225102858051827e-06,0.08277900444002204,0.0,1.0,0.29668448699999317,237787,5,sin(x2);x1;x3^2,-0.005824 + 2.005·x₁ + 0.5034·x₃² + 1·sin(x₂),target federated MSE reached; no replacement passed the federated certificate
base,complementary,0.1,300,4,9005,centralized-tree-gp,0.0,0.3333333333333333,0.3333333333333333,9.225102878840664e-06,0.08277900444002205,0.0,1.0,0.8764133079999965,0,1606,"expr:add(sin(x2),x1);expr:add(square(x3),x1);x1",-0.005824 + 1*(sin(x2)+x1) + 0.5034*((x3)^2+x1) + 0.5014*x1,generation budget reached
base,complementary,0.1,300,4,9005,federated-tree-gp-style,0.0,0.3333333333333333,0.3333333333333333,9.225102878840086e-06,0.08277900444002205,0.0,1.0,1.1667065189999448,629760,1606,"expr:add(sin(x2),x1);expr:add(square(x3),x1);x1",-0.005824 + 1*(sin(x2)+x1) + 0.5034*((x3)^2+x1) + 0.5014*x1,generation budget reached
base,complementary,0.1,300,4,9005,centralized-residual-counterexample-gp,0.0,0.0,0.0,0.002303489081495017,0.10406805796425536,0.0,1.0,0.9796373049999829,0,1630,"expr:add(sin(x2),x1);expr:add(square(x3),x1);expr:sin(add(cos(x3),cos(x3)))",-0.9571 + 1.099*(sin(x2)+x1) + 0.8741*((x3)^2+x1) + 0.8464*sin((cos(x3)+cos(x3))),generation budget reached
base,spurious,0.03,300,4,9001,fedfalsify-v05,1.0,1.0,1.0,4.3528017871408766e-07,0.008048545868525867,0.0,1.0,0.2977766530000281,238408,5,sin(x2);x1;x3^2,-0.001257 + 1.999·x₁ + 0.5004·x₃² + 1.001·sin(x₂),target federated MSE reached; no replacement passed the federated certificate
base,spurious,0.03,300,4,9001,centralized-tree-gp,0.0,0.3333333333333333,0.3333333333333333,4.35280175492941e-07,0.008048545868525867,0.0,1.0,0.8768112430000201,0,1609,"expr:add(sin(x2),x1);expr:add(square(x3),x1);x1",-0.001257 + 1.001*(sin(x2)+x1) + 0.5004*((x3)^2+x1) + 0.4977*x1,generation budget reached
base,spurious,0.03,300,4,9001,federated-tree-gp-style,0.0,0.3333333333333333,0.3333333333333333,4.352801754947656e-07,0.008048545868525865,0.0,1.0,1.146184930000004,657152,1609,"expr:add(sin(x2),x1);expr:add(square(x3),x1);x1",-0.001257 + 1.001*(sin(x2)+x1) + 0.5004*((x3)^2+x1) + 0.4977*x1,generation budget reached
base,spurious,0.03,300,4,9001,centralized-residual-counterexample-gp,0.0,0.3333333333333333,0.3333333333333333,4.35280175492941e-07,0.008048545868525867,0.0,1.0,0.9110573320000412,0,1628,"expr:add(sin(x2),x1);expr:add(square(x3),x1);x1",-0.001257 + 1.001*(sin(x2)+x1) + 0.5004*((x3)^2+x1) + 0.4977*x1,generation budget reached
base,spurious,0.03,300,4,9002,fedfalsify-v05,1.0,1.0,1.0,5.339818494044509e-06,0.008010614575465943,0.0,1.0,0.4845843509999668,506491,5,sin(x2);x1;x3^2,-0.001567 + 1.995·x₁ + 0.5009·x₃² + 0.9989·sin(x₂),target federated MSE reached; no replacement passed the federated certificate
base,spurious,0.03,300,4,9002,centralized-tree-gp,0.0,0.0,0.0,0.016810828644684254,0.05124282590362561,0.0,1.0,1.2962497009999652,0,1573,"expr:add(sin(x1),square(x3));expr:add(sin(x1),x1);expr:add(sin(x2),x1);expr:mul(sin(x1),square(x1))",0.05409 + 0.4863*(sin(x1)+(x3)^2) + 0.1817*(sin(x1)+x1) + 1.07*(sin(x2)+x1) + 0.2729*(sin(x1)*(x1)^2),generation budget reached
base,spurious,0.03,300,4,9002,federated-tree-gp-style,0.0,0.0,0.0,0.016810828644684153,0.051242825903625625,0.0,1.0,1.7995466669999587,614720,1573,"expr:add(sin(x1),square(x3));expr:add(sin(x1),x1);expr:add(sin(x2),x1);expr:mul(sin(x1),square(x1))",0.05409 + 0.4863*(sin(x1)+(x3)^2) + 0.1817*(sin(x1)+x1) + 1.07*(sin(x2)+x1) + 0.2729*(sin(x1)*(x1)^2),generation budget reached
base,spurious,0.03,300,4,9002,centralized-residual-counterexample-gp,0.0,0.0,0.0,0.017074446465062777,0.08659602054773949,0.0,1.0,1.439364454999918,0,1592,"expr:add(sin(x1),square(x3));expr:add(sin(x1),x1);expr:add(sin(x2),x1)",0.07472 + 0.4754*(sin(x1)+(x3)^2) + 0.3864*(sin(x1)+x1) + 1.14*(sin(x2)+x1),generation budget reached
base,spurious,0.03,300,4,9003,fedfalsify-v05,1.0,1.0,1.0,4.468983494479233e-06,0.008050453712914326,0.0,1.0,0.3625048080000397,238519,5,sin(x2);x1;x3^2,0.00153 + 1.996·x₁ + 0.4986·x₃² + 1.005·sin(x₂),target federated MSE reached; no replacement passed the federated certificate
base,spurious,0.03,300,4,9003,centralized-tree-gp,0.0,0.0,0.0,0.0019250818655936143,0.019658174205551108,0.0,1.0,0.8020739400000139,0,1531,"expr:add(cos(x3),x1);expr:add(sin(x2),sin(x2));expr:add(x1,x1)",1.353 - 1.454*(cos(x3)+x1) + 0.5008*(sin(x2)+sin(x2)) + 1.727*(x1+x1),generation budget reached
base,spurious,0.03,300,4,9003,federated-tree-gp-style,0.0,0.0,0.0,0.0019250818655936306,0.019658174205551108,0.0,1.0,1.0265428000000156,561792,1531,"expr:add(cos(x3),x1);expr:add(sin(x2),sin(x2));expr:add(x1,x1)",1.353 - 1.454*(cos(x3)+x1) + 0.5008*(sin(x2)+sin(x2)) + 1.727*(x1+x1),generation budget reached
base,spurious,0.03,300,4,9003,centralized-residual-counterexample-gp,0.0,0.0,0.0,4.0154817077788304e-06,0.008049829905805321,0.0,1.0,0.8880689449999863,0,1573,"expr:add(sin(x1),sin(x2));expr:add(sin(x1),square(x3));expr:add(sin(x2),x1);expr:add(x1,x1)",0.001472 - 0.501*(sin(x1)+sin(x2)) + 0.4985*(sin(x1)+(x3)^2) + 1.506*(sin(x2)+x1) + 0.2457*(x1+x1),generation budget reached
base,spurious,0.03,300,4,9004,fedfalsify-v05,1.0,1.0,1.0,6.983426197936253e-07,0.008805064425125167,0.0,1.0,0.7158293940000249,775143,5,sin(x2);x1;x3^2,-0.0009822 + 2·x₁ + 0.4994·x₃² + 0.9981·sin(x₂),target federated MSE reached; no replacement passed the federated certificate
base,spurious,0.03,300,4,9004,centralized-tree-gp,0.0,0.6666666666666666,0.6666666666666666,7.150183020343284e-07,0.00880473451073475,0.0,1.0,0.8078124810000418,0,1572,"expr:add(sin(x2),x1);x1;x3^2",-0.0008302 + 0.9982*(sin(x2)+x1) - 0.0008041*sin((cos(x2)+x3)) + 0.4993*(x3)^2 + 1.001*x1,generation budget reached
base,spurious,0.03,300,4,9004,federated-tree-gp-style,0.0,0.6666666666666666,0.6666666666666666,7.150183020345636e-07,0.00880473451073475,0.0,1.0,1.073826060999977,609984,1572,"expr:add(sin(x2),x1);x1;x3^2",-0.0008302 + 0.9982*(sin(x2)+x1) - 0.0008041*sin((cos(x2)+x3)) + 0.4993*(x3)^2 + 1.001*x1,generation budget reached
base,spurious,0.03,300,4,9004,centralized-residual-counterexample-gp,0.0,0.3333333333333333,0.3333333333333333,0.002100200050618774,0.02335900183400465,0.0,1.0,0.8368060369999739,0,1560,"expr:add(cos(x3),cos(x3));expr:add(sin(x2),x1);x1",1.354 - 0.7306*(cos(x3)+cos(x3)) + 0.9993*(sin(x2)+x1) + 0.9977*x1,generation budget reached
base,spurious,0.03,300,4,9005,fedfalsify-v05,1.0,1.0,1.0,7.714659250768961e-07,0.007527004536516913,0.0,1.0,0.2977977609999698,238650,5,sin(x2);x1;x3^2,-0.0009211 + 1.999·x₁ + 0.501·x₃² + 0.9975·sin(x₂),target federated MSE reached; no replacement passed the federated certificate
base,spurious,0.03,300,4,9005,centralized-tree-gp,0.0,0.0,0.0,7.686983573409572e-07,0.007525765927427619,0.0,1.0,0.9043770299999778,0,1623,"expr:add(sin(x1),sin(x2));expr:add(sin(x1),square(x3));expr:add(sin(x2),x1);expr:add(x1,x1)",-0.0009518 - 0.5045*(sin(x1)+sin(x2)) + 0.5009*(sin(x1)+(x3)^2) + 1.502*(sin(x2)+x1) + 0.2495*(x1+x1),generation budget reached
base,spurious,0.03,300,4,9005,federated-tree-gp-style,0.0,0.0,0.0,7.686983573400038e-07,0.007525765927427619,0.0,1.0,1.5259020099999816,674432,1623,"expr:add(sin(x1),sin(x2));expr:add(sin(x1),square(x3));expr:add(sin(x2),x1);expr:add(x1,x1)",-0.0009518 - 0.5045*(sin(x1)+sin(x2)) + 0.5009*(sin(x1)+(x3)^2) + 1.502*(sin(x2)+x1) + 0.2495*(x1+x1),generation budget reached
base,spurious,0.03,300,4,9005,centralized-residual-counterexample-gp,0.0,0.0,0.0,0.0005324788731171847,0.010448176213525954,0.0,1.0,0.9732938920000151,0,1625,"expr:add(cos(x3),square(x3));expr:add(sin(x2),x1);expr:add(x1,x1)",-0.6972 + 0.7577*(cos(x3)+(x3)^2) + 0.9967*(sin(x2)+x1) + 0.5008*(x1+x1),generation budget reached
base,spurious,0.1,300,4,9001,fedfalsify-v05,1.0,1.0,1.0,4.836446399485759e-06,0.08942828742806519,0.0,1.0,0.44319282699996165,237839,5,sin(x2);x1;x3^2,-0.00419 + 1.996·x₁ + 0.5012·x₃² + 1.002·sin(x₂),target federated MSE reached; no replacement passed the federated certificate
base,spurious,0.1,300,4,9001,centralized-tree-gp,0.0,0.3333333333333333,0.3333333333333333,4.836446388694421e-06,0.0894282874280652,0.0,1.0,1.3591010949999145,0,1583,"expr:add(sin(x2),x1);expr:add(square(x3),x1);x1",-0.00419 + 1.002*(sin(x2)+x1) + 0.5012*((x3)^2+x1) + 0.4925*x1,generation budget reached
base,spurious,0.1,300,4,9001,federated-tree-gp-style,0.0,0.3333333333333333,0.3333333333333333,4.836446388698586e-06,0.0894282874280652,0.0,1.0,1.7023718479999843,614272,1583,"expr:add(sin(x2),x1);expr:add(square(x3),x1);x1",-0.00419 + 1.002*(sin(x2)+x1) + 0.5012*((x3)^2+x1) + 0.4925*x1,generation budget reached
base,spurious,0.1,300,4,9001,centralized-residual-counterexample-gp,0.0,0.0,0.0,0.0028986212921678026,0.11609672867887,0.0,1.0,1.310926393999921,0,1559,"expr:add(sin(x2),x1);expr:add(x1,x1);expr:square(mul(sin(x3),square(x3)))",0.2288 + 1.007*(sin(x2)+x1) + 0.4945*(x1+x1) + 0.1512*((sin(x3)*(x3)^2))^2,generation budget reached
base,spurious,0.1,300,4,9002,fedfalsify-v05,1.0,1.0,1.0,5.9331316464775485e-05,0.08900682861628831,0.0,1.0,0.4902107599999681,505762,5,sin(x2);x1;x3^2,-0.005224 + 1.984·x₁ + 0.5029·x₃² + 0.9962·sin(x₂),target federated MSE reached; no replacement passed the federated certificate
base,spurious,0.1,300,4,9002,centralized-tree-gp,0.0,0.25,0.3333333333333333,8.084330453518647e-05,0.08875259399808277,1.0,1.0,0.8351028339999402,0,1588,"expr:add(sin(x2),x1);expr:add(square(x3),square(x4));expr:add(square(x4),x1);x1",0.005823 + 0.9957*(sin(x2)+x1) + 0.5038*((x3)^2+(x4)^2) - 0.516*((x4)^2+x1) + 1.505*x1,generation budget reached
base,spurious,0.1,300,4,9002,federated-tree-gp-style,0.0,0.25,0.3333333333333333,8.08433045351914e-05,0.08875259399808277,1.0,1.0,1.1100248870000087,638272,1588,"expr:add(sin(x2),x1);expr:add(square(x3),square(x4));expr:add(square(x4),x1);x1",0.005823 + 0.9957*(sin(x2)+x1) + 0.5038*((x3)^2+(x4)^2) - 0.516*((x4)^2+x1) + 1.505*x1,generation budget reached
base,spurious,0.1,300,4,9002,centralized-residual-counterexample-gp,0.0,0.0,0.0,0.015504843707800486,0.17114596266035736,0.0,1.0,0.9364050659999066,0,1624,"expr:add(sin(x1),x1);expr:add(sin(x2),x1);expr:cos(mul(sin(x3),sin(x3)));expr:square(add(sin(x1),square(x3)))",1.726 + 0.4934*(sin(x1)+x1) + 1.112*(sin(x2)+x1) - 1.686*cos((sin(x3)*sin(x3))) + 0.07493*((sin(x1)+(x3)^2))^2,generation budget reached
base,spurious,0.1,300,4,9003,fedfalsify-v05,1.0,1.0,1.0,4.965537208906195e-05,0.08944948569904809,0.0,1.0,0.31579221499998766,237960,5,sin(x2);x1;x3^2,0.005102 + 1.988·x₁ + 0.4952·x₃² + 1.018·sin(x₂),target federated MSE reached; no replacement passed the federated certificate
base,spurious,0.1,300,4,9003,centralized-tree-gp,0.0,0.0,0.0,6.951003552439961e-05,0.0893564498142883,0.0,1.0,0.7850252810000029,0,1554,"expr:add(cos(x3),x1);expr:add(sin(x2),x1);expr:add(square(x3),square(x3));expr:add(x1,x1)",0.1228 - 0.1281*(cos(x3)+x1) + 1.017*(sin(x2)+x1) + 0.2261*((x3)^2+(x3)^2) + 0.5496*(x1+x1),generation budget reached
base,spurious,0.1,300,4,9003,federated-tree-gp-style,0.0,0.0,0.0,6.951003552421237e-05,0.08935644981428828,0.0,1.0,1.009978865999983,588864,1554,"expr:add(cos(x3),x1);expr:add(sin(x2),x1);expr:add(square(x3),square(x3));expr:add(x1,x1)",0.1228 - 0.1281*(cos(x3)+x1) + 1.017*(sin(x2)+x1) + 0.2261*((x3)^2+(x3)^2) + 0.5496*(x1+x1),generation budget reached
base,spurious,0.1,300,4,9003,centralized-residual-counterexample-gp,0.0,0.0,0.0,0.0020070708043579415,0.09942869050298273,0.0,1.0,0.8291325440000037,0,1558,"expr:add(cos(x3),x1);expr:add(sin(x2),x1);expr:add(x1,x1)",1.349 - 1.446*(cos(x3)+x1) + 1.014*(sin(x2)+x1) + 1.212*(x1+x1),generation budget reached
base,spurious,0.1,300,4,9004,fedfalsify-v05,1.0,1.0,1.0,7.75936239709359e-06,0.09783404916805741,0.0,1.0,0.6873731310000721,774875,5,sin(x2);x1;x3^2,-0.003274 + 1.999·x₁ + 0.4978·x₃² + 0.9938·sin(x₂),target federated MSE reached; no replacement passed the federated certificate
base,spurious,0.1,300,4,9004,centralized-tree-gp,0.0,0.0,0.0,0.006445352325815971,0.14610683847495495,0.0,1.0,0.9162504429999672,0,1624,"expr:add(cos(x3),sin(x1));expr:add(sin(x2),x1);expr:add(x1,x1);expr:square(add(sin(x1),square(x3)))",0.712 - 0.6094*(cos(x3)+sin(x1)) + 0.9788*(sin(x2)+x1) + 0.6216*(x1+x1) + 0.05556*((sin(x1)+(x3)^2))^2,generation budget reached
base,spurious,0.1,300,4,9004,federated-tree-gp-style,0.0,0.0,0.0,0.006445352325816039,0.14610683847495495,0.0,1.0,1.1927236270000776,653568,1624,"expr:add(cos(x3),sin(x1));expr:add(sin(x2),x1);expr:add(x1,x1);expr:square(add(sin(x1),square(x3)))",0.712 - 0.6094*(cos(x3)+sin(x1)) + 0.9788*(sin(x2)+x1) + 0.6216*(x1+x1) + 0.05556*((sin(x1)+(x3)^2))^2,generation budget reached
base,spurious,0.1,300,4,9004,centralized-residual-counterexample-gp,0.0,0.0,0.0,0.0018327704486382503,0.10982273514418418,0.0,1.0,1.0834085510000477,0,1600,"expr:add(sin(x1),sin(x3));expr:add(sin(x1),x1);expr:add(sin(x2),x1);expr:add(sin(x3),square(x3))",-0.004494 - 0.5351*(sin(x1)+sin(x3)) + 0.7999*(sin(x1)+x1) + 1.051*(sin(x2)+x1) + 0.5071*(sin(x3)+(x3)^2),generation budget reached
base,spurious,0.1,300,4,9005,fedfalsify-v05,1.0,1.0,1.0,8.571843577259278e-06,0.08363338373907682,0.0,1.0,0.4061376500000051,238031,5,sin(x2);x1;x3^2,-0.00307 + 1.997·x₁ + 0.5032·x₃² + 0.9915·sin(x₂),target federated MSE reached; no replacement passed the federated certificate
base,spurious,0.1,300,4,9005,centralized-tree-gp,0.0,0.3333333333333333,0.3333333333333333,8.571843550523395e-06,0.08363338373907683,0.0,1.0,1.4073681479999323,0,1601,"expr:add(sin(x2),square(x3));expr:add(sin(x2),x1);x1",-0.00307 + 0.5032*(sin(x2)+(x3)^2) + 0.4883*(sin(x2)+x1) + 1.508*x1,generation budget reached
base,spurious,0.1,300,4,9005,federated-tree-gp-style,0.0,0.3333333333333333,0.3333333333333333,8.57184355052342e-06,0.0836333837390768,0.0,1.0,1.7791372350000074,643200,1601,"expr:add(sin(x2),square(x3));expr:add(sin(x2),x1);x1",-0.00307 + 0.5032*(sin(x2)+(x3)^2) + 0.4883*(sin(x2)+x1) + 1.508*x1,generation budget reached
base,spurious,0.1,300,4,9005,centralized-residual-counterexample-gp,0.0,0.3333333333333333,0.3333333333333333,8.571843550523395e-06,0.08363338373907683,0.0,1.0,1.1401451500000803,0,1577,"expr:add(sin(x2),square(x3));expr:add(sin(x2),x1);x1",-0.00307 + 0.5032*(sin(x2)+(x3)^2) + 0.4883*(sin(x2)+x1) + 1.508*x1,generation budget reached
base,exception,0.03,300,4,9001,fedfalsify-v05,1.0,1.0,1.0,3.197636875545379e-06,0.013252114494284428,0.0,1.0,1.3246711460000142,1424641,8,I(x3>1)*x3^2;sin(x2);x1;x3^2,0.0007762 + 1.999·x₁ + 0.7545·𝟙[x₃>1]·x₃² + 1.001·sin(x₂) + 0.4964·x₃²,target federated MSE reached; no replacement passed the federated certificate
base,exception,0.03,300,4,9001,centralized-tree-gp,0.0,0.25,0.25,0.0074677452740110825,0.10830508897404817,0.0,0.0,0.8872612919999483,0,1604,"expr:add(sin(x2),square(x3));expr:add(sin(x2),x3);expr:square(add(sin(x3),square(x3)));x1",0.07261 + 0.5995*(sin(x2)+(x3)^2) + 0.4685*(sin(x2)+x3) + 0.05654*((sin(x3)+(x3)^2))^2 + 2.017*x1,generation budget reached
base,exception,0.03,300,4,9001,federated-tree-gp-style,0.0,0.25,0.25,0.007467745274011104,0.10830508897404817,0.0,0.0,1.1651692909999838,673856,1604,"expr:add(sin(x2),square(x3));expr:add(sin(x2),x3);expr:square(add(sin(x3),square(x3)));x1",0.07261 + 0.5995*(sin(x2)+(x3)^2) + 0.4685*(sin(x2)+x3) + 0.05654*((sin(x3)+(x3)^2))^2 + 2.017*x1,generation budget reached
base,exception,0.03,300,4,9001,centralized-residual-counterexample-gp,0.0,0.25,0.25,0.019047089277585732,0.2134730391101143,0.0,0.0,0.9310537840000279,0,1599,"expr:add(sin(x1),sin(x2));expr:square(add(sin(x3),square(x3)));expr:square(mul(sin(x3),sin(x3)));x1",-0.1198 + 0.8803*(sin(x1)+sin(x2)) + 0.1676*((sin(x3)+(x3)^2))^2 + 1.07*((sin(x3)*sin(x3)))^2 + 1.586*x1,generation budget reached
base,exception,0.03,300,4,9002,fedfalsify-v05,1.0,1.0,1.0,2.4431127496100475e-06,0.014931567298211898,0.0,1.0,0.4119603870000219,308068,7,I(x3>1)*x3^2;sin(x2);x1;x3^2,0.006457 + 1.999·x₁ + 0.7486·𝟙[x₃>1]·x₃² + 0.4992·x₃² + 1.005·sin(x₂),target federated MSE reached; no replacement passed the federated certificate
base,exception,0.03,300,4,9002,centralized-tree-gp,0.0,0.0,0.0,0.018357488359893172,0.21203766734841822,0.0,0.0,0.8513437139999951,0,1559,"expr:add(cos(x3),square(x3));expr:add(sin(x1),sin(x2));expr:add(square(x3),x3);expr:add(x1,x1)",-0.3638 + 0.2762*(cos(x3)+(x3)^2) + 0.8252*(sin(x1)+sin(x2)) + 0.732*((x3)^2+x3) + 0.7962*(x1+x1),generation budget reached
base,exception,0.03,300,4,9002,federated-tree-gp-style,0.0,0.0,0.0,0.018357488359892978,0.21203766734841825,0.0,0.0,1.0767355599999746,617600,1559,"expr:add(cos(x3),square(x3));expr:add(sin(x1),sin(x2));expr:add(square(x3),x3);expr:add(x1,x1)",-0.3638 + 0.2762*(cos(x3)+(x3)^2) + 0.8252*(sin(x1)+sin(x2)) + 0.732*((x3)^2+x3) + 0.7962*(x1+x1),generation budget reached
base,exception,0.03,300,4,9002,centralized-residual-counterexample-gp,0.0,0.0,0.0,0.018357488359893172,0.21203766734841822,0.0,0.0,0.874700293999922,0,1559,"expr:add(cos(x3),square(x3));expr:add(sin(x1),sin(x2));expr:add(square(x3),x3);expr:add(x1,x1)",-0.3638 + 0.2762*(cos(x3)+(x3)^2) + 0.8252*(sin(x1)+sin(x2)) + 0.732*((x3)^2+x3) + 0.7962*(x1+x1),generation budget reached
base,exception,0.03,300,4,9003,fedfalsify-v05,1.0,1.0,1.0,1.879644940404333e-06,0.013957665751909243,0.0,1.0,0.8242678799999794,862239,7,I(x3>1)*x3^2;sin(x2);x1;x3^2,0.004322 + 2.002·x₁ + 0.7475·𝟙[x₃>1]·x₃² + 0.9982·sin(x₂) + 0.5002·x₃²,target federated MSE reached; no replacement passed the federated certificate
base,exception,0.03,300,4,9003,centralized-tree-gp,0.0,0.25,0.25,0.0042524445371035745,0.06951354636308335,0.0,0.0,0.8649667290000025,0,1620,"expr:add(sin(x2),x3);expr:add(square(x3),x1);expr:square(add(cos(x3),sin(x3)));x3^2",0.2617 + 0.7202*(sin(x2)+x3) + 2.01*((x3)^2+x1) - 0.3994*((cos(x3)+sin(x3)))^2 - 1.099*(x3)^2,generation budget reached
base,exception,0.03,300,4,9003,federated-tree-gp-style,0.0,0.25,0.25,0.004252444537103576,0.06951354636308338,0.0,0.0,1.6980948239998952,662656,1620,"expr:add(sin(x2),x3);expr:add(square(x3),x1);expr:square(add(cos(x3),sin(x3)));x3^2",0.2617 + 0.7202*(sin(x2)+x3) + 2.01*((x3)^2+x1) - 0.3994*((cos(x3)+sin(x3)))^2 - 1.099*(x3)^2,generation budget reached
base,exception,0.03,300,4,9003,centralized-residual-counterexample-gp,0.0,0.25,0.25,0.00715783705880939,0.11521665826798558,0.0,0.0,1.4568454870000096,0,1633,"expr:add(sin(x2),x3);expr:add(square(x3),x1);x3;x3^2",-0.04351 + 0.9924*(sin(x2)+x3) + 2.024*((x3)^2+x1) - 1.136*(x3)^2 - 0.3222*x3,generation budget reached
base,exception,0.03,300,4,9004,fedfalsify-v05,1.0,1.0,1.0,3.7851839964582132e-06,0.014734692957148254,0.0,1.0,0.6254774499999485,307987,7,I(x3>1)*x3^2;sin(x2);x1;x3^2,-0.007376 + 2.003·x₁ + 0.7474·𝟙[x₃>1]·x₃² + 0.5028·x₃² + 0.9978·sin(x₂),target federated MSE reached; no replacement passed the federated certificate
base,exception,0.03,300,4,9004,centralized-tree-gp,0.0,0.0,0.0,0.00593202039385161,0.10175993965980515,1.0,0.0,1.4308947240000407,0,1587,"expr:add(sin(x2),x1);expr:add(square(x3),x1);expr:add(x3,x3);expr:sin(add(cos(x4),sin(x3)))",0.07587 + 1.088*(sin(x2)+x1) + 0.8998*((x3)^2+x1) + 0.4006*(x3+x3) - 0.4032*sin((cos(x4)+sin(x3))),generation budget reached
base,exception,0.03,300,4,9004,federated-tree-gp-style,0.0,0.0,0.0,0.00593202039385162,0.10175993965980515,1.0,0.0,1.087450624999974,631488,1587,"expr:add(sin(x2),x1);expr:add(square(x3),x1);expr:add(x3,x3);expr:sin(add(cos(x4),sin(x3)))",0.07587 + 1.088*(sin(x2)+x1) + 0.8998*((x3)^2+x1) + 0.4006*(x3+x3) - 0.4032*sin((cos(x4)+sin(x3))),generation budget reached
base,exception,0.03,300,4,9004,centralized-residual-counterexample-gp,0.0,0.0,0.0,0.00593202039385161,0.10175993965980515,1.0,0.0,0.8974253459999773,0,1614,"expr:add(sin(x2),x1);expr:add(square(x3),x1);expr:add(x3,x3);expr:sin(add(cos(x4),sin(x3)))",0.07587 + 1.088*(sin(x2)+x1) + 0.8998*((x3)^2+x1) + 0.4006*(x3+x3) - 0.4032*sin((cos(x4)+sin(x3))),generation budget reached
base,exception,0.03,300,4,9005,fedfalsify-v05,1.0,1.0,1.0,1.2927968461454029e-06,0.012690080242713769,0.0,1.0,0.4045290029999933,307776,7,I(x3>1)*x3^2;sin(x2);x1;x3^2,-0.0003298 + 2.001·x₁ + 0.7529·𝟙[x₃>1]·x₃² + 0.4986·x₃² + 0.9994·sin(x₂),target federated MSE reached; no replacement passed the federated certificate
base,exception,0.03,300,4,9005,centralized-tree-gp,0.0,0.25,0.25,0.001149869254107417,0.026027863280413233,0.0,1.0,0.8448347259999309,0,1572,"I(x3>1)*x3^2;cos(x3);expr:add(sin(x2),x1);expr:add(square(x3),x1)",-1.134 + 1.071*(sin(x2)+x1) + 0.9193*((x3)^2+x1) + 1.245*cos(x3) + 0.7248*I(x3>1)*((x3)^2),generation budget reached
base,exception,0.03,300,4,9005,federated-tree-gp-style,0.0,0.25,0.25,0.0011498692541074122,0.026027863280413233,0.0,1.0,1.113784289000023,631616,1572,"I(x3>1)*x3^2;cos(x3);expr:add(sin(x2),x1);expr:add(square(x3),x1)",-1.134 + 1.071*(sin(x2)+x1) + 0.9193*((x3)^2+x1) + 1.245*cos(x3) + 0.7248*I(x3>1)*((x3)^2),generation budget reached
base,exception,0.03,300,4,9005,centralized-residual-counterexample-gp,0.0,0.0,0.0,0.00150863308418277,0.03464216744086177,0.0,0.0,0.9087545219999811,0,1583,"expr:add(sin(x2),x1);expr:add(square(x3),x1);expr:add(x3,x3);expr:square(add(cos(x3),x3))",0.05509 + 0.9364*(sin(x2)+x1) + 1.087*((x3)^2+x1) + 0.2845*(x3+x3) - 0.2217*((cos(x3)+x3))^2,generation budget reached
base,exception,0.1,300,4,9001,fedfalsify-v05,1.0,1.0,1.0,3.552929857639323e-05,0.14724571660316033,0.0,1.0,1.2388708370000359,1380477,7,I(x3>1)*x3^2;sin(x2);x1;x3^2,0.002587 + 1.996·x₁ + 0.7649·𝟙[x₃>1]·x₃² + 1.002·sin(x₂) + 0.4881·x₃²,target federated MSE reached; no replacement passed the federated certificate
base,exception,0.1,300,4,9001,centralized-tree-gp,0.0,0.0,0.0,0.012050529962279306,0.3349676309910132,1.0,0.0,0.9354164579999633,0,1614,"expr:add(cos(x3),cos(x3));expr:add(sin(x2),x3);expr:add(square(x3),x1);expr:square(add(sin(x4),square(x3)))",-2.637 + 1.315*(cos(x3)+cos(x3)) + 0.7598*(sin(x2)+x3) + 1.983*((x3)^2+x1) - 0.04371*((sin(x4)+(x3)^2))^2,generation budget reached
base,exception,0.1,300,4,9001,federated-tree-gp-style,0.0,0.0,0.0,0.01205052996227939,0.334967630991013,1.0,0.0,1.2026552519999996,685568,1614,"expr:add(cos(x3),cos(x3));expr:add(sin(x2),x3);expr:add(square(x3),x1);expr:square(add(sin(x4),square(x3)))",-2.637 + 1.315*(cos(x3)+cos(x3)) + 0.7598*(sin(x2)+x3) + 1.983*((x3)^2+x1) - 0.04371*((sin(x4)+(x3)^2))^2,generation budget reached
base,exception,0.1,300,4,9001,centralized-residual-counterexample-gp,0.0,0.25,0.25,0.029128798244575687,0.43765057608031993,0.0,1.0,1.0105242750000798,0,1642,"I(x3>1)*x3^2;expr:add(sin(x2),x3);expr:add(square(x3),x1);expr:mul(sin(x1),square(x1))",-0.185 + 0.8239*(sin(x2)+x3) + 0.9798*((x3)^2+x1) - 0.07723*I(x3>1)*((x3)^2) + 0.6632*(sin(x1)*(x1)^2),generation budget reached
base,exception,0.1,300,4,9002,fedfalsify-v05,1.0,1.0,1.0,2.7145697244529496e-05,0.16590630331346556,0.0,1.0,1.788606867999988,1346285,7,I(x3>1)*x3^2;sin(x2);x1;x3^2,0.02152 + 1.996·x₁ + 0.7455·𝟙[x₃>1]·x₃² + 1.016·sin(x₂) + 0.4974·x₃²,target federated MSE reached; no replacement passed the federated certificate
base,exception,0.1,300,4,9002,centralized-tree-gp,0.0,0.0,0.0,0.007258333653138604,0.26538648706956497,0.0,0.0,1.4373442520000026,0,1599,"expr:add(sin(x2),x1);expr:add(square(x3),x3);expr:add(x1,x1);expr:add(x1,x3)",-0.05417 + 1.034*(sin(x2)+x1) + 0.8986*((x3)^2+x3) + 0.5946*(x1+x1) - 0.2249*(x1+x3),generation budget reached
base,exception,0.1,300,4,9002,federated-tree-gp-style,0.0,0.0,0.0,0.007258333653138622,0.26538648706956497,0.0,0.0,2.212238292000052,655104,1599,"expr:add(sin(x2),x1);expr:add(square(x3),x3);expr:add(x1,x1);expr:add(x1,x3)",-0.05417 + 1.034*(sin(x2)+x1) + 0.8986*((x3)^2+x3) + 0.5946*(x1+x1) - 0.2249*(x1+x3),generation budget reached
base,exception,0.1,300,4,9002,centralized-residual-counterexample-gp,0.0,0.0,0.0,0.007258333653138604,0.26538648706956497,0.0,0.0,0.938186987999984,0,1595,"expr:add(sin(x2),x1);expr:add(square(x3),x3);expr:add(x1,x1);expr:add(x1,x3)",-0.05417 + 1.034*(sin(x2)+x1) + 0.8986*((x3)^2+x3) + 0.5946*(x1+x1) - 0.2249*(x1+x3),generation budget reached
base,exception,0.1,300,4,9003,fedfalsify-v05,1.0,1.0,1.0,2.0884943826306124e-05,0.15508517502121386,0.0,1.0,1.102748348000091,1225504,7,I(x3>1)*x3^2;sin(x2);x1;x3^2,0.01441 + 2.005·x₁ + 0.7418·𝟙[x₃>1]·x₃² + 0.9939·sin(x₂) + 0.5007·x₃²,target federated MSE reached; no replacement passed the federated certificate
base,exception,0.1,300,4,9003,centralized-tree-gp,0.0,0.0,0.0,0.07325741780882848,0.72105512488075,1.0,0.0,0.8797788359999004,0,1600,"expr:add(sin(x1),sin(x1));expr:add(sin(x1),x1);expr:add(sin(x4),x3);expr:add(square(x3),x2)",0.3952 - 1.107*(sin(x1)+sin(x1)) + 2.105*(sin(x1)+x1) + 0.4186*(sin(x4)+x3) + 0.7015*((x3)^2+x2),generation budget reached
base,exception,0.1,300,4,9003,federated-tree-gp-style,0.0,0.0,0.0,0.07325741780882812,0.7210551248807499,1.0,0.0,1.1352572110000665,639232,1600,"expr:add(sin(x1),sin(x1));expr:add(sin(x1),x1);expr:add(sin(x4),x3);expr:add(square(x3),x2)",0.3952 - 1.107*(sin(x1)+sin(x1)) + 2.105*(sin(x1)+x1) + 0.4186*(sin(x4)+x3) + 0.7015*((x3)^2+x2),generation budget reached
base,exception,0.1,300,4,9003,centralized-residual-counterexample-gp,0.0,0.0,0.0,0.008833165032856971,0.2593933367154324,0.0,0.0,0.9880897749999349,0,1596,"expr:add(sin(x2),x1);expr:add(sin(x3),x1);expr:cos(add(cos(x3),sin(x3)));expr:sin(add(cos(x3),cos(x3)))",1.101 + 0.9662*(sin(x2)+x1) + 1.068*(sin(x3)+x1) + 2.111*cos((cos(x3)+sin(x3))) - 2.135*sin((cos(x3)+cos(x3))),generation budget reached
base,exception,0.1,300,4,9004,fedfalsify-v05,1.0,1.0,1.0,4.205760001100308e-05,0.16371881063498064,0.0,1.0,0.5209784560000799,458699,7,I(x3>1)*x3^2;sin(x2);x1;x3^2,-0.02459 + 2.009·x₁ + 0.7414·𝟙[x₃>1]·x₃² + 0.5093·x₃² + 0.9928·sin(x₂),target federated MSE reached; no replacement passed the federated certificate
base,exception,0.1,300,4,9004,centralized-tree-gp,0.0,0.25,0.25,0.007323757071691964,0.26999175561256017,0.0,0.0,0.9026878189999934,0,1620,"expr:add(sin(x2),x1);expr:add(square(x3),x1);expr:add(square(x3),x3);x3^2",-0.104 + 1.023*(sin(x2)+x1) + 0.9988*((x3)^2+x1) + 0.6639*((x3)^2+x3) - 0.7594*(x3)^2,generation budget reached
base,exception,0.1,300,4,9004,federated-tree-gp-style,0.0,0.25,0.25,0.007323757071691962,0.2699917556125602,0.0,0.0,1.1594672600000422,678656,1620,"expr:add(sin(x2),x1);expr:add(square(x3),x1);expr:add(square(x3),x3);x3^2",-0.104 + 1.023*(sin(x2)+x1) + 0.9988*((x3)^2+x1) + 0.6639*((x3)^2+x3) - 0.7594*(x3)^2,generation budget reached
base,exception,0.1,300,4,9004,centralized-residual-counterexample-gp,0.0,0.0,0.0,0.0029707736572006744,0.20124952883307326,0.0,0.0,0.9356048129999408,0,1617,"expr:add(sin(x2),x1);expr:add(square(x3),x1);expr:mul(sin(x3),square(x3))",-0.1288 + 1.068*(sin(x2)+x1) + 0.9207*((x3)^2+x1) + 0.4323*(sin(x3)*(x3)^2),generation budget reached
base,exception,0.1,300,4,9005,fedfalsify-v05,1.0,1.0,1.0,1.4364409421698462e-05,0.14100089158570853,0.0,1.0,0.4919055870000193,460122,7,I(x3>1)*x3^2;sin(x2);x1;x3^2,-0.001099 + 2.004·x₁ + 0.7596·𝟙[x₃>1]·x₃² + 0.4955·x₃² + 0.9981·sin(x₂),target federated MSE reached; no replacement passed the federated certificate
base,exception,0.1,300,4,9005,centralized-tree-gp,0.0,0.5,0.5,1.4364409417103259e-05,0.14100089158570855,0.0,1.0,1.03074385299999,0,1613,"I(x3>1)*x3^2;expr:add(sin(x2),x1);expr:square(add(x3,x3));x1",-0.001099 + 0.9981*(sin(x2)+x1) + 0.7596*I(x3>1)*((x3)^2) + 0.1239*((x3+x3))^2 + 1.006*x1,generation budget reached
base,exception,0.1,300,4,9005,federated-tree-gp-style,0.0,0.5,0.5,1.4364409417102066e-05,0.14100089158570855,0.0,1.0,1.7833609630000637,661120,1613,"I(x3>1)*x3^2;expr:add(sin(x2),x1);expr:square(add(x3,x3));x1",-0.001099 + 0.9981*(sin(x2)+x1) + 0.7596*I(x3>1)*((x3)^2) + 0.1239*((x3+x3))^2 + 1.006*x1,generation budget reached
base,exception,0.1,300,4,9005,centralized-residual-counterexample-gp,0.0,0.5,0.5,1.4364409417566125e-05,0.14100089158570853,0.0,1.0,1.3981101960000615,0,1590,"I(x3>1)*x3^2;expr:add(sin(x2),x1);expr:add(square(x3),square(x3));x1",-0.001099 + 0.9981*(sin(x2)+x1) + 0.2477*((x3)^2+(x3)^2) + 0.7596*I(x3>1)*((x3)^2) + 1.006*x1,generation budget reached
poly3,complementary,0.03,300,4,9001,fedfalsify-v05,1.0,1.0,1.0,2.9503685441013877e-06,0.0454496209131854,0.0,1.0,0.5651362460000655,267730,6,x1;x1^2;x1^3,-0.01507 + 0.9915·x₁ + 1.002·x₁³ + 1.006·x₁²,target federated MSE reached; no replacement passed the federated certificate
poly3,complementary,0.03,300,4,9001,centralized-tree-gp,0.0,0.25,0.3333333333333333,0.002246187727125377,0.15339675114620263,0.0,1.0,1.0795797050000147,0,1577,"expr:add(sin(x1),x3);expr:add(x1,x3);expr:cos(add(sin(x1),square(x1)));x1^2",0.16 - 9.53*(sin(x1)+x3) + 9.564*(x1+x3) - 0.3003*cos((sin(x1)+(x1)^2)) + 0.9717*(x1*x1),generation budget reached
poly3,complementary,0.03,300,4,9001,federated-tree-gp-style,0.0,0.25,0.3333333333333333,0.002246187727124982,0.15339675114620274,0.0,1.0,1.0717708180000045,624320,1577,"expr:add(sin(x1),x3);expr:add(x1,x3);expr:cos(add(sin(x1),square(x1)));x1^2",0.16 - 9.53*(sin(x1)+x3) + 9.564*(x1+x3) - 0.3003*cos((sin(x1)+(x1)^2)) + 0.9717*(x1*x1),generation budget reached
poly3,complementary,0.03,300,4,9001,centralized-residual-counterexample-gp,0.0,0.0,0.0,0.0019569203566734464,0.0984861122017041,0.0,1.0,0.9114197229999945,0,1600,"expr:add(cos(x1),square(x1));expr:add(sin(x1),x3);expr:add(x1,x3);expr:cos(add(cos(x1),sin(x1)))",-0.5624 + 1.434*(cos(x1)+(x1)^2) - 9.838*(sin(x1)+x3) + 9.803*(x1+x3) - 1.266*cos((cos(x1)+sin(x1))),generation budget reached
poly3,complementary,0.03,300,4,9002,fedfalsify-v05,1.0,1.0,1.0,5.650573973360791e-07,0.05914894849677457,0.0,1.0,0.3099658989999625,238075,5,x1;x1^2;x1^3,0.007908 + 0.9997·x₁ + 0.9989·x₁² + 0.9993·x₁³,target federated MSE reached; no replacement passed the federated certificate
poly3,complementary,0.03,300,4,9002,centralized-tree-gp,0.0,0.5,0.6666666666666666,4.658448593616266e-06,0.058847128917923826,0.0,1.0,0.7532809440000392,0,1510,"expr:add(sin(x1),square(x1));expr:mul(sin(x1),square(x1));x1^2;x1^3",0.00679 + 0.9539*(sin(x1)+(x1)^2) + 0.09966*(sin(x1)*(x1)^2) + 1.099*((x1)^2*x1) + 0.04655*(x1)^2,generation budget reached
poly3,complementary,0.03,300,4,9002,federated-tree-gp-style,0.0,0.5,0.6666666666666666,4.658448593655223e-06,0.05884712891792381,0.0,1.0,0.9443845320000719,529664,1510,"expr:add(sin(x1),square(x1));expr:mul(sin(x1),square(x1));x1^2;x1^3",0.00679 + 0.9539*(sin(x1)+(x1)^2) + 0.09966*(sin(x1)*(x1)^2) + 1.099*((x1)^2*x1) + 0.04655*(x1)^2,generation budget reached
poly3,complementary,0.03,300,4,9002,centralized-residual-counterexample-gp,0.0,0.6666666666666666,0.6666666666666666,3.861423415325747e-05,0.06276414805387022,0.0,1.0,0.8085872450000124,0,1514,"expr:add(sin(x1),square(x1));x1^2;x1^3",0.01436 + 1.088*(sin(x1)+(x1)^2) + 1.116*((x1)^2*x1) - 0.09654*(x1)^2,generation budget reached
poly3,complementary,0.03,300,4,9003,fedfalsify-v05,1.0,1.0,1.0,1.3054892238143877e-06,0.05318557357049532,0.0,1.0,0.33293416399999387,237944,5,x1;x1^2;x1^3,-0.0006697 + 0.9968·x₁ + 1.003·x₁² + 1.001·x₁³,target federated MSE reached; no replacement passed the federated certificate
poly3,complementary,0.03,300,4,9003,centralized-tree-gp,0.0,0.6666666666666666,0.6666666666666666,1.3054892245664682e-06,0.053185573570495324,0.0,1.0,0.7575824389999752,0,1518,"expr:add(square(x1),square(x1));x1;x1^3",-0.0006697 + 0.5017*((x1)^2+(x1)^2) + 1.001*((x1)^2*x1) + 0.9968*x1,generation budget reached
poly3,complementary,0.03,300,4,9003,federated-tree-gp-style,0.0,0.6666666666666666,0.6666666666666666,1.3054892245681958e-06,0.053185573570495304,0.0,1.0,0.9691266739999946,561600,1518,"expr:add(square(x1),square(x1));x1;x1^3",-0.0006697 + 0.5017*((x1)^2+(x1)^2) + 1.001*((x1)^2*x1) + 0.9968*x1,generation budget reached
poly3,complementary,0.03,300,4,9003,centralized-residual-counterexample-gp,0.0,0.6666666666666666,0.6666666666666666,4.26437460911474e-05,0.054649381090201905,0.0,1.0,0.8039459020000095,0,1503,"expr:add(sin(x1),square(x1));x1;x1^3",0.006675 + 0.9976*(sin(x1)+(x1)^2) + 1.109*((x1)^2*x1) + 0.07981*x1,generation budget reached
poly3,complementary,0.03,300,4,9004,fedfalsify-v05,1.0,1.0,1.0,4.766231108904302e-06,0.061111785609282494,0.0,1.0,0.35911685100006707,267803,6,x1;x1^2;x1^3,-0.02514 + 1.005·x₁ + 0.9996·x₁³ + 1.009·x₁²,target federated MSE reached; no replacement passed the federated certificate
poly3,complementary,0.03,300,4,9004,centralized-tree-gp,0.0,0.5,0.6666666666666666,1.1533570480210334e-05,0.061005120936666796,0.0,1.0,0.8637788760000831,0,1602,"expr:add(cos(x1),square(x1));expr:square(add(square(x1),x1));x1;x1^3",-2.007 + 2.005*(cos(x1)+(x1)^2) + 1.117*((x1)^2*x1) - 0.05734*(((x1)^2+x1))^2 + 0.9978*x1,generation budget reached
poly3,complementary,0.03,300,4,9004,federated-tree-gp-style,0.0,0.5,0.6666666666666666,1.1533570480223458e-05,0.061005120936666796,0.0,1.0,1.5263545209999165,645632,1602,"expr:add(cos(x1),square(x1));expr:square(add(square(x1),x1));x1;x1^3",-2.007 + 2.005*(cos(x1)+(x1)^2) + 1.117*((x1)^2*x1) - 0.05734*(((x1)^2+x1))^2 + 0.9978*x1,generation budget reached
poly3,complementary,0.03,300,4,9004,centralized-residual-counterexample-gp,0.0,0.25,0.3333333333333333,0.0008423132678012562,0.13027273901072525,0.0,1.0,1.504020674000003,0,1602,"expr:add(sin(x1),x1);expr:sin(mul(sin(x1),x1));expr:square(add(square(x1),x1));x1^3",-0.1994 + 0.5524*(sin(x1)+x1) + 0.8292*((x1)^2*x1) + 1.682*sin((sin(x1)*x1)) + 0.106*(((x1)^2+x1))^2,generation budget reached
poly3,complementary,0.03,300,4,9005,fedfalsify-v05,1.0,1.0,1.0,1.989899537918855e-06,0.04610161103584977,0.0,1.0,0.4413587679999864,237966,5,x1;x1^2;x1^3,-0.002467 + 0.9944·x₁ + 1.001·x₁² + 1.003·x₁³,target federated MSE reached; no replacement passed the federated certificate
poly3,complementary,0.03,300,4,9005,centralized-tree-gp,0.0,0.3333333333333333,0.3333333333333333,1.565786028053725e-05,0.04628802131755444,0.0,1.0,1.3873629849999816,0,1590,"expr:add(sin(x1),x1);expr:square(add(x1,x1));x1^3",-0.0009347 + 0.518*(sin(x1)+x1) + 1.059*((x1)^2*x1) + 0.2498*((x1+x1))^2,generation budget reached
poly3,complementary,0.03,300,4,9005,federated-tree-gp-style,0.0,0.3333333333333333,0.3333333333333333,1.5657860280536396e-05,0.04628802131755446,0.0,1.0,1.3578982080000515,619392,1590,"expr:add(sin(x1),x1);expr:square(add(x1,x1));x1^3",-0.0009347 + 0.518*(sin(x1)+x1) + 1.059*((x1)^2*x1) + 0.2498*((x1+x1))^2,generation budget reached
poly3,complementary,0.03,300,4,9005,centralized-residual-counterexample-gp,0.0,0.5,0.3333333333333333,1.3512114708412297e-06,0.04611781548937999,0.0,1.0,0.8695218290000639,0,1538,"expr:add(square(x1),x1);x1^3",-0.001282 + 1*((x1)^2+x1) + 1.001*((x1)^2*x1),generation budget reached
poly3,complementary,0.1,300,4,9001,fedfalsify-v05,1.0,1.0,1.0,3.278187271428348e-05,0.5049957879242825,0.0,1.0,0.7538798090000682,861499,5,x1;x1^2;x1^3,-0.05022 + 0.9716·x₁ + 1.021·x₁² + 1.008·x₁³,target federated MSE reached; no replacement passed the federated certificate
poly3,complementary,0.1,300,4,9001,centralized-tree-gp,0.0,0.25,0.3333333333333333,0.00010529902639459924,0.5083785931278823,0.0,1.0,0.8220351969999911,0,1584,"expr:add(cos(x2),sin(x1));expr:add(sin(x1),sin(x1));expr:add(square(x1),square(x1));x1^3",-0.03919 - 0.03723*(cos(x2)+sin(x1)) + 0.5438*(sin(x1)+sin(x1)) + 0.5095*((x1)^2+(x1)^2) + 1.123*((x1)^2*x1),generation budget reached
poly3,complementary,0.1,300,4,9001,federated-tree-gp-style,0.0,0.25,0.3333333333333333,0.00010529902639459451,0.5083785931278824,0.0,1.0,1.0854269609999392,617472,1584,"expr:add(cos(x2),sin(x1));expr:add(sin(x1),sin(x1));expr:add(square(x1),square(x1));x1^3",-0.03919 - 0.03723*(cos(x2)+sin(x1)) + 0.5438*(sin(x1)+sin(x1)) + 0.5095*((x1)^2+(x1)^2) + 1.123*((x1)^2*x1),generation budget reached
poly3,complementary,0.1,300,4,9001,centralized-residual-counterexample-gp,0.0,0.6666666666666666,0.6666666666666666,0.0007550568329823443,0.528580807586038,0.0,1.0,0.8811985410000034,0,1594,"expr:add(cos(x1),square(x1));x1;x1^3",-1.297 + 1.437*(cos(x1)+(x1)^2) + 1.006*((x1)^2*x1) + 0.9703*x1,generation budget reached
poly3,complementary,0.1,300,4,9002,fedfalsify-v05,1.0,1.0,1.0,6.2784155291422785e-06,0.6572105388530507,0.0,1.0,0.7562602230000266,888845,5,x1;x1^2;x1^3,0.02636 + 0.999·x₁ + 0.9962·x₁² + 0.9978·x₁³,target federated MSE reached; no replacement passed the federated certificate
poly3,complementary,0.1,300,4,9002,centralized-tree-gp,0.0,0.5,0.6666666666666666,0.0009625970279405842,0.7320046547869193,0.0,1.0,0.8049678969999832,0,1531,"expr:add(sin(x2),x1);expr:mul(sin(x1),square(x1));x1^2;x1^3",0.04241 + 0.2063*(sin(x2)+x1) + 0.443*(sin(x1)*(x1)^2) + 1.027*((x1)^2*x1) + 1.016*(x1)^2,generation budget reached
poly3,complementary,0.1,300,4,9002,federated-tree-gp-style,0.0,0.5,0.6666666666666666,0.0009625970279406472,0.7320046547869195,0.0,1.0,0.9888167429999157,569856,1531,"expr:add(sin(x2),x1);expr:mul(sin(x1),square(x1));x1^2;x1^3",0.04241 + 0.2063*(sin(x2)+x1) + 0.443*(sin(x1)*(x1)^2) + 1.027*((x1)^2*x1) + 1.016*(x1)^2,generation budget reached
poly3,complementary,0.1,300,4,9002,centralized-residual-counterexample-gp,0.0,0.5,0.6666666666666666,0.0009625970279405842,0.7320046547869193,0.0,1.0,0.8560449190000554,0,1562,"expr:add(sin(x2),x1);expr:mul(sin(x1),square(x1));x1^2;x1^3",0.04241 + 0.2063*(sin(x2)+x1) + 0.443*(sin(x1)*(x1)^2) + 1.027*((x1)^2*x1) + 1.016*(x1)^2,generation budget reached
poly3,complementary,0.1,300,4,9003,fedfalsify-v05,1.0,1.0,1.0,1.4505435826609102e-05,0.5909508174499482,0.0,1.0,0.769863684000029,888101,5,x1;x1^2;x1^3,-0.002232 + 0.9892·x₁ + 1.011·x₁² + 1.003·x₁³,target federated MSE reached; no replacement passed the federated certificate
poly3,complementary,0.1,300,4,9003,centralized-tree-gp,0.0,0.3333333333333333,0.3333333333333333,6.574201447981837e-05,0.5924276434341738,0.0,1.0,1.1468565549999994,0,1601,"expr:add(square(x1),square(x1));sin(x1);x1^3",0.004861 + 0.5026*((x1)^2+(x1)^2) + 1.12*((x1)^2*x1) + 1.072*sin(x1),generation budget reached
poly3,complementary,0.1,300,4,9003,federated-tree-gp-style,0.0,0.3333333333333333,0.3333333333333333,6.574201447982502e-05,0.5924276434341738,0.0,1.0,1.7900488540000197,630656,1601,"expr:add(square(x1),square(x1));sin(x1);x1^3",0.004861 + 0.5026*((x1)^2+(x1)^2) + 1.12*((x1)^2*x1) + 1.072*sin(x1),generation budget reached
poly3,complementary,0.1,300,4,9003,centralized-residual-counterexample-gp,0.0,0.3333333333333333,0.3333333333333333,6.574201447981837e-05,0.5924276434341738,0.0,1.0,1.4060738880000372,0,1558,"expr:add(square(x1),square(x1));sin(x1);x1^3",0.004861 + 0.5026*((x1)^2+(x1)^2) + 1.12*((x1)^2*x1) + 1.072*sin(x1),generation budget reached
poly3,complementary,0.1,300,4,9004,fedfalsify-v05,0.0,0.6666666666666666,0.6666666666666666,7.391617282524935e-05,0.6805945433172563,0.0,1.0,1.0797154570000203,917955,6,sin(x1);x1^2;x1^3,-0.07697 + 1.112·sin(x₁) + 1.118·x₁³ + 1.026·x₁²,target federated MSE reached; no replacement passed the federated certificate
poly3,complementary,0.1,300,4,9004,centralized-tree-gp,0.0,0.3333333333333333,0.3333333333333333,0.0007332937756461379,0.7153776582687177,0.0,1.0,0.833845561999965,0,1559,"expr:add(cos(x1),square(x1));expr:add(sin(x1),x1);x1^3",-1.301 + 1.431*(cos(x1)+(x1)^2) + 0.5448*(sin(x1)+x1) + 1.045*((x1)^2*x1),generation budget reached
poly3,complementary,0.1,300,4,9004,federated-tree-gp-style,0.0,0.3333333333333333,0.3333333333333333,0.000733293775646185,0.7153776582687179,0.0,1.0,1.0589451789999202,604224,1559,"expr:add(cos(x1),square(x1));expr:add(sin(x1),x1);x1^3",-1.301 + 1.431*(cos(x1)+(x1)^2) + 0.5448*(sin(x1)+x1) + 1.045*((x1)^2*x1),generation budget reached
poly3,complementary,0.1,300,4,9004,centralized-residual-counterexample-gp,0.0,0.3333333333333333,0.3333333333333333,0.0007332937756461379,0.7153776582687177,0.0,1.0,0.8638026749999881,0,1551,"expr:add(cos(x1),square(x1));expr:add(sin(x1),x1);x1^3",-1.301 + 1.431*(cos(x1)+(x1)^2) + 0.5448*(sin(x1)+x1) + 1.045*((x1)^2*x1),generation budget reached
poly3,complementary,0.1,300,4,9005,fedfalsify-v05,0.0,0.6666666666666666,0.6666666666666666,9.320156773070856e-05,0.5124057745115818,0.0,1.0,1.0191111100000398,1244171,6,sin(x1);x1^2;x1^3,-0.005065 + 1.066·sin(x₁) + 1.124·x₁³ + 0.9996·x₁²,target federated MSE reached; no replacement passed the federated certificate
poly3,complementary,0.1,300,4,9005,centralized-tree-gp,0.0,0.5,0.6666666666666666,2.254521314818815e-05,0.5122338897395651,0.0,1.0,0.8786885850000772,0,1610,"expr:square(add(square(x1),square(x1)));expr:square(add(square(x1),x1));x1;x1^3",-0.01044 - 1.004*((x1)^2*x1) - 0.2517*(((x1)^2+(x1)^2))^2 + 1.006*(((x1)^2+x1))^2 + 0.9809*x1,generation budget reached
poly3,complementary,0.1,300,4,9005,federated-tree-gp-style,0.0,0.5,0.6666666666666666,2.2545213148128743e-05,0.5122338897395649,0.0,1.0,1.1678535859999783,639232,1610,"expr:square(add(square(x1),square(x1)));expr:square(add(square(x1),x1));x1;x1^3",-0.01044 - 1.004*((x1)^2*x1) - 0.2517*(((x1)^2+(x1)^2))^2 + 1.006*(((x1)^2+x1))^2 + 0.9809*x1,generation budget reached
poly3,complementary,0.1,300,4,9005,centralized-residual-counterexample-gp,0.0,0.3333333333333333,0.3333333333333333,2.210999484777163e-05,0.5122401226205532,0.0,1.0,0.8830256979999831,0,1574,"expr:add(x1,x1);expr:square(add(x1,x1));x1^3",-0.008224 + 0.4906*(x1+x1) + 1.008*((x1)^2*x1) + 0.2507*((x1+x1))^2,generation budget reached
poly3,spurious,0.03,300,4,9001,fedfalsify-v05,1.0,1.0,1.0,1.7837743802958603e-06,0.05790681346941896,0.0,1.0,0.3572523560000036,267886,6,x1;x1^2;x1^3,-0.0004456 + 0.9818·x₁ + 1.004·x₁³ + 0.9986·x₁²,target federated MSE reached; no replacement passed the federated certificate
poly3,spurious,0.03,300,4,9001,centralized-tree-gp,0.0,0.5,0.3333333333333333,9.068415560044902e-05,0.06110046459909249,0.0,1.0,0.8006677519999812,0,1522,"expr:add(sin(x1),square(x1));x1^3",-0.007763 + 0.9998*(sin(x1)+(x1)^2) + 1.123*((x1)^2*x1),generation budget reached
poly3,spurious,0.03,300,4,9001,federated-tree-gp-style,0.0,0.5,0.3333333333333333,9.068415560044334e-05,0.06110046459909242,0.0,1.0,1.0149824029999763,549056,1522,"expr:add(sin(x1),square(x1));x1^3",-0.007763 + 0.9998*(sin(x1)+(x1)^2) + 1.123*((x1)^2*x1),generation budget reached
poly3,spurious,0.03,300,4,9001,centralized-residual-counterexample-gp,0.0,0.5,0.6666666666666666,0.0011999486147582328,0.1610307648894215,1.0,1.0,0.9510906410000644,0,1605,"expr:add(sin(x2),x1);expr:mul(cos(x4),sin(x1));x1^2;x1^3",0.09178 + 0.2306*(sin(x2)+x1) + 0.7522*(cos(x4)*sin(x1)) + 1.117*((x1)^2*x1) + 0.9673*(x1*x1),generation budget reached
poly3,spurious,0.03,300,4,9002,fedfalsify-v05,1.0,1.0,1.0,1.1487667840389554e-05,0.05049261947320999,0.0,1.0,0.8316717989999916,536980,6,x1;x1^2;x1^3,-0.004151 + 1.007·x₁ + 0.9951·x₁³ + 1.003·x₁²,target federated MSE reached; no replacement passed the federated certificate
poly3,spurious,0.03,300,4,9002,centralized-tree-gp,0.0,0.25,0.3333333333333333,0.0013341714015013305,0.18848644025304376,0.0,1.0,1.4682032770000433,0,1595,"expr:add(cos(x1),square(x1));expr:mul(sin(x1),square(x1));expr:square(add(sin(x1),square(x1)));x1^3",-1.875 + 1.903*(cos(x1)+(x1)^2) + 0.6682*(sin(x1)*(x1)^2) + 1.028*((x1)^2*x1) - 0.05376*((sin(x1)+(x1)^2))^2,generation budget reached
poly3,spurious,0.03,300,4,9002,federated-tree-gp-style,0.0,0.25,0.3333333333333333,0.0013341714015013585,0.1884864402530437,0.0,1.0,1.8898107759999903,654848,1595,"expr:add(cos(x1),square(x1));expr:mul(sin(x1),square(x1));expr:square(add(sin(x1),square(x1)));x1^3",-1.875 + 1.903*(cos(x1)+(x1)^2) + 0.6682*(sin(x1)*(x1)^2) + 1.028*((x1)^2*x1) - 0.05376*((sin(x1)+(x1)^2))^2,generation budget reached
poly3,spurious,0.03,300,4,9002,centralized-residual-counterexample-gp,0.0,0.25,0.3333333333333333,0.0006952720203204322,0.08110925446077372,0.0,1.0,1.2519720259999758,0,1623,"expr:add(cos(x1),square(x1));expr:add(sin(x3),x1);sin(x3);x1^3",-1.233 + 1.412*(cos(x1)+(x1)^2) + 1.004*(sin(x3)+x1) + 0.99*((x1)^2*x1) - 1.019*sin(x3),generation budget reached
poly3,spurious,0.03,300,4,9003,fedfalsify-v05,1.0,1.0,1.0,3.0371761154713876e-06,0.05678326153674225,0.0,1.0,0.30870000699997036,238063,5,x1;x1^2;x1^3,0.005101 + 0.986·x₁ + 0.9947·x₁² + 1.002·x₁³,target federated MSE reached; no replacement passed the federated certificate
poly3,spurious,0.03,300,4,9003,centralized-tree-gp,0.0,0.25,0.3333333333333333,0.0003743632164456197,0.0955160639030636,0.0,1.0,0.863460477999979,0,1583,"expr:add(cos(x2),square(x3));expr:add(cos(x3),x1);expr:square(add(x1,x1));x1^3",-0.8117 + 0.2505*(cos(x2)+(x3)^2) + 0.8949*(cos(x3)+x1) + 1.017*((x1)^2*x1) + 0.2486*((x1+x1))^2,generation budget reached
poly3,spurious,0.03,300,4,9003,federated-tree-gp-style,0.0,0.25,0.3333333333333333,0.0003743632164456186,0.09551606390306361,0.0,1.0,1.0752684309999267,630144,1583,"expr:add(cos(x2),square(x3));expr:add(cos(x3),x1);expr:square(add(x1,x1));x1^3",-0.8117 + 0.2505*(cos(x2)+(x3)^2) + 0.8949*(cos(x3)+x1) + 1.017*((x1)^2*x1) + 0.2486*((x1+x1))^2,generation budget reached
poly3,spurious,0.03,300,4,9003,centralized-residual-counterexample-gp,0.0,0.25,0.3333333333333333,0.0003743632164456197,0.0955160639030636,0.0,1.0,0.8923961489999783,0,1605,"expr:add(cos(x2),square(x3));expr:add(cos(x3),x1);expr:square(add(x1,x1));x1^3",-0.8117 + 0.2505*(cos(x2)+(x3)^2) + 0.8949*(cos(x3)+x1) + 1.017*((x1)^2*x1) + 0.2486*((x1+x1))^2,generation budget reached
poly3,spurious,0.03,300,4,9004,fedfalsify-v05,1.0,1.0,1.0,3.4185448964961074e-06,0.05526285472097437,0.0,1.0,0.36231129999998757,267817,6,x1;x1^2;x1^3,-0.01402 + 0.984·x₁ + 1.004·x₁³ + 1.005·x₁²,target federated MSE reached; no replacement passed the federated certificate
poly3,spurious,0.03,300,4,9004,centralized-tree-gp,0.0,0.25,0.3333333333333333,0.0007788659420110701,0.15338475278156752,0.0,1.0,0.888316465999992,0,1613,"expr:add(cos(x3),square(x1));expr:add(sin(x1),x1);expr:square(add(sin(x2),square(x3)));x1^3",-0.5842 + 0.9744*(cos(x3)+(x1)^2) + 0.5152*(sin(x1)+x1) + 1.055*((x1)^2*x1) + 0.05179*((sin(x2)+(x3)^2))^2,generation budget reached
poly3,spurious,0.03,300,4,9004,federated-tree-gp-style,0.0,0.25,0.3333333333333333,0.0007788659420110698,0.15338475278156752,0.0,1.0,1.1444268679999823,641472,1613,"expr:add(cos(x3),square(x1));expr:add(sin(x1),x1);expr:square(add(sin(x2),square(x3)));x1^3",-0.5842 + 0.9744*(cos(x3)+(x1)^2) + 0.5152*(sin(x1)+x1) + 1.055*((x1)^2*x1) + 0.05179*((sin(x2)+(x3)^2))^2,generation budget reached
poly3,spurious,0.03,300,4,9004,centralized-residual-counterexample-gp,0.0,0.6666666666666666,0.6666666666666666,3.418544897520006e-06,0.05526285472097434,0.0,1.0,0.8617285479999737,0,1564,"expr:square(add(x1,x1));x1;x1^3",-0.01402 + 1.004*((x1)^2*x1) + 0.2513*((x1+x1))^2 + 0.984*x1,generation budget reached
poly3,spurious,0.03,300,4,9005,fedfalsify-v05,1.0,1.0,1.0,2.457259029725394e-07,0.05005109965444692,0.0,1.0,0.7945901879999155,837557,6,x1;x1^2;x1^3,0.003993 + 0.9923·x₁ + 1.001·x₁³ + 0.9989·x₁²,no sufficiently supported counterexample repair; no replacement passed the federated certificate
poly3,spurious,0.03,300,4,9005,centralized-tree-gp,0.0,0.5,0.6666666666666666,3.14409251638544e-05,0.051856950676324245,0.0,1.0,0.9130726949999826,0,1614,"expr:add(sin(x1),sin(x2));expr:add(sin(x2),square(x1));x1;x1^3",0.0007068 - 1.006*(sin(x1)+sin(x2)) + 1.002*(sin(x2)+(x1)^2) + 0.8921*((x1)^2*x1) + 1.915*x1,generation budget reached
poly3,spurious,0.03,300,4,9005,federated-tree-gp-style,0.0,0.5,0.6666666666666666,3.144092516385301e-05,0.051856950676324266,0.0,1.0,1.2533644500000491,665600,1614,"expr:add(sin(x1),sin(x2));expr:add(sin(x2),square(x1));x1;x1^3",0.0007068 - 1.006*(sin(x1)+sin(x2)) + 1.002*(sin(x2)+(x1)^2) + 0.8921*((x1)^2*x1) + 1.915*x1,generation budget reached
poly3,spurious,0.03,300,4,9005,centralized-residual-counterexample-gp,0.0,0.5,0.3333333333333333,1.7467652263662632e-07,0.05006805961990383,0.0,1.0,1.4400129910000032,0,1610,"expr:add(square(x1),x1);x1^3",0.005105 + 0.9984*((x1)^2+x1) + 1*((x1)^2*x1),generation budget reached
poly3,spurious,0.1,300,4,9001,fedfalsify-v05,0.0,0.3333333333333333,0.3333333333333333,0.004247197887381388,0.8129814060260492,0.0,1.0,1.1188871499999777,888088,5,cos(x1);sin(x1);x1^3,2.96 + 0.986·sin(x₁) - 3.284·cos(x₁) + 1.14·x₁³,target federated MSE reached; no replacement passed the federated certificate
poly3,spurious,0.1,300,4,9001,centralized-tree-gp,0.0,0.5,0.6666666666666666,4.794395148981226e-05,0.6427842219976053,0.0,1.0,1.316518618000032,0,1565,"expr:add(sin(x1),sin(x1));expr:mul(cos(x1),x1);x1^2;x1^3",-0.0001816 + 0.5514*(sin(x1)+sin(x1)) - 0.112*(cos(x1)*x1) + 1.105*((x1)^2*x1) + 0.9937*(x1*x1),generation budget reached
poly3,spurious,0.1,300,4,9001,federated-tree-gp-style,0.0,0.5,0.6666666666666666,4.79439514898165e-05,0.6427842219976052,0.0,1.0,1.3976764590000812,600704,1565,"expr:add(sin(x1),sin(x1));expr:mul(cos(x1),x1);x1^2;x1^3",-0.0001816 + 0.5514*(sin(x1)+sin(x1)) - 0.112*(cos(x1)*x1) + 1.105*((x1)^2*x1) + 0.9937*(x1*x1),generation budget reached
poly3,spurious,0.1,300,4,9001,centralized-residual-counterexample-gp,0.0,0.3333333333333333,0.3333333333333333,0.0016793791792379742,0.8689306627806186,0.0,1.0,0.9871418840000388,0,1614,"expr:square(add(sin(x1),square(x1)));expr:square(mul(sin(x1),x1));x1^3",0.2078 + 1.122*((x1)^2*x1) + 0.1178*((sin(x1)+(x1)^2))^2 + 0.5582*((sin(x1)*x1))^2,generation budget reached
poly3,spurious,0.1,300,4,9002,fedfalsify-v05,1.0,1.0,1.0,0.00012764075382297948,0.561029105257889,0.0,1.0,1.3241789449999715,1483790,6,x1;x1^2;x1^3,-0.01384 + 1.023·x₁ + 0.9836·x₁³ + 1.009·x₁²,target federated MSE reached; no replacement passed the federated certificate
poly3,spurious,0.1,300,4,9002,centralized-tree-gp,1.0,1.0,1.0,0.00012764075382298598,0.5610291052578888,0.0,1.0,0.803997934999984,0,1551,x1;x1^2;x1^3,-0.01384 + 0.9836*((x1)^2*x1) + 1.009*(x1)^2 + 1.023*x1,generation budget reached
poly3,spurious,0.1,300,4,9002,federated-tree-gp-style,1.0,1.0,1.0,0.0001276407538229764,0.561029105257889,0.0,1.0,1.0228129030000446,594112,1551,x1;x1^2;x1^3,-0.01384 + 0.9836*((x1)^2*x1) + 1.009*(x1)^2 + 1.023*x1,generation budget reached
poly3,spurious,0.1,300,4,9002,centralized-residual-counterexample-gp,0.0,0.5,0.6666666666666666,0.00030153885113877677,0.558717080128783,1.0,1.0,0.9026605070000642,0,1581,"expr:add(cos(x4),x1);expr:square(add(sin(x4),x4));x1^2;x1^3",-1.087 + 1.043*(cos(x4)+x1) + 0.9761*((x1)^2*x1) + 0.1586*((sin(x4)+x4))^2 + 1.022*(x1)^2,generation budget reached
poly3,spurious,0.1,300,4,9003,fedfalsify-v05,0.0,0.3333333333333333,0.3333333333333333,0.005687151715069081,0.7799257413610718,0.0,1.0,0.5251489819999051,562435,5,cos(x1);sin(x1);x1^3,2.88 + 0.9444·sin(x₁) - 3.174·cos(x₁) + 1.15·x₁³,target federated MSE reached; no replacement passed the federated certificate
poly3,spurious,0.1,300,4,9003,centralized-tree-gp,0.0,0.25,0.3333333333333333,0.0011936630533858083,0.7081164872123672,1.0,1.0,0.841281530999936,0,1561,"expr:add(cos(x3),x1);expr:cos(mul(sin(x4),x3));expr:square(add(x1,x1));x1^3",0.2461 + 0.7065*(cos(x3)+x1) - 0.7157*cos((sin(x4)*x3)) + 1.055*((x1)^2*x1) + 0.2429*((x1+x1))^2,generation budget reached
poly3,spurious,0.1,300,4,9003,federated-tree-gp-style,0.0,0.25,0.3333333333333333,0.0011936630533858146,0.7081164872123672,1.0,1.0,1.0831183800000872,605568,1561,"expr:add(cos(x3),x1);expr:cos(mul(sin(x4),x3));expr:square(add(x1,x1));x1^3",0.2461 + 0.7065*(cos(x3)+x1) - 0.7157*cos((sin(x4)*x3)) + 1.055*((x1)^2*x1) + 0.2429*((x1+x1))^2,generation budget reached
poly3,spurious,0.1,300,4,9003,centralized-residual-counterexample-gp,0.0,0.6666666666666666,0.6666666666666666,3.374640125225002e-05,0.6309251281860251,0.0,1.0,0.8398815259999992,0,1542,"expr:square(add(x1,x1));x1;x1^3",0.017 + 1.005*((x1)^2*x1) + 0.2456*((x1+x1))^2 + 0.9533*x1,generation budget reached
poly3,spurious,0.1,300,4,9004,fedfalsify-v05,0.0,0.6666666666666666,0.6666666666666666,0.00010614260456820481,0.616385573569364,0.0,1.0,1.1284519980000596,1243743,6,sin(x1);x1^2;x1^3,-0.04273 + 1.03·sin(x₁) + 1.124·x₁³ + 1.014·x₁²,target federated MSE reached; no replacement passed the federated certificate
poly3,spurious,0.1,300,4,9004,centralized-tree-gp,0.0,0.5,0.6666666666666666,0.0011763917060919299,0.6414249214871138,0.0,1.0,1.3254660420000164,0,1588,"cos(x1);expr:sin(add(cos(x1),x1));x1;x1^3",2.435 - 3.713*cos(x1) + 1.189*((x1)^2*x1) + 1.585*sin((cos(x1)+x1)) - 0.4208*x1,generation budget reached
poly3,spurious,0.1,300,4,9004,federated-tree-gp-style,0.0,0.5,0.6666666666666666,0.0011763917060919281,0.6414249214871138,0.0,1.0,1.7966423359999908,621312,1588,"cos(x1);expr:sin(add(cos(x1),x1));x1;x1^3",2.435 - 3.713*cos(x1) + 1.189*((x1)^2*x1) + 1.585*sin((cos(x1)+x1)) - 0.4208*x1,generation budget reached
poly3,spurious,0.1,300,4,9004,centralized-residual-counterexample-gp,0.0,0.6666666666666666,0.6666666666666666,3.798383217822243e-05,0.6140317191219374,0.0,1.0,1.44950549400005,0,1614,"expr:square(add(x1,x1));x1;x1^3",-0.04674 + 1.013*((x1)^2*x1) + 0.2544*((x1+x1))^2 + 0.9466*x1,generation budget reached
poly3,spurious,0.1,300,4,9005,fedfalsify-v05,0.0,0.6666666666666666,0.6666666666666666,0.004271614117874288,0.7352884546574453,0.0,1.0,0.780905455999914,887910,5,cos(x1);x1;x1^3,2.928 + 0.9151·x₁ - 3.211·cos(x₁) + 1.029·x₁³,target federated MSE reached; no replacement passed the federated certificate
poly3,spurious,0.1,300,4,9005,centralized-tree-gp,0.0,0.25,0.3333333333333333,7.789773251386676e-05,0.5571435161197822,1.0,1.0,0.9765780260000838,0,1618,"expr:add(cos(x4),sin(x2));expr:add(cos(x4),square(x1));expr:add(sin(x1),sin(x2));x1^3",0.04727 - 1.04*(cos(x4)+sin(x2)) + 0.9911*(cos(x4)+(x1)^2) + 1.032*(sin(x1)+sin(x2)) + 1.122*((x1)^2*x1),generation budget reached
poly3,spurious,0.1,300,4,9005,federated-tree-gp-style,0.0,0.25,0.3333333333333333,7.789773251389023e-05,0.5571435161197822,1.0,1.0,1.2462816040000462,668480,1618,"expr:add(cos(x4),sin(x2));expr:add(cos(x4),square(x1));expr:add(sin(x1),sin(x2));x1^3",0.04727 - 1.04*(cos(x4)+sin(x2)) + 0.9911*(cos(x4)+(x1)^2) + 1.032*(sin(x1)+sin(x2)) + 1.122*((x1)^2*x1),generation budget reached
poly3,spurious,0.1,300,4,9005,centralized-residual-counterexample-gp,0.0,0.5,0.3333333333333333,1.940850249086966e-06,0.5563117735544874,0.0,1.0,1.0293407599999682,0,1620,"expr:add(square(x1),x1);x1^3",0.01702 + 0.9946*((x1)^2+x1) + 1*((x1)^2*x1),generation budget reached
poly3,exception,0.03,300,4,9001,fedfalsify-v05,1.0,1.0,1.0,3.0483230215181466e-06,0.05212999407151376,0.0,1.0,0.47622743400006584,307884,7,I(x3>1)*x3^2;x1;x1^2;x1^3,-0.01827 + 0.9908·x₁ + 0.7529·𝟙[x₃>1]·x₃² + 1.002·x₁³ + 1.007·x₁²,target federated MSE reached; no replacement passed the federated certificate
poly3,exception,0.03,300,4,9001,centralized-tree-gp,0.0,0.25,0.25,0.006653596789042404,0.650549099309224,1.0,0.0,0.9273167139999714,0,1607,"expr:add(sin(x1),square(x1));expr:add(x3,x4);expr:square(add(sin(x1),x3));x1^3",0.1579 + 1.002*(sin(x1)+(x1)^2) + 0.421*(x3+x4) + 1.162*((x1)^2*x1) + 0.1754*((sin(x1)+x3))^2,generation budget reached
poly3,exception,0.03,300,4,9001,federated-tree-gp-style,0.0,0.25,0.25,0.006653596789042385,0.6505490993092239,1.0,0.0,1.163247554999998,654016,1607,"expr:add(sin(x1),square(x1));expr:add(x3,x4);expr:square(add(sin(x1),x3));x1^3",0.1579 + 1.002*(sin(x1)+(x1)^2) + 0.421*(x3+x4) + 1.162*((x1)^2*x1) + 0.1754*((sin(x1)+x3))^2,generation budget reached
poly3,exception,0.03,300,4,9001,centralized-residual-counterexample-gp,0.0,0.5,0.5,0.0021744554258442067,0.2880081019686229,0.0,0.0,0.9316650230000505,0,1612,"expr:add(square(x1),x3);expr:add(square(x3),x1);x1;x1^3",0.08641 + 0.8967*((x1)^2+x3) + 0.4088*((x3)^2+x1) + 0.9926*((x1)^2*x1) + 0.5609*x1,generation budget reached
poly3,exception,0.03,300,4,9002,fedfalsify-v05,1.0,1.0,1.0,5.357380583244134e-07,0.0677155376246431,0.0,1.0,0.4010045939999145,277260,6,I(x3>1)*x3^2;x1;x1^2;x1^3,0.01057 + 0.9998·x₁ + 0.7473·𝟙[x₃>1]·x₃² + 0.9989·x₁² + 0.9995·x₁³,target federated MSE reached; no replacement passed the federated certificate
poly3,exception,0.03,300,4,9002,centralized-tree-gp,0.0,0.25,0.25,0.001200901867250068,0.21309318292751656,0.0,0.0,0.892320543999972,0,1553,"expr:add(sin(x1),square(x1));expr:add(x1,x3);expr:square(add(sin(x3),square(x3)));x1^3",0.1431 + 0.9903*(sin(x1)+(x1)^2) + 0.3421*(x1+x3) + 1.069*((x1)^2*x1) + 0.07618*((sin(x3)+(x3)^2))^2,generation budget reached
poly3,exception,0.03,300,4,9002,federated-tree-gp-style,0.0,0.25,0.25,0.001200901867250041,0.21309318292751656,0.0,0.0,1.1018025229999466,599040,1553,"expr:add(sin(x1),square(x1));expr:add(x1,x3);expr:square(add(sin(x3),square(x3)));x1^3",0.1431 + 0.9903*(sin(x1)+(x1)^2) + 0.3421*(x1+x3) + 1.069*((x1)^2*x1) + 0.07618*((sin(x3)+(x3)^2))^2,generation budget reached
poly3,exception,0.03,300,4,9002,centralized-residual-counterexample-gp,0.0,0.25,0.25,0.0014314064084692403,0.24593042513493146,0.0,0.0,1.4390766349999922,0,1595,"expr:add(sin(x1),square(x1));expr:square(add(sin(x3),square(x3)));expr:square(mul(cos(x3),x3));x1^3",-0.03746 + 0.9879*(sin(x1)+(x1)^2) + 1.128*((x1)^2*x1) + 0.162*((sin(x3)+(x3)^2))^2 - 1.021*((cos(x3)*x3))^2,generation budget reached
poly3,exception,0.03,300,4,9003,fedfalsify-v05,1.0,1.0,1.0,3.2546364108907473e-06,0.06132375667371109,0.0,1.0,0.5833386920000976,277115,6,I(x3>1)*x3^2;x1;x1^2;x1^3,0.003733 + 0.9968·x₁ + 0.7434·𝟙[x₃>1]·x₃² + 1.004·x₁² + 1.002·x₁³,target federated MSE reached; no replacement passed the federated certificate
poly3,exception,0.03,300,4,9003,centralized-tree-gp,0.0,0.5,0.5,0.01435526426042135,1.0635799101375498,0.0,0.0,1.4029522099999667,0,1630,"expr:add(cos(x1),x1);expr:add(sin(x1),sin(x3));x1;x1^3",3.687 - 3.358*(cos(x1)+x1) + 0.9527*(sin(x1)+sin(x3)) + 1.181*((x1)^2*x1) + 3.428*x1,generation budget reached
poly3,exception,0.03,300,4,9003,federated-tree-gp-style,0.0,0.5,0.5,0.014355264260421413,1.0635799101375496,0.0,0.0,1.6615089969999417,678016,1630,"expr:add(cos(x1),x1);expr:add(sin(x1),sin(x3));x1;x1^3",3.687 - 3.358*(cos(x1)+x1) + 0.9527*(sin(x1)+sin(x3)) + 1.181*((x1)^2*x1) + 3.428*x1,generation budget reached
poly3,exception,0.03,300,4,9003,centralized-residual-counterexample-gp,0.0,0.5,0.5,0.011000663872553286,0.8282813066288335,0.0,0.0,0.943356154000071,0,1597,"expr:add(cos(x1),x1);x1;x1^3;x3",3.666 - 3.301*(cos(x1)+x1) + 1.068*((x1)^2*x1) + 4.233*x1 + 0.639*x3,generation budget reached
poly3,exception,0.03,300,4,9004,fedfalsify-v05,1.0,1.0,1.0,6.238304535659394e-06,0.06967465164978122,0.0,1.0,0.4673654439999382,308114,7,I(x3>1)*x3^2;x1;x1^2;x1^3,-0.02432 + 1.005·x₁ + 0.7464·𝟙[x₃>1]·x₃² + 0.9999·x₁³ + 1.01·x₁²,target federated MSE reached; no replacement passed the federated certificate
poly3,exception,0.03,300,4,9004,centralized-tree-gp,0.0,0.5,0.5,0.0023635893838577005,0.32748443440249986,1.0,0.0,0.8417882160000545,0,1595,"expr:add(square(x1),x3);expr:sin(add(cos(x4),x3));x1;x1^3",0.7539 + 1.045*((x1)^2+x3) + 1.028*((x1)^2*x1) - 1.181*sin((cos(x4)+x3)) + 0.9392*x1,generation budget reached
poly3,exception,0.03,300,4,9004,federated-tree-gp-style,0.0,0.5,0.5,0.002363589383857675,0.32748443440249997,1.0,0.0,1.1055998029999046,639488,1595,"expr:add(square(x1),x3);expr:sin(add(cos(x4),x3));x1;x1^3",0.7539 + 1.045*((x1)^2+x3) + 1.028*((x1)^2*x1) - 1.181*sin((cos(x4)+x3)) + 0.9392*x1,generation budget reached
poly3,exception,0.03,300,4,9004,centralized-residual-counterexample-gp,0.0,0.5,0.5,0.0028256927251684143,0.43486789215286514,0.0,0.0,0.8809330770000088,0,1603,"expr:add(cos(x1),square(x3));expr:add(square(x1),x3);x1;x1^3",-0.1053 + 0.3763*(cos(x1)+(x3)^2) + 0.9784*((x1)^2+x3) + 0.994*((x1)^2*x1) + 0.9661*x1,generation budget reached
poly3,exception,0.03,300,4,9005,fedfalsify-v05,1.0,1.0,1.0,1.7788311982796063e-06,0.052244119426068984,0.0,1.0,0.46551197499991304,307937,7,I(x3>1)*x3^2;x1;x1^2;x1^3,-0.005087 + 0.9941·x₁ + 0.7531·𝟙[x₃>1]·x₃² + 1.002·x₁³ + 1.001·x₁²,target federated MSE reached; no replacement passed the federated certificate
poly3,exception,0.03,300,4,9005,centralized-tree-gp,0.0,0.25,0.25,0.021978525078102166,1.0083642430151096,1.0,0.0,0.9090178180000521,0,1623,"expr:add(sin(x4),square(x1));expr:square(add(cos(x1),x3));expr:square(add(cos(x4),x1));x1^3",-0.3235 + 0.5438*(sin(x4)+(x1)^2) + 1.178*((x1)^2*x1) + 0.3423*((cos(x1)+x3))^2 + 0.4058*((cos(x4)+x1))^2,generation budget reached
poly3,exception,0.03,300,4,9005,federated-tree-gp-style,0.0,0.25,0.25,0.021978525078102138,1.0083642430151096,1.0,0.0,1.2039452970000184,675712,1623,"expr:add(sin(x4),square(x1));expr:square(add(cos(x1),x3));expr:square(add(cos(x4),x1));x1^3",-0.3235 + 0.5438*(sin(x4)+(x1)^2) + 1.178*((x1)^2*x1) + 0.3423*((cos(x1)+x3))^2 + 0.4058*((cos(x4)+x1))^2,generation budget reached
poly3,exception,0.03,300,4,9005,centralized-residual-counterexample-gp,0.0,0.3333333333333333,0.25,0.025930864156236712,1.021150653831165,0.0,0.0,0.9555860369999891,0,1612,"expr:add(cos(x1),square(x1));expr:square(add(cos(x1),x3));x1^3",-1.441 + 1.418*(cos(x1)+(x1)^2) + 1.281*((x1)^2*x1) + 0.3442*((cos(x1)+x3))^2,generation budget reached
poly3,exception,0.1,300,4,9001,fedfalsify-v05,1.0,1.0,1.0,3.387025579722633e-05,0.5792221563501527,0.0,1.0,0.8844772270000476,920683,6,I(x3>1)*x3^2;x1;x1^2;x1^3,-0.06091 + 0.9695·x₁ + 0.7597·𝟙[x₃>1]·x₃² + 1.022·x₁² + 1.007·x₁³,target federated MSE reached; no replacement passed the federated certificate
poly3,exception,0.1,300,4,9001,centralized-tree-gp,0.0,0.5,0.5,0.01199172809890968,1.705290474191693,0.0,0.0,0.9067087240000546,0,1611,"expr:square(add(sin(x1),square(x3)));expr:square(add(sin(x3),square(x1)));x1;x1^3",0.7854 + 0.9992*((x1)^2*x1) + 0.07095*((sin(x1)+(x3)^2))^2 + 0.144*((sin(x3)+(x1)^2))^2 + 0.8365*x1,generation budget reached
poly3,exception,0.1,300,4,9001,federated-tree-gp-style,0.0,0.5,0.5,0.011991728098909674,1.7052904741916932,0.0,0.0,1.7948537230000738,664000,1611,"expr:square(add(sin(x1),square(x3)));expr:square(add(sin(x3),square(x1)));x1;x1^3",0.7854 + 0.9992*((x1)^2*x1) + 0.07095*((sin(x1)+(x3)^2))^2 + 0.144*((sin(x3)+(x1)^2))^2 + 0.8365*x1,generation budget reached
poly3,exception,0.1,300,4,9001,centralized-residual-counterexample-gp,0.0,0.5,0.5,0.00894289132946489,1.5273115819644725,1.0,0.0,1.3713078389999964,0,1562,"expr:add(sin(x4),x3);expr:square(mul(x1,x3));x1^2;x1^3",0.56 + 0.5664*(sin(x4)+x3) + 1.206*((x1)^2*x1) + 0.8487*(x1*x1) + 0.09326*((x1*x3))^2,generation budget reached
poly3,exception,0.1,300,4,9002,fedfalsify-v05,1.0,1.0,1.0,5.952645094280833e-06,0.7523948624960348,0.0,1.0,1.4739637359999733,948604,6,I(x3>1)*x3^2;x1;x1^2;x1^3,0.03523 + 0.9995·x₁ + 0.741·𝟙[x₃>1]·x₃² + 0.9964·x₁² + 0.9984·x₁³,target federated MSE reached; no replacement passed the federated certificate
poly3,exception,0.1,300,4,9002,centralized-tree-gp,0.0,0.25,0.25,0.014100057086927492,1.4136499178636934,0.0,0.0,1.012429404000045,0,1586,"expr:add(sin(x1),square(x1));expr:cos(add(cos(x1),x3));expr:square(mul(cos(x3),x3));x1^3",0.7028 + 1.018*(sin(x1)+(x1)^2) - 1.01*cos((cos(x1)+x3)) + 1.198*((x1)^2*x1) + 0.3602*((cos(x3)*x3))^2,generation budget reached
poly3,exception,0.1,300,4,9002,federated-tree-gp-style,0.0,0.25,0.25,0.014100057086927176,1.4136499178636937,0.0,0.0,1.134744707999971,623680,1586,"expr:add(sin(x1),square(x1));expr:cos(add(cos(x1),x3));expr:square(mul(cos(x3),x3));x1^3",0.7028 + 1.018*(sin(x1)+(x1)^2) - 1.01*cos((cos(x1)+x3)) + 1.198*((x1)^2*x1) + 0.3602*((cos(x3)*x3))^2,generation budget reached
poly3,exception,0.1,300,4,9002,centralized-residual-counterexample-gp,0.0,0.3333333333333333,0.25,0.0017619099176293725,0.9463453485906882,0.0,0.0,0.968075505999991,0,1631,"expr:add(sin(x1),square(x1));expr:add(square(x3),x3);x1^3",-0.2431 + 0.9883*(sin(x1)+(x1)^2) + 0.4937*((x3)^2+x3) + 1.131*((x1)^2*x1),generation budget reached
poly3,exception,0.1,300,4,9003,fedfalsify-v05,1.0,1.0,1.0,3.616262678416223e-05,0.6813750741523457,0.0,1.0,0.9343829150000147,948041,6,I(x3>1)*x3^2;x1;x1^2;x1^3,0.01244 + 0.9893·x₁ + 0.728·𝟙[x₃>1]·x₃² + 1.014·x₁² + 1.005·x₁³,target federated MSE reached; no replacement passed the federated certificate
poly3,exception,0.1,300,4,9003,centralized-tree-gp,0.0,0.25,0.25,0.008482379673846142,1.4844794546639886,0.0,0.0,0.8897892829999137,0,1614,"expr:add(cos(x1),square(x1));expr:add(sin(x1),sin(x3));expr:square(add(square(x1),x1));x1^3",-1.297 + 1.99*(cos(x1)+(x1)^2) + 0.9647*(sin(x1)+sin(x3)) + 1.273*((x1)^2*x1) - 0.05138*(((x1)^2+x1))^2,generation budget reached
poly3,exception,0.1,300,4,9003,federated-tree-gp-style,0.0,0.25,0.25,0.008482379673846118,1.4844794546639888,0.0,0.0,1.1540890190000255,656896,1614,"expr:add(cos(x1),square(x1));expr:add(sin(x1),sin(x3));expr:square(add(square(x1),x1));x1^3",-1.297 + 1.99*(cos(x1)+(x1)^2) + 0.9647*(sin(x1)+sin(x3)) + 1.273*((x1)^2*x1) - 0.05138*(((x1)^2+x1))^2,generation budget reached
poly3,exception,0.1,300,4,9003,centralized-residual-counterexample-gp,0.0,0.25,0.25,0.0066005245068837225,1.3298478285363695,1.0,0.0,0.8956301719999828,0,1611,"expr:add(cos(x1),square(x1));expr:add(sin(x1),x3);expr:square(add(cos(x4),sin(x4)));x1^3",-0.4336 + 1.422*(cos(x1)+(x1)^2) + 0.6856*(sin(x1)+x3) + 1.167*((x1)^2*x1) - 0.1242*((cos(x4)+sin(x4)))^2,generation budget reached
poly3,exception,0.1,300,4,9004,fedfalsify-v05,0.0,0.75,0.75,9.245457668925012e-05,0.7757268333606281,0.0,1.0,0.9878996639999968,978838,7,I(x3>1)*x3^2;sin(x1);x1^2;x1^3,-0.07469 + 1.112·sin(x₁) + 0.7386·𝟙[x₃>1]·x₃² + 1.119·x₁³ + 1.029·x₁²,target federated MSE reached; no replacement passed the federated certificate
poly3,exception,0.1,300,4,9004,centralized-tree-gp,0.0,0.5,0.5,0.0024708710010082355,1.0281076552020545,1.0,0.0,0.8305205149999892,0,1599,"expr:add(square(x1),x3);expr:sin(add(cos(x4),x3));x1;x1^3",0.7101 + 1.062*((x1)^2+x3) + 1.028*((x1)^2*x1) - 1.236*sin((cos(x4)+x3)) + 0.9501*x1,generation budget reached
poly3,exception,0.1,300,4,9004,federated-tree-gp-style,0.0,0.5,0.5,0.002470871001008216,1.0281076552020547,1.0,0.0,1.193525181000041,630848,1599,"expr:add(square(x1),x3);expr:sin(add(cos(x4),x3));x1;x1^3",0.7101 + 1.062*((x1)^2+x3) + 1.028*((x1)^2*x1) - 1.236*sin((cos(x4)+x3)) + 0.9501*x1,generation budget reached
poly3,exception,0.1,300,4,9004,centralized-residual-counterexample-gp,0.0,0.5,0.5,0.0020566110577199667,1.0604246082380695,0.0,0.0,1.3285969410000007,0,1595,"expr:add(cos(x3),cos(x3));expr:add(square(x1),x3);x1;x1^3",1.21 - 0.6627*(cos(x3)+cos(x3)) + 0.9207*((x1)^2+x3) + 0.9951*((x1)^2*x1) + 0.9783*x1,generation budget reached
poly3,exception,0.1,300,4,9005,fedfalsify-v05,0.0,0.75,0.75,8.542693341990778e-05,0.5804552564454717,0.0,1.0,1.7888441860000057,1285917,7,I(x3>1)*x3^2;sin(x1);x1^2;x1^3,-0.01513 + 1.066·sin(x₁) + 0.762·𝟙[x₃>1]·x₃² + 1.124·x₁³ + 0.9994·x₁²,target federated MSE reached; no replacement passed the federated certificate
poly3,exception,0.1,300,4,9005,centralized-tree-gp,0.0,0.25,0.25,0.012639594260094573,1.5700178769628235,0.0,0.0,1.4301217069998984,0,1583,"expr:add(sin(x3),x1);expr:sin(add(cos(x1),x1));expr:square(add(square(x1),square(x3)));x1^3",1.269 + 1.224*(sin(x3)+x1) + 0.9784*((x1)^2*x1) - 0.5573*sin((cos(x1)+x1)) + 0.06798*(((x1)^2+(x3)^2))^2,generation budget reached
poly3,exception,0.1,300,4,9005,federated-tree-gp-style,0.0,0.25,0.25,0.012639594260094566,1.570017876962823,0.0,0.0,1.3623107920000166,626432,1583,"expr:add(sin(x3),x1);expr:sin(add(cos(x1),x1));expr:square(add(square(x1),square(x3)));x1^3",1.269 + 1.224*(sin(x3)+x1) + 0.9784*((x1)^2*x1) - 0.5573*sin((cos(x1)+x1)) + 0.06798*(((x1)^2+(x3)^2))^2,generation budget reached
poly3,exception,0.1,300,4,9005,centralized-residual-counterexample-gp,0.0,0.25,0.25,0.012639594260094573,1.5700178769628235,0.0,0.0,0.9282184749999942,0,1564,"expr:add(sin(x3),x1);expr:sin(add(cos(x1),x1));expr:square(add(square(x1),square(x3)));x1^3",1.269 + 1.224*(sin(x3)+x1) + 0.9784*((x1)^2*x1) - 0.5573*sin((cos(x1)+x1)) + 0.06798*(((x1)^2+(x3)^2))^2,generation budget reached
nested_sine,complementary,0.03,300,4,9001,fedfalsify-v05,1.0,1.0,1.0,5.024669695943603e-06,0.0007328553038999414,0.0,1.0,0.2550913100000116,210192,4,sin(x1);sin(x1+x1^2),0.0001214 + 0.9968·sin(x₁+x₁²) + 0.9992·sin(x₁),target federated MSE reached; no replacement passed the federated certificate
nested_sine,complementary,0.03,300,4,9001,centralized-tree-gp,1.0,1.0,1.0,5.024669695946054e-06,0.0007328553038999412,0.0,1.0,0.8890651629999411,0,1577,sin(x1);sin(x1+x1^2),0.0001214 + 0.9968*sin(((x1)^2+x1)) + 0.9992*sin(x1),generation budget reached
nested_sine,complementary,0.03,300,4,9001,federated-tree-gp-style,1.0,1.0,1.0,5.024669695943592e-06,0.0007328553038999414,0.0,1.0,1.108608204999996,601664,1577,sin(x1);sin(x1+x1^2),0.0001214 + 0.9968*sin(((x1)^2+x1)) + 0.9992*sin(x1),generation budget reached
nested_sine,complementary,0.03,300,4,9001,centralized-residual-counterexample-gp,0.0,0.5,0.5,5.024669686350073e-06,0.0007328553038999413,0.0,1.0,0.8368599570000015,0,1500,"expr:add(sin(x1),sin(x1));sin(x1+x1^2)",0.0001214 + 0.4996*(sin(x1)+sin(x1)) + 0.9968*sin(((x1)^2+x1)),generation budget reached
nested_sine,complementary,0.03,300,4,9002,fedfalsify-v05,1.0,1.0,1.0,2.4487463342501366e-06,0.0007403415296158776,0.0,1.0,0.261361308000005,210402,4,sin(x1);sin(x1+x1^2),0.001028 + 0.9994·sin(x₁) + 0.9982·sin(x₁+x₁²),target federated MSE reached; no replacement passed the federated certificate
nested_sine,complementary,0.03,300,4,9002,centralized-tree-gp,0.0,0.0,0.0,0.2887884677943384,0.13060050058043274,0.0,1.0,0.8974141800000552,0,1557,"expr:add(x1,x1);expr:sin(add(sin(x1),sin(x1)))",0.2605 - 0.1637*(x1+x1) + 1.357*sin((sin(x1)+sin(x1))) - 0.000996*(((x1)^2*x1))^2,generation budget reached
nested_sine,complementary,0.03,300,4,9002,federated-tree-gp-style,0.0,0.0,0.0,0.28878846779433726,0.13060050058043277,0.0,1.0,1.1436707340000112,588544,1557,"expr:add(x1,x1);expr:sin(add(sin(x1),sin(x1)))",0.2605 - 0.1637*(x1+x1) + 1.357*sin((sin(x1)+sin(x1))) - 0.000996*(((x1)^2*x1))^2,generation budget reached
nested_sine,complementary,0.03,300,4,9002,centralized-residual-counterexample-gp,0.0,0.0,0.0,0.230364938741468,0.10007580211500378,0.0,1.0,0.8686776870000585,0,1518,"expr:add(x1,x1);expr:sin(add(cos(x1),x1));expr:sin(add(sin(x1),x1));expr:square(mul(square(x1),x1))",0.45 + 0.1395*(x1+x1) - 0.4479*sin((cos(x1)+x1)) + 1.19*sin((sin(x1)+x1)) - 0.001781*(((x1)^2*x1))^2,generation budget reached
nested_sine,complementary,0.03,300,4,9003,fedfalsify-v05,1.0,1.0,1.0,6.243848844247852e-07,0.0007336330881436052,0.0,1.0,0.247762951000027,210270,4,sin(x1);sin(x1+x1^2),0.000475 + 1.001·sin(x₁+x₁²) + 0.9999·sin(x₁),target federated MSE reached; no replacement passed the federated certificate
nested_sine,complementary,0.03,300,4,9003,centralized-tree-gp,0.0,0.3333333333333333,0.5,1.9554292822078162e-06,0.0007333188866345909,0.0,1.0,0.8777803289999611,0,1562,"expr:add(sin(x1),x1);sin(x1+x1^2);x1",0.0003718 + 0.9983*(sin(x1)+x1) + 1.001*sin(((x1)^2+x1)) - 0.9973*x1,generation budget reached
nested_sine,complementary,0.03,300,4,9003,federated-tree-gp-style,0.0,0.3333333333333333,0.5,1.955429282232101e-06,0.000733318886634591,0.0,1.0,1.32507896300001,602880,1562,"expr:add(sin(x1),x1);sin(x1+x1^2);x1",0.0003718 + 0.9983*(sin(x1)+x1) + 1.001*sin(((x1)^2+x1)) - 0.9973*x1,generation budget reached
nested_sine,complementary,0.03,300,4,9003,centralized-residual-counterexample-gp,1.0,1.0,1.0,6.243848844247943e-07,0.0007336330881436051,0.0,1.0,1.4155494230000158,0,1523,sin(x1);sin(x1+x1^2),0.000475 + 1.001*sin(((x1)^2+x1)) + 0.9999*sin(x1),generation budget reached
nested_sine,complementary,0.03,300,4,9004,fedfalsify-v05,1.0,1.0,1.0,2.0167246772522673e-06,0.0007837372143978069,0.0,1.0,0.37429666299999553,210380,4,sin(x1);sin(x1+x1^2),-0.001088 + 1.001·sin(x₁) + 1.001·sin(x₁+x₁²),target federated MSE reached; no replacement passed the federated certificate
nested_sine,complementary,0.03,300,4,9004,centralized-tree-gp,0.0,0.0,0.0,0.1651496812637764,0.08900135571249154,0.0,1.0,1.403142330000037,0,1553,"expr:sin(add(sin(x1),sin(x1)));expr:sin(add(sin(x1),x1));expr:square(add(cos(x1),sin(x1)));expr:square(add(cos(x1),square(x1)))",-5.261 + 7.418*sin((sin(x1)+sin(x1))) - 11.71*sin((sin(x1)+x1)) + 5.565*((cos(x1)+sin(x1)))^2 - 0.01668*((cos(x1)+(x1)^2))^2,generation budget reached
nested_sine,complementary,0.03,300,4,9004,federated-tree-gp-style,0.0,0.0,0.0,0.165149681263723,0.08900135571249153,0.0,1.0,1.5859675830000697,585792,1553,"expr:sin(add(sin(x1),sin(x1)));expr:sin(add(sin(x1),x1));expr:square(add(cos(x1),sin(x1)));expr:square(add(cos(x1),square(x1)))",-5.261 + 7.418*sin((sin(x1)+sin(x1))) - 11.71*sin((sin(x1)+x1)) + 5.565*((cos(x1)+sin(x1)))^2 - 0.01668*((cos(x1)+(x1)^2))^2,generation budget reached
nested_sine,complementary,0.03,300,4,9004,centralized-residual-counterexample-gp,0.0,0.0,0.0,0.25542258241480886,0.11738010073806332,0.0,1.0,0.8864117759999317,0,1503,"expr:sin(add(sin(x1),sin(x1)));expr:sin(add(sin(x1),x1));expr:square(add(cos(x1),sin(x1)))",-4.961 + 6.883*sin((sin(x1)+sin(x1))) - 10.78*sin((sin(x1)+x1)) + 5.151*((cos(x1)+sin(x1)))^2,generation budget reached
nested_sine,complementary,0.03,300,4,9005,fedfalsify-v05,1.0,1.0,1.0,1.32983722176593e-06,0.0007360699978655387,0.0,1.0,0.2580435329999773,210377,4,sin(x1);sin(x1+x1^2),-0.0004631 + 1.002·sin(x₁+x₁²) + 1·sin(x₁),target federated MSE reached; no replacement passed the federated certificate
nested_sine,complementary,0.03,300,4,9005,centralized-tree-gp,0.0,0.3333333333333333,0.5,0.273410650838745,0.11598246558390779,0.0,1.0,0.8719068749999224,0,1511,"expr:add(sin(x1),x1);expr:sin(add(sin(x1),sin(x1)));sin(x1)",0.2085 - 0.202*(sin(x1)+x1) + 2.343*sin((sin(x1)+sin(x1))) - 1.158*sin(x1),generation budget reached
nested_sine,complementary,0.03,300,4,9005,federated-tree-gp-style,0.0,0.3333333333333333,0.5,0.27341065083874583,0.11598246558390779,0.0,1.0,1.0618080670000154,550848,1511,"expr:add(sin(x1),x1);expr:sin(add(sin(x1),sin(x1)));sin(x1)",0.2085 - 0.202*(sin(x1)+x1) + 2.343*sin((sin(x1)+sin(x1))) - 1.158*sin(x1),generation budget reached
nested_sine,complementary,0.03,300,4,9005,centralized-residual-counterexample-gp,0.0,0.0,0.0,0.27341065082961163,0.11598246558390779,0.0,1.0,0.8446452590000035,0,1471,"expr:add(sin(x1),sin(x1));expr:add(sin(x1),x1);expr:sin(add(sin(x1),sin(x1)))",0.2085 - 0.5791*(sin(x1)+sin(x1)) - 0.202*(sin(x1)+x1) + 2.343*sin((sin(x1)+sin(x1))),generation budget reached
nested_sine,complementary,0.1,300,4,9001,fedfalsify-v05,1.0,1.0,1.0,5.5829662564678934e-05,0.00814283670999935,0.0,1.0,0.2657584639999868,209695,4,sin(x1);sin(x1+x1^2),0.0004047 + 0.9895·sin(x₁+x₁²) + 0.9975·sin(x₁),target federated MSE reached; no replacement passed the federated certificate
nested_sine,complementary,0.1,300,4,9001,centralized-tree-gp,1.0,1.0,1.0,5.5829662564674366e-05,0.00814283670999935,0.0,1.0,0.7996920330000421,0,1462,sin(x1);sin(x1+x1^2),0.0004047 + 0.9895*sin(((x1)^2+x1)) + 0.9975*sin(x1),generation budget reached
nested_sine,complementary,0.1,300,4,9001,federated-tree-gp-style,1.0,1.0,1.0,5.582966256467855e-05,0.00814283670999935,0.0,1.0,0.969834958999968,488704,1462,sin(x1);sin(x1+x1^2),0.0004047 + 0.9895*sin(((x1)^2+x1)) + 0.9975*sin(x1),generation budget reached
nested_sine,complementary,0.1,300,4,9001,centralized-residual-counterexample-gp,1.0,1.0,1.0,5.5829662564674366e-05,0.00814283670999935,0.0,1.0,0.793397830999993,0,1473,sin(x1);sin(x1+x1^2),0.0004047 + 0.9895*sin(((x1)^2+x1)) + 0.9975*sin(x1),generation budget reached
nested_sine,complementary,0.1,300,4,9002,fedfalsify-v05,1.0,1.0,1.0,2.7208292113788912e-05,0.008226016995731973,0.0,1.0,0.2659651550000035,209782,4,sin(x1);sin(x1+x1^2),0.003428 + 0.998·sin(x₁) + 0.9941·sin(x₁+x₁²),target federated MSE reached; no replacement passed the federated certificate
nested_sine,complementary,0.1,300,4,9002,centralized-tree-gp,0.0,0.25,0.5,0.176420747580426,0.10972410145691171,0.0,1.0,0.822220944000037,0,1532,"expr:sin(add(sin(x1),sin(x1)));expr:sin(add(sin(x1),x1));expr:square(add(sin(x1),square(x1)));sin(x1)",0.2766 + 1.499*sin((sin(x1)+sin(x1))) + 0.4992*sin((sin(x1)+x1)) - 1.101*sin(x1) - 0.01019*((sin(x1)+(x1)^2))^2,generation budget reached
nested_sine,complementary,0.1,300,4,9002,federated-tree-gp-style,0.0,0.25,0.5,0.17642074758042656,0.10972410145691171,0.0,1.0,1.0697395549999555,562688,1532,"expr:sin(add(sin(x1),sin(x1)));expr:sin(add(sin(x1),x1));expr:square(add(sin(x1),square(x1)));sin(x1)",0.2766 + 1.499*sin((sin(x1)+sin(x1))) + 0.4992*sin((sin(x1)+x1)) - 1.101*sin(x1) - 0.01019*((sin(x1)+(x1)^2))^2,generation budget reached
nested_sine,complementary,0.1,300,4,9002,centralized-residual-counterexample-gp,0.0,0.0,0.0,0.4649038736121079,0.17057026402492279,0.0,1.0,0.9329206740000018,0,1463,"expr:sin(add(sin(x1),x1))",0.2087 + 1.159*sin((sin(x1)+x1)),generation budget reached
nested_sine,complementary,0.1,300,4,9003,fedfalsify-v05,1.0,1.0,1.0,6.937609941230789e-06,0.00815147875715117,0.0,1.0,0.3507752120000305,209656,4,sin(x1);sin(x1+x1^2),0.001583 + 1.003·sin(x₁+x₁²) + 0.9998·sin(x₁),target federated MSE reached; no replacement passed the federated certificate
nested_sine,complementary,0.1,300,4,9003,centralized-tree-gp,0.0,0.3333333333333333,0.5,0.2849836078048206,0.12715372327916802,0.0,1.0,1.3567117449999841,0,1526,"expr:mul(cos(x1),x1);expr:sin(add(sin(x1),sin(x1)));sin(x1)",0.217 + 0.2231*(cos(x1)*x1) + 2.244*sin((sin(x1)+sin(x1))) - 1.584*sin(x1),generation budget reached
nested_sine,complementary,0.1,300,4,9003,federated-tree-gp-style,0.0,0.3333333333333333,0.5,0.28498360780482224,0.12715372327916802,0.0,1.0,1.7082995449999316,562752,1526,"expr:mul(cos(x1),x1);expr:sin(add(sin(x1),sin(x1)));sin(x1)",0.217 + 0.2231*(cos(x1)*x1) + 2.244*sin((sin(x1)+sin(x1))) - 1.584*sin(x1),generation budget reached
nested_sine,complementary,0.1,300,4,9003,centralized-residual-counterexample-gp,0.0,0.3333333333333333,0.5,0.2849836078048206,0.12715372327916802,0.0,1.0,1.1664477880000277,0,1525,"expr:mul(cos(x1),x1);expr:sin(add(sin(x1),sin(x1)));sin(x1)",0.217 + 0.2231*(cos(x1)*x1) + 2.244*sin((sin(x1)+sin(x1))) - 1.584*sin(x1),generation budget reached
nested_sine,complementary,0.1,300,4,9004,fedfalsify-v05,1.0,1.0,1.0,2.2408052339600305e-05,0.008708191271086747,0.0,1.0,0.2456626769999275,209732,4,sin(x1);sin(x1+x1^2),-0.003626 + 1.004·sin(x₁+x₁²) + 1.003·sin(x₁),target federated MSE reached; no replacement passed the federated certificate
nested_sine,complementary,0.1,300,4,9004,centralized-tree-gp,0.0,0.25,0.5,0.19379526437735128,0.10581200340194506,0.0,1.0,0.8587920269999358,0,1547,"expr:cos(mul(cos(x1),square(x1)));expr:sin(add(sin(x1),x1));expr:square(add(cos(x1),x1));sin(x1)",1.002 - 0.5528*cos((cos(x1)*(x1)^2)) + 1.648*sin((sin(x1)+x1)) - 0.355*sin(x1) - 0.1852*((cos(x1)+x1))^2,generation budget reached
nested_sine,complementary,0.1,300,4,9004,federated-tree-gp-style,0.0,0.25,0.5,0.1937952643773511,0.10581200340194506,0.0,1.0,1.1100167649999548,580672,1547,"expr:cos(mul(cos(x1),square(x1)));expr:sin(add(sin(x1),x1));expr:square(add(cos(x1),x1));sin(x1)",1.002 - 0.5528*cos((cos(x1)*(x1)^2)) + 1.648*sin((sin(x1)+x1)) - 0.355*sin(x1) - 0.1852*((cos(x1)+x1))^2,generation budget reached
nested_sine,complementary,0.1,300,4,9004,centralized-residual-counterexample-gp,0.0,0.3333333333333333,0.5,0.151994116165039,0.10592299286610322,0.0,1.0,0.9073608520000107,0,1553,"expr:sin(add(sin(x1),sin(x1)));expr:sin(add(sin(x1),x1));sin(x1)",0.2442 + 1.715*sin((sin(x1)+sin(x1))) + 0.4938*sin((sin(x1)+x1)) - 1.375*sin(x1) - 0.0002372*(((x1)^2*(x1)^2))^2,generation budget reached
nested_sine,complementary,0.1,300,4,9005,fedfalsify-v05,1.0,1.0,1.0,1.4775969508468927e-05,0.008178555531839321,0.0,1.0,0.2612707279999995,209709,4,sin(x1);sin(x1+x1^2),-0.001544 + 1.005·sin(x₁+x₁²) + 1.001·sin(x₁),target federated MSE reached; no replacement passed the federated certificate
nested_sine,complementary,0.1,300,4,9005,centralized-tree-gp,0.0,0.0,0.0,0.3162603993148642,0.09182108173671659,0.0,1.0,1.0222860720000426,0,1570,"expr:sin(add(sin(x1),sin(x1)));expr:sin(add(sin(x1),x1));expr:square(add(cos(x1),sin(x1)))",-6.388 + 8.799*sin((sin(x1)+sin(x1))) - 14.1*sin((sin(x1)+x1)) + 6.595*((cos(x1)+sin(x1)))^2,generation budget reached
nested_sine,complementary,0.1,300,4,9005,federated-tree-gp-style,0.0,0.0,0.0,0.3162603993149811,0.09182108173671659,0.0,1.0,1.1525490149999769,604864,1570,"expr:sin(add(sin(x1),sin(x1)));expr:sin(add(sin(x1),x1));expr:square(add(cos(x1),sin(x1)))",-6.388 + 8.799*sin((sin(x1)+sin(x1))) - 14.1*sin((sin(x1)+x1)) + 6.595*((cos(x1)+sin(x1)))^2,generation budget reached
nested_sine,complementary,0.1,300,4,9005,centralized-residual-counterexample-gp,0.0,0.0,0.0,0.2561981186545153,0.08538771277809834,0.0,1.0,0.91128599700005,0,1533,"expr:add(sin(x1),x1);expr:sin(add(sin(x1),sin(x1)));expr:sin(add(sin(x1),x1));expr:square(add(cos(x1),sin(x1)))",-5.856 - 0.2676*(sin(x1)+x1) + 9.11*sin((sin(x1)+sin(x1))) - 13.46*sin((sin(x1)+x1)) + 6.062*((cos(x1)+sin(x1)))^2,generation budget reached
nested_sine,spurious,0.03,300,4,9001,fedfalsify-v05,1.0,1.0,1.0,3.652126207499182e-06,0.0007271966860610794,0.0,1.0,0.26195306299996446,210391,4,sin(x1);sin(x1+x1^2),-0.0006973 + 0.9987·sin(x₁) + 1.002·sin(x₁+x₁²),target federated MSE reached; no replacement passed the federated certificate
nested_sine,spurious,0.03,300,4,9001,centralized-tree-gp,1.0,1.0,1.0,3.6521262074987068e-06,0.0007271966860610793,0.0,1.0,0.8693564679999781,0,1537,sin(x1);sin(x1+x1^2),-0.0006973 + 1.002*sin(((x1)^2+x1)) + 0.9987*sin(x1),generation budget reached
nested_sine,spurious,0.03,300,4,9001,federated-tree-gp-style,1.0,1.0,1.0,3.6521262074993933e-06,0.0007271966860610794,0.0,1.0,1.0711509230000047,577088,1537,sin(x1);sin(x1+x1^2),-0.0006973 + 1.002*sin(((x1)^2+x1)) + 0.9987*sin(x1),generation budget reached
nested_sine,spurious,0.03,300,4,9001,centralized-residual-counterexample-gp,0.0,0.3333333333333333,0.5,0.2779230970068552,0.12263438106990947,0.0,1.0,0.9374257599999964,0,1549,"expr:cos(add(cos(x1),sin(x1)));expr:sin(add(sin(x1),x1));sin(x1)",-1.775 + 3.484*cos((cos(x1)+sin(x1))) + 3.791*sin((sin(x1)+x1)) - 1.586*sin(x1),generation budget reached
nested_sine,spurious,0.03,300,4,9002,fedfalsify-v05,1.0,1.0,1.0,1.5236293498063531e-05,0.0007265989428204874,0.0,1.0,0.3901996219999546,210416,4,sin(x1);sin(x1+x1^2),-0.001354 + 0.9987·sin(x₁) + 1.005·sin(x₁+x₁²),target federated MSE reached; no replacement passed the federated certificate
nested_sine,spurious,0.03,300,4,9002,centralized-tree-gp,0.0,0.25,0.5,0.17916660237915652,0.10343753636130691,0.0,1.0,1.4659448440000915,0,1568,"expr:sin(add(sin(x1),sin(x1)));expr:sin(add(sin(x1),x1));expr:square(add(cos(x1),square(x1)));sin(x1)",0.2846 + 1.685*sin((sin(x1)+sin(x1))) + 0.5064*sin((sin(x1)+x1)) - 1.351*sin(x1) - 0.009848*((cos(x1)+(x1)^2))^2,generation budget reached
nested_sine,spurious,0.03,300,4,9002,federated-tree-gp-style,0.0,0.25,0.5,0.17916660237915574,0.10343753636130688,0.0,1.0,1.846195411999929,602368,1568,"expr:sin(add(sin(x1),sin(x1)));expr:sin(add(sin(x1),x1));expr:square(add(cos(x1),square(x1)));sin(x1)",0.2846 + 1.685*sin((sin(x1)+sin(x1))) + 0.5064*sin((sin(x1)+x1)) - 1.351*sin(x1) - 0.009848*((cos(x1)+(x1)^2))^2,generation budget reached
nested_sine,spurious,0.03,300,4,9002,centralized-residual-counterexample-gp,0.0,0.3333333333333333,0.5,0.26517152197155136,0.11140678997148874,0.0,1.0,1.2168616710000606,0,1499,"expr:sin(add(sin(x1),sin(x1)));expr:sin(add(sin(x1),x1));sin(x1)",0.2219 + 1.63*sin((sin(x1)+sin(x1))) + 0.5275*sin((sin(x1)+x1)) - 1.307*sin(x1),generation budget reached
nested_sine,spurious,0.03,300,4,9003,fedfalsify-v05,1.0,1.0,1.0,2.071815664513746e-06,0.0006726986887611981,0.0,1.0,0.2705008259999886,210411,4,sin(x1);sin(x1+x1^2),-0.0004923 + 1·sin(x₁+x₁²) + 0.9983·sin(x₁),target federated MSE reached; no replacement passed the federated certificate
nested_sine,spurious,0.03,300,4,9003,centralized-tree-gp,0.0,0.0,0.0,0.3797565376057947,0.13030306087385118,0.0,1.0,0.7791583190000893,0,1484,"expr:add(sin(x1),x1);expr:sin(add(sin(x1),sin(x1)))",0.2102 - 0.4055*(sin(x1)+x1) + 1.794*sin((sin(x1)+sin(x1))),generation budget reached
nested_sine,spurious,0.03,300,4,9003,federated-tree-gp-style,0.0,0.0,0.0,0.3797565376057945,0.13030306087385118,0.0,1.0,1.0051884300000893,499840,1484,"expr:add(sin(x1),x1);expr:sin(add(sin(x1),sin(x1)))",0.2102 - 0.4055*(sin(x1)+x1) + 1.794*sin((sin(x1)+sin(x1))),generation budget reached
nested_sine,spurious,0.03,300,4,9003,centralized-residual-counterexample-gp,0.0,0.0,0.0,0.3797565376057947,0.13030306087385118,0.0,1.0,0.8322975859999815,0,1488,"expr:add(sin(x1),x1);expr:sin(add(sin(x1),sin(x1)))",0.2102 - 0.4055*(sin(x1)+x1) + 1.794*sin((sin(x1)+sin(x1))),generation budget reached
nested_sine,spurious,0.03,300,4,9004,fedfalsify-v05,1.0,1.0,1.0,1.302820909984528e-06,0.0007987706229504986,0.0,1.0,0.24509056199997303,210376,4,sin(x1);sin(x1+x1^2),-0.0003265 + 0.9989·sin(x₁) + 0.9991·sin(x₁+x₁²),target federated MSE reached; no replacement passed the federated certificate
nested_sine,spurious,0.03,300,4,9004,centralized-tree-gp,1.0,1.0,1.0,1.3028209099819799e-06,0.0007987706229504988,0.0,1.0,0.7992991810000376,0,1500,sin(x1);sin(x1+x1^2),-0.0003265 + 0.9991*sin(((x1)^2+x1)) + 0.9989*sin(x1),generation budget reached
nested_sine,spurious,0.03,300,4,9004,federated-tree-gp-style,1.0,1.0,1.0,1.3028209099841354e-06,0.0007987706229504986,0.0,1.0,0.9849886999999171,530752,1500,sin(x1);sin(x1+x1^2),-0.0003265 + 0.9991*sin(((x1)^2+x1)) + 0.9989*sin(x1),generation budget reached
nested_sine,spurious,0.03,300,4,9004,centralized-residual-counterexample-gp,1.0,1.0,1.0,1.3028209099819799e-06,0.0007987706229504988,0.0,1.0,0.8100700450000886,0,1508,sin(x1);sin(x1+x1^2),-0.0003265 + 0.9991*sin(((x1)^2+x1)) + 0.9989*sin(x1),generation budget reached
nested_sine,spurious,0.03,300,4,9005,fedfalsify-v05,1.0,1.0,1.0,6.201142375511388e-07,0.0007307005396454025,0.0,1.0,0.2600222119999671,210417,4,sin(x1);sin(x1+x1^2),0.000368 + 0.9995·sin(x₁+x₁²) + 0.9992·sin(x₁),target federated MSE reached; no replacement passed the federated certificate
nested_sine,spurious,0.03,300,4,9005,centralized-tree-gp,0.0,0.25,0.5,0.3240360749346695,0.10849837393892092,1.0,1.0,0.8854501319999599,0,1582,"expr:mul(sin(x4),square(x1));expr:sin(add(sin(x1),sin(x1)));sin(x1);x1",0.2305 + 0.05513*(sin(x4)*(x1)^2) + 2.204*sin((sin(x1)+sin(x1))) - 1.066*sin(x1) - 0.2928*x1,generation budget reached
nested_sine,spurious,0.03,300,4,9005,federated-tree-gp-style,0.0,0.25,0.5,0.3240360749346757,0.10849837393892092,1.0,1.0,1.1277895459999172,615104,1582,"expr:mul(sin(x4),square(x1));expr:sin(add(sin(x1),sin(x1)));sin(x1);x1",0.2305 + 0.05513*(sin(x4)*(x1)^2) + 2.204*sin((sin(x1)+sin(x1))) - 1.066*sin(x1) - 0.2928*x1,generation budget reached
nested_sine,spurious,0.03,300,4,9005,centralized-residual-counterexample-gp,0.0,0.0,0.0,0.27940199166214513,0.06680793118834458,0.0,1.0,0.9302740990000302,0,1557,"expr:sin(add(sin(x1),sin(x1)));expr:sin(add(sin(x1),x1));expr:sin(add(x1,x1));x1^3",0.2159 - 0.1129*((x1)^2*x1) + 14.78*sin((sin(x1)+sin(x1))) - 23.49*sin((sin(x1)+x1)) + 10.12*sin((x1+x1)),generation budget reached
nested_sine,spurious,0.1,300,4,9001,fedfalsify-v05,1.0,1.0,1.0,4.057918032981751e-05,0.00807996317845644,0.0,1.0,0.24844985999993696,209760,4,sin(x1);sin(x1+x1^2),-0.002324 + 0.9958·sin(x₁) + 1.007·sin(x₁+x₁²),target federated MSE reached; no replacement passed the federated certificate
nested_sine,spurious,0.1,300,4,9001,centralized-tree-gp,0.0,0.6666666666666666,1.0,5.2651230741619945e-05,0.008075538595779965,0.0,1.0,1.292380236000099,0,1636,"expr:sin(mul(cos(x1),x1));sin(x1);sin(x1+x1^2)",-0.00269 + 1.009*sin(((x1)^2+x1)) - 0.0048*sin((cos(x1)*x1)) + 0.9962*sin(x1),generation budget reached
nested_sine,spurious,0.1,300,4,9001,federated-tree-gp-style,0.0,0.6666666666666666,1.0,5.265123074161774e-05,0.008075538595779965,0.0,1.0,1.999740011999961,675520,1636,"expr:sin(mul(cos(x1),x1));sin(x1);sin(x1+x1^2)",-0.00269 + 1.009*sin(((x1)^2+x1)) - 0.0048*sin((cos(x1)*x1)) + 0.9962*sin(x1),generation budget reached
nested_sine,spurious,0.1,300,4,9001,centralized-residual-counterexample-gp,0.0,0.5,0.5,0.018914422259295523,0.019403542800129958,0.0,1.0,1.4570467549999648,0,1562,"expr:sin(add(sin(x1),sin(x1)));sin(x1+x1^2)",0.02513 + 0.839*sin((sin(x1)+sin(x1))) + 0.8065*sin(((x1)^2+x1)),generation budget reached
nested_sine,spurious,0.1,300,4,9002,fedfalsify-v05,1.0,1.0,1.0,0.0001692921509023378,0.008073321586894307,0.0,1.0,0.43165963000001284,209838,4,sin(x1);sin(x1+x1^2),-0.004514 + 1.017·sin(x₁+x₁²) + 0.9957·sin(x₁),target federated MSE reached; no replacement passed the federated certificate
nested_sine,spurious,0.1,300,4,9002,centralized-tree-gp,0.0,0.0,0.0,0.22040398059819927,0.09027553959887455,0.0,1.0,0.8794805250000763,0,1547,"expr:add(x1,x1);expr:mul(cos(x1),sin(x1));expr:sin(add(sin(x1),sin(x1)));expr:sin(add(sin(x1),x1))",0.2122 - 0.2586*(x1+x1) + 12.01*(cos(x1)*sin(x1)) + 9.372*sin((sin(x1)+sin(x1))) - 13.65*sin((sin(x1)+x1)),generation budget reached
nested_sine,spurious,0.1,300,4,9002,federated-tree-gp-style,0.0,0.0,0.0,0.22040398059820215,0.09027553959887454,0.0,1.0,1.088210844999935,575424,1547,"expr:add(x1,x1);expr:mul(cos(x1),sin(x1));expr:sin(add(sin(x1),sin(x1)));expr:sin(add(sin(x1),x1))",0.2122 - 0.2586*(x1+x1) + 12.01*(cos(x1)*sin(x1)) + 9.372*sin((sin(x1)+sin(x1))) - 13.65*sin((sin(x1)+x1)),generation budget reached
nested_sine,spurious,0.1,300,4,9002,centralized-residual-counterexample-gp,0.0,0.3333333333333333,0.5,0.2754143323912873,0.12412481036836458,0.0,1.0,0.8675058780000882,0,1532,"expr:add(x1,x1);expr:sin(add(sin(x1),sin(x1)));sin(x1)",0.2246 - 0.1299*(x1+x1) + 2.326*sin((sin(x1)+sin(x1))) - 1.263*sin(x1),generation budget reached
nested_sine,spurious,0.1,300,4,9003,fedfalsify-v05,1.0,1.0,1.0,2.3020173812597927e-05,0.0074744298751244255,0.0,1.0,0.2613730969999324,209941,4,sin(x1);sin(x1+x1^2),-0.001641 + 1·sin(x₁+x₁²) + 0.9943·sin(x₁),target federated MSE reached; no replacement passed the federated certificate
nested_sine,spurious,0.1,300,4,9003,centralized-tree-gp,1.0,1.0,1.0,2.302017381260989e-05,0.0074744298751244255,0.0,1.0,0.8033560110000053,0,1507,sin(x1);sin(x1+x1^2),-0.001641 + 1*sin(((x1)^2+x1)) + 0.9943*sin(x1),generation budget reached
nested_sine,spurious,0.1,300,4,9003,federated-tree-gp-style,1.0,1.0,1.0,2.3020173812597602e-05,0.0074744298751244255,0.0,1.0,1.0277378340000496,533568,1507,sin(x1);sin(x1+x1^2),-0.001641 + 1*sin(((x1)^2+x1)) + 0.9943*sin(x1),generation budget reached
nested_sine,spurious,0.1,300,4,9003,centralized-residual-counterexample-gp,1.0,1.0,1.0,2.302017381260989e-05,0.0074744298751244255,0.0,1.0,0.8887845670000161,0,1509,sin(x1);sin(x1+x1^2),-0.001641 + 1*sin(((x1)^2+x1)) + 0.9943*sin(x1),generation budget reached
nested_sine,spurious,0.1,300,4,9004,fedfalsify-v05,1.0,1.0,1.0,1.4475787573951611e-05,0.008875229143894428,0.0,1.0,0.2516820710000047,209716,4,sin(x1);sin(x1+x1^2),-0.001088 + 0.9971·sin(x₁+x₁²) + 0.9962·sin(x₁),target federated MSE reached; no replacement passed the federated certificate
nested_sine,spurious,0.1,300,4,9004,centralized-tree-gp,0.0,0.0,0.0,0.21800728458886928,0.08452937583675488,0.0,1.0,0.9527930770000239,0,1612,"expr:mul(cos(x1),sin(x1));expr:sin(add(sin(x1),sin(x1)));expr:sin(add(sin(x1),x1));x1",0.204 + 13.43*(cos(x1)*sin(x1)) + 10.35*sin((sin(x1)+sin(x1))) - 15.32*sin((sin(x1)+x1)) - 0.5267*x1,generation budget reached
nested_sine,spurious,0.1,300,4,9004,federated-tree-gp-style,0.0,0.0,0.0,0.21800728458883512,0.08452937583675486,0.0,1.0,1.1967991139999867,645632,1612,"expr:mul(cos(x1),sin(x1));expr:sin(add(sin(x1),sin(x1)));expr:sin(add(sin(x1),x1));x1",0.204 + 13.43*(cos(x1)*sin(x1)) + 10.35*sin((sin(x1)+sin(x1))) - 15.32*sin((sin(x1)+x1)) - 0.5267*x1,generation budget reached
nested_sine,spurious,0.1,300,4,9004,centralized-residual-counterexample-gp,0.0,0.0,0.0,0.21800728458886928,0.08452937583675488,0.0,1.0,0.929471422000006,0,1564,"expr:mul(cos(x1),sin(x1));expr:sin(add(sin(x1),sin(x1)));expr:sin(add(sin(x1),x1));x1",0.204 + 13.43*(cos(x1)*sin(x1)) + 10.35*sin((sin(x1)+sin(x1))) - 15.32*sin((sin(x1)+x1)) - 0.5267*x1,generation budget reached
nested_sine,spurious,0.1,300,4,9005,fedfalsify-v05,1.0,1.0,1.0,6.890157970172022e-06,0.00811889488494892,0.0,1.0,0.24298028999999133,209938,4,sin(x1);sin(x1+x1^2),0.001227 + 0.9984·sin(x₁+x₁²) + 0.9973·sin(x₁),target federated MSE reached; no replacement passed the federated certificate
nested_sine,spurious,0.1,300,4,9005,centralized-tree-gp,0.0,0.0,0.0,0.282695882099912,0.12481534131213542,0.0,1.0,0.944365758999993,0,1509,"expr:add(sin(x1),x1);expr:sin(add(sin(x1),sin(x1)));x1",0.2203 - 1.215*(sin(x1)+x1) + 2.276*sin((sin(x1)+sin(x1))) + 0.9732*x1,generation budget reached
nested_sine,spurious,0.1,300,4,9005,federated-tree-gp-style,0.0,0.0,0.0,0.2826958820999098,0.12481534131213542,0.0,1.0,1.6896440079999593,538624,1509,"expr:add(sin(x1),x1);expr:sin(add(sin(x1),sin(x1)));x1",0.2203 - 1.215*(sin(x1)+x1) + 2.276*sin((sin(x1)+sin(x1))) + 0.9732*x1,generation budget reached
nested_sine,spurious,0.1,300,4,9005,centralized-residual-counterexample-gp,0.0,0.0,0.0,0.423227597062619,0.12543237385725833,1.0,1.0,1.3034365960000969,0,1477,"expr:add(sin(x1),x1);expr:mul(sin(x4),square(x1));expr:sin(add(sin(x1),sin(x1)))",0.2377 - 0.3944*(sin(x1)+x1) + 0.07005*(sin(x4)*(x1)^2) + 1.776*sin((sin(x1)+sin(x1))),generation budget reached
nested_sine,exception,0.03,300,4,9001,fedfalsify-v05,1.0,1.0,1.0,5.68649126605605e-06,0.0022811840841727568,0.0,1.0,0.491098213999976,247677,5,I(x3>1)*x3^2;sin(x1);sin(x1+x1^2),-0.0004673 + 0.7508·𝟙[x₃>1]·x₃² + 0.9946·sin(x₁+x₁²) + 0.9983·sin(x₁),target federated MSE reached; no replacement passed the federated certificate
nested_sine,exception,0.03,300,4,9001,centralized-tree-gp,0.0,0.3333333333333333,0.3333333333333333,0.08656686835389525,0.20872436861706936,1.0,0.0,1.3482191520000697,0,1612,"expr:add(sin(x1),x3);expr:square(add(cos(x4),square(x3)));sin(x1+x1^2)",0.1218 + 0.7468*(sin(x1)+x3) + 0.9426*sin(((x1)^2+x1)) + 0.05781*((cos(x4)+(x3)^2))^2,generation budget reached
nested_sine,exception,0.03,300,4,9001,federated-tree-gp-style,0.0,0.3333333333333333,0.3333333333333333,0.0865668683538952,0.20872436861706936,1.0,0.0,1.217472202999943,663808,1612,"expr:add(sin(x1),x3);expr:square(add(cos(x4),square(x3)));sin(x1+x1^2)",0.1218 + 0.7468*(sin(x1)+x3) + 0.9426*sin(((x1)^2+x1)) + 0.05781*((cos(x4)+(x3)^2))^2,generation budget reached
nested_sine,exception,0.03,300,4,9001,centralized-residual-counterexample-gp,0.0,0.25,0.3333333333333333,0.008759251750269407,0.019633646994170462,0.0,0.0,0.969563987000015,0,1617,"expr:add(sin(x1),x3);expr:add(sin(x3),sin(x3));expr:add(square(x3),x3);sin(x1+x1^2)",-0.07878 + 0.9751*(sin(x1)+x3) - 0.6596*(sin(x3)+sin(x3)) + 0.387*((x3)^2+x3) + 0.9987*sin(((x1)^2+x1)),generation budget reached
nested_sine,exception,0.03,300,4,9002,fedfalsify-v05,1.0,1.0,1.0,3.5013553335685325e-06,0.002500062960728085,0.0,1.0,0.3255199369999673,247950,5,I(x3>1)*x3^2;sin(x1);sin(x1+x1^2),0.002605 + 0.7493·𝟙[x₃>1]·x₃² + 0.9993·sin(x₁) + 0.9965·sin(x₁+x₁²),target federated MSE reached; no replacement passed the federated certificate
nested_sine,exception,0.03,300,4,9002,centralized-tree-gp,0.0,0.0,0.0,0.16174128031664897,0.27225072290979907,0.0,0.0,0.9284089160000804,0,1609,"expr:add(sin(x1),x3);expr:add(sin(x3),x3);expr:sin(add(cos(x1),x1));expr:square(add(sin(x3),square(x3)))",0.6756 + 1.715*(sin(x1)+x3) - 0.8714*(sin(x3)+x3) - 0.7458*sin((cos(x1)+x1)) + 0.06933*((sin(x3)+(x3)^2))^2,generation budget reached
nested_sine,exception,0.03,300,4,9002,federated-tree-gp-style,0.0,0.0,0.0,0.16174128031664886,0.27225072290979907,0.0,0.0,1.1646890629999689,648448,1609,"expr:add(sin(x1),x3);expr:add(sin(x3),x3);expr:sin(add(cos(x1),x1));expr:square(add(sin(x3),square(x3)))",0.6756 + 1.715*(sin(x1)+x3) - 0.8714*(sin(x3)+x3) - 0.7458*sin((cos(x1)+x1)) + 0.06933*((sin(x3)+(x3)^2))^2,generation budget reached
nested_sine,exception,0.03,300,4,9002,centralized-residual-counterexample-gp,0.0,0.0,0.0,0.21731187047651815,0.4058742700223554,0.0,0.0,0.8258589790000315,0,1503,"expr:add(sin(x1),square(x3));expr:add(sin(x1),x3)",0.1837 + 0.3863*(sin(x1)+(x3)^2) + 0.6257*(sin(x1)+x3),generation budget reached
nested_sine,exception,0.03,300,4,9003,fedfalsify-v05,1.0,1.0,1.0,1.3776799837748002e-06,0.002322897429631169,0.0,1.0,0.32479635300001064,247770,5,I(x3>1)*x3^2;sin(x1);sin(x1+x1^2),0.001627 + 0.7492·𝟙[x₃>1]·x₃² + 1.001·sin(x₁+x₁²) + 1·sin(x₁),target federated MSE reached; no replacement passed the federated certificate
nested_sine,exception,0.03,300,4,9003,centralized-tree-gp,0.0,0.25,0.3333333333333333,0.18832951665161893,0.24975427831310204,0.0,0.0,0.8737848590000112,0,1554,"expr:add(sin(x3),square(x3));expr:add(square(x3),x3);expr:cos(add(cos(x1),sin(x1)));sin(x1)",0.7783 - 0.6901*(sin(x3)+(x3)^2) + 1.068*((x3)^2+x3) - 1.046*cos((cos(x1)+sin(x1))) + 0.8572*sin(x1),generation budget reached
nested_sine,exception,0.03,300,4,9003,federated-tree-gp-style,0.0,0.25,0.3333333333333333,0.1883295166516193,0.24975427831310204,0.0,0.0,1.0773233020000816,596800,1554,"expr:add(sin(x3),square(x3));expr:add(square(x3),x3);expr:cos(add(cos(x1),sin(x1)));sin(x1)",0.7783 - 0.6901*(sin(x3)+(x3)^2) + 1.068*((x3)^2+x3) - 1.046*cos((cos(x1)+sin(x1))) + 0.8572*sin(x1),generation budget reached
nested_sine,exception,0.03,300,4,9003,centralized-residual-counterexample-gp,0.0,0.3333333333333333,0.3333333333333333,0.18659039700337404,0.3343338000850985,0.0,0.0,0.907903393999959,0,1577,"expr:add(sin(x3),square(x3));expr:add(square(x3),x3);sin(x1)",0.2405 - 0.6683*(sin(x3)+(x3)^2) + 1.017*((x3)^2+x3) + 1.022*sin(x1),generation budget reached
nested_sine,exception,0.03,300,4,9004,fedfalsify-v05,1.0,1.0,1.0,2.0848877941429217e-06,0.002410693195231548,0.0,1.0,0.3280598349999764,247844,5,I(x3>1)*x3^2;sin(x1);sin(x1+x1^2),-0.001766 + 0.7498·𝟙[x₃>1]·x₃² + 1.002·sin(x₁) + 1.002·sin(x₁+x₁²),target federated MSE reached; no replacement passed the federated certificate
nested_sine,exception,0.03,300,4,9004,centralized-tree-gp,0.0,0.25,0.3333333333333333,0.17369111189207692,0.3475733352415723,0.0,0.0,1.0612686959999564,0,1608,"expr:add(cos(x3),cos(x3));expr:square(add(square(x3),x3));sin(x1);x3",0.6014 - 0.1907*(cos(x3)+cos(x3)) + 0.9804*sin(x1) + 0.04293*(((x3)^2+x3))^2 + 0.3177*x3,generation budget reached
nested_sine,exception,0.03,300,4,9004,federated-tree-gp-style,0.0,0.25,0.3333333333333333,0.17369111189207692,0.3475733352415723,0.0,0.0,1.8241855049999458,650496,1608,"expr:add(cos(x3),cos(x3));expr:square(add(square(x3),x3));sin(x1);x3",0.6014 - 0.1907*(cos(x3)+cos(x3)) + 0.9804*sin(x1) + 0.04293*(((x3)^2+x3))^2 + 0.3177*x3,generation budget reached
nested_sine,exception,0.03,300,4,9004,centralized-residual-counterexample-gp,0.0,0.6666666666666666,0.6666666666666666,0.15957333270189494,0.22927549118779633,0.0,1.0,1.3475932380000586,0,1564,"I(x3>1)*x3^2;expr:mul(cos(x1),sin(x1));sin(x1)",0.1949 + 0.7606*I(x3>1)*((x3)^2) + 0.8903*(cos(x1)*sin(x1)) + 0.8144*sin(x1),generation budget reached
nested_sine,exception,0.03,300,4,9005,fedfalsify-v05,1.0,1.0,1.0,2.686800263932855e-06,0.002264965445763669,0.0,1.0,0.49892813700000715,247702,5,I(x3>1)*x3^2;sin(x1);sin(x1+x1^2),-0.001737 + 0.751·𝟙[x₃>1]·x₃² + 1.003·sin(x₁+x₁²) + 1·sin(x₁),target federated MSE reached; no replacement passed the federated certificate
nested_sine,exception,0.03,300,4,9005,centralized-tree-gp,0.0,0.0,0.0,0.15980449911714414,0.22972048156126926,0.0,0.0,1.1628070880000223,0,1582,"expr:add(cos(x3),square(x3));expr:add(sin(x1),x3);expr:mul(cos(x1),sin(x1));expr:sin(mul(cos(x1),x1))",-0.3868 + 0.5885*(cos(x3)+(x3)^2) + 0.611*(sin(x1)+x3) + 4.579*(cos(x1)*sin(x1)) - 2.802*sin((cos(x1)*x1)),generation budget reached
nested_sine,exception,0.03,300,4,9005,federated-tree-gp-style,0.0,0.0,0.0,0.1598044991171443,0.2297204815612693,0.0,0.0,1.1181100210000068,601664,1582,"expr:add(cos(x3),square(x3));expr:add(sin(x1),x3);expr:mul(cos(x1),sin(x1));expr:sin(mul(cos(x1),x1))",-0.3868 + 0.5885*(cos(x3)+(x3)^2) + 0.611*(sin(x1)+x3) + 4.579*(cos(x1)*sin(x1)) - 2.802*sin((cos(x1)*x1)),generation budget reached
nested_sine,exception,0.03,300,4,9005,centralized-residual-counterexample-gp,0.0,0.0,0.0,0.22148927087821138,0.4193709527614918,0.0,0.0,0.8480252209999435,0,1526,"expr:add(cos(x3),square(x3));expr:add(sin(x1),x3);x1",-0.3325 + 0.5687*(cos(x3)+(x3)^2) + 0.6446*(sin(x1)+x3) + 0.1663*x1,generation budget reached
nested_sine,exception,0.1,300,4,9001,fedfalsify-v05,1.0,1.0,1.0,6.318323588446731e-05,0.025346489824141755,0.0,1.0,0.3287057120001009,247118,5,I(x3>1)*x3^2;sin(x1);sin(x1+x1^2),-0.001558 + 0.7525·𝟙[x₃>1]·x₃² + 0.982·sin(x₁+x₁²) + 0.9945·sin(x₁),target federated MSE reached; no replacement passed the federated certificate
nested_sine,exception,0.1,300,4,9001,centralized-tree-gp,0.0,0.3333333333333333,0.3333333333333333,0.15746599722166343,0.2254891377113555,0.0,1.0,0.930141532000107,0,1596,"I(x3>1)*x3^2;expr:add(cos(x3),x1);expr:sin(add(x1,x1))",-0.004369 + 0.4016*(cos(x3)+x1) + 0.8451*I(x3>1)*((x3)^2) + 0.7293*sin((x1+x1)),generation budget reached
nested_sine,exception,0.1,300,4,9001,federated-tree-gp-style,0.0,0.3333333333333333,0.3333333333333333,0.15746599722166352,0.2254891377113555,0.0,1.0,1.1805908329999966,647104,1596,"I(x3>1)*x3^2;expr:add(cos(x3),x1);expr:sin(add(x1,x1))",-0.004369 + 0.4016*(cos(x3)+x1) + 0.8451*I(x3>1)*((x3)^2) + 0.7293*sin((x1+x1)),generation budget reached
nested_sine,exception,0.1,300,4,9001,centralized-residual-counterexample-gp,0.0,0.3333333333333333,0.3333333333333333,0.06388521832365185,0.17055635582335368,0.0,0.0,1.0021848609999324,0,1602,"expr:add(sin(x1),x3);expr:square(add(x3,x3));sin(x1+x1^2)",-0.0916 + 0.7574*(sin(x1)+x3) + 0.9533*sin(((x1)^2+x1)) + 0.1016*((x3+x3))^2,generation budget reached
nested_sine,exception,0.1,300,4,9002,fedfalsify-v05,1.0,1.0,1.0,3.890394782399057e-05,0.02777847734142318,0.0,1.0,0.3311978280000858,247366,5,I(x3>1)*x3^2;sin(x1);sin(x1+x1^2),0.008682 + 0.7476·𝟙[x₃>1]·x₃² + 0.9976·sin(x₁) + 0.9884·sin(x₁+x₁²),target federated MSE reached; no replacement passed the federated certificate
nested_sine,exception,0.1,300,4,9002,centralized-tree-gp,0.0,0.0,0.0,0.1788216665147734,0.32410289209198717,0.0,0.0,0.9054442309999331,0,1588,"expr:add(cos(x3),x3);expr:add(sin(x1),square(x3));expr:add(sin(x1),x3);expr:square(add(square(x3),x3))",1.622 - 1.379*(cos(x3)+x3) - 0.4856*(sin(x1)+(x3)^2) + 1.496*(sin(x1)+x3) + 0.06807*(((x3)^2+x3))^2,generation budget reached
nested_sine,exception,0.1,300,4,9002,federated-tree-gp-style,0.0,0.0,0.0,0.17882166651477258,0.32410289209198717,0.0,0.0,1.2091105349999225,629312,1588,"expr:add(cos(x3),x3);expr:add(sin(x1),square(x3));expr:add(sin(x1),x3);expr:square(add(square(x3),x3))",1.622 - 1.379*(cos(x3)+x3) - 0.4856*(sin(x1)+(x3)^2) + 1.496*(sin(x1)+x3) + 0.06807*(((x3)^2+x3))^2,generation budget reached
nested_sine,exception,0.1,300,4,9002,centralized-residual-counterexample-gp,0.0,0.25,0.3333333333333333,0.1666038390501254,0.31095098057381215,0.0,1.0,0.9428526880000163,0,1585,"I(x3>1)*x3^2;expr:add(sin(x1),square(x3));expr:square(add(x3,x3));expr:square(mul(sin(x3),square(x3)))",0.2316 + 0.9756*(sin(x1)+(x3)^2) + 0.7085*I(x3>1)*((x3)^2) - 0.2246*((x3+x3))^2 - 0.02227*((sin(x3)*(x3)^2))^2,generation budget reached
nested_sine,exception,0.1,300,4,9003,fedfalsify-v05,1.0,1.0,1.0,1.530755542561029e-05,0.025809971440346344,0.0,1.0,0.3653013279999868,247203,5,I(x3>1)*x3^2;sin(x1);sin(x1+x1^2),0.005423 + 0.7472·𝟙[x₃>1]·x₃² + 1.004·sin(x₁+x₁²) + 1.001·sin(x₁),target federated MSE reached; no replacement passed the federated certificate
nested_sine,exception,0.1,300,4,9003,centralized-tree-gp,0.0,0.3333333333333333,0.3333333333333333,0.20372692913525353,0.38273996849422254,0.0,0.0,1.241419049000001,0,1594,"expr:add(sin(x1),sin(x3));expr:square(add(square(x3),x3));sin(x1)",0.3482 + 0.2795*(sin(x1)+sin(x3)) + 0.7661*sin(x1) + 0.06205*(((x3)^2+x3))^2,generation budget reached
nested_sine,exception,0.1,300,4,9003,federated-tree-gp-style,0.0,0.3333333333333333,0.3333333333333333,0.20372692913525353,0.38273996849422254,0.0,0.0,1.8620531180000626,636928,1594,"expr:add(sin(x1),sin(x3));expr:square(add(square(x3),x3));sin(x1)",0.3482 + 0.2795*(sin(x1)+sin(x3)) + 0.7661*sin(x1) + 0.06205*(((x3)^2+x3))^2,generation budget reached
nested_sine,exception,0.1,300,4,9003,centralized-residual-counterexample-gp,0.0,0.0,0.0,0.20131494751139203,0.37156906810967827,0.0,0.0,1.5021114549999766,0,1575,"expr:add(sin(x1),sin(x3));expr:sin(add(sin(x3),sin(x3)));expr:square(add(square(x3),x3))",0.3443 + 1.033*(sin(x1)+sin(x3)) - 0.6718*sin((sin(x3)+sin(x3))) + 0.06277*(((x3)^2+x3))^2,generation budget reached
nested_sine,exception,0.1,300,4,9004,fedfalsify-v05,1.0,1.0,1.0,2.316542014017279e-05,0.0267854799470172,0.0,1.0,0.5289500160000671,247161,5,I(x3>1)*x3^2;sin(x1);sin(x1+x1^2),-0.005887 + 0.7495·𝟙[x₃>1]·x₃² + 1.007·sin(x₁+x₁²) + 1.005·sin(x₁),target federated MSE reached; no replacement passed the federated certificate
nested_sine,exception,0.1,300,4,9004,centralized-tree-gp,0.0,0.6666666666666666,0.6666666666666666,0.15927405222476487,0.2561401308114753,0.0,1.0,0.8096055710000201,0,1567,"I(x3>1)*x3^2;expr:mul(cos(x1),sin(x1));sin(x1)",0.1918 + 0.7602*I(x3>1)*((x3)^2) + 0.8924*(cos(x1)*sin(x1)) + 0.8174*sin(x1),generation budget reached
nested_sine,exception,0.1,300,4,9004,federated-tree-gp-style,0.0,0.6666666666666666,0.6666666666666666,0.1592740522247649,0.25614013081147535,0.0,1.0,1.0735899830000335,580224,1567,"I(x3>1)*x3^2;expr:mul(cos(x1),sin(x1));sin(x1)",0.1918 + 0.7602*I(x3>1)*((x3)^2) + 0.8924*(cos(x1)*sin(x1)) + 0.8174*sin(x1),generation budget reached
nested_sine,exception,0.1,300,4,9004,centralized-residual-counterexample-gp,0.0,1.0,0.6666666666666666,0.1574854916815853,0.34268909747607346,0.0,1.0,0.9192170300000271,0,1591,I(x3>1)*x3^2;sin(x1),0.2339 + 0.7149*I(x3>1)*((x3)^2) + 0.9707*sin(x1),generation budget reached
nested_sine,exception,0.1,300,4,9005,fedfalsify-v05,1.0,1.0,1.0,2.9853336528373023e-05,0.02516628273070743,0.0,1.0,0.3375500900000361,247083,5,I(x3>1)*x3^2;sin(x1);sin(x1+x1^2),-0.00579 + 0.7533·𝟙[x₃>1]·x₃² + 1.01·sin(x₁+x₁²) + 1.001·sin(x₁),target federated MSE reached; no replacement passed the federated certificate
nested_sine,exception,0.1,300,4,9005,centralized-tree-gp,0.0,0.6666666666666666,0.6666666666666666,0.10494282132043463,0.1508248359338628,0.0,1.0,0.8556074559999161,0,1555,"I(x3>1)*x3^2;expr:sin(add(sin(x1),sin(x1)));sin(x1)",0.227 + 0.7247*I(x3>1)*((x3)^2) + 2.332*sin((sin(x1)+sin(x1))) - 1.663*sin(x1),generation budget reached
nested_sine,exception,0.1,300,4,9005,federated-tree-gp-style,0.0,0.6666666666666666,0.6666666666666666,0.10494282132043468,0.1508248359338628,0.0,1.0,1.1093945569999732,580736,1555,"I(x3>1)*x3^2;expr:sin(add(sin(x1),sin(x1)));sin(x1)",0.227 + 0.7247*I(x3>1)*((x3)^2) + 2.332*sin((sin(x1)+sin(x1))) - 1.663*sin(x1),generation budget reached
nested_sine,exception,0.1,300,4,9005,centralized-residual-counterexample-gp,0.0,0.0,0.0,0.20300377971344694,0.33553617981239037,0.0,0.0,0.9350514029999886,0,1605,"expr:mul(square(x3),square(x3));expr:sin(add(sin(x1),sin(x1)));x3",0.4236 + 0.07236*((x3)^2*(x3)^2) + 0.9649*sin((sin(x1)+sin(x1))) + 0.6046*x3,generation budget reached
trig_product,complementary,0.03,300,4,9001,fedfalsify-v05,1.0,1.0,1.0,4.97314509453196e-07,0.0009787971256783835,0.0,1.0,0.15916169299998728,152096,2,sin(x1)*cos(x2),-0.0006212 + 1.999·sin(x₁)cos(x₂),target federated MSE reached; no replacement passed the federated certificate
trig_product,complementary,0.03,300,4,9001,centralized-tree-gp,1.0,1.0,1.0,4.973145094540119e-07,0.0009787971256783835,0.0,1.0,0.7066613080000934,0,1455,sin(x1)*cos(x2),-0.0006212 + 1.999*(cos(x2)*sin(x1)),generation budget reached
trig_product,complementary,0.03,300,4,9001,federated-tree-gp-style,1.0,1.0,1.0,4.97314509453196e-07,0.0009787971256783835,0.0,1.0,0.8877897720000192,428480,1455,sin(x1)*cos(x2),-0.0006212 + 1.999*(cos(x2)*sin(x1)),generation budget reached
trig_product,complementary,0.03,300,4,9001,centralized-residual-counterexample-gp,1.0,1.0,1.0,4.973145094540119e-07,0.0009787971256783835,0.0,1.0,0.7337366259999953,0,1455,sin(x1)*cos(x2),-0.0006212 + 1.999*(cos(x2)*sin(x1)),generation budget reached
trig_product,complementary,0.03,300,4,9002,fedfalsify-v05,1.0,1.0,1.0,6.245816900804354e-07,0.0009714552694633749,0.0,1.0,0.16648108599997613,152286,2,sin(x1)*cos(x2),0.0007287 + 1.999·sin(x₁)cos(x₂),target federated MSE reached; no replacement passed the federated certificate
trig_product,complementary,0.03,300,4,9002,centralized-tree-gp,1.0,1.0,1.0,6.245816900793852e-07,0.0009714552694633753,0.0,1.0,0.6915094189999991,0,1470,sin(x1)*cos(x2),0.0007287 + 1.999*(cos(x2)*sin(x1)),generation budget reached
trig_product,complementary,0.03,300,4,9002,federated-tree-gp-style,1.0,1.0,1.0,6.245816900804354e-07,0.0009714552694633749,0.0,1.0,1.109591690000002,443520,1470,sin(x1)*cos(x2),0.0007287 + 1.999*(cos(x2)*sin(x1)),generation budget reached
trig_product,complementary,0.03,300,4,9002,centralized-residual-counterexample-gp,1.0,1.0,1.0,6.245816900793852e-07,0.0009714552694633753,0.0,1.0,1.1786644069999284,0,1481,sin(x1)*cos(x2),0.0007287 + 1.999*(cos(x2)*sin(x1)),generation budget reached
trig_product,complementary,0.03,300,4,9003,fedfalsify-v05,1.0,1.0,1.0,1.0051881797289071e-06,0.0009025905210507068,0.0,1.0,0.25243158800003584,152012,2,sin(x1)*cos(x2),0.0007351 + 2.001·sin(x₁)cos(x₂),target federated MSE reached; no replacement passed the federated certificate
trig_product,complementary,0.03,300,4,9003,centralized-tree-gp,1.0,1.0,1.0,1.005188179728263e-06,0.0009025905210507068,0.0,1.0,1.111660239999992,0,1470,sin(x1)*cos(x2),0.0007351 + 2.001*(cos(x2)*sin(x1)),generation budget reached
trig_product,complementary,0.03,300,4,9003,federated-tree-gp-style,1.0,1.0,1.0,1.0051881797289071e-06,0.0009025905210507068,0.0,1.0,1.470566677000079,439552,1470,sin(x1)*cos(x2),0.0007351 + 2.001*(cos(x2)*sin(x1)),generation budget reached
trig_product,complementary,0.03,300,4,9003,centralized-residual-counterexample-gp,1.0,1.0,1.0,1.005188179728263e-06,0.0009025905210507068,0.0,1.0,0.7547514090000504,0,1470,sin(x1)*cos(x2),0.0007351 + 2.001*(cos(x2)*sin(x1)),generation budget reached
trig_product,complementary,0.03,300,4,9004,fedfalsify-v05,1.0,1.0,1.0,9.206164243403726e-07,0.0009714926218712253,0.0,1.0,0.16784348999999565,152139,2,sin(x1)*cos(x2),-0.0009789 + 2·sin(x₁)cos(x₂),target federated MSE reached; no replacement passed the federated certificate
trig_product,complementary,0.03,300,4,9004,centralized-tree-gp,1.0,1.0,1.0,9.206164243404139e-07,0.0009714926218712255,0.0,1.0,0.7023835550000967,0,1453,sin(x1)*cos(x2),-0.0009789 + 2*(cos(x2)*sin(x1)),generation budget reached
trig_product,complementary,0.03,300,4,9004,federated-tree-gp-style,1.0,1.0,1.0,9.206164243403726e-07,0.0009714926218712253,0.0,1.0,0.8822522609999623,422272,1453,sin(x1)*cos(x2),-0.0009789 + 2*(cos(x2)*sin(x1)),generation budget reached
trig_product,complementary,0.03,300,4,9004,centralized-residual-counterexample-gp,1.0,1.0,1.0,9.206164243404139e-07,0.0009714926218712255,0.0,1.0,0.7153293629999098,0,1454,sin(x1)*cos(x2),-0.0009789 + 2*(cos(x2)*sin(x1)),generation budget reached
trig_product,complementary,0.03,300,4,9005,fedfalsify-v05,1.0,1.0,1.0,9.258729685655584e-07,0.0008966857507406047,0.0,1.0,0.16121505899991462,152153,2,sin(x1)*cos(x2),-0.0001184 + 1.998·sin(x₁)cos(x₂),target federated MSE reached; no replacement passed the federated certificate
trig_product,complementary,0.03,300,4,9005,centralized-tree-gp,1.0,1.0,1.0,9.258729685670211e-07,0.0008966857507406045,0.0,1.0,0.7176914890000035,0,1471,sin(x1)*cos(x2),-0.0001184 + 1.998*(cos(x2)*sin(x1)),generation budget reached
trig_product,complementary,0.03,300,4,9005,federated-tree-gp-style,1.0,1.0,1.0,9.258729685655584e-07,0.0008966857507406047,0.0,1.0,0.8953829980000592,443392,1471,sin(x1)*cos(x2),-0.0001184 + 1.998*(cos(x2)*sin(x1)),generation budget reached
trig_product,complementary,0.03,300,4,9005,centralized-residual-counterexample-gp,1.0,1.0,1.0,9.258729685670211e-07,0.0008966857507406045,0.0,1.0,0.7492841910000152,0,1463,sin(x1)*cos(x2),-0.0001184 + 1.998*(cos(x2)*sin(x1)),generation budget reached
trig_product,complementary,0.1,300,4,9001,fedfalsify-v05,1.0,1.0,1.0,5.525716587625592e-06,0.010875523618648707,0.0,1.0,0.16048072399996727,151458,2,sin(x1)*cos(x2),-0.002071 + 1.998·sin(x₁)cos(x₂),target federated MSE reached; no replacement passed the federated certificate
trig_product,complementary,0.1,300,4,9001,centralized-tree-gp,1.0,1.0,1.0,5.525716587626663e-06,0.010875523618648707,0.0,1.0,0.7526760019999301,0,1455,sin(x1)*cos(x2),-0.002071 + 1.998*(cos(x2)*sin(x1)),generation budget reached
trig_product,complementary,0.1,300,4,9001,federated-tree-gp-style,1.0,1.0,1.0,5.525716587625592e-06,0.010875523618648707,0.0,1.0,0.9329580240000723,428736,1455,sin(x1)*cos(x2),-0.002071 + 1.998*(cos(x2)*sin(x1)),generation budget reached
trig_product,complementary,0.1,300,4,9001,centralized-residual-counterexample-gp,1.0,1.0,1.0,5.525716587626663e-06,0.010875523618648707,0.0,1.0,0.7441442800000004,0,1455,sin(x1)*cos(x2),-0.002071 + 1.998*(cos(x2)*sin(x1)),generation budget reached
trig_product,complementary,0.1,300,4,9002,fedfalsify-v05,1.0,1.0,1.0,6.939796394037537e-06,0.010793947438481947,0.0,1.0,0.1621050070000365,151619,2,sin(x1)*cos(x2),0.002429 + 1.998·sin(x₁)cos(x₂),target federated MSE reached; no replacement passed the federated certificate
trig_product,complementary,0.1,300,4,9002,centralized-tree-gp,1.0,1.0,1.0,6.939796394035148e-06,0.010793947438481947,0.0,1.0,0.7070061919999944,0,1472,sin(x1)*cos(x2),0.002429 + 1.998*(cos(x2)*sin(x1)),generation budget reached
trig_product,complementary,0.1,300,4,9002,federated-tree-gp-style,1.0,1.0,1.0,6.939796394037537e-06,0.010793947438481947,0.0,1.0,1.007125932000008,440832,1472,sin(x1)*cos(x2),0.002429 + 1.998*(cos(x2)*sin(x1)),generation budget reached
trig_product,complementary,0.1,300,4,9002,centralized-residual-counterexample-gp,1.0,1.0,1.0,6.939796394035148e-06,0.010793947438481947,0.0,1.0,1.17125361300009,0,1463,sin(x1)*cos(x2),0.002429 + 1.998*(cos(x2)*sin(x1)),generation budget reached
trig_product,complementary,0.1,300,4,9003,fedfalsify-v05,1.0,1.0,1.0,1.116875791982771e-05,0.010028783567230078,0.0,1.0,0.2196942420000596,151431,2,sin(x1)*cos(x2),0.00245 + 2.005·sin(x₁)cos(x₂),target federated MSE reached; no replacement passed the federated certificate
trig_product,complementary,0.1,300,4,9003,centralized-tree-gp,1.0,1.0,1.0,1.1168757919830697e-05,0.01002878356723008,0.0,1.0,1.1748423850000336,0,1471,sin(x1)*cos(x2),0.00245 + 2.005*(cos(x2)*sin(x1)),generation budget reached
trig_product,complementary,0.1,300,4,9003,federated-tree-gp-style,1.0,1.0,1.0,1.116875791982771e-05,0.010028783567230078,0.0,1.0,1.5048837589999948,440320,1471,sin(x1)*cos(x2),0.00245 + 2.005*(cos(x2)*sin(x1)),generation budget reached
trig_product,complementary,0.1,300,4,9003,centralized-residual-counterexample-gp,1.0,1.0,1.0,1.1168757919830697e-05,0.01002878356723008,0.0,1.0,0.8424060759999747,0,1471,sin(x1)*cos(x2),0.00245 + 2.005*(cos(x2)*sin(x1)),generation budget reached
trig_product,complementary,0.1,300,4,9004,fedfalsify-v05,1.0,1.0,1.0,1.0229071383918584e-05,0.010794362465235838,0.0,1.0,0.15896279399999003,151387,2,sin(x1)*cos(x2),-0.003263 + 2·sin(x₁)cos(x₂),target federated MSE reached; no replacement passed the federated certificate
trig_product,complementary,0.1,300,4,9004,centralized-tree-gp,1.0,1.0,1.0,1.0229071383919204e-05,0.01079436246523584,0.0,1.0,0.6641133059999902,0,1454,sin(x1)*cos(x2),-0.003263 + 2*(cos(x2)*sin(x1)),generation budget reached
trig_product,complementary,0.1,300,4,9004,federated-tree-gp-style,1.0,1.0,1.0,1.0229071383918584e-05,0.010794362465235838,0.0,1.0,0.8840168369999901,422400,1454,sin(x1)*cos(x2),-0.003263 + 2*(cos(x2)*sin(x1)),generation budget reached
trig_product,complementary,0.1,300,4,9004,centralized-residual-counterexample-gp,1.0,1.0,1.0,1.0229071383919204e-05,0.01079436246523584,0.0,1.0,0.7336252100000138,0,1456,sin(x1)*cos(x2),-0.003263 + 2*(cos(x2)*sin(x1)),generation budget reached
trig_product,complementary,0.1,300,4,9005,fedfalsify-v05,1.0,1.0,1.0,1.0287476928720551e-05,0.009963175008228943,0.0,1.0,0.16442496199999823,151416,2,sin(x1)*cos(x2),-0.0003948 + 1.994·sin(x₁)cos(x₂),target federated MSE reached; no replacement passed the federated certificate
trig_product,complementary,0.1,300,4,9005,centralized-tree-gp,1.0,1.0,1.0,1.0287476928721954e-05,0.009963175008228941,0.0,1.0,0.7286034240000845,0,1479,sin(x1)*cos(x2),-0.0003948 + 1.994*(cos(x2)*sin(x1)),generation budget reached
trig_product,complementary,0.1,300,4,9005,federated-tree-gp-style,1.0,1.0,1.0,1.0287476928720551e-05,0.009963175008228943,0.0,1.0,0.9107492499999807,445440,1479,sin(x1)*cos(x2),-0.0003948 + 1.994*(cos(x2)*sin(x1)),generation budget reached
trig_product,complementary,0.1,300,4,9005,centralized-residual-counterexample-gp,1.0,1.0,1.0,1.0287476928721954e-05,0.009963175008228941,0.0,1.0,0.773905797999987,0,1482,sin(x1)*cos(x2),-0.0003948 + 1.994*(cos(x2)*sin(x1)),generation budget reached
trig_product,spurious,0.03,300,4,9001,fedfalsify-v05,1.0,1.0,1.0,9.103089310317424e-08,0.0009049250300526554,0.0,1.0,0.177728462999994,152152,2,sin(x1)*cos(x2),-0.0002797 + 2·sin(x₁)cos(x₂),target federated MSE reached; no replacement passed the federated certificate
trig_product,spurious,0.03,300,4,9001,centralized-tree-gp,1.0,1.0,1.0,9.103089310304737e-08,0.0009049250300526551,0.0,1.0,0.6678536629999599,0,1456,sin(x1)*cos(x2),-0.0002797 + 2*(cos(x2)*sin(x1)),generation budget reached
trig_product,spurious,0.03,300,4,9001,federated-tree-gp-style,1.0,1.0,1.0,9.103089310317424e-08,0.0009049250300526554,0.0,1.0,0.8864119059999211,427136,1456,sin(x1)*cos(x2),-0.0002797 + 2*(cos(x2)*sin(x1)),generation budget reached
trig_product,spurious,0.03,300,4,9001,centralized-residual-counterexample-gp,1.0,1.0,1.0,9.103089310304737e-08,0.0009049250300526551,0.0,1.0,0.7304832949998854,0,1454,sin(x1)*cos(x2),-0.0002797 + 2*(cos(x2)*sin(x1)),generation budget reached
trig_product,spurious,0.03,300,4,9002,fedfalsify-v05,1.0,1.0,1.0,1.2571114445552195e-06,0.0009672674726540389,0.0,1.0,0.17881455099995947,182337,2,sin(x1)*cos(x2),4.955e-05 + 1.998·sin(x₁)cos(x₂),target federated MSE reached; no replacement passed the federated certificate
trig_product,spurious,0.03,300,4,9002,centralized-tree-gp,1.0,1.0,1.0,1.2571114445544815e-06,0.000967267472654039,0.0,1.0,0.7032312090000232,0,1469,sin(x1)*cos(x2),4.955e-05 + 1.998*(cos(x2)*sin(x1)),generation budget reached
trig_product,spurious,0.03,300,4,9002,federated-tree-gp-style,1.0,1.0,1.0,1.2571114445552195e-06,0.0009672674726540389,0.0,1.0,0.8856929359999413,440384,1469,sin(x1)*cos(x2),4.955e-05 + 1.998*(cos(x2)*sin(x1)),generation budget reached
trig_product,spurious,0.03,300,4,9002,centralized-residual-counterexample-gp,1.0,1.0,1.0,1.2571114445544815e-06,0.000967267472654039,0.0,1.0,1.1545786540000336,0,1470,sin(x1)*cos(x2),4.955e-05 + 1.998*(cos(x2)*sin(x1)),generation budget reached
trig_product,spurious,0.03,300,4,9003,fedfalsify-v05,1.0,1.0,1.0,1.8336451628608807e-06,0.0008736941545172856,0.0,1.0,0.23180125599992607,152194,2,sin(x1)*cos(x2),-0.0004477 + 1.997·sin(x₁)cos(x₂),target federated MSE reached; no replacement passed the federated certificate
trig_product,spurious,0.03,300,4,9003,centralized-tree-gp,1.0,1.0,1.0,1.833645162859737e-06,0.0008736941545172855,0.0,1.0,1.2052857369999401,0,1485,sin(x1)*cos(x2),-0.0004477 + 1.997*(cos(x2)*sin(x1)),generation budget reached
trig_product,spurious,0.03,300,4,9003,federated-tree-gp-style,1.0,1.0,1.0,1.8336451628608807e-06,0.0008736941545172856,0.0,1.0,1.4915926910000508,452480,1485,sin(x1)*cos(x2),-0.0004477 + 1.997*(cos(x2)*sin(x1)),generation budget reached
trig_product,spurious,0.03,300,4,9003,centralized-residual-counterexample-gp,1.0,1.0,1.0,1.833645162859737e-06,0.0008736941545172855,0.0,1.0,1.0095867509999152,0,1482,sin(x1)*cos(x2),-0.0004477 + 1.997*(cos(x2)*sin(x1)),generation budget reached
trig_product,spurious,0.03,300,4,9004,fedfalsify-v05,1.0,1.0,1.0,1.0410103491912027e-06,0.0010489001566802369,0.0,1.0,0.16234170199982145,152254,2,sin(x1)*cos(x2),-0.0005532 + 1.998·sin(x₁)cos(x₂),target federated MSE reached; no replacement passed the federated certificate
trig_product,spurious,0.03,300,4,9004,centralized-tree-gp,1.0,1.0,1.0,1.041010349192614e-06,0.001048900156680237,0.0,1.0,0.6938673909999125,0,1451,sin(x1)*cos(x2),-0.0005532 + 1.998*(cos(x2)*sin(x1)),generation budget reached
trig_product,spurious,0.03,300,4,9004,federated-tree-gp-style,1.0,1.0,1.0,1.0410103491912027e-06,0.0010489001566802369,0.0,1.0,0.8461488699999791,419648,1451,sin(x1)*cos(x2),-0.0005532 + 1.998*(cos(x2)*sin(x1)),generation budget reached
trig_product,spurious,0.03,300,4,9004,centralized-residual-counterexample-gp,1.0,1.0,1.0,1.041010349192614e-06,0.001048900156680237,0.0,1.0,0.694823481999947,0,1451,sin(x1)*cos(x2),-0.0005532 + 1.998*(cos(x2)*sin(x1)),generation budget reached
trig_product,spurious,0.03,300,4,9005,fedfalsify-v05,1.0,1.0,1.0,4.896808831326066e-06,0.0008530260818552373,0.0,1.0,0.16569756900003085,152445,2,sin(x1)*cos(x2),0.0002055 + 1.996·sin(x₁)cos(x₂),target federated MSE reached; no replacement passed the federated certificate
trig_product,spurious,0.03,300,4,9005,centralized-tree-gp,1.0,1.0,1.0,4.896808831330456e-06,0.0008530260818552374,0.0,1.0,0.6880544620000819,0,1466,sin(x1)*cos(x2),0.0002055 + 1.996*(cos(x2)*sin(x1)),generation budget reached
trig_product,spurious,0.03,300,4,9005,federated-tree-gp-style,1.0,1.0,1.0,4.896808831326066e-06,0.0008530260818552373,0.0,1.0,0.8722394440001153,439936,1466,sin(x1)*cos(x2),0.0002055 + 1.996*(cos(x2)*sin(x1)),generation budget reached
trig_product,spurious,0.03,300,4,9005,centralized-residual-counterexample-gp,1.0,1.0,1.0,4.896808831330456e-06,0.0008530260818552374,0.0,1.0,0.7333624220000274,0,1466,sin(x1)*cos(x2),0.0002055 + 1.996*(cos(x2)*sin(x1)),generation budget reached
trig_product,spurious,0.1,300,4,9001,fedfalsify-v05,1.0,1.0,1.0,1.0114542953018005e-06,0.010054722556140615,0.0,1.0,0.15699238700017304,151529,2,sin(x1)*cos(x2),-0.0009323 + 1.999·sin(x₁)cos(x₂),target federated MSE reached; no replacement passed the federated certificate
trig_product,spurious,0.1,300,4,9001,centralized-tree-gp,1.0,1.0,1.0,1.011454295302662e-06,0.010054722556140613,0.0,1.0,0.6892188550000355,0,1447,sin(x1)*cos(x2),-0.0009323 + 1.999*(cos(x2)*sin(x1)),generation budget reached
trig_product,spurious,0.1,300,4,9001,federated-tree-gp-style,1.0,1.0,1.0,1.0114542953018005e-06,0.010054722556140615,0.0,1.0,0.8550562200000513,422400,1447,sin(x1)*cos(x2),-0.0009323 + 1.999*(cos(x2)*sin(x1)),generation budget reached
trig_product,spurious,0.1,300,4,9001,centralized-residual-counterexample-gp,1.0,1.0,1.0,1.011454295302662e-06,0.010054722556140613,0.0,1.0,0.6869203129999732,0,1447,sin(x1)*cos(x2),-0.0009323 + 1.999*(cos(x2)*sin(x1)),generation budget reached
trig_product,spurious,0.1,300,4,9002,fedfalsify-v05,1.0,1.0,1.0,1.396790439303328e-05,0.010747416362822655,0.0,1.0,0.18648918999997477,181602,2,sin(x1)*cos(x2),0.0001652 + 1.993·sin(x₁)cos(x₂),target federated MSE reached; no replacement passed the federated certificate
trig_product,spurious,0.1,300,4,9002,centralized-tree-gp,1.0,1.0,1.0,1.3967904393030795e-05,0.010747416362822655,0.0,1.0,0.7091140949999044,0,1472,sin(x1)*cos(x2),0.0001652 + 1.993*(cos(x2)*sin(x1)),generation budget reached
trig_product,spurious,0.1,300,4,9002,federated-tree-gp-style,1.0,1.0,1.0,1.396790439303328e-05,0.010747416362822655,0.0,1.0,0.9003616249999595,443840,1472,sin(x1)*cos(x2),0.0001652 + 1.993*(cos(x2)*sin(x1)),generation budget reached
trig_product,spurious,0.1,300,4,9002,centralized-residual-counterexample-gp,1.0,1.0,1.0,1.3967904393030795e-05,0.010747416362822655,0.0,1.0,0.9430470980000791,0,1472,sin(x1)*cos(x2),0.0001652 + 1.993*(cos(x2)*sin(x1)),generation budget reached
trig_product,spurious,0.1,300,4,9003,fedfalsify-v05,1.0,1.0,1.0,2.0373834466069343e-05,0.009707712827969839,0.0,1.0,0.22086812299994563,151600,2,sin(x1)*cos(x2),-0.001492 + 1.991·sin(x₁)cos(x₂),target federated MSE reached; no replacement passed the federated certificate
trig_product,spurious,0.1,300,4,9003,centralized-tree-gp,1.0,1.0,1.0,2.0373834466079785e-05,0.00970771282796984,0.0,1.0,1.1770299400000113,0,1473,sin(x1)*cos(x2),-0.001492 + 1.991*(cos(x2)*sin(x1)),generation budget reached
trig_product,spurious,0.1,300,4,9003,federated-tree-gp-style,1.0,1.0,1.0,2.0373834466069343e-05,0.009707712827969839,0.0,1.0,1.5233071899999686,445888,1473,sin(x1)*cos(x2),-0.001492 + 1.991*(cos(x2)*sin(x1)),generation budget reached
trig_product,spurious,0.1,300,4,9003,centralized-residual-counterexample-gp,1.0,1.0,1.0,2.0373834466079785e-05,0.00970771282796984,0.0,1.0,1.2365174809999644,0,1472,sin(x1)*cos(x2),-0.001492 + 1.991*(cos(x2)*sin(x1)),generation budget reached
trig_product,spurious,0.1,300,4,9004,fedfalsify-v05,1.0,1.0,1.0,1.15667812318421e-05,0.01165444618533597,0.0,1.0,0.19648072699988006,151485,2,sin(x1)*cos(x2),-0.001844 + 1.994·sin(x₁)cos(x₂),target federated MSE reached; no replacement passed the federated certificate
trig_product,spurious,0.1,300,4,9004,centralized-tree-gp,1.0,1.0,1.0,1.1566781231840196e-05,0.01165444618533597,0.0,1.0,0.6757050260000597,0,1449,sin(x1)*cos(x2),-0.001844 + 1.994*(cos(x2)*sin(x1)),generation budget reached
trig_product,spurious,0.1,300,4,9004,federated-tree-gp-style,1.0,1.0,1.0,1.15667812318421e-05,0.01165444618533597,0.0,1.0,0.8206354779999856,418944,1449,sin(x1)*cos(x2),-0.001844 + 1.994*(cos(x2)*sin(x1)),generation budget reached
trig_product,spurious,0.1,300,4,9004,centralized-residual-counterexample-gp,1.0,1.0,1.0,1.1566781231840196e-05,0.01165444618533597,0.0,1.0,0.7087938350000513,0,1449,sin(x1)*cos(x2),-0.001844 + 1.994*(cos(x2)*sin(x1)),generation budget reached
trig_product,spurious,0.1,300,4,9005,fedfalsify-v05,1.0,1.0,1.0,5.440898581122611e-05,0.009478067576169306,0.0,1.0,0.15531922299987855,151824,2,sin(x1)*cos(x2),0.0006849 + 1.985·sin(x₁)cos(x₂),target federated MSE reached; no replacement passed the federated certificate
trig_product,spurious,0.1,300,4,9005,centralized-tree-gp,1.0,1.0,1.0,5.440898581122289e-05,0.009478067576169306,0.0,1.0,0.6952636349999466,0,1472,sin(x1)*cos(x2),0.0006849 + 1.985*(cos(x2)*sin(x1)),generation budget reached
trig_product,spurious,0.1,300,4,9005,federated-tree-gp-style,1.0,1.0,1.0,5.440898581122611e-05,0.009478067576169306,0.0,1.0,0.8999564959999589,440832,1472,sin(x1)*cos(x2),0.0006849 + 1.985*(cos(x2)*sin(x1)),generation budget reached
trig_product,spurious,0.1,300,4,9005,centralized-residual-counterexample-gp,1.0,1.0,1.0,5.440898581122289e-05,0.009478067576169306,0.0,1.0,0.738972768999929,0,1474,sin(x1)*cos(x2),0.0006849 + 1.985*(cos(x2)*sin(x1)),generation budget reached
trig_product,exception,0.03,300,4,9001,fedfalsify-v05,1.0,1.0,1.0,1.1768941562325216e-06,0.0024614293424658727,0.0,1.0,0.2178416639999341,187500,3,I(x3>1)*x3^2;sin(x1)*cos(x2),-0.001685 + 0.7508·𝟙[x₃>1]·x₃² + 1.999·sin(x₁)cos(x₂),target federated MSE reached; no replacement passed the federated certificate
trig_product,exception,0.03,300,4,9001,centralized-tree-gp,0.0,0.5,0.5,0.055689890384568126,0.058985599419562294,0.0,1.0,0.7396140030000424,0,1485,"I(x3>1)*x3^2;expr:sin(mul(cos(x2),x1))",0.0008666 + 0.7406*I(x3>1)*((x3)^2) + 1.675*sin((cos(x2)*x1)),generation budget reached
trig_product,exception,0.03,300,4,9001,federated-tree-gp-style,0.0,0.5,0.5,0.05568989038456807,0.05898559941956228,0.0,1.0,1.0069458860000395,509952,1485,"I(x3>1)*x3^2;expr:sin(mul(cos(x2),x1))",0.0008666 + 0.7406*I(x3>1)*((x3)^2) + 1.675*sin((cos(x2)*x1)),generation budget reached
trig_product,exception,0.03,300,4,9001,centralized-residual-counterexample-gp,0.0,0.5,0.5,0.055689890384568126,0.058985599419562294,0.0,1.0,0.8311962150000909,0,1513,"I(x3>1)*x3^2;expr:sin(mul(cos(x2),x1))",0.0008666 + 0.7406*I(x3>1)*((x3)^2) + 1.675*sin((cos(x2)*x1)),generation budget reached
trig_product,exception,0.03,300,4,9002,fedfalsify-v05,1.0,1.0,1.0,1.0686593917748255e-06,0.0027044132009818277,0.0,1.0,0.2241924959998869,187656,3,I(x3>1)*x3^2;sin(x1)*cos(x2),0.001816 + 0.7493·𝟙[x₃>1]·x₃² + 1.999·sin(x₁)cos(x₂),target federated MSE reached; no replacement passed the federated certificate
trig_product,exception,0.03,300,4,9002,centralized-tree-gp,1.0,1.0,1.0,1.0686593917733684e-06,0.002704413200981828,0.0,1.0,0.8644070389998433,0,1579,I(x3>1)*x3^2;sin(x1)*cos(x2),0.001816 + 0.7493*I(x3>1)*((x3)^2) + 1.999*(cos(x2)*sin(x1)),generation budget reached
trig_product,exception,0.03,300,4,9002,federated-tree-gp-style,1.0,1.0,1.0,1.0686593917748035e-06,0.0027044132009818277,0.0,1.0,1.1080167369998435,600256,1579,I(x3>1)*x3^2;sin(x1)*cos(x2),0.001816 + 0.7493*I(x3>1)*((x3)^2) + 1.999*(cos(x2)*sin(x1)),generation budget reached
trig_product,exception,0.03,300,4,9002,centralized-residual-counterexample-gp,1.0,1.0,1.0,1.0686593917733684e-06,0.002704413200981828,0.0,1.0,1.357822151999926,0,1579,I(x3>1)*x3^2;sin(x1)*cos(x2),0.001816 + 0.7493*I(x3>1)*((x3)^2) + 1.999*(cos(x2)*sin(x1)),generation budget reached
trig_product,exception,0.03,300,4,9003,fedfalsify-v05,1.0,1.0,1.0,2.0045648116509387e-06,0.002399567288667035,0.0,1.0,0.3041178940000009,187267,3,I(x3>1)*x3^2;sin(x1)*cos(x2),0.001961 + 0.7491·𝟙[x₃>1]·x₃² + 2.002·sin(x₁)cos(x₂),target federated MSE reached; no replacement passed the federated certificate
trig_product,exception,0.03,300,4,9003,centralized-tree-gp,0.0,0.5,0.5,0.0009060297425095464,0.00474860709835246,0.0,1.0,1.3204082090001066,0,1528,"I(x3>1)*x3^2;expr:sin(mul(cos(x2),sin(x1)))",0.001756 + 0.7499*I(x3>1)*((x3)^2) + 2.197*sin((cos(x2)*sin(x1))),generation budget reached
trig_product,exception,0.03,300,4,9003,federated-tree-gp-style,0.0,0.5,0.5,0.0009060297425095447,0.004748607098352459,0.0,1.0,1.7335023360001287,566976,1528,"I(x3>1)*x3^2;expr:sin(mul(cos(x2),sin(x1)))",0.001756 + 0.7499*I(x3>1)*((x3)^2) + 2.197*sin((cos(x2)*sin(x1))),generation budget reached
trig_product,exception,0.03,300,4,9003,centralized-residual-counterexample-gp,0.0,0.5,0.5,0.0009060297425095464,0.00474860709835246,0.0,1.0,0.8867199779999737,0,1520,"I(x3>1)*x3^2;expr:sin(mul(cos(x2),sin(x1)))",0.001756 + 0.7499*I(x3>1)*((x3)^2) + 2.197*sin((cos(x2)*sin(x1))),generation budget reached
trig_product,exception,0.03,300,4,9004,fedfalsify-v05,1.0,1.0,1.0,9.183901894781853e-07,0.0024241766859716724,0.0,1.0,0.21666118100006315,187732,3,I(x3>1)*x3^2;sin(x1)*cos(x2),-0.001446 + 0.7499·𝟙[x₃>1]·x₃² + 2·sin(x₁)cos(x₂),target federated MSE reached; no replacement passed the federated certificate
trig_product,exception,0.03,300,4,9004,centralized-tree-gp,0.0,0.25,0.5,0.11556918983513019,0.267319855746258,0.0,1.0,0.7280076560000452,0,1501,"I(x3>1)*x3^2;expr:cos(add(cos(x3),x1));expr:mul(sin(x1),square(x2));expr:sin(add(cos(x1),sin(x1)))",-0.1897 - 0.7808*cos((cos(x3)+x1)) + 0.8139*I(x3>1)*((x3)^2) - 0.4366*(sin(x1)*(x2)^2) + 1.298*sin((cos(x1)+sin(x1))),generation budget reached
trig_product,exception,0.03,300,4,9004,federated-tree-gp-style,0.0,0.25,0.5,0.11556918983512995,0.267319855746258,0.0,1.0,0.9445248079998692,504704,1501,"I(x3>1)*x3^2;expr:cos(add(cos(x3),x1));expr:mul(sin(x1),square(x2));expr:sin(add(cos(x1),sin(x1)))",-0.1897 - 0.7808*cos((cos(x3)+x1)) + 0.8139*I(x3>1)*((x3)^2) - 0.4366*(sin(x1)*(x2)^2) + 1.298*sin((cos(x1)+sin(x1))),generation budget reached
trig_product,exception,0.03,300,4,9004,centralized-residual-counterexample-gp,0.0,0.25,0.5,0.16347905897806841,0.3444887576646634,0.0,1.0,0.7951376109999728,0,1506,"I(x3>1)*x3^2;expr:mul(sin(x1),square(x2));expr:sin(add(cos(x1),sin(x1)));expr:square(add(square(x1),x2))",-0.5911 + 0.7439*I(x3>1)*((x3)^2) - 0.4293*(sin(x1)*(x2)^2) + 1.331*sin((cos(x1)+sin(x1))) + 0.02593*(((x1)^2+x2))^2,generation budget reached
trig_product,exception,0.03,300,4,9005,fedfalsify-v05,1.0,1.0,1.0,2.482206011790541e-06,0.0024958988612129493,0.0,1.0,0.222608813999841,187478,3,I(x3>1)*x3^2;sin(x1)*cos(x2),-0.001102 + 0.7511·𝟙[x₃>1]·x₃² + 1.996·sin(x₁)cos(x₂),target federated MSE reached; no replacement passed the federated certificate
trig_product,exception,0.03,300,4,9005,centralized-tree-gp,0.0,0.25,0.5,0.02825400188579062,0.07873410989932746,0.0,1.0,0.8828881629999614,0,1570,"I(x3>1)*x3^2;expr:cos(add(cos(x2),sin(x1)));expr:square(mul(cos(x2),cos(x2)));expr:square(mul(sin(x1),x3))",1.728 - 2.375*cos((cos(x2)+sin(x1))) + 0.8109*I(x3>1)*((x3)^2) - 0.73*((cos(x2)*cos(x2)))^2 - 0.1418*((sin(x1)*x3))^2,generation budget reached
trig_product,exception,0.03,300,4,9005,federated-tree-gp-style,0.0,0.25,0.5,0.02825400188579061,0.07873410989932746,0.0,1.0,1.1248023420000663,604608,1570,"I(x3>1)*x3^2;expr:cos(add(cos(x2),sin(x1)));expr:square(mul(cos(x2),cos(x2)));expr:square(mul(sin(x1),x3))",1.728 - 2.375*cos((cos(x2)+sin(x1))) + 0.8109*I(x3>1)*((x3)^2) - 0.73*((cos(x2)*cos(x2)))^2 - 0.1418*((sin(x1)*x3))^2,generation budget reached
trig_product,exception,0.03,300,4,9005,centralized-residual-counterexample-gp,0.0,0.25,0.5,0.025813069825031076,0.06956815765520562,1.0,1.0,0.926651917999834,0,1552,"I(x3>1)*x3^2;expr:cos(add(cos(x2),sin(x1)));expr:mul(sin(x1),sin(x1));expr:square(mul(sin(x2),sin(x4)))",1.666 - 2.374*cos((cos(x2)+sin(x1))) + 0.7583*I(x3>1)*((x3)^2) - 0.8091*(sin(x1)*sin(x1)) + 0.619*((sin(x2)*sin(x4)))^2,generation budget reached
trig_product,exception,0.1,300,4,9001,fedfalsify-v05,1.0,1.0,1.0,1.3076601632274735e-05,0.02734921491628749,0.0,1.0,0.21283422500005145,186840,3,I(x3>1)*x3^2;sin(x1)*cos(x2),-0.005617 + 0.7528·𝟙[x₃>1]·x₃² + 1.996·sin(x₁)cos(x₂),target federated MSE reached; no replacement passed the federated certificate
trig_product,exception,0.1,300,4,9001,centralized-tree-gp,0.0,0.3333333333333333,0.5,0.05004511044382992,0.08087538949914479,0.0,1.0,0.7871327430000292,0,1488,"I(x3>1)*x3^2;expr:sin(add(x1,x2));expr:sin(mul(cos(x2),x1))",0.007597 + 0.7403*I(x3>1)*((x3)^2) + 0.1237*sin((x1+x2)) + 1.566*sin((cos(x2)*x1)),generation budget reached
trig_product,exception,0.1,300,4,9001,federated-tree-gp-style,0.0,0.3333333333333333,0.5,0.050045110443829914,0.08087538949914479,0.0,1.0,1.0116240509998988,534144,1488,"I(x3>1)*x3^2;expr:sin(add(x1,x2));expr:sin(mul(cos(x2),x1))",0.007597 + 0.7403*I(x3>1)*((x3)^2) + 0.1237*sin((x1+x2)) + 1.566*sin((cos(x2)*x1)),generation budget reached
trig_product,exception,0.1,300,4,9001,centralized-residual-counterexample-gp,0.0,0.3333333333333333,0.5,0.05004511044382992,0.08087538949914479,0.0,1.0,0.797144833999937,0,1472,"I(x3>1)*x3^2;expr:sin(add(x1,x2));expr:sin(mul(cos(x2),x1))",0.007597 + 0.7403*I(x3>1)*((x3)^2) + 0.1237*sin((x1+x2)) + 1.566*sin((cos(x2)*x1)),generation budget reached
trig_product,exception,0.1,300,4,9002,fedfalsify-v05,1.0,1.0,1.0,1.1873993146907852e-05,0.03004903556646477,0.0,1.0,0.2171568930000376,187200,3,I(x3>1)*x3^2;sin(x1)*cos(x2),0.006054 + 0.7477·𝟙[x₃>1]·x₃² + 1.997·sin(x₁)cos(x₂),target federated MSE reached; no replacement passed the federated certificate
trig_product,exception,0.1,300,4,9002,centralized-tree-gp,1.0,1.0,1.0,1.1873993146902504e-05,0.03004903556646477,0.0,1.0,1.0648648300000332,0,1506,I(x3>1)*x3^2;sin(x1)*cos(x2),0.006054 + 0.7477*I(x3>1)*((x3)^2) + 1.997*(cos(x2)*sin(x1)),generation budget reached
trig_product,exception,0.1,300,4,9002,federated-tree-gp-style,1.0,1.0,1.0,1.1873993146907795e-05,0.030049035566464766,0.0,1.0,1.584752306999917,519808,1506,I(x3>1)*x3^2;sin(x1)*cos(x2),0.006054 + 0.7477*I(x3>1)*((x3)^2) + 1.997*(cos(x2)*sin(x1)),generation budget reached
trig_product,exception,0.1,300,4,9002,centralized-residual-counterexample-gp,1.0,1.0,1.0,1.1873993146902504e-05,0.03004903556646477,0.0,1.0,1.2698228940000718,0,1490,I(x3>1)*x3^2;sin(x1)*cos(x2),0.006054 + 0.7477*I(x3>1)*((x3)^2) + 1.997*(cos(x2)*sin(x1)),generation budget reached
trig_product,exception,0.1,300,4,9003,fedfalsify-v05,1.0,1.0,1.0,2.2272942601966705e-05,0.026661858762967058,0.0,1.0,0.32077912999989167,186982,3,I(x3>1)*x3^2;sin(x1)*cos(x2),0.006537 + 0.747·𝟙[x₃>1]·x₃² + 2.008·sin(x₁)cos(x₂),target federated MSE reached; no replacement passed the federated certificate
trig_product,exception,0.1,300,4,9003,centralized-tree-gp,0.0,0.25,0.5,0.05772479552523756,0.1468038671829975,0.0,1.0,1.2275893949999954,0,1611,"I(x3>1)*x3^2;expr:cos(add(cos(x2),sin(x1)));expr:cos(mul(cos(x1),x2));expr:square(add(cos(x2),x2))",1.943 - 2.374*cos((cos(x2)+sin(x1))) - 0.6337*cos((cos(x1)*x2)) + 0.7341*I(x3>1)*((x3)^2) - 0.0548*((cos(x2)+x2))^2,generation budget reached
trig_product,exception,0.1,300,4,9003,federated-tree-gp-style,0.0,0.25,0.5,0.057724795525238015,0.1468038671829975,0.0,1.0,1.1648100820000309,645312,1611,"I(x3>1)*x3^2;expr:cos(add(cos(x2),sin(x1)));expr:cos(mul(cos(x1),x2));expr:square(add(cos(x2),x2))",1.943 - 2.374*cos((cos(x2)+sin(x1))) - 0.6337*cos((cos(x1)*x2)) + 0.7341*I(x3>1)*((x3)^2) - 0.0548*((cos(x2)+x2))^2,generation budget reached
trig_product,exception,0.1,300,4,9003,centralized-residual-counterexample-gp,0.0,0.3333333333333333,0.5,0.07431920722039353,0.1301480538594575,0.0,1.0,0.8908649990000868,0,1563,"I(x3>1)*x3^2;expr:cos(add(cos(x2),sin(x1)));expr:mul(cos(x2),x1)",0.7061 - 1.224*cos((cos(x2)+sin(x1))) + 0.7492*I(x3>1)*((x3)^2) + 0.5261*(cos(x2)*x1),generation budget reached
trig_product,exception,0.1,300,4,9004,fedfalsify-v05,1.0,1.0,1.0,1.0204335430453427e-05,0.026935296510796375,0.0,1.0,0.2220044019998113,187032,3,I(x3>1)*x3^2;sin(x1)*cos(x2),-0.00482 + 0.7496·𝟙[x₃>1]·x₃² + 2·sin(x₁)cos(x₂),target federated MSE reached; no replacement passed the federated certificate
trig_product,exception,0.1,300,4,9004,centralized-tree-gp,0.0,0.25,0.5,0.10182808112516986,0.2412514597766336,1.0,1.0,0.8012998029998926,0,1510,"I(x3>1)*x3^2;expr:mul(sin(x1),square(x2));expr:sin(add(cos(x4),x1));expr:square(add(cos(x1),cos(x4)))",0.4109 + 0.7828*I(x3>1)*((x3)^2) - 0.4542*(sin(x1)*(x2)^2) + 1.812*sin((cos(x4)+x1)) - 0.5578*((cos(x1)+cos(x4)))^2,generation budget reached
trig_product,exception,0.1,300,4,9004,federated-tree-gp-style,0.0,0.25,0.5,0.10182808112516979,0.24125145977663365,1.0,1.0,1.0392728750000515,532992,1510,"I(x3>1)*x3^2;expr:mul(sin(x1),square(x2));expr:sin(add(cos(x4),x1));expr:square(add(cos(x1),cos(x4)))",0.4109 + 0.7828*I(x3>1)*((x3)^2) - 0.4542*(sin(x1)*(x2)^2) + 1.812*sin((cos(x4)+x1)) - 0.5578*((cos(x1)+cos(x4)))^2,generation budget reached
trig_product,exception,0.1,300,4,9004,centralized-residual-counterexample-gp,0.0,0.25,0.5,0.11476941871384373,0.29586530700881547,0.0,1.0,0.7921153469999354,0,1487,"I(x3>1)*x3^2;expr:cos(add(cos(x3),x1));expr:mul(sin(x1),square(x2));expr:sin(add(cos(x1),sin(x1)))",-0.1888 - 0.7901*cos((cos(x3)+x1)) + 0.8133*I(x3>1)*((x3)^2) - 0.4351*(sin(x1)*(x2)^2) + 1.293*sin((cos(x1)+sin(x1))),generation budget reached
trig_product,exception,0.1,300,4,9005,fedfalsify-v05,1.0,1.0,1.0,2.7580066443660338e-05,0.02773220956903277,0.0,1.0,0.2147652010000911,186845,3,I(x3>1)*x3^2;sin(x1)*cos(x2),-0.003673 + 0.7535·𝟙[x₃>1]·x₃² + 1.988·sin(x₁)cos(x₂),target federated MSE reached; no replacement passed the federated certificate
trig_product,exception,0.1,300,4,9005,centralized-tree-gp,0.0,0.25,0.5,0.000260352300500884,0.02795897093844769,0.0,1.0,0.8894106170000668,0,1579,"I(x3>1)*x3^2;expr:mul(sin(x1),sin(x1));expr:sin(mul(cos(x2),cos(x2)));expr:square(add(cos(x2),sin(x1)))",0.01883 + 0.7531*I(x3>1)*((x3)^2) - 0.9964*(sin(x1)*sin(x1)) - 1.148*sin((cos(x2)*cos(x2))) + 0.9936*((cos(x2)+sin(x1)))^2,generation budget reached
trig_product,exception,0.1,300,4,9005,federated-tree-gp-style,0.0,0.25,0.5,0.0002603523005008959,0.027958970938447698,0.0,1.0,1.19224356299992,621760,1579,"I(x3>1)*x3^2;expr:mul(sin(x1),sin(x1));expr:sin(mul(cos(x2),cos(x2)));expr:square(add(cos(x2),sin(x1)))",0.01883 + 0.7531*I(x3>1)*((x3)^2) - 0.9964*(sin(x1)*sin(x1)) - 1.148*sin((cos(x2)*cos(x2))) + 0.9936*((cos(x2)+sin(x1)))^2,generation budget reached
trig_product,exception,0.1,300,4,9005,centralized-residual-counterexample-gp,0.0,0.25,0.5,0.000260352300500884,0.02795897093844769,0.0,1.0,0.9521348159998979,0,1580,"I(x3>1)*x3^2;expr:mul(sin(x1),sin(x1));expr:sin(mul(cos(x2),cos(x2)));expr:square(add(cos(x2),sin(x1)))",0.01883 + 0.7531*I(x3>1)*((x3)^2) - 0.9964*(sin(x1)*sin(x1)) - 1.148*sin((cos(x2)*cos(x2))) + 0.9936*((cos(x2)+sin(x1)))^2,generation budget reached
interaction,complementary,0.03,300,4,9001,fedfalsify-v05,1.0,1.0,1.0,4.876849491713716e-07,0.004058037251793943,0.0,1.0,0.194787013999985,180161,3,x1*x2;x3^2,-4.014e-05 + 0.9999·x₁x₂ + 0.4992·x₃²,target federated MSE reached; no replacement passed the federated certificate
interaction,complementary,0.03,300,4,9001,centralized-tree-gp,1.0,1.0,1.0,4.876849491718722e-07,0.0040580372517939455,0.0,1.0,0.7452955080000265,0,1517,x1*x2;x3^2,-4.014e-05 + 0.9999*(x1*x2) + 0.4992*(x3)^2,generation budget reached
interaction,complementary,0.03,300,4,9001,federated-tree-gp-style,1.0,1.0,1.0,4.876849491713728e-07,0.004058037251793944,0.0,1.0,1.3327184209999814,535296,1517,x1*x2;x3^2,-4.014e-05 + 0.9999*(x1*x2) + 0.4992*(x3)^2,generation budget reached
interaction,complementary,0.03,300,4,9001,centralized-residual-counterexample-gp,1.0,1.0,1.0,4.876849491718722e-07,0.0040580372517939455,0.0,1.0,1.2550524079999832,0,1530,x1*x2;x3^2,-4.014e-05 + 0.9999*(x1*x2) + 0.4992*(x3)^2,generation budget reached
interaction,complementary,0.03,300,4,9002,fedfalsify-v05,1.0,1.0,1.0,2.265846316936128e-06,0.003857624669075852,0.0,1.0,0.283004726000172,180548,3,x1*x2;x3^2,0.003095 + 0.9986·x₁x₂ + 0.4993·x₃²,target federated MSE reached; no replacement passed the federated certificate
interaction,complementary,0.03,300,4,9002,centralized-tree-gp,0.0,0.25,0.5,0.0018586265517788183,0.018485229914252804,1.0,1.0,1.3491570270000466,0,1568,"expr:cos(add(cos(x4),square(x3)));expr:square(add(cos(x3),square(x3)));expr:square(mul(cos(x3),x1));x1*x2",0.1912 - 0.2767*cos((cos(x4)+(x3)^2)) + 1.001*(x1*x2) + 0.1259*((cos(x3)+(x3)^2))^2 - 0.0235*((cos(x3)*x1))^2,generation budget reached
interaction,complementary,0.03,300,4,9002,federated-tree-gp-style,0.0,0.25,0.5,0.0018586265517788235,0.018485229914252808,1.0,1.0,1.3719991830000708,594880,1568,"expr:cos(add(cos(x4),square(x3)));expr:square(add(cos(x3),square(x3)));expr:square(mul(cos(x3),x1));x1*x2",0.1912 - 0.2767*cos((cos(x4)+(x3)^2)) + 1.001*(x1*x2) + 0.1259*((cos(x3)+(x3)^2))^2 - 0.0235*((cos(x3)*x1))^2,generation budget reached
interaction,complementary,0.03,300,4,9002,centralized-residual-counterexample-gp,0.0,0.25,0.5,0.002012124489588971,0.01669148801221537,1.0,1.0,0.9096981860000142,0,1577,"expr:add(sin(x3),square(x4));expr:cos(add(cos(x4),square(x3)));expr:square(add(cos(x3),square(x3)));x1*x2",0.1405 + 0.03177*(sin(x3)+(x4)^2) - 0.3098*cos((cos(x4)+(x3)^2)) + 0.9983*(x1*x2) + 0.1266*((cos(x3)+(x3)^2))^2,generation budget reached
interaction,complementary,0.03,300,4,9003,fedfalsify-v05,1.0,1.0,1.0,2.2064435750701423e-06,0.004178773440096366,0.0,1.0,0.1984565099999145,180198,3,x1*x2;x3^2,0.003034 + 1.001·x₁x₂ + 0.4985·x₃²,target federated MSE reached; no replacement passed the federated certificate
interaction,complementary,0.03,300,4,9003,centralized-tree-gp,0.0,0.5,0.5,2.206443573667932e-06,0.0041787734400963675,0.0,1.0,0.7767743150000115,0,1531,"expr:add(square(x3),square(x3));x1*x2",0.003034 + 0.2493*((x3)^2+(x3)^2) + 1.001*(x1*x2),generation budget reached
interaction,complementary,0.03,300,4,9003,federated-tree-gp-style,0.0,0.5,0.5,2.2064435736648003e-06,0.0041787734400963675,0.0,1.0,0.9951126409998778,549056,1531,"expr:add(square(x3),square(x3));x1*x2",0.003034 + 0.2493*((x3)^2+(x3)^2) + 1.001*(x1*x2),generation budget reached
interaction,complementary,0.03,300,4,9003,centralized-residual-counterexample-gp,0.0,0.5,0.5,2.206443573667932e-06,0.0041787734400963675,0.0,1.0,0.7936962979999862,0,1518,"expr:add(square(x3),square(x3));x1*x2",0.003034 + 0.2493*((x3)^2+(x3)^2) + 1.001*(x1*x2),generation budget reached
interaction,complementary,0.03,300,4,9004,fedfalsify-v05,1.0,1.0,1.0,6.427358207405553e-06,0.004439209180318179,0.0,1.0,0.2008650929999476,180280,3,x1*x2;x3^2,-0.00519 + 1.002·x₁x₂ + 0.5013·x₃²,target federated MSE reached; no replacement passed the federated certificate
interaction,complementary,0.03,300,4,9004,centralized-tree-gp,1.0,1.0,1.0,6.427358207406308e-06,0.004439209180318177,0.0,1.0,0.8343839009999101,0,1571,x1*x2;x3^2,-0.00519 + 1.002*(x1*x2) + 0.5013*(x3)^2,generation budget reached
interaction,complementary,0.03,300,4,9004,federated-tree-gp-style,1.0,1.0,1.0,6.427358207405505e-06,0.00443920918031818,0.0,1.0,1.034531030999915,590016,1571,x1*x2;x3^2,-0.00519 + 1.002*(x1*x2) + 0.5013*(x3)^2,generation budget reached
interaction,complementary,0.03,300,4,9004,centralized-residual-counterexample-gp,0.0,0.6666666666666666,1.0,6.750796397123354e-06,0.0044377016393188145,1.0,1.0,0.8400871290000396,0,1569,"expr:add(sin(x2),x4);x1*x2;x3^2",-0.005332 - 0.001001*(sin(x2)+x4) + 1.002*(x1*x2) + 0.5013*(x3)^2,generation budget reached
interaction,complementary,0.03,300,4,9005,fedfalsify-v05,1.0,1.0,1.0,2.995259158761616e-07,0.0036782045918983706,0.0,1.0,0.19508718299994143,180442,3,x1*x2;x3^2,-0.001099 + 0.9996·x₁x₂ + 0.5007·x₃²,target federated MSE reached; no replacement passed the federated certificate
interaction,complementary,0.03,300,4,9005,centralized-tree-gp,0.0,0.5,0.5,2.995259167758511e-07,0.0036782045918983693,0.0,1.0,0.8411329299999579,0,1575,"expr:square(add(x3,x3));x1*x2",-0.001099 + 0.9996*(x1*x2) + 0.1252*((x3+x3))^2,generation budget reached
interaction,complementary,0.03,300,4,9005,federated-tree-gp-style,0.0,0.5,0.5,2.9952591677683545e-07,0.0036782045918983693,0.0,1.0,1.1114237899998898,617600,1575,"expr:square(add(x3,x3));x1*x2",-0.001099 + 0.9996*(x1*x2) + 0.1252*((x3+x3))^2,generation budget reached
interaction,complementary,0.03,300,4,9005,centralized-residual-counterexample-gp,0.0,0.5,0.5,2.995259167758511e-07,0.0036782045918983693,0.0,1.0,1.2576897699998426,0,1603,"expr:square(add(x3,x3));x1*x2",-0.001099 + 0.9996*(x1*x2) + 0.1252*((x3+x3))^2,generation budget reached
interaction,complementary,0.1,300,4,9001,fedfalsify-v05,1.0,1.0,1.0,5.418721644769929e-06,0.04508930279771049,0.0,1.0,0.2602770270000292,179806,3,x1*x2;x3^2,-0.0001338 + 0.9995·x₁x₂ + 0.4974·x₃²,target federated MSE reached; no replacement passed the federated certificate
interaction,complementary,0.1,300,4,9001,centralized-tree-gp,0.0,0.3333333333333333,0.5,0.00032510507053856046,0.0471440301680706,0.0,1.0,1.4241785740000523,0,1589,"expr:square(add(cos(x3),square(x3)));expr:square(mul(square(x3),x3));x1*x2",-0.2316 + 0.9995*(x1*x2) + 0.2949*((cos(x3)+(x3)^2))^2 - 0.02319*(((x3)^2*x3))^2,generation budget reached
interaction,complementary,0.1,300,4,9001,federated-tree-gp-style,0.0,0.3333333333333333,0.5,0.00032510507053853894,0.0471440301680706,0.0,1.0,1.8344400290000067,619840,1589,"expr:square(add(cos(x3),square(x3)));expr:square(mul(square(x3),x3));x1*x2",-0.2316 + 0.9995*(x1*x2) + 0.2949*((cos(x3)+(x3)^2))^2 - 0.02319*(((x3)^2*x3))^2,generation budget reached
interaction,complementary,0.1,300,4,9001,centralized-residual-counterexample-gp,0.0,0.3333333333333333,0.5,0.00032510507053856046,0.0471440301680706,0.0,1.0,1.166558741000017,0,1576,"expr:square(add(cos(x3),square(x3)));expr:square(mul(square(x3),x3));x1*x2",-0.2316 + 0.9995*(x1*x2) + 0.2949*((cos(x3)+(x3)^2))^2 - 0.02319*(((x3)^2*x3))^2,generation budget reached
interaction,complementary,0.1,300,4,9002,fedfalsify-v05,1.0,1.0,1.0,2.51760701344484e-05,0.04286249632306505,0.0,1.0,0.1996014369999557,180072,3,x1*x2;x3^2,0.01032 + 0.9953·x₁x₂ + 0.4977·x₃²,target federated MSE reached; no replacement passed the federated certificate
interaction,complementary,0.1,300,4,9002,centralized-tree-gp,0.0,0.3333333333333333,0.5,3.0821621352496854e-05,0.04283862075099055,1.0,1.0,0.8565216779998082,0,1547,"expr:square(mul(cos(x4),x3));expr:square(mul(sin(x4),x3));x1*x2",0.01059 + 0.9952*(x1*x2) + 0.5004*((cos(x4)*x3))^2 + 0.4935*((sin(x4)*x3))^2,generation budget reached
interaction,complementary,0.1,300,4,9002,federated-tree-gp-style,0.0,0.3333333333333333,0.5,3.082162135250481e-05,0.042838620750990555,1.0,1.0,1.1126394470002197,574144,1547,"expr:square(mul(cos(x4),x3));expr:square(mul(sin(x4),x3));x1*x2",0.01059 + 0.9952*(x1*x2) + 0.5004*((cos(x4)*x3))^2 + 0.4935*((sin(x4)*x3))^2,generation budget reached
interaction,complementary,0.1,300,4,9002,centralized-residual-counterexample-gp,0.0,0.3333333333333333,0.5,3.0821621352496854e-05,0.04283862075099055,1.0,1.0,0.899499447999915,0,1569,"expr:square(mul(cos(x4),x3));expr:square(mul(sin(x4),x3));x1*x2",0.01059 + 0.9952*(x1*x2) + 0.5004*((cos(x4)*x3))^2 + 0.4935*((sin(x4)*x3))^2,generation budget reached
interaction,complementary,0.1,300,4,9003,fedfalsify-v05,1.0,1.0,1.0,2.451603974544109e-05,0.04643081600107077,0.0,1.0,0.20758053400004428,179688,3,x1*x2;x3^2,0.01011 + 1.004·x₁x₂ + 0.4951·x₃²,target federated MSE reached; no replacement passed the federated certificate
interaction,complementary,0.1,300,4,9003,centralized-tree-gp,0.0,0.5,0.5,0.0036924081940581535,0.07094384523057738,0.0,1.0,0.9161445839999942,0,1572,"expr:square(mul(sin(x3),square(x3)));x1*x2",0.2366 + 1.005*(x1*x2) + 0.1482*((sin(x3)*(x3)^2))^2,generation budget reached
interaction,complementary,0.1,300,4,9003,federated-tree-gp-style,0.0,0.5,0.5,0.0036924081940581535,0.07094384523057738,0.0,1.0,1.0964454739998928,583360,1572,"expr:square(mul(sin(x3),square(x3)));x1*x2",0.2366 + 1.005*(x1*x2) + 0.1482*((sin(x3)*(x3)^2))^2,generation budget reached
interaction,complementary,0.1,300,4,9003,centralized-residual-counterexample-gp,0.0,0.5,0.5,0.0036924081940581535,0.07094384523057738,0.0,1.0,0.7878555920001418,0,1491,"expr:square(mul(sin(x3),square(x3)));x1*x2",0.2366 + 1.005*(x1*x2) + 0.1482*((sin(x3)*(x3)^2))^2,generation budget reached
interaction,complementary,0.1,300,4,9004,fedfalsify-v05,1.0,1.0,1.0,7.141509127605153e-05,0.04932454644797977,0.0,1.0,0.19752195000000938,179835,3,x1*x2;x3^2,-0.0173 + 1.008·x₁x₂ + 0.5044·x₃²,target federated MSE reached; no replacement passed the federated certificate
interaction,complementary,0.1,300,4,9004,centralized-tree-gp,0.0,0.3333333333333333,0.5,0.00020392345282908256,0.05016130778710644,0.0,1.0,0.8649994630000037,0,1587,"expr:add(cos(x3),cos(x3));expr:square(add(sin(x3),x3));x1*x2",3.308 - 1.653*(cos(x3)+cos(x3)) + 1.009*(x1*x2) - 0.3121*((sin(x3)+x3))^2,generation budget reached
interaction,complementary,0.1,300,4,9004,federated-tree-gp-style,0.0,0.3333333333333333,0.5,0.00020392345282902155,0.05016130778710643,0.0,1.0,1.1032743390001087,612544,1587,"expr:add(cos(x3),cos(x3));expr:square(add(sin(x3),x3));x1*x2",3.308 - 1.653*(cos(x3)+cos(x3)) + 1.009*(x1*x2) - 0.3121*((sin(x3)+x3))^2,generation budget reached
interaction,complementary,0.1,300,4,9004,centralized-residual-counterexample-gp,0.0,0.6666666666666666,1.0,7.027310314852108e-05,0.0491579945114387,0.0,1.0,0.9552607540001645,0,1634,"expr:add(cos(x1),square(x1));x1*x2;x3^2",-0.03661 + 0.00939*(cos(x1)+(x1)^2) + 1.006*(x1*x2) + 0.5042*(x3)^2,generation budget reached
interaction,complementary,0.1,300,4,9005,fedfalsify-v05,1.0,1.0,1.0,3.3280657253847702e-06,0.04086893990998189,0.0,1.0,0.22593070600009924,179912,3,x1*x2;x3^2,-0.003662 + 0.9987·x₁x₂ + 0.5023·x₃²,target federated MSE reached; no replacement passed the federated certificate
interaction,complementary,0.1,300,4,9005,centralized-tree-gp,0.0,0.5,0.5,3.328065728396161e-06,0.04086893990998189,0.0,1.0,1.2233294499999374,0,1514,"expr:square(add(x3,x3));x1*x2",-0.003662 + 0.9987*(x1*x2) + 0.1256*((x3+x3))^2,generation budget reached
interaction,complementary,0.1,300,4,9005,federated-tree-gp-style,0.0,0.5,0.5,3.3280657283969384e-06,0.040868939909981895,0.0,1.0,1.6709782699999778,534848,1514,"expr:square(add(x3,x3));x1*x2",-0.003662 + 0.9987*(x1*x2) + 0.1256*((x3+x3))^2,generation budget reached
interaction,complementary,0.1,300,4,9005,centralized-residual-counterexample-gp,0.0,0.5,0.5,3.328065728396161e-06,0.04086893990998189,0.0,1.0,1.3417820080001093,0,1518,"expr:square(add(x3,x3));x1*x2",-0.003662 + 0.9987*(x1*x2) + 0.1256*((x3+x3))^2,generation budget reached
interaction,spurious,0.03,300,4,9001,fedfalsify-v05,1.0,1.0,1.0,1.7470395788635719e-06,0.004077019521218707,0.0,1.0,0.3276022620000276,180264,3,x1*x2;x3^2,-0.0002764 + 0.9986·x₁x₂ + 0.5002·x₃²,target federated MSE reached; no replacement passed the federated certificate
interaction,spurious,0.03,300,4,9001,centralized-tree-gp,0.0,0.25,0.5,0.003466725062105217,0.03607034361759828,1.0,1.0,0.9802310810000563,0,1623,"expr:add(cos(x4),square(x3));expr:cos(add(cos(x4),square(x3)));expr:square(mul(square(x3),x3));x1*x2",0.08899 + 0.2432*(cos(x4)+(x3)^2) - 0.2077*cos((cos(x4)+(x3)^2)) + 1.007*(x1*x2) + 0.009109*(((x3)^2*x3))^2,generation budget reached
interaction,spurious,0.03,300,4,9001,federated-tree-gp-style,0.0,0.25,0.5,0.003466725062105212,0.03607034361759828,1.0,1.0,1.1762756150001223,652288,1623,"expr:add(cos(x4),square(x3));expr:cos(add(cos(x4),square(x3)));expr:square(mul(square(x3),x3));x1*x2",0.08899 + 0.2432*(cos(x4)+(x3)^2) - 0.2077*cos((cos(x4)+(x3)^2)) + 1.007*(x1*x2) + 0.009109*(((x3)^2*x3))^2,generation budget reached
interaction,spurious,0.03,300,4,9001,centralized-residual-counterexample-gp,0.0,0.25,0.5,9.944834510103492e-05,0.005407385062996991,1.0,1.0,0.8557947200001763,0,1578,"expr:cos(add(cos(x4),square(x3)));expr:cos(mul(sin(x3),x3));expr:square(mul(cos(x3),x3));x1*x2",1.298 + 0.06499*cos((cos(x4)+(x3)^2)) - 1.36*cos((sin(x3)*x3)) + 0.9986*(x1*x2) + 0.4723*((cos(x3)*x3))^2,generation budget reached
interaction,spurious,0.03,300,4,9002,fedfalsify-v05,1.0,1.0,1.0,1.3432409149345684e-06,0.003680995020437079,0.0,1.0,0.26710636200004956,271030,3,x1*x2;x3^2,-0.001108 + 1.001·x₁x₂ + 0.5006·x₃²,target federated MSE reached; no replacement passed the federated certificate
interaction,spurious,0.03,300,4,9002,centralized-tree-gp,0.0,0.5,0.5,1.3432409157389104e-06,0.00368099502043708,0.0,1.0,0.7082873520000703,0,1505,"expr:square(add(x3,x3));x1*x2",-0.001108 + 1.001*(x1*x2) + 0.1251*((x3+x3))^2,generation budget reached
interaction,spurious,0.03,300,4,9002,federated-tree-gp-style,0.0,0.5,0.5,1.3432409157388349e-06,0.00368099502043708,0.0,1.0,0.9191675489998943,500736,1505,"expr:square(add(x3,x3));x1*x2",-0.001108 + 1.001*(x1*x2) + 0.1251*((x3+x3))^2,generation budget reached
interaction,spurious,0.03,300,4,9002,centralized-residual-counterexample-gp,0.0,0.5,0.5,1.3432409155780045e-06,0.00368099502043708,0.0,1.0,0.7188546140000653,0,1464,"expr:add(square(x3),square(x3));x1*x2",-0.001108 + 0.2503*((x3)^2+(x3)^2) + 1.001*(x1*x2),generation budget reached
interaction,spurious,0.03,300,4,9003,fedfalsify-v05,1.0,1.0,1.0,1.4189740794775421e-06,0.004016385626329578,0.0,1.0,0.18774035000001277,180357,3,x1*x2;x3^2,0.0002717 + 1.001·x₁x₂ + 0.4989·x₃²,target federated MSE reached; no replacement passed the federated certificate
interaction,spurious,0.03,300,4,9003,centralized-tree-gp,1.0,1.0,1.0,1.4189740794772747e-06,0.00401638562632958,0.0,1.0,0.7135556660000475,0,1499,x1*x2;x3^2,0.0002717 + 1.001*(x1*x2) + 0.4989*(x3)^2,generation budget reached
interaction,spurious,0.03,300,4,9003,federated-tree-gp-style,1.0,1.0,1.0,1.418974079477532e-06,0.00401638562632958,0.0,1.0,0.9102922070001114,513088,1499,x1*x2;x3^2,0.0002717 + 1.001*(x1*x2) + 0.4989*(x3)^2,generation budget reached
interaction,spurious,0.03,300,4,9003,centralized-residual-counterexample-gp,0.0,0.5,0.5,1.433648126701915e-06,0.004015985461506421,0.0,1.0,0.8964097309999488,0,1617,"expr:add(square(x3),square(x3));x1*x2",0.0004247 - 0.0004231*(sin(x4)+(x3)^2) + 0.0004373*(sin(x4)+x2) + 0.2497*((x3)^2+(x3)^2) + 1.001*(x1*x2),generation budget reached
interaction,spurious,0.03,300,4,9004,fedfalsify-v05,1.0,1.0,1.0,7.339135809447557e-07,0.004564799927218094,0.0,1.0,0.19375009899999895,180531,3,x1*x2;x3^2,-0.0007408 + 1.001·x₁x₂ + 0.4995·x₃²,target federated MSE reached; no replacement passed the federated certificate
interaction,spurious,0.03,300,4,9004,centralized-tree-gp,0.0,0.6666666666666666,1.0,1.2086445916067016e-06,0.004562925096015854,0.0,1.0,0.8020246779999525,0,1547,"expr:cos(mul(square(x2),x1));x1*x2;x3^2",-0.001491 + 0.001997*cos(((x2)^2*x1)) + 1.001*(x1*x2) + 0.4995*(x3*x3),generation budget reached
interaction,spurious,0.03,300,4,9004,federated-tree-gp-style,0.0,0.6666666666666666,1.0,1.2086445916070334e-06,0.004562925096015855,0.0,1.0,1.1915179809998335,560448,1547,"expr:cos(mul(square(x2),x1));x1*x2;x3^2",-0.001491 + 0.001997*cos(((x2)^2*x1)) + 1.001*(x1*x2) + 0.4995*(x3*x3),generation budget reached
interaction,spurious,0.03,300,4,9004,centralized-residual-counterexample-gp,0.0,0.25,0.5,0.0005338691611066972,0.008948238315510917,0.0,1.0,1.3633629319999727,0,1543,"expr:add(cos(x3),cos(x3));expr:cos(add(square(x3),square(x3)));expr:square(mul(sin(x3),x3));x1*x2",1.935 - 1.069*(cos(x3)+cos(x3)) + 0.103*cos(((x3)^2+(x3)^2)) + 1.001*(x1*x2) - 0.2719*((sin(x3)*x3))^2,generation budget reached
interaction,spurious,0.03,300,4,9005,fedfalsify-v05,1.0,1.0,1.0,1.5186244038536583e-06,0.0038240293524103024,0.0,1.0,0.30460779400004867,180404,3,x1*x2;x3^2,0.000128 + 0.9989·x₁x₂ + 0.5007·x₃²,target federated MSE reached; no replacement passed the federated certificate
interaction,spurious,0.03,300,4,9005,centralized-tree-gp,0.0,0.5,0.5,1.5186244051687083e-06,0.0038240293524103015,0.0,1.0,1.307245680000051,0,1574,"expr:square(add(x3,x3));x1*x2",0.000128 + 0.9989*(x1*x2) + 0.1252*((x3+x3))^2,generation budget reached
interaction,spurious,0.03,300,4,9005,federated-tree-gp-style,0.0,0.5,0.5,1.518624405168298e-06,0.0038240293524103007,0.0,1.0,1.578633858000103,598848,1574,"expr:square(add(x3,x3));x1*x2",0.000128 + 0.9989*(x1*x2) + 0.1252*((x3+x3))^2,generation budget reached
interaction,spurious,0.03,300,4,9005,centralized-residual-counterexample-gp,0.0,0.5,0.5,1.518624404905717e-06,0.0038240293524103024,0.0,1.0,0.8647548630001438,0,1546,"expr:add(square(x3),square(x3));x1*x2",0.000128 + 0.2504*((x3)^2+(x3)^2) + 0.9989*(x1*x2),generation budget reached
interaction,spurious,0.1,300,4,9001,fedfalsify-v05,1.0,1.0,1.0,1.9411550837127367e-05,0.045300216902430086,0.0,1.0,0.19682988800013845,179727,3,x1*x2;x3^2,-0.0009212 + 0.9954·x₁x₂ + 0.5007·x₃²,target federated MSE reached; no replacement passed the federated certificate
interaction,spurious,0.1,300,4,9001,centralized-tree-gp,0.0,0.25,0.5,0.003155780047175404,0.06019914166870303,1.0,1.0,0.9165770459999294,0,1624,"expr:add(cos(x4),square(x3));expr:cos(mul(sin(x3),square(x3)));expr:square(add(cos(x1),square(x3)));x1*x2",0.3021 + 0.1706*(cos(x4)+(x3)^2) - 0.3414*cos((sin(x3)*(x3)^2)) + 1.01*(x1*x2) + 0.02766*((cos(x1)+(x3)^2))^2,generation budget reached
interaction,spurious,0.1,300,4,9001,federated-tree-gp-style,0.0,0.25,0.5,0.0031557800471754003,0.060199141668703056,1.0,1.0,1.164541139999983,656384,1624,"expr:add(cos(x4),square(x3));expr:cos(mul(sin(x3),square(x3)));expr:square(add(cos(x1),square(x3)));x1*x2",0.3021 + 0.1706*(cos(x4)+(x3)^2) - 0.3414*cos((sin(x3)*(x3)^2)) + 1.01*(x1*x2) + 0.02766*((cos(x1)+(x3)^2))^2,generation budget reached
interaction,spurious,0.1,300,4,9001,centralized-residual-counterexample-gp,0.0,0.3333333333333333,0.5,0.008690483796531895,0.08631029676873951,1.0,1.0,0.9280444789999365,0,1583,"expr:add(sin(x4),square(x3));expr:cos(mul(sin(x3),square(x3)));x1*x2",0.53 + 0.2262*(sin(x4)+(x3)^2) - 0.4442*cos((sin(x3)*(x3)^2)) + 0.9836*(x1*x2),generation budget reached
interaction,spurious,0.1,300,4,9002,fedfalsify-v05,1.0,1.0,1.0,1.4924899100168345e-05,0.04089994467152311,0.0,1.0,0.23794496599998638,270721,3,x1*x2;x3^2,-0.003693 + 1.004·x₁x₂ + 0.5019·x₃²,target federated MSE reached; no replacement passed the federated certificate
interaction,spurious,0.1,300,4,9002,centralized-tree-gp,0.0,0.5,0.5,1.4924899102320905e-05,0.04089994467152311,0.0,1.0,0.7047881669998333,0,1494,"expr:add(square(x3),square(x3));x1*x2",-0.003693 + 0.2509*((x3)^2+(x3)^2) + 1.004*(x1*x2),generation budget reached
interaction,spurious,0.1,300,4,9002,federated-tree-gp-style,0.0,0.5,0.5,1.4924899102320942e-05,0.04089994467152311,0.0,1.0,0.9421087400000943,507584,1494,"expr:add(square(x3),square(x3));x1*x2",-0.003693 + 0.2509*((x3)^2+(x3)^2) + 1.004*(x1*x2),generation budget reached
interaction,spurious,0.1,300,4,9002,centralized-residual-counterexample-gp,0.0,0.5,0.5,1.4924899102320905e-05,0.04089994467152311,0.0,1.0,0.7321875570000884,0,1496,"expr:add(square(x3),square(x3));x1*x2",-0.003693 + 0.2509*((x3)^2+(x3)^2) + 1.004*(x1*x2),generation budget reached
interaction,spurious,0.1,300,4,9003,fedfalsify-v05,1.0,1.0,1.0,1.576637867382876e-05,0.04462650695921755,0.0,1.0,0.1991328760000215,179788,3,x1*x2;x3^2,0.0009057 + 1.003·x₁x₂ + 0.4963·x₃²,target federated MSE reached; no replacement passed the federated certificate
interaction,spurious,0.1,300,4,9003,centralized-tree-gp,0.0,0.25,0.5,0.011404236869212075,0.10506640990615096,0.0,1.0,0.8309683469999527,0,1565,"expr:add(cos(x2),square(x3));expr:mul(cos(x3),cos(x3));expr:square(mul(cos(x2),square(x3)));x1*x2",0.2821 + 0.3231*(cos(x2)+(x3)^2) - 0.4003*(cos(x3)*cos(x3)) + 1.032*(x1*x2) + 0.0276*((cos(x2)*(x3)^2))^2,generation budget reached
interaction,spurious,0.1,300,4,9003,federated-tree-gp-style,0.0,0.25,0.5,0.011404236869212126,0.10506640990615096,0.0,1.0,1.0635612559999572,589696,1565,"expr:add(cos(x2),square(x3));expr:mul(cos(x3),cos(x3));expr:square(mul(cos(x2),square(x3)));x1*x2",0.2821 + 0.3231*(cos(x2)+(x3)^2) - 0.4003*(cos(x3)*cos(x3)) + 1.032*(x1*x2) + 0.0276*((cos(x2)*(x3)^2))^2,generation budget reached
interaction,spurious,0.1,300,4,9003,centralized-residual-counterexample-gp,0.0,0.25,0.5,3.110797813755007e-05,0.0444833037428178,1.0,1.0,0.8826101739998649,0,1564,"expr:add(sin(x3),square(x3));expr:add(square(x3),square(x3));expr:sin(mul(cos(x4),square(x2)));x1*x2",-0.001344 - 0.01523*(sin(x3)+(x3)^2) + 0.2557*((x3)^2+(x3)^2) + 1.003*(x1*x2) + 0.007789*sin((cos(x4)*(x2)^2)),generation budget reached
interaction,spurious,0.1,300,4,9004,fedfalsify-v05,1.0,1.0,1.0,8.154595358984118e-06,0.050719999191312155,0.0,1.0,0.27805142100010016,180009,3,x1*x2;x3^2,-0.002469 + 1.002·x₁x₂ + 0.4985·x₃²,target federated MSE reached; no replacement passed the federated certificate
interaction,spurious,0.1,300,4,9004,centralized-tree-gp,0.0,0.6666666666666666,1.0,1.1337631012942763e-05,0.050707079789065766,0.0,1.0,1.3077770879999662,0,1568,"expr:add(cos(x3),sin(x2));x1*x2;x3^2",0.002573 - 0.0007405*(cos(x3)+cos(x3)) - 0.005129*(cos(x3)+sin(x2)) + 1.002*(x1*x2) + 0.4962*(x3*x3),generation budget reached
interaction,spurious,0.1,300,4,9004,federated-tree-gp-style,0.0,0.6666666666666666,1.0,1.133763101293344e-05,0.05070707978906577,0.0,1.0,1.7024254069999643,593536,1568,"expr:add(cos(x3),sin(x2));x1*x2;x3^2",0.002573 - 0.0007405*(cos(x3)+cos(x3)) - 0.005129*(cos(x3)+sin(x2)) + 1.002*(x1*x2) + 0.4962*(x3*x3),generation budget reached
interaction,spurious,0.1,300,4,9004,centralized-residual-counterexample-gp,0.0,0.3333333333333333,0.5,1.476834254013691e-05,0.05056075355726501,0.0,1.0,1.5438010269999722,0,1560,"expr:add(cos(x3),cos(x3));expr:mul(sin(x3),x3);x1*x2",2.252 - 1.124*(cos(x3)+cos(x3)) - 0.6519*(sin(x3)*x3) + 1.002*(x1*x2),generation budget reached
interaction,spurious,0.1,300,4,9005,fedfalsify-v05,1.0,1.0,1.0,1.6873604460435057e-05,0.04248921502678113,0.0,1.0,0.19430876799992802,179866,3,x1*x2;x3^2,0.0004267 + 0.9963·x₁x₂ + 0.5024·x₃²,target federated MSE reached; no replacement passed the federated certificate
interaction,spurious,0.1,300,4,9005,centralized-tree-gp,0.0,0.5,0.5,1.6873604464827417e-05,0.04248921502678112,0.0,1.0,0.8059609990000354,0,1506,"expr:square(add(x3,x3));x1*x2",0.0004267 + 0.9963*(x1*x2) + 0.1256*((x3+x3))^2,generation budget reached
interaction,spurious,0.1,300,4,9005,federated-tree-gp-style,0.0,0.5,0.5,1.6873604464831507e-05,0.04248921502678113,0.0,1.0,1.0376677869999185,541696,1506,"expr:square(add(x3,x3));x1*x2",0.0004267 + 0.9963*(x1*x2) + 0.1256*((x3+x3))^2,generation budget reached
interaction,spurious,0.1,300,4,9005,centralized-residual-counterexample-gp,0.0,0.5,0.5,1.6873604464827417e-05,0.04248921502678112,0.0,1.0,0.8603199520000544,0,1515,"expr:square(add(x3,x3));x1*x2",0.0004267 + 0.9963*(x1*x2) + 0.1256*((x3+x3))^2,generation budget reached
interaction,exception,0.03,300,4,9001,fedfalsify-v05,1.0,1.0,1.0,1.7290235847760133e-06,0.0069243972564421085,0.0,1.0,0.3403897630000756,247565,5,I(x3>1)*x3^2;x1*x2;x3^2,0.0007411 + 0.9998·x₁x₂ + 0.7531·𝟙[x₃>1]·x₃² + 0.4974·x₃²,target federated MSE reached; no replacement passed the federated certificate
interaction,exception,0.03,300,4,9001,centralized-tree-gp,0.0,0.0,0.0,0.31333513061037593,0.6423999947940696,1.0,0.0,0.9471767959998942,0,1624,"expr:add(square(x3),x3);expr:mul(sin(x1),x2);expr:sin(add(cos(x4),sin(x3)));expr:square(add(sin(x2),square(x1)))",0.08691 + 0.8609*((x3)^2+x3) + 1.581*(sin(x1)*x2) - 0.5251*sin((cos(x4)+sin(x3))) + 0.0367*((sin(x2)+(x1)^2))^2,generation budget reached
interaction,exception,0.03,300,4,9001,federated-tree-gp-style,0.0,0.0,0.0,0.3133351306103765,0.6423999947940696,1.0,0.0,1.221457743999963,659264,1624,"expr:add(square(x3),x3);expr:mul(sin(x1),x2);expr:sin(add(cos(x4),sin(x3)));expr:square(add(sin(x2),square(x1)))",0.08691 + 0.8609*((x3)^2+x3) + 1.581*(sin(x1)*x2) - 0.5251*sin((cos(x4)+sin(x3))) + 0.0367*((sin(x2)+(x1)^2))^2,generation budget reached
interaction,exception,0.03,300,4,9001,centralized-residual-counterexample-gp,0.0,0.0,0.0,0.32865586733792845,0.6702564836410716,0.0,0.0,0.9811135310001191,0,1627,"cos(x3);expr:add(square(x3),x3);expr:mul(sin(x1),x2);expr:square(mul(cos(x1),square(x1)))",0.5613 + 0.6717*((x3)^2+x3) - 0.6874*cos(x3) + 1.599*(sin(x1)*x2) + 0.04778*((cos(x1)*(x1)^2))^2,generation budget reached
interaction,exception,0.03,300,4,9002,fedfalsify-v05,1.0,1.0,1.0,3.427630648645209e-06,0.007141759535871503,0.0,1.0,0.3249395350001123,247831,5,I(x3>1)*x3^2;x1*x2;x3^2,0.00462 + 0.9981·x₁x₂ + 0.7493·𝟙[x₃>1]·x₃² + 0.4994·x₃²,target federated MSE reached; no replacement passed the federated certificate
interaction,exception,0.03,300,4,9002,centralized-tree-gp,0.0,0.25,0.3333333333333333,0.19529037529527263,0.4943890651443161,0.0,1.0,0.8900329589998819,0,1579,"I(x3>1)*x3^2;expr:sin(mul(sin(x1),x2));expr:square(add(square(x3),square(x3)));expr:square(add(x1,x2))",-0.31 + 0.7319*I(x3>1)*((x3)^2) + 1.332*sin((sin(x1)*x2)) + 0.02185*(((x3)^2+(x3)^2))^2 + 0.2007*((x1+x2))^2,generation budget reached
interaction,exception,0.03,300,4,9002,federated-tree-gp-style,0.0,0.25,0.3333333333333333,0.19529037529527266,0.49438906514431596,0.0,1.0,1.1486910019998504,644160,1579,"I(x3>1)*x3^2;expr:sin(mul(sin(x1),x2));expr:square(add(square(x3),square(x3)));expr:square(add(x1,x2))",-0.31 + 0.7319*I(x3>1)*((x3)^2) + 1.332*sin((sin(x1)*x2)) + 0.02185*(((x3)^2+(x3)^2))^2 + 0.2007*((x1+x2))^2,generation budget reached
interaction,exception,0.03,300,4,9002,centralized-residual-counterexample-gp,0.0,0.0,0.0,0.03798583613814721,0.3172885341681235,0.0,0.0,0.9306826910001291,0,1620,"expr:add(square(x2),square(x2));expr:square(add(cos(x3),square(x1)));expr:square(add(sin(x3),square(x3)));expr:square(add(x1,x2))",0.03691 - 0.2305*((x2)^2+(x2)^2) - 0.05724*((cos(x3)+(x1)^2))^2 + 0.162*((sin(x3)+(x3)^2))^2 + 0.4727*((x1+x2))^2,generation budget reached
interaction,exception,0.03,300,4,9003,fedfalsify-v05,1.0,1.0,1.0,2.43063982577878e-06,0.00688164367462272,0.0,1.0,0.34892882799999825,247597,5,I(x3>1)*x3^2;x1*x2;x3^2,0.002043 + 1.002·x₁x₂ + 0.7484·𝟙[x₃>1]·x₃² + 0.5002·x₃²,target federated MSE reached; no replacement passed the federated certificate
interaction,exception,0.03,300,4,9003,centralized-tree-gp,0.0,0.0,0.0,0.18189637986558096,0.4511507718138143,0.0,0.0,1.5055332389999876,0,1603,"expr:mul(sin(x1),x2);expr:square(add(square(x3),x3));expr:square(add(x1,x2));expr:square(mul(sin(x3),square(x3)))",-0.2616 + 0.8764*(sin(x1)*x2) + 0.08114*(((x3)^2+x3))^2 + 0.1803*((x1+x2))^2 + 0.1153*((sin(x3)*(x3)^2))^2,generation budget reached
interaction,exception,0.03,300,4,9003,federated-tree-gp-style,0.0,0.0,0.0,0.18189637986558113,0.4511507718138143,0.0,0.0,1.9541033049999896,659712,1603,"expr:mul(sin(x1),x2);expr:square(add(square(x3),x3));expr:square(add(x1,x2));expr:square(mul(sin(x3),square(x3)))",-0.2616 + 0.8764*(sin(x1)*x2) + 0.08114*(((x3)^2+x3))^2 + 0.1803*((x1+x2))^2 + 0.1153*((sin(x3)*(x3)^2))^2,generation budget reached
interaction,exception,0.03,300,4,9003,centralized-residual-counterexample-gp,0.0,0.0,0.0,0.21069507591128206,0.45079275497240784,0.0,0.0,1.451418669000077,0,1612,"expr:add(square(x3),x2);expr:mul(sin(x1),x2);expr:square(add(square(x3),x3));expr:square(add(x1,x2))",-0.1393 + 0.273*((x3)^2+x2) + 0.8563*(sin(x1)*x2) + 0.08029*(((x3)^2+x3))^2 + 0.1869*((x1+x2))^2,generation budget reached
interaction,exception,0.03,300,4,9004,fedfalsify-v05,1.0,1.0,1.0,8.818658931546618e-06,0.0076075083421582364,0.0,1.0,0.3160227410000971,247584,5,I(x3>1)*x3^2;x1*x2;x3^2,-0.00636 + 1.003·x₁x₂ + 0.7486·𝟙[x₃>1]·x₃² + 0.5018·x₃²,target federated MSE reached; no replacement passed the federated certificate
interaction,exception,0.03,300,4,9004,centralized-tree-gp,0.0,0.25,0.3333333333333333,0.003963396951887041,0.057272008090977926,0.0,0.0,0.8472518169999148,0,1522,"expr:add(cos(x3),cos(x3));expr:add(sin(x3),square(x3));expr:add(square(x3),x3);x1*x2",1.615 - 0.9328*(cos(x3)+cos(x3)) - 0.8567*(sin(x3)+(x3)^2) + 1.147*((x3)^2+x3) + 1.006*(x1*x2),generation budget reached
interaction,exception,0.03,300,4,9004,federated-tree-gp-style,0.0,0.25,0.3333333333333333,0.00396339695188709,0.05727200809097794,0.0,0.0,1.08519936100015,563456,1522,"expr:add(cos(x3),cos(x3));expr:add(sin(x3),square(x3));expr:add(square(x3),x3);x1*x2",1.615 - 0.9328*(cos(x3)+cos(x3)) - 0.8567*(sin(x3)+(x3)^2) + 1.147*((x3)^2+x3) + 1.006*(x1*x2),generation budget reached
interaction,exception,0.03,300,4,9004,centralized-residual-counterexample-gp,0.0,0.3333333333333333,0.3333333333333333,0.008402548941871753,0.11915369538927843,0.0,0.0,0.9291607320001276,0,1540,"expr:add(cos(x3),cos(x3));expr:add(square(x3),x3);x1*x2",0.5002 - 0.3231*(cos(x3)+cos(x3)) + 0.6912*((x3)^2+x3) + 1.002*(x1*x2),generation budget reached
interaction,exception,0.03,300,4,9005,fedfalsify-v05,1.0,1.0,1.0,8.479583203816739e-07,0.006443390689279209,0.0,1.0,0.31470612499992967,247919,5,I(x3>1)*x3^2;x1*x2;x3^2,-6.152e-05 + 0.9995·x₁x₂ + 0.7522·𝟙[x₃>1]·x₃² + 0.499·x₃²,target federated MSE reached; no replacement passed the federated certificate
interaction,exception,0.03,300,4,9005,centralized-tree-gp,0.0,0.25,0.3333333333333333,0.007756266999783301,0.07886016128397424,0.0,0.0,0.8602411609999763,0,1616,"expr:add(sin(x3),x2);expr:square(add(square(x3),x3));expr:square(add(x3,x3));x1*x2",0.1579 + 0.07052*(sin(x3)+x2) + 0.9971*(x1*x2) + 0.07494*(((x3)^2+x3))^2 + 0.1068*((x3+x3))^2,generation budget reached
interaction,exception,0.03,300,4,9005,federated-tree-gp-style,0.0,0.25,0.3333333333333333,0.0077562669997833286,0.07886016128397426,0.0,0.0,1.1154303570001503,645056,1616,"expr:add(sin(x3),x2);expr:square(add(square(x3),x3));expr:square(add(x3,x3));x1*x2",0.1579 + 0.07052*(sin(x3)+x2) + 0.9971*(x1*x2) + 0.07494*(((x3)^2+x3))^2 + 0.1068*((x3+x3))^2,generation budget reached
interaction,exception,0.03,300,4,9005,centralized-residual-counterexample-gp,0.0,0.25,0.3333333333333333,0.002589302743659824,0.037443516092230546,0.0,0.0,0.915818489000003,0,1604,"expr:cos(mul(x3,x3));expr:square(add(square(x3),x3));expr:square(add(x3,x3));x1*x2",0.4387 - 0.4088*cos((x3*x3)) + 0.9978*(x1*x2) + 0.08877*(((x3)^2+x3))^2 + 0.06365*((x3+x3))^2,generation budget reached
interaction,exception,0.1,300,4,9001,fedfalsify-v05,1.0,1.0,1.0,1.9211373173435607e-05,0.07693774729380126,0.0,1.0,0.3102821180000319,246874,5,I(x3>1)*x3^2;x1*x2;x3^2,0.00247 + 0.9995·x₁x₂ + 0.7603·𝟙[x₃>1]·x₃² + 0.4915·x₃²,target federated MSE reached; no replacement passed the federated certificate
interaction,exception,0.1,300,4,9001,centralized-tree-gp,0.0,0.0,0.0,0.35606022489456246,0.7854134636579689,0.0,0.0,0.9220850470001096,0,1601,"expr:mul(sin(x1),x2);expr:mul(sin(x3),x3);expr:square(add(sin(x3),square(x3)));expr:square(mul(cos(x1),square(x1)))",0.001587 + 1.567*(sin(x1)*x2) + 0.5146*(sin(x3)*x3) + 0.1481*((sin(x3)+(x3)^2))^2 + 0.05239*((cos(x1)*(x1)^2))^2,generation budget reached
interaction,exception,0.1,300,4,9001,federated-tree-gp-style,0.0,0.0,0.0,0.3560602248945623,0.7854134636579689,0.0,0.0,1.1596480739999606,638848,1601,"expr:mul(sin(x1),x2);expr:mul(sin(x3),x3);expr:square(add(sin(x3),square(x3)));expr:square(mul(cos(x1),square(x1)))",0.001587 + 1.567*(sin(x1)*x2) + 0.5146*(sin(x3)*x3) + 0.1481*((sin(x3)+(x3)^2))^2 + 0.05239*((cos(x1)*(x1)^2))^2,generation budget reached
interaction,exception,0.1,300,4,9001,centralized-residual-counterexample-gp,0.0,0.0,0.0,0.23988899977027675,0.7060627757043623,0.0,0.0,0.9127846079998108,0,1576,"expr:mul(sin(x1),x2);expr:square(add(sin(x2),x1));expr:square(add(sin(x3),square(x3)));expr:square(mul(square(x3),x3))",-0.02446 + 1.307*(sin(x1)*x2) + 0.2046*((sin(x2)+x1))^2 + 0.2423*((sin(x3)+(x3)^2))^2 - 0.01608*(((x3)^2*x3))^2,generation budget reached
interaction,exception,0.1,300,4,9002,fedfalsify-v05,1.0,1.0,1.0,3.8084784928024335e-05,0.07935288373190562,0.0,1.0,0.45254734100012683,247265,5,I(x3>1)*x3^2;x1*x2;x3^2,0.0154 + 0.9937·x₁x₂ + 0.7477·𝟙[x₃>1]·x₃² + 0.4979·x₃²,target federated MSE reached; no replacement passed the federated certificate
interaction,exception,0.1,300,4,9002,centralized-tree-gp,0.0,0.25,0.3333333333333333,0.19573080879826485,0.6742592247310335,1.0,1.0,1.3166173900001468,0,1591,"I(x3>1)*x3^2;expr:add(cos(x2),square(x3));expr:mul(square(x1),square(x4));expr:square(add(x1,x2))",-1.256 + 0.5376*(cos(x2)+(x3)^2) + 0.6841*I(x3>1)*((x3)^2) - 0.05058*((x1)^2*(x4)^2) + 0.3334*((x1+x2))^2,generation budget reached
interaction,exception,0.1,300,4,9002,federated-tree-gp-style,0.0,0.25,0.3333333333333333,0.1957308087982654,0.6742592247310335,1.0,1.0,1.7691683559999092,639808,1591,"I(x3>1)*x3^2;expr:add(cos(x2),square(x3));expr:mul(square(x1),square(x4));expr:square(add(x1,x2))",-1.256 + 0.5376*(cos(x2)+(x3)^2) + 0.6841*I(x3>1)*((x3)^2) - 0.05058*((x1)^2*(x4)^2) + 0.3334*((x1+x2))^2,generation budget reached
interaction,exception,0.1,300,4,9002,centralized-residual-counterexample-gp,0.0,0.25,0.3333333333333333,0.11363473365822807,0.49310395173824645,0.0,1.0,1.3354625879999276,0,1567,"I(x3>1)*x3^2;expr:add(cos(x2),square(x3));expr:square(add(sin(x1),square(x1)));expr:square(add(x1,x2))",-1.316 + 0.5695*(cos(x2)+(x3)^2) + 0.7263*I(x3>1)*((x3)^2) - 0.03902*((sin(x1)+(x1)^2))^2 + 0.3633*((x1+x2))^2,generation budget reached
interaction,exception,0.1,300,4,9003,fedfalsify-v05,1.0,1.0,1.0,2.7007109200203297e-05,0.07646270749580801,0.0,1.0,0.4765660420000586,524004,5,I(x3>1)*x3^2;x1*x2;x3^2,0.006811 + 1.005·x₁x₂ + 0.7448·𝟙[x₃>1]·x₃² + 0.5006·x₃²,target federated MSE reached; no replacement passed the federated certificate
interaction,exception,0.1,300,4,9003,centralized-tree-gp,0.0,0.25,0.3333333333333333,0.00528475972258142,0.13828983162281938,1.0,0.0,0.8253671550000945,0,1580,"expr:add(sin(x3),square(x3));expr:cos(add(square(x3),square(x4)));expr:square(add(square(x3),x3));x1*x2",0.2241 + 0.4545*(sin(x3)+(x3)^2) - 0.1992*cos(((x3)^2+(x4)^2)) + 1.007*(x1*x2) + 0.065*(((x3)^2+x3))^2,generation budget reached
interaction,exception,0.1,300,4,9003,federated-tree-gp-style,0.0,0.25,0.3333333333333333,0.005284759722581429,0.13828983162281938,1.0,0.0,1.0912854770001559,619200,1580,"expr:add(sin(x3),square(x3));expr:cos(add(square(x3),square(x4)));expr:square(add(square(x3),x3));x1*x2",0.2241 + 0.4545*(sin(x3)+(x3)^2) - 0.1992*cos(((x3)^2+(x4)^2)) + 1.007*(x1*x2) + 0.065*(((x3)^2+x3))^2,generation budget reached
interaction,exception,0.1,300,4,9003,centralized-residual-counterexample-gp,0.0,0.3333333333333333,0.3333333333333333,0.0064147751244252055,0.1567136337211028,0.0,0.0,0.8526767750001909,0,1573,"expr:add(sin(x3),square(x3));expr:square(add(square(x3),x3));x1*x2",0.176 + 0.4843*(sin(x3)+(x3)^2) + 1.005*(x1*x2) + 0.06175*(((x3)^2+x3))^2,generation budget reached
interaction,exception,0.1,300,4,9004,fedfalsify-v05,1.0,1.0,1.0,9.798509931267801e-05,0.0845278704684249,0.0,1.0,0.3080687359999956,246974,5,I(x3>1)*x3^2;x1*x2;x3^2,-0.0212 + 1.011·x₁x₂ + 0.7452·𝟙[x₃>1]·x₃² + 0.5059·x₃²,target federated MSE reached; no replacement passed the federated certificate
interaction,exception,0.1,300,4,9004,centralized-tree-gp,0.0,0.25,0.3333333333333333,0.0024118813036171356,0.11205752419427763,0.0,0.0,0.8468321989998913,0,1584,"expr:add(cos(x3),cos(x3));expr:add(square(x3),x3);expr:square(add(square(x3),x3));x1*x2",0.9364 - 0.496*(cos(x3)+cos(x3)) + 0.2407*((x3)^2+x3) + 1.008*(x1*x2) + 0.05619*(((x3)^2+x3))^2,generation budget reached
interaction,exception,0.1,300,4,9004,federated-tree-gp-style,0.0,0.25,0.3333333333333333,0.0024118813036171026,0.11205752419427763,0.0,0.0,1.095265240000117,624768,1584,"expr:add(cos(x3),cos(x3));expr:add(square(x3),x3);expr:square(add(square(x3),x3));x1*x2",0.9364 - 0.496*(cos(x3)+cos(x3)) + 0.2407*((x3)^2+x3) + 1.008*(x1*x2) + 0.05619*(((x3)^2+x3))^2,generation budget reached
interaction,exception,0.1,300,4,9004,centralized-residual-counterexample-gp,0.0,0.25,0.3333333333333333,0.0024118813036171356,0.11205752419427763,0.0,0.0,0.8718614370000068,0,1570,"expr:add(cos(x3),cos(x3));expr:add(square(x3),x3);expr:square(add(square(x3),x3));x1*x2",0.9364 - 0.496*(cos(x3)+cos(x3)) + 0.2407*((x3)^2+x3) + 1.008*(x1*x2) + 0.05619*(((x3)^2+x3))^2,generation budget reached
interaction,exception,0.1,300,4,9005,fedfalsify-v05,1.0,1.0,1.0,9.421759114468473e-06,0.07159322988088013,0.0,1.0,0.2982849190000252,247370,5,I(x3>1)*x3^2;x1*x2;x3^2,-0.0002051 + 0.9984·x₁x₂ + 0.7574·𝟙[x₃>1]·x₃² + 0.4966·x₃²,target federated MSE reached; no replacement passed the federated certificate
interaction,exception,0.1,300,4,9005,centralized-tree-gp,0.0,0.0,0.0,0.2816384792364284,0.6764812410380432,0.0,0.0,0.873222781000095,0,1601,"expr:add(square(x1),square(x3));expr:add(square(x3),x3);expr:mul(sin(x1),x2);expr:square(add(cos(x3),sin(x3)))",0.2071 + 0.1882*((x1)^2+(x3)^2) + 0.6851*((x3)^2+x3) + 1.536*(sin(x1)*x2) - 0.4426*((cos(x3)+sin(x3)))^2,generation budget reached
interaction,exception,0.1,300,4,9005,federated-tree-gp-style,0.0,0.0,0.0,0.28163847923642876,0.6764812410380431,0.0,0.0,1.1008053880000261,643136,1601,"expr:add(square(x1),square(x3));expr:add(square(x3),x3);expr:mul(sin(x1),x2);expr:square(add(cos(x3),sin(x3)))",0.2071 + 0.1882*((x1)^2+(x3)^2) + 0.6851*((x3)^2+x3) + 1.536*(sin(x1)*x2) - 0.4426*((cos(x3)+sin(x3)))^2,generation budget reached
interaction,exception,0.1,300,4,9005,centralized-residual-counterexample-gp,0.0,0.0,0.0,0.26399369010522666,0.7912985461538196,0.0,0.0,0.8440104729997984,0,1538,"expr:add(square(x3),x3);expr:mul(sin(x1),x2);expr:mul(x2,x3);expr:square(add(sin(x3),square(x3)))",0.2374 + 0.4839*((x3)^2+x3) + 1.55*(sin(x1)*x2) + 0.1235*(x2*x3) + 0.07193*((sin(x3)+(x3)^2))^2,generation budget reached
