benchmark,scenario,noise_ratio,samples_per_client,num_clients,seed,method,exact_recovery,term_precision,term_recall,test_nmse,train_mse,spurious_accepted,exception_recovered,fallback_selected,selected_source,validation_mse,worst_validation_mse,runtime_seconds,communication_bytes,discovered_terms,expression,stop_reason,candidate_bank_target_recall,candidate_bank_contains_all_truth,candidate_bank_size,candidate_bank_nuisance_count,probe_certified,candidate_sets_evaluated,necessity_failures,swap_failures,exception_eligible_diagnostics,selector_structure,panel,balance_profile,nominal_samples_per_client,client_sizes,communication_per_client,frozen_v6_anchor_structure,rcsa_final_structure,exception_term,exception_in_bank,exception_in_anchor,rcsa_attempted,eligible_selector_clients,eligible_selector_support,anchor_role_information_score,augmented_role_information_score,outside_selector_sse_anchor,outside_selector_sse_augmented,augmentation_accepted
cubic_cross,complementary,0.1,100,4,20101,rcsa-spent-diagnostic,1.0,1.0,1.0,4.1730467325238594e-05,0.34079879680565045,0.0,1.0,0.0,frozen-v6-anchor,0.2550118756708514,0.3327341752681965,2.1668744379999794,3077525,x1*x2;x1^3;x3^2,0.02329 + 0.5078·x₃² + 0.8032·x₁³ + 1.194·x₁x₂,"RCSA spent-seed diagnostic; anchor=1,x3^2,x1^3,x1*x2; exception=; in_bank=0; in_anchor=0; attempted=0; eligible=; anchor_role_ic=None; augmented_role_ic=None; outside_anchor_sse=None; outside_augmented_sse=None; accepted=0; final=1,x3^2,x1^3,x1*x2; wrapper_overhead_unoptimized=1",1.0,1.0,6,3,1.0,63,0,0,0,1;x3^2;x1^3;x1*x2,G,balanced,100,100;100;100;100,769381.25,1;x3^2;x1^3;x1*x2,1;x3^2;x1^3;x1*x2,,0.0,0.0,0.0,,0,,,,,0.0
cubic_cross,complementary,0.1,100,4,20102,rcsa-spent-diagnostic,1.0,1.0,1.0,5.969550843552564e-05,0.20174188556108852,0.0,1.0,0.0,frozen-v6-anchor,0.21522119459948996,0.26924929528066266,2.2643633379999812,3142667,x1*x2;x1^3;x3^2,-0.01897 + 0.4944·x₃² + 0.7942·x₁³ + 1.193·x₁x₂,"RCSA spent-seed diagnostic; anchor=1,x3^2,x1^3,x1*x2; exception=; in_bank=0; in_anchor=0; attempted=0; eligible=; anchor_role_ic=None; augmented_role_ic=None; outside_anchor_sse=None; outside_augmented_sse=None; accepted=0; final=1,x3^2,x1^3,x1*x2; wrapper_overhead_unoptimized=1",1.0,1.0,7,4,1.0,120,0,0,0,1;x3^2;x1^3;x1*x2,G,balanced,100,100;100;100;100,785666.75,1;x3^2;x1^3;x1*x2,1;x3^2;x1^3;x1*x2,,0.0,0.0,0.0,,0,,,,,0.0
cubic_cross,complementary,0.1,100,4,20103,rcsa-spent-diagnostic,1.0,1.0,1.0,4.0290145209576936e-05,0.31944678116274383,0.0,1.0,0.0,frozen-v6-anchor,0.34290313460034605,0.48663406947136234,2.2747877270000174,3169742,x1*x2;x1^3;x3^2,-0.02531 + 0.5182·x₃² + 0.8029·x₁³ + 1.189·x₁x₂,"RCSA spent-seed diagnostic; anchor=1,x3^2,x1^3,x1*x2; exception=; in_bank=0; in_anchor=0; attempted=0; eligible=; anchor_role_ic=None; augmented_role_ic=None; outside_anchor_sse=None; outside_augmented_sse=None; accepted=0; final=1,x3^2,x1^3,x1*x2; wrapper_overhead_unoptimized=1",1.0,1.0,7,4,1.0,120,0,0,0,1;x3^2;x1^3;x1*x2,G,balanced,100,100;100;100;100,792435.5,1;x3^2;x1^3;x1*x2,1;x3^2;x1^3;x1*x2,,0.0,0.0,0.0,,0,,,,,0.0
cubic_cross,complementary,0.1,100,4,20104,rcsa-spent-diagnostic,0.0,0.6666666666666666,0.6666666666666666,0.0005441060539429774,0.28341280296770455,0.0,1.0,0.0,frozen-v6-anchor,0.33701553057177874,0.4574038829067357,2.2920005969999977,3143270,cos(x3);x1*x2;x1^3,1.289 - 1.458·cos(x₃) + 0.8037·x₁³ + 1.223·x₁x₂,"RCSA spent-seed diagnostic; anchor=1,cos(x3),x1^3,x1*x2; exception=; in_bank=0; in_anchor=0; attempted=0; eligible=; anchor_role_ic=None; augmented_role_ic=None; outside_anchor_sse=None; outside_augmented_sse=None; accepted=0; final=1,cos(x3),x1^3,x1*x2; wrapper_overhead_unoptimized=1",1.0,1.0,8,5,0.0,219,0,1,0,1;cos(x3);x1^3;x1*x2,G,balanced,100,100;100;100;100,785817.5,1;cos(x3);x1^3;x1*x2,1;cos(x3);x1^3;x1*x2,,0.0,0.0,0.0,,0,,,,,0.0
cubic_cross,complementary,0.1,100,4,20105,rcsa-spent-diagnostic,0.0,0.6666666666666666,0.6666666666666666,0.000321542585956593,0.3214131433507246,0.0,1.0,0.0,frozen-v6-anchor,0.23084750292300527,0.3312995921988204,2.2384402209999905,3142092,cos(x3);x1*x2;x1^3,1.35 - 1.494·cos(x₃) + 0.8013·x₁³ + 1.192·x₁x₂,"RCSA spent-seed diagnostic; anchor=1,cos(x3),x1^3,x1*x2; exception=; in_bank=0; in_anchor=0; attempted=0; eligible=; anchor_role_ic=None; augmented_role_ic=None; outside_anchor_sse=None; outside_augmented_sse=None; accepted=0; final=1,cos(x3),x1^3,x1*x2; wrapper_overhead_unoptimized=1",1.0,1.0,8,5,0.0,219,0,1,0,1;cos(x3);x1^3;x1*x2,G,balanced,100,100;100;100;100,785523.0,1;cos(x3);x1^3;x1*x2,1;cos(x3);x1^3;x1*x2,,0.0,0.0,0.0,,0,,,,,0.0
cubic_cross,complementary,0.1,250,4,20101,rcsa-spent-diagnostic,1.0,1.0,1.0,6.57973803475878e-05,0.256862645527264,0.0,1.0,0.0,frozen-v6-anchor,0.27745579425756417,0.33200782947468066,2.279160566999991,3150337,x1*x2;x1^3;x3^2,-0.01735 + 0.487·x₃² + 0.795·x₁³ + 1.2·x₁x₂,"RCSA spent-seed diagnostic; anchor=1,x3^2,x1^3,x1*x2; exception=; in_bank=0; in_anchor=0; attempted=0; eligible=; anchor_role_ic=None; augmented_role_ic=None; outside_anchor_sse=None; outside_augmented_sse=None; accepted=0; final=1,x3^2,x1^3,x1*x2; wrapper_overhead_unoptimized=1",1.0,1.0,7,4,0.0,120,0,1,0,1;x3^2;x1^3;x1*x2,G,balanced,250,250;250;250;250,787584.25,1;x3^2;x1^3;x1*x2,1;x3^2;x1^3;x1*x2,,0.0,0.0,0.0,,0,,,,,0.0
cubic_cross,complementary,0.1,250,4,20102,rcsa-spent-diagnostic,1.0,1.0,1.0,2.7567337070253594e-05,0.3040495298001266,0.0,1.0,0.0,frozen-v6-anchor,0.31404815918649637,0.3644630950081217,2.297483538999984,3152979,x1*x2;x1^3;x3^2,0.04942 + 0.4893·x₃² + 0.7967·x₁³ + 1.199·x₁x₂,"RCSA spent-seed diagnostic; anchor=1,x3^2,x1^3,x1*x2; exception=; in_bank=0; in_anchor=0; attempted=0; eligible=; anchor_role_ic=None; augmented_role_ic=None; outside_anchor_sse=None; outside_augmented_sse=None; accepted=0; final=1,x3^2,x1^3,x1*x2; wrapper_overhead_unoptimized=1",1.0,1.0,7,4,1.0,120,0,0,0,1;x3^2;x1^3;x1*x2,G,balanced,250,250;250;250;250,788244.75,1;x3^2;x1^3;x1*x2,1;x3^2;x1^3;x1*x2,,0.0,0.0,0.0,,0,,,,,0.0
cubic_cross,complementary,0.1,250,4,20103,rcsa-spent-diagnostic,1.0,1.0,1.0,2.178602804852296e-05,0.253722921616445,0.0,1.0,0.0,frozen-v6-anchor,0.24351417499778988,0.33744887459022266,2.2759185169999796,3152724,x1*x2;x1^3;x3^2,-0.004508 + 0.5017·x₃² + 0.8033·x₁³ + 1.208·x₁x₂,"RCSA spent-seed diagnostic; anchor=1,x3^2,x1^3,x1*x2; exception=; in_bank=0; in_anchor=0; attempted=0; eligible=; anchor_role_ic=None; augmented_role_ic=None; outside_anchor_sse=None; outside_augmented_sse=None; accepted=0; final=1,x3^2,x1^3,x1*x2; wrapper_overhead_unoptimized=1",1.0,1.0,7,4,0.0,120,0,1,0,1;x3^2;x1^3;x1*x2,G,balanced,250,250;250;250;250,788181.0,1;x3^2;x1^3;x1*x2,1;x3^2;x1^3;x1*x2,,0.0,0.0,0.0,,0,,,,,0.0
cubic_cross,complementary,0.1,250,4,20104,rcsa-spent-diagnostic,1.0,1.0,1.0,3.874875128919038e-05,0.2425778963246558,0.0,1.0,0.0,frozen-v6-anchor,0.2542099231224503,0.2972261826371868,2.279447578000031,3153511,x1*x2;x1^3;x3^2,-0.02387 + 0.5022·x₃² + 0.7983·x₁³ + 1.184·x₁x₂,"RCSA spent-seed diagnostic; anchor=1,x3^2,x1^3,x1*x2; exception=; in_bank=0; in_anchor=0; attempted=0; eligible=; anchor_role_ic=None; augmented_role_ic=None; outside_anchor_sse=None; outside_augmented_sse=None; accepted=0; final=1,x3^2,x1^3,x1*x2; wrapper_overhead_unoptimized=1",1.0,1.0,7,4,1.0,120,0,0,0,1;x3^2;x1^3;x1*x2,G,balanced,250,250;250;250;250,788377.75,1;x3^2;x1^3;x1*x2,1;x3^2;x1^3;x1*x2,,0.0,0.0,0.0,,0,,,,,0.0
cubic_cross,complementary,0.1,250,4,20105,rcsa-spent-diagnostic,0.0,0.6666666666666666,0.6666666666666666,0.0004829046693405466,0.3246319947786826,0.0,1.0,0.0,frozen-v6-anchor,0.2831907997548315,0.33446585601798173,2.277662845000009,3152769,cos(x3);x1*x2;x1^3,1.304 - 1.454·cos(x₃) + 0.8008·x₁³ + 1.225·x₁x₂,"RCSA spent-seed diagnostic; anchor=1,cos(x3),x1^3,x1*x2; exception=; in_bank=0; in_anchor=0; attempted=0; eligible=; anchor_role_ic=None; augmented_role_ic=None; outside_anchor_sse=None; outside_augmented_sse=None; accepted=0; final=1,cos(x3),x1^3,x1*x2; wrapper_overhead_unoptimized=1",1.0,1.0,7,4,0.0,120,0,1,0,1;cos(x3);x1^3;x1*x2,G,balanced,250,250;250;250;250,788192.25,1;cos(x3);x1^3;x1*x2,1;cos(x3);x1^3;x1*x2,,0.0,0.0,0.0,,0,,,,,0.0
cubic_cross,complementary,0.2,100,4,20101,rcsa-spent-diagnostic,1.0,1.0,1.0,0.00016692186929838357,1.3631951872226018,0.0,1.0,0.0,frozen-v6-anchor,1.020047502683236,1.3309367010725226,2.0032061469999576,2986902,x1*x2;x1^3;x3^2,0.04657 + 0.5155·x₃² + 0.8064·x₁³ + 1.188·x₁x₂,"RCSA spent-seed diagnostic; anchor=1,x3^2,x1^3,x1*x2; exception=; in_bank=0; in_anchor=0; attempted=0; eligible=; anchor_role_ic=None; augmented_role_ic=None; outside_anchor_sse=None; outside_augmented_sse=None; accepted=0; final=1,x3^2,x1^3,x1*x2; wrapper_overhead_unoptimized=1",1.0,1.0,6,3,1.0,63,0,0,0,1;x3^2;x1^3;x1*x2,G,balanced,100,100;100;100;100,746725.5,1;x3^2;x1^3;x1*x2,1;x3^2;x1^3;x1*x2,,0.0,0.0,0.0,,0,,,,,0.0
cubic_cross,complementary,0.2,100,4,20102,rcsa-spent-diagnostic,1.0,1.0,1.0,0.00023878203366111222,0.806967542244354,0.0,1.0,0.0,frozen-v6-anchor,0.8608847783980142,1.076997181122819,2.018375614999968,2993058,x1*x2;x1^3;x3^2,-0.03794 + 0.4889·x₃² + 0.7884·x₁³ + 1.187·x₁x₂,"RCSA spent-seed diagnostic; anchor=1,x3^2,x1^3,x1*x2; exception=; in_bank=0; in_anchor=0; attempted=0; eligible=; anchor_role_ic=None; augmented_role_ic=None; outside_anchor_sse=None; outside_augmented_sse=None; accepted=0; final=1,x3^2,x1^3,x1*x2; wrapper_overhead_unoptimized=1",1.0,1.0,7,4,1.0,120,0,0,0,1;x3^2;x1^3;x1*x2,G,balanced,100,100;100;100;100,748264.5,1;x3^2;x1^3;x1*x2,1;x3^2;x1^3;x1*x2,,0.0,0.0,0.0,,0,,,,,0.0
cubic_cross,complementary,0.2,100,4,20103,rcsa-spent-diagnostic,1.0,1.0,1.0,0.0001611605808223213,1.2777871246509753,0.0,1.0,0.0,frozen-v6-anchor,1.371612538401275,1.9465362778849642,2.062103179000019,3019547,x1*x2;x1^3;x3^2,-0.05061 + 0.5363·x₃² + 0.8059·x₁³ + 1.179·x₁x₂,"RCSA spent-seed diagnostic; anchor=1,x3^2,x1^3,x1*x2; exception=; in_bank=0; in_anchor=0; attempted=0; eligible=; anchor_role_ic=None; augmented_role_ic=None; outside_anchor_sse=None; outside_augmented_sse=None; accepted=0; final=1,x3^2,x1^3,x1*x2; wrapper_overhead_unoptimized=1",1.0,1.0,7,4,1.0,120,0,0,0,1;x3^2;x1^3;x1*x2,G,balanced,100,100;100;100;100,754886.75,1;x3^2;x1^3;x1*x2,1;x3^2;x1^3;x1*x2,,0.0,0.0,0.0,,0,,,,,0.0
cubic_cross,complementary,0.2,100,4,20104,rcsa-spent-diagnostic,1.0,1.0,1.0,0.0005391394012309588,1.085950251686367,0.0,1.0,0.0,frozen-v6-anchor,1.3520342617699248,1.7750648193691176,2.013316874999987,2989698,x1*x2;x1^3;x3^2,-0.1335 + 0.5065·x₃² + 0.8081·x₁³ + 1.249·x₁x₂,"RCSA spent-seed diagnostic; anchor=1,x3^2,x1^3,x1*x2; exception=; in_bank=0; in_anchor=0; attempted=0; eligible=; anchor_role_ic=None; augmented_role_ic=None; outside_anchor_sse=None; outside_augmented_sse=None; accepted=0; final=1,x3^2,x1^3,x1*x2; wrapper_overhead_unoptimized=1",1.0,1.0,7,4,1.0,120,0,0,0,1;x3^2;x1^3;x1*x2,G,balanced,100,100;100;100;100,747424.5,1;x3^2;x1^3;x1*x2,1;x3^2;x1^3;x1*x2,,0.0,0.0,0.0,,0,,,,,0.0
cubic_cross,complementary,0.2,100,4,20105,rcsa-spent-diagnostic,1.0,1.0,1.0,7.816166112985525e-05,1.240675632871612,0.0,1.0,0.0,frozen-v6-anchor,0.9239207283662471,1.3253392606522842,2.0073273449999647,2988949,x1*x2;x1^3;x3^2,-0.07482 + 0.5191·x₃² + 0.801·x₁³ + 1.18·x₁x₂,"RCSA spent-seed diagnostic; anchor=1,x3^2,x1^3,x1*x2; exception=; in_bank=0; in_anchor=0; attempted=0; eligible=; anchor_role_ic=None; augmented_role_ic=None; outside_anchor_sse=None; outside_augmented_sse=None; accepted=0; final=1,x3^2,x1^3,x1*x2; wrapper_overhead_unoptimized=1",1.0,1.0,7,4,1.0,120,0,0,0,1;x3^2;x1^3;x1*x2,G,balanced,100,100;100;100;100,747237.25,1;x3^2;x1^3;x1*x2,1;x3^2;x1^3;x1*x2,,0.0,0.0,0.0,,0,,,,,0.0
cubic_cross,complementary,0.2,250,4,20101,rcsa-spent-diagnostic,0.0,0.5,0.6666666666666666,0.005223123034028242,1.1006096147660387,0.0,1.0,0.0,frozen-v6-anchor,1.093438041265922,1.2776232842310664,2.031746573000021,3002010,sin(x1);x1;x1*x2;x3^2,-0.03552 + 6.593·x₁ + 0.479·x₃² - 7.065·sin(x₁) + 1.218·x₁x₂,"RCSA spent-seed diagnostic; anchor=1,x1,x3^2,sin(x1),x1*x2; exception=; in_bank=0; in_anchor=0; attempted=0; eligible=; anchor_role_ic=None; augmented_role_ic=None; outside_anchor_sse=None; outside_augmented_sse=None; accepted=0; final=1,x1,x3^2,sin(x1),x1*x2; wrapper_overhead_unoptimized=1",1.0,1.0,7,4,0.0,120,0,2,0,1;x1;x3^2;sin(x1);x1*x2,G,balanced,250,250;250;250;250,750502.5,1;x1;x3^2;sin(x1);x1*x2,1;x1;x3^2;sin(x1);x1*x2,,0.0,0.0,0.0,,0,,,,,0.0
cubic_cross,complementary,0.2,250,4,20102,rcsa-spent-diagnostic,1.0,1.0,1.0,0.00011026934826922524,1.2161981192005062,0.0,1.0,0.0,frozen-v6-anchor,1.2561926367459864,1.4578523800324774,2.038291421999986,3003700,x1*x2;x1^3;x3^2,0.09885 + 0.4787·x₃² + 0.7934·x₁³ + 1.198·x₁x₂,"RCSA spent-seed diagnostic; anchor=1,x3^2,x1^3,x1*x2; exception=; in_bank=0; in_anchor=0; attempted=0; eligible=; anchor_role_ic=None; augmented_role_ic=None; outside_anchor_sse=None; outside_augmented_sse=None; accepted=0; final=1,x3^2,x1^3,x1*x2; wrapper_overhead_unoptimized=1",1.0,1.0,7,4,1.0,120,0,0,0,1;x3^2;x1^3;x1*x2,G,balanced,250,250;250;250;250,750925.0,1;x3^2;x1^3;x1*x2,1;x3^2;x1^3;x1*x2,,0.0,0.0,0.0,,0,,,,,0.0
cubic_cross,complementary,0.2,250,4,20103,rcsa-spent-diagnostic,1.0,1.0,1.0,8.714411221320798e-05,1.0148916864657798,0.0,1.0,0.0,frozen-v6-anchor,0.9740566999911809,1.3497954983609153,2.034419889999981,3004264,x1*x2;x1^3;x3^2,-0.009017 + 0.5033·x₃² + 0.8067·x₁³ + 1.216·x₁x₂,"RCSA spent-seed diagnostic; anchor=1,x3^2,x1^3,x1*x2; exception=; in_bank=0; in_anchor=0; attempted=0; eligible=; anchor_role_ic=None; augmented_role_ic=None; outside_anchor_sse=None; outside_augmented_sse=None; accepted=0; final=1,x3^2,x1^3,x1*x2; wrapper_overhead_unoptimized=1",1.0,1.0,7,4,0.0,120,0,1,0,1;x3^2;x1^3;x1*x2,G,balanced,250,250;250;250;250,751066.0,1;x3^2;x1^3;x1*x2,1;x3^2;x1^3;x1*x2,,0.0,0.0,0.0,,0,,,,,0.0
cubic_cross,complementary,0.2,250,4,20104,rcsa-spent-diagnostic,1.0,1.0,1.0,0.0001549950051302454,0.9703115852986233,0.0,1.0,0.0,frozen-v6-anchor,1.0168396924897865,1.1889047305487435,2.0413654370000245,3004263,x1*x2;x1^3;x3^2,-0.04775 + 0.5044·x₃² + 0.7967·x₁³ + 1.168·x₁x₂,"RCSA spent-seed diagnostic; anchor=1,x3^2,x1^3,x1*x2; exception=; in_bank=0; in_anchor=0; attempted=0; eligible=; anchor_role_ic=None; augmented_role_ic=None; outside_anchor_sse=None; outside_augmented_sse=None; accepted=0; final=1,x3^2,x1^3,x1*x2; wrapper_overhead_unoptimized=1",1.0,1.0,7,4,1.0,120,0,0,0,1;x3^2;x1^3;x1*x2,G,balanced,250,250;250;250;250,751065.75,1;x3^2;x1^3;x1*x2,1;x3^2;x1^3;x1*x2,,0.0,0.0,0.0,,0,,,,,0.0
cubic_cross,complementary,0.2,250,4,20105,rcsa-spent-diagnostic,0.0,0.6666666666666666,0.6666666666666666,0.000794632605207913,1.2709917196530394,0.0,1.0,0.0,frozen-v6-anchor,1.1378829925961942,1.3767731200435853,2.0400002480000126,3003095,cos(x3);x1*x2;x1^3,1.266 - 1.472·cos(x₃) + 0.8023·x₁³ + 1.249·x₁x₂,"RCSA spent-seed diagnostic; anchor=1,cos(x3),x1^3,x1*x2; exception=; in_bank=0; in_anchor=0; attempted=0; eligible=; anchor_role_ic=None; augmented_role_ic=None; outside_anchor_sse=None; outside_augmented_sse=None; accepted=0; final=1,cos(x3),x1^3,x1*x2; wrapper_overhead_unoptimized=1",1.0,1.0,7,4,0.0,120,0,1,0,1;cos(x3);x1^3;x1*x2,G,balanced,250,250;250;250;250,750773.75,1;cos(x3);x1^3;x1*x2,1;cos(x3);x1^3;x1*x2,,0.0,0.0,0.0,,0,,,,,0.0
cubic_cross,spurious,0.1,100,4,20101,rcsa-spent-diagnostic,1.0,1.0,1.0,0.00010259565209730641,0.26270359789857256,0.0,1.0,0.0,frozen-v6-anchor,0.2190540870930183,0.3897198488400761,2.2023980249999795,3135059,x1*x2;x1^3;x3^2,-0.02194 + 0.5193·x₃² + 0.7928·x₁³ + 1.188·x₁x₂,"RCSA spent-seed diagnostic; anchor=1,x3^2,x1^3,x1*x2; exception=; in_bank=0; in_anchor=0; attempted=0; eligible=; anchor_role_ic=None; augmented_role_ic=None; outside_anchor_sse=None; outside_augmented_sse=None; accepted=0; final=1,x3^2,x1^3,x1*x2; wrapper_overhead_unoptimized=1",1.0,1.0,6,3,1.0,63,0,0,0,1;x3^2;x1^3;x1*x2,G,balanced,100,100;100;100;100,783764.75,1;x3^2;x1^3;x1*x2,1;x3^2;x1^3;x1*x2,,0.0,0.0,0.0,,0,,,,,0.0
cubic_cross,spurious,0.1,100,4,20102,rcsa-spent-diagnostic,1.0,1.0,1.0,1.7029901162621612e-05,0.25225310558254493,0.0,1.0,0.0,frozen-v6-anchor,0.2691218576076049,0.36686156966250866,2.163450358000034,3107230,x1*x2;x1^3;x3^2,-0.04031 + 0.5143·x₃² + 0.8024·x₁³ + 1.199·x₁x₂,"RCSA spent-seed diagnostic; anchor=1,x3^2,x1^3,x1*x2; exception=; in_bank=0; in_anchor=0; attempted=0; eligible=; anchor_role_ic=None; augmented_role_ic=None; outside_anchor_sse=None; outside_augmented_sse=None; accepted=0; final=1,x3^2,x1^3,x1*x2; wrapper_overhead_unoptimized=1",1.0,1.0,6,3,0.0,63,0,1,0,1;x3^2;x1^3;x1*x2,G,balanced,100,100;100;100;100,776807.5,1;x3^2;x1^3;x1*x2,1;x3^2;x1^3;x1*x2,,0.0,0.0,0.0,,0,,,,,0.0
cubic_cross,spurious,0.1,100,4,20103,rcsa-spent-diagnostic,1.0,1.0,1.0,0.0001187737075684947,0.36792787825161954,0.0,1.0,0.0,frozen-v6-anchor,0.4527575538931922,0.7325342670240692,2.2168602440000313,3140068,x1*x2;x1^3;x3^2,-0.04413 + 0.5268·x₃² + 0.7954·x₁³ + 1.222·x₁x₂,"RCSA spent-seed diagnostic; anchor=1,x3^2,x1^3,x1*x2; exception=; in_bank=0; in_anchor=0; attempted=0; eligible=; anchor_role_ic=None; augmented_role_ic=None; outside_anchor_sse=None; outside_augmented_sse=None; accepted=0; final=1,x3^2,x1^3,x1*x2; wrapper_overhead_unoptimized=1",1.0,1.0,7,4,1.0,120,0,0,0,1;x3^2;x1^3;x1*x2,G,balanced,100,100;100;100;100,785017.0,1;x3^2;x1^3;x1*x2,1;x3^2;x1^3;x1*x2,,0.0,0.0,0.0,,0,,,,,0.0
cubic_cross,spurious,0.1,100,4,20104,rcsa-spent-diagnostic,1.0,1.0,1.0,5.2490781953833384e-05,0.2768595669236106,0.0,1.0,0.0,frozen-v6-anchor,0.2404644760581346,0.33122748249313644,2.206787919999954,3140024,x1*x2;x1^3;x3^2,-0.0347 + 0.4967·x₃² + 0.8014·x₁³ + 1.184·x₁x₂,"RCSA spent-seed diagnostic; anchor=1,x3^2,x1^3,x1*x2; exception=; in_bank=0; in_anchor=0; attempted=0; eligible=; anchor_role_ic=None; augmented_role_ic=None; outside_anchor_sse=None; outside_augmented_sse=None; accepted=0; final=1,x3^2,x1^3,x1*x2; wrapper_overhead_unoptimized=1",1.0,1.0,7,4,1.0,120,0,0,0,1;x3^2;x1^3;x1*x2,G,balanced,100,100;100;100;100,785006.0,1;x3^2;x1^3;x1*x2,1;x3^2;x1^3;x1*x2,,0.0,0.0,0.0,,0,,,,,0.0
cubic_cross,spurious,0.1,100,4,20105,rcsa-spent-diagnostic,1.0,1.0,1.0,3.0331202431892217e-05,0.33307302701317854,0.0,1.0,0.0,frozen-v6-anchor,0.4497479806386887,0.5453787073998229,2.163719671000024,3108473,x1*x2;x1^3;x3^2,-0.04686 + 0.5088·x₃² + 0.7968·x₁³ + 1.206·x₁x₂,"RCSA spent-seed diagnostic; anchor=1,x3^2,x1^3,x1*x2; exception=; in_bank=0; in_anchor=0; attempted=0; eligible=; anchor_role_ic=None; augmented_role_ic=None; outside_anchor_sse=None; outside_augmented_sse=None; accepted=0; final=1,x3^2,x1^3,x1*x2; wrapper_overhead_unoptimized=1",1.0,1.0,7,4,1.0,120,0,0,0,1;x3^2;x1^3;x1*x2,G,balanced,100,100;100;100;100,777118.25,1;x3^2;x1^3;x1*x2,1;x3^2;x1^3;x1*x2,,0.0,0.0,0.0,,0,,,,,0.0
cubic_cross,spurious,0.1,250,4,20101,rcsa-spent-diagnostic,1.0,1.0,1.0,2.858379922988865e-05,0.30072158170378216,0.0,1.0,0.0,frozen-v6-anchor,0.30978594268512016,0.4432476145362345,2.271905411999967,3151477,x1*x2;x1^3;x3^2,-0.05923 + 0.5105·x₃² + 0.8004·x₁³ + 1.193·x₁x₂,"RCSA spent-seed diagnostic; anchor=1,x3^2,x1^3,x1*x2; exception=; in_bank=0; in_anchor=0; attempted=0; eligible=; anchor_role_ic=None; augmented_role_ic=None; outside_anchor_sse=None; outside_augmented_sse=None; accepted=0; final=1,x3^2,x1^3,x1*x2; wrapper_overhead_unoptimized=1",1.0,1.0,7,4,1.0,120,0,0,0,1;x3^2;x1^3;x1*x2,G,balanced,250,250;250;250;250,787869.25,1;x3^2;x1^3;x1*x2,1;x3^2;x1^3;x1*x2,,0.0,0.0,0.0,,0,,,,,0.0
cubic_cross,spurious,0.1,250,4,20102,rcsa-spent-diagnostic,1.0,1.0,1.0,5.6410575206815105e-05,0.33033443496805104,0.0,1.0,0.0,frozen-v6-anchor,0.33747806587614326,0.41052571982440034,2.2651757819999716,3152845,x1*x2;x1^3;x3^2,0.02524 + 0.4835·x₃² + 0.7992·x₁³ + 1.219·x₁x₂,"RCSA spent-seed diagnostic; anchor=1,x3^2,x1^3,x1*x2; exception=; in_bank=0; in_anchor=0; attempted=0; eligible=; anchor_role_ic=None; augmented_role_ic=None; outside_anchor_sse=None; outside_augmented_sse=None; accepted=0; final=1,x3^2,x1^3,x1*x2; wrapper_overhead_unoptimized=1",1.0,1.0,7,4,1.0,120,0,0,0,1;x3^2;x1^3;x1*x2,G,balanced,250,250;250;250;250,788211.25,1;x3^2;x1^3;x1*x2,1;x3^2;x1^3;x1*x2,,0.0,0.0,0.0,,0,,,,,0.0
cubic_cross,spurious,0.1,250,4,20103,rcsa-spent-diagnostic,1.0,1.0,1.0,2.777200555976564e-05,0.2276901561065601,0.0,1.0,0.0,frozen-v6-anchor,0.2526732211680118,0.31373027108853924,2.280681587999993,3153040,x1*x2;x1^3;x3^2,0.03458 + 0.4868·x₃² + 0.7962·x₁³ + 1.196·x₁x₂,"RCSA spent-seed diagnostic; anchor=1,x3^2,x1^3,x1*x2; exception=; in_bank=0; in_anchor=0; attempted=0; eligible=; anchor_role_ic=None; augmented_role_ic=None; outside_anchor_sse=None; outside_augmented_sse=None; accepted=0; final=1,x3^2,x1^3,x1*x2; wrapper_overhead_unoptimized=1",1.0,1.0,7,4,1.0,120,0,0,0,1;x3^2;x1^3;x1*x2,G,balanced,250,250;250;250;250,788260.0,1;x3^2;x1^3;x1*x2,1;x3^2;x1^3;x1*x2,,0.0,0.0,0.0,,0,,,,,0.0
cubic_cross,spurious,0.1,250,4,20104,rcsa-spent-diagnostic,1.0,1.0,1.0,1.2890358096362381e-05,0.27621298026760793,0.0,1.0,0.0,frozen-v6-anchor,0.25694857441014796,0.36044257609626434,2.315423045999978,3156624,x1*x2;x1^3;x3^2,-0.02147 + 0.5027·x₃² + 0.7976·x₁³ + 1.204·x₁x₂,"RCSA spent-seed diagnostic; anchor=1,x3^2,x1^3,x1*x2; exception=; in_bank=0; in_anchor=0; attempted=0; eligible=; anchor_role_ic=None; augmented_role_ic=None; outside_anchor_sse=None; outside_augmented_sse=None; accepted=0; final=1,x3^2,x1^3,x1*x2; wrapper_overhead_unoptimized=1",1.0,1.0,8,5,1.0,219,0,0,0,1;x3^2;x1^3;x1*x2,G,balanced,250,250;250;250;250,789156.0,1;x3^2;x1^3;x1*x2,1;x3^2;x1^3;x1*x2,,0.0,0.0,0.0,,0,,,,,0.0
cubic_cross,spurious,0.1,250,4,20105,rcsa-spent-diagnostic,1.0,1.0,1.0,1.4657366186202468e-05,0.30444387977521803,0.0,1.0,0.0,frozen-v6-anchor,0.3424282405641832,0.4692416938826227,2.298336280000001,3153116,x1*x2;x1^3;x3^2,-0.01949 + 0.4967·x₃² + 0.8011·x₁³ + 1.206·x₁x₂,"RCSA spent-seed diagnostic; anchor=1,x3^2,x1^3,x1*x2; exception=; in_bank=0; in_anchor=0; attempted=0; eligible=; anchor_role_ic=None; augmented_role_ic=None; outside_anchor_sse=None; outside_augmented_sse=None; accepted=0; final=1,x3^2,x1^3,x1*x2; wrapper_overhead_unoptimized=1",1.0,1.0,7,4,1.0,120,0,0,0,1;x3^2;x1^3;x1*x2,G,balanced,250,250;250;250;250,788279.0,1;x3^2;x1^3;x1*x2,1;x3^2;x1^3;x1*x2,,0.0,0.0,0.0,,0,,,,,0.0
cubic_cross,spurious,0.2,100,4,20101,rcsa-spent-diagnostic,0.0,0.6666666666666666,0.6666666666666666,0.0006546367063320336,1.0435087767858817,0.0,1.0,0.0,frozen-v6-anchor,0.8664106640586163,1.5012005217363007,2.0623707059999674,3014693,cos(x3);x1*x2;x1^3,1.426 - 1.595·cos(x₃) + 0.7841·x₁³ + 1.176·x₁x₂,"RCSA spent-seed diagnostic; anchor=1,cos(x3),x1^3,x1*x2; exception=; in_bank=0; in_anchor=0; attempted=0; eligible=; anchor_role_ic=None; augmented_role_ic=None; outside_anchor_sse=None; outside_augmented_sse=None; accepted=0; final=1,cos(x3),x1^3,x1*x2; wrapper_overhead_unoptimized=1",0.6666666666666666,0.0,6,4,1.0,63,0,0,0,1;cos(x3);x1^3;x1*x2,G,balanced,100,100;100;100;100,753673.25,1;cos(x3);x1^3;x1*x2,1;cos(x3);x1^3;x1*x2,,0.0,0.0,0.0,,0,,,,,0.0
cubic_cross,spurious,0.2,100,4,20102,rcsa-spent-diagnostic,1.0,1.0,1.0,6.811960467479755e-05,1.0090124223301797,0.0,1.0,0.0,frozen-v6-anchor,1.0764874304304721,1.4674462786500801,2.0439931009999555,2987062,x1*x2;x1^3;x3^2,-0.08063 + 0.5285·x₃² + 0.8048·x₁³ + 1.198·x₁x₂,"RCSA spent-seed diagnostic; anchor=1,x3^2,x1^3,x1*x2; exception=; in_bank=0; in_anchor=0; attempted=0; eligible=; anchor_role_ic=None; augmented_role_ic=None; outside_anchor_sse=None; outside_augmented_sse=None; accepted=0; final=1,x3^2,x1^3,x1*x2; wrapper_overhead_unoptimized=1",1.0,1.0,6,3,0.0,63,0,1,0,1;x3^2;x1^3;x1*x2,G,balanced,100,100;100;100;100,746765.5,1;x3^2;x1^3;x1*x2,1;x3^2;x1^3;x1*x2,,0.0,0.0,0.0,,0,,,,,0.0
cubic_cross,spurious,0.2,100,4,20103,rcsa-spent-diagnostic,0.0,1.0,0.6666666666666666,0.012590745749747376,2.1457079513188546,0.0,1.0,0.0,frozen-v6-anchor,1.9639760356431353,3.107098735957758,2.0572171599999933,3018948,x1*x2;x1^3,0.7048 + 0.7897·x₁³ + 1.26·x₁x₂,"RCSA spent-seed diagnostic; anchor=1,x1^3,x1*x2; exception=; in_bank=0; in_anchor=0; attempted=0; eligible=; anchor_role_ic=None; augmented_role_ic=None; outside_anchor_sse=None; outside_augmented_sse=None; accepted=0; final=1,x1^3,x1*x2; wrapper_overhead_unoptimized=1",1.0,1.0,7,4,1.0,120,0,0,0,1;x1^3;x1*x2,G,balanced,100,100;100;100;100,754737.0,1;x1^3;x1*x2,1;x1^3;x1*x2,,0.0,0.0,0.0,,0,,,,,0.0
cubic_cross,spurious,0.2,100,4,20104,rcsa-spent-diagnostic,1.0,1.0,1.0,0.00020996312775715901,1.1074382676944428,0.0,1.0,0.0,frozen-v6-anchor,0.9618579042324288,1.3249099299720646,2.0261834209999847,2991154,x1*x2;x1^3;x3^2,-0.06941 + 0.4933·x₃² + 0.8027·x₁³ + 1.169·x₁x₂,"RCSA spent-seed diagnostic; anchor=1,x3^2,x1^3,x1*x2; exception=; in_bank=0; in_anchor=0; attempted=0; eligible=; anchor_role_ic=None; augmented_role_ic=None; outside_anchor_sse=None; outside_augmented_sse=None; accepted=0; final=1,x3^2,x1^3,x1*x2; wrapper_overhead_unoptimized=1",1.0,1.0,7,4,1.0,120,0,0,0,1;x3^2;x1^3;x1*x2,G,balanced,100,100;100;100;100,747788.5,1;x3^2;x1^3;x1*x2,1;x3^2;x1^3;x1*x2,,0.0,0.0,0.0,,0,,,,,0.0
cubic_cross,spurious,0.2,100,4,20105,rcsa-spent-diagnostic,1.0,1.0,1.0,0.00012132480974694055,1.3322921080527141,0.0,1.0,0.0,frozen-v6-anchor,1.7989919225545614,2.1815148295989273,2.1497146930000213,3075868,x1*x2;x1^3;x3^2,-0.09372 + 0.5175·x₃² + 0.7936·x₁³ + 1.212·x₁x₂,"RCSA spent-seed diagnostic; anchor=1,x3^2,x1^3,x1*x2; exception=; in_bank=0; in_anchor=0; attempted=0; eligible=; anchor_role_ic=None; augmented_role_ic=None; outside_anchor_sse=None; outside_augmented_sse=None; accepted=0; final=1,x3^2,x1^3,x1*x2; wrapper_overhead_unoptimized=1",1.0,1.0,7,4,1.0,120,0,0,0,1;x3^2;x1^3;x1*x2,G,balanced,100,100;100;100;100,768967.0,1;x3^2;x1^3;x1*x2,1;x3^2;x1^3;x1*x2,,0.0,0.0,0.0,,0,,,,,0.0
cubic_cross,spurious,0.2,250,4,20101,rcsa-spent-diagnostic,1.0,1.0,1.0,0.00011433519691343094,1.2028863268151286,0.0,1.0,0.0,frozen-v6-anchor,1.2391437707404895,1.772990458144944,2.0601981410000008,3002234,x1*x2;x1^3;x3^2,-0.1185 + 0.521·x₃² + 0.8007·x₁³ + 1.185·x₁x₂,"RCSA spent-seed diagnostic; anchor=1,x3^2,x1^3,x1*x2; exception=; in_bank=0; in_anchor=0; attempted=0; eligible=; anchor_role_ic=None; augmented_role_ic=None; outside_anchor_sse=None; outside_augmented_sse=None; accepted=0; final=1,x3^2,x1^3,x1*x2; wrapper_overhead_unoptimized=1",1.0,1.0,7,4,1.0,120,0,0,0,1;x3^2;x1^3;x1*x2,G,balanced,250,250;250;250;250,750558.5,1;x3^2;x1^3;x1*x2,1;x3^2;x1^3;x1*x2,,0.0,0.0,0.0,,0,,,,,0.0
cubic_cross,spurious,0.2,250,4,20102,rcsa-spent-diagnostic,1.0,1.0,1.0,0.00022564230084658364,1.3213377398722042,0.0,1.0,0.0,frozen-v6-anchor,1.3499122635045442,1.6421028792975523,2.0577985219999846,3003512,x1*x2;x1^3;x3^2,0.05048 + 0.4669·x₃² + 0.7985·x₁³ + 1.238·x₁x₂,"RCSA spent-seed diagnostic; anchor=1,x3^2,x1^3,x1*x2; exception=; in_bank=0; in_anchor=0; attempted=0; eligible=; anchor_role_ic=None; augmented_role_ic=None; outside_anchor_sse=None; outside_augmented_sse=None; accepted=0; final=1,x3^2,x1^3,x1*x2; wrapper_overhead_unoptimized=1",1.0,1.0,7,4,1.0,120,0,0,0,1;x3^2;x1^3;x1*x2,G,balanced,250,250;250;250;250,750878.0,1;x3^2;x1^3;x1*x2,1;x3^2;x1^3;x1*x2,,0.0,0.0,0.0,,0,,,,,0.0
cubic_cross,spurious,0.2,250,4,20103,rcsa-spent-diagnostic,1.0,1.0,1.0,0.00011108802221944035,0.9107606244262405,0.0,1.0,0.0,frozen-v6-anchor,1.0106928846720693,1.2549210843541017,2.052305463000039,3003444,x1*x2;x1^3;x3^2,0.06916 + 0.4735·x₃² + 0.7924·x₁³ + 1.192·x₁x₂,"RCSA spent-seed diagnostic; anchor=1,x3^2,x1^3,x1*x2; exception=; in_bank=0; in_anchor=0; attempted=0; eligible=; anchor_role_ic=None; augmented_role_ic=None; outside_anchor_sse=None; outside_augmented_sse=None; accepted=0; final=1,x3^2,x1^3,x1*x2; wrapper_overhead_unoptimized=1",1.0,1.0,7,4,1.0,120,0,0,0,1;x3^2;x1^3;x1*x2,G,balanced,250,250;250;250;250,750861.0,1;x3^2;x1^3;x1*x2,1;x3^2;x1^3;x1*x2,,0.0,0.0,0.0,,0,,,,,0.0
cubic_cross,spurious,0.2,250,4,20104,rcsa-spent-diagnostic,1.0,1.0,1.0,5.1561432387844384e-05,1.1048519210704317,0.0,1.0,0.0,frozen-v6-anchor,1.0277942976405958,1.441770304385002,2.062658646999978,3002996,x1*x2;x1^3;x3^2,-0.04294 + 0.5055·x₃² + 0.7952·x₁³ + 1.209·x₁x₂,"RCSA spent-seed diagnostic; anchor=1,x3^2,x1^3,x1*x2; exception=; in_bank=0; in_anchor=0; attempted=0; eligible=; anchor_role_ic=None; augmented_role_ic=None; outside_anchor_sse=None; outside_augmented_sse=None; accepted=0; final=1,x3^2,x1^3,x1*x2; wrapper_overhead_unoptimized=1",1.0,1.0,7,4,1.0,120,0,0,0,1;x3^2;x1^3;x1*x2,G,balanced,250,250;250;250;250,750749.0,1;x3^2;x1^3;x1*x2,1;x3^2;x1^3;x1*x2,,0.0,0.0,0.0,,0,,,,,0.0
cubic_cross,spurious,0.2,250,4,20105,rcsa-spent-diagnostic,1.0,1.0,1.0,5.862946475481674e-05,1.2177755191008721,0.0,1.0,0.0,frozen-v6-anchor,1.3697129622567406,1.8769667755304846,2.0513970449999874,3003332,x1*x2;x1^3;x3^2,-0.03898 + 0.4934·x₃² + 0.8022·x₁³ + 1.212·x₁x₂,"RCSA spent-seed diagnostic; anchor=1,x3^2,x1^3,x1*x2; exception=; in_bank=0; in_anchor=0; attempted=0; eligible=; anchor_role_ic=None; augmented_role_ic=None; outside_anchor_sse=None; outside_augmented_sse=None; accepted=0; final=1,x3^2,x1^3,x1*x2; wrapper_overhead_unoptimized=1",1.0,1.0,7,4,1.0,120,0,0,0,1;x3^2;x1^3;x1*x2,G,balanced,250,250;250;250;250,750833.0,1;x3^2;x1^3;x1*x2,1;x3^2;x1^3;x1*x2,,0.0,0.0,0.0,,0,,,,,0.0
cubic_cross,exception,0.1,100,4,20101,rcsa-spent-diagnostic,1.0,1.0,1.0,7.31970143738131e-05,0.4321384114624129,0.0,1.0,0.0,frozen-v6-anchor,0.310032808941605,0.39330985570104343,3.117782577000014,3622001,I(x3>1)*x3^2;x1*x2;x1^3;x3^2,-0.008214 + 0.5301·x₃² + 0.7381·𝟙[x₃>1]·x₃² + 0.8035·x₁³ + 1.193·x₁x₂,"RCSA spent-seed diagnostic; anchor=1,x3^2,I(x3>1)*x3^2,x1^3,x1*x2; exception=I(x3>1)*x3^2; in_bank=1; in_anchor=1; attempted=0; eligible=; anchor_role_ic=None; augmented_role_ic=None; outside_anchor_sse=None; outside_augmented_sse=None; accepted=0; final=1,x3^2,I(x3>1)*x3^2,x1^3,x1*x2; wrapper_overhead_unoptimized=1",1.0,1.0,6,2,1.0,63,0,0,1,1;x3^2;I(x3>1)*x3^2;x1^3;x1*x2,G,balanced,100,100;100;100;100,905500.25,1;x3^2;I(x3>1)*x3^2;x1^3;x1*x2,1;x3^2;I(x3>1)*x3^2;x1^3;x1*x2,I(x3>1)*x3^2,1.0,1.0,0.0,,0,,,,,0.0
cubic_cross,exception,0.1,100,4,20102,rcsa-spent-diagnostic,1.0,1.0,1.0,6.112667635891642e-05,0.2739605893842259,0.0,1.0,0.0,frozen-v6-anchor,0.28842860868388603,0.357321459467632,3.1298342630000207,3631503,I(x3>1)*x3^2;x1*x2;x1^3;x3^2,-0.009973 + 0.4983·x₃² + 0.7295·𝟙[x₃>1]·x₃² + 0.7953·x₁³ + 1.193·x₁x₂,"RCSA spent-seed diagnostic; anchor=1,x3^2,I(x3>1)*x3^2,x1^3,x1*x2; exception=I(x3>1)*x3^2; in_bank=1; in_anchor=1; attempted=0; eligible=; anchor_role_ic=None; augmented_role_ic=None; outside_anchor_sse=None; outside_augmented_sse=None; accepted=0; final=1,x3^2,I(x3>1)*x3^2,x1^3,x1*x2; wrapper_overhead_unoptimized=1",1.0,1.0,8,4,1.0,219,0,0,1,1;x3^2;I(x3>1)*x3^2;x1^3;x1*x2,G,balanced,100,100;100;100;100,907875.75,1;x3^2;I(x3>1)*x3^2;x1^3;x1*x2,1;x3^2;I(x3>1)*x3^2;x1^3;x1*x2,I(x3>1)*x3^2,1.0,1.0,0.0,,0,,,,,0.0
cubic_cross,exception,0.1,100,4,20103,rcsa-spent-diagnostic,0.0,0.75,0.75,0.0003117931845686714,0.4453453435681743,0.0,1.0,0.0,frozen-v6-anchor,0.4249324054745082,0.6118740691304689,3.2294970610000178,3687455,I(x3>1)*x3^2;cos(x3);x1*x2;x1^3,1.348 - 1.418·cos(x₃) + 0.7885·𝟙[x₃>1]·x₃² + 0.8028·x₁³ + 1.195·x₁x₂,"RCSA spent-seed diagnostic; anchor=1,cos(x3),I(x3>1)*x3^2,x1^3,x1*x2; exception=I(x3>1)*x3^2; in_bank=1; in_anchor=1; attempted=0; eligible=; anchor_role_ic=None; augmented_role_ic=None; outside_anchor_sse=None; outside_augmented_sse=None; accepted=0; final=1,cos(x3),I(x3>1)*x3^2,x1^3,x1*x2; wrapper_overhead_unoptimized=1",1.0,1.0,7,3,0.0,120,0,1,1,1;cos(x3);I(x3>1)*x3^2;x1^3;x1*x2,G,balanced,100,100;100;100;100,921863.75,1;cos(x3);I(x3>1)*x3^2;x1^3;x1*x2,1;cos(x3);I(x3>1)*x3^2;x1^3;x1*x2,I(x3>1)*x3^2,1.0,1.0,0.0,,0,,,,,0.0
cubic_cross,exception,0.1,100,4,20104,rcsa-spent-diagnostic,1.0,1.0,1.0,0.00018267160492354696,0.3731572238276097,0.0,1.0,0.0,frozen-v6-anchor,0.4741493822836612,0.6220553096968388,3.206520040999976,3685074,I(x3>1)*x3^2;x1*x2;x1^3;x3^2,-0.1231 + 0.5237·x₃² + 0.754·𝟙[x₃>1]·x₃² + 0.8027·x₁³ + 1.228·x₁x₂,"RCSA spent-seed diagnostic; anchor=1,x3^2,I(x3>1)*x3^2,x1^3,x1*x2; exception=I(x3>1)*x3^2; in_bank=1; in_anchor=1; attempted=0; eligible=; anchor_role_ic=None; augmented_role_ic=None; outside_anchor_sse=None; outside_augmented_sse=None; accepted=0; final=1,x3^2,I(x3>1)*x3^2,x1^3,x1*x2; wrapper_overhead_unoptimized=1",1.0,1.0,6,2,1.0,63,0,0,1,1;x3^2;I(x3>1)*x3^2;x1^3;x1*x2,G,balanced,100,100;100;100;100,921268.5,1;x3^2;I(x3>1)*x3^2;x1^3;x1*x2,1;x3^2;I(x3>1)*x3^2;x1^3;x1*x2,I(x3>1)*x3^2,1.0,1.0,0.0,,0,,,,,0.0
cubic_cross,exception,0.1,100,4,20105,rcsa-spent-diagnostic,1.0,1.0,1.0,3.06789547841211e-05,0.4106368092501855,0.0,1.0,0.0,frozen-v6-anchor,0.30968471004649795,0.43609708560846533,3.2168232930000045,3684534,I(x3>1)*x3^2;x1*x2;x1^3;x3^2,-0.03084 + 0.4948·x₃² + 0.767·𝟙[x₃>1]·x₃² + 0.7994·x₁³ + 1.188·x₁x₂,"RCSA spent-seed diagnostic; anchor=1,x3^2,I(x3>1)*x3^2,x1^3,x1*x2; exception=I(x3>1)*x3^2; in_bank=1; in_anchor=1; attempted=0; eligible=; anchor_role_ic=None; augmented_role_ic=None; outside_anchor_sse=None; outside_augmented_sse=None; accepted=0; final=1,x3^2,I(x3>1)*x3^2,x1^3,x1*x2; wrapper_overhead_unoptimized=1",1.0,1.0,6,2,1.0,63,0,0,1,1;x3^2;I(x3>1)*x3^2;x1^3;x1*x2,G,balanced,100,100;100;100;100,921133.5,1;x3^2;I(x3>1)*x3^2;x1^3;x1*x2,1;x3^2;I(x3>1)*x3^2;x1^3;x1*x2,I(x3>1)*x3^2,1.0,1.0,0.0,,0,,,,,0.0
cubic_cross,exception,0.1,250,4,20101,rcsa-spent-diagnostic,1.0,1.0,1.0,6.778102901170887e-05,0.3464891032536191,0.0,1.0,0.0,frozen-v6-anchor,0.37885766510201446,0.45440161902641846,3.2471755779999967,3669538,I(x3>1)*x3^2;x1*x2;x1^3;x3^2,-0.02015 + 0.487·x₃² + 0.7535·𝟙[x₃>1]·x₃² + 0.7945·x₁³ + 1.199·x₁x₂,"RCSA spent-seed diagnostic; anchor=1,x3^2,I(x3>1)*x3^2,x1^3,x1*x2; exception=I(x3>1)*x3^2; in_bank=1; in_anchor=1; attempted=0; eligible=; anchor_role_ic=None; augmented_role_ic=None; outside_anchor_sse=None; outside_augmented_sse=None; accepted=0; final=1,x3^2,I(x3>1)*x3^2,x1^3,x1*x2; wrapper_overhead_unoptimized=1",1.0,1.0,7,3,1.0,120,0,0,1,1;x3^2;I(x3>1)*x3^2;x1^3;x1*x2,G,balanced,250,250;250;250;250,917384.5,1;x3^2;I(x3>1)*x3^2;x1^3;x1*x2,1;x3^2;I(x3>1)*x3^2;x1^3;x1*x2,I(x3>1)*x3^2,1.0,1.0,0.0,,0,,,,,0.0
cubic_cross,exception,0.1,250,4,20102,rcsa-spent-diagnostic,1.0,1.0,1.0,3.2918984328035475e-05,0.40270038078153014,0.0,1.0,0.0,frozen-v6-anchor,0.4174578210547038,0.48504751927897216,3.081436449000023,3579789,I(x3>1)*x3^2;x1*x2;x1^3;x3^2,0.06687 + 0.4901·x₃² + 0.7392·𝟙[x₃>1]·x₃² + 0.7978·x₁³ + 1.199·x₁x₂,"RCSA spent-seed diagnostic; anchor=1,x3^2,I(x3>1)*x3^2,x1^3,x1*x2; exception=I(x3>1)*x3^2; in_bank=1; in_anchor=1; attempted=0; eligible=; anchor_role_ic=None; augmented_role_ic=None; outside_anchor_sse=None; outside_augmented_sse=None; accepted=0; final=1,x3^2,I(x3>1)*x3^2,x1^3,x1*x2; wrapper_overhead_unoptimized=1",1.0,1.0,8,4,1.0,219,0,0,1,1;x3^2;I(x3>1)*x3^2;x1^3;x1*x2,G,balanced,250,250;250;250;250,894947.25,1;x3^2;I(x3>1)*x3^2;x1^3;x1*x2,1;x3^2;I(x3>1)*x3^2;x1^3;x1*x2,I(x3>1)*x3^2,1.0,1.0,0.0,,0,,,,,0.0
cubic_cross,exception,0.1,250,4,20103,rcsa-spent-diagnostic,1.0,1.0,1.0,2.8506163646897057e-05,0.33884347465856185,0.0,1.0,0.0,frozen-v6-anchor,0.3256113870276363,0.45211512709625373,3.0608321180000075,3582330,I(x3>1)*x3^2;x1*x2;x1^3;x3^2,0.009619 + 0.491·x₃² + 0.7569·𝟙[x₃>1]·x₃² + 0.8036·x₁³ + 1.209·x₁x₂,"RCSA spent-seed diagnostic; anchor=1,x3^2,I(x3>1)*x3^2,x1^3,x1*x2; exception=I(x3>1)*x3^2; in_bank=1; in_anchor=1; attempted=0; eligible=; anchor_role_ic=None; augmented_role_ic=None; outside_anchor_sse=None; outside_augmented_sse=None; accepted=0; final=1,x3^2,I(x3>1)*x3^2,x1^3,x1*x2; wrapper_overhead_unoptimized=1",1.0,1.0,8,4,1.0,219,0,0,1,1;x3^2;I(x3>1)*x3^2;x1^3;x1*x2,G,balanced,250,250;250;250;250,895582.5,1;x3^2;I(x3>1)*x3^2;x1^3;x1*x2,1;x3^2;I(x3>1)*x3^2;x1^3;x1*x2,I(x3>1)*x3^2,1.0,1.0,0.0,,0,,,,,0.0
cubic_cross,exception,0.1,250,4,20104,rcsa-spent-diagnostic,1.0,1.0,1.0,4.848776569670576e-05,0.3232268377063307,0.0,1.0,0.0,frozen-v6-anchor,0.343877984785058,0.3949666878467534,3.093306926000025,3608964,I(x3>1)*x3^2;x1*x2;x1^3;x3^2,-0.02448 + 0.5051·x₃² + 0.7385·𝟙[x₃>1]·x₃² + 0.799·x₁³ + 1.182·x₁x₂,"RCSA spent-seed diagnostic; anchor=1,x3^2,I(x3>1)*x3^2,x1^3,x1*x2; exception=I(x3>1)*x3^2; in_bank=1; in_anchor=1; attempted=0; eligible=; anchor_role_ic=None; augmented_role_ic=None; outside_anchor_sse=None; outside_augmented_sse=None; accepted=0; final=1,x3^2,I(x3>1)*x3^2,x1^3,x1*x2; wrapper_overhead_unoptimized=1",1.0,1.0,7,3,1.0,120,0,0,1,1;x3^2;I(x3>1)*x3^2;x1^3;x1*x2,G,balanced,250,250;250;250;250,902241.0,1;x3^2;I(x3>1)*x3^2;x1^3;x1*x2,1;x3^2;I(x3>1)*x3^2;x1^3;x1*x2,I(x3>1)*x3^2,1.0,1.0,0.0,,0,,,,,0.0
cubic_cross,exception,0.1,250,4,20105,rcsa-spent-diagnostic,0.0,0.75,0.75,0.00035566665468823026,0.43474860398094145,0.0,1.0,0.0,frozen-v6-anchor,0.37426199410060423,0.4967233198986415,3.1044074730000375,3613564,I(x3>1)*x3^2;cos(x3);x1*x2;x1^3,1.324 - 1.504·cos(x₃) + 0.7763·𝟙[x₃>1]·x₃² + 0.7968·x₁³ + 1.223·x₁x₂,"RCSA spent-seed diagnostic; anchor=1,cos(x3),I(x3>1)*x3^2,x1^3,x1*x2; exception=I(x3>1)*x3^2; in_bank=1; in_anchor=1; attempted=0; eligible=; anchor_role_ic=None; augmented_role_ic=None; outside_anchor_sse=None; outside_augmented_sse=None; accepted=0; final=1,cos(x3),I(x3>1)*x3^2,x1^3,x1*x2; wrapper_overhead_unoptimized=1",1.0,1.0,8,4,0.0,219,0,1,1,1;cos(x3);I(x3>1)*x3^2;x1^3;x1*x2,G,balanced,250,250;250;250;250,903391.0,1;cos(x3);I(x3>1)*x3^2;x1^3;x1*x2,1;cos(x3);I(x3>1)*x3^2;x1^3;x1*x2,I(x3>1)*x3^2,1.0,1.0,0.0,,0,,,,,0.0
cubic_cross,exception,0.2,100,4,20101,rcsa-spent-diagnostic,1.0,1.0,1.0,0.00029278805746992144,1.7285536458496518,0.0,1.0,0.0,frozen-v6-anchor,1.2401312357663634,1.5732394228041717,2.8828149409999924,3524476,I(x3>1)*x3^2;x1*x2;x1^3;x3^2,-0.01643 + 0.5602·x₃² + 0.7262·𝟙[x₃>1]·x₃² + 0.807·x₁³ + 1.186·x₁x₂,"RCSA spent-seed diagnostic; anchor=1,x3^2,I(x3>1)*x3^2,x1^3,x1*x2; exception=I(x3>1)*x3^2; in_bank=1; in_anchor=1; attempted=0; eligible=; anchor_role_ic=None; augmented_role_ic=None; outside_anchor_sse=None; outside_augmented_sse=None; accepted=0; final=1,x3^2,I(x3>1)*x3^2,x1^3,x1*x2; wrapper_overhead_unoptimized=1",1.0,1.0,5,1,0.0,32,1,0,1,1;x3^2;I(x3>1)*x3^2;x1^3;x1*x2,G,balanced,100,100;100;100;100,881119.0,1;x3^2;I(x3>1)*x3^2;x1^3;x1*x2,1;x3^2;I(x3>1)*x3^2;x1^3;x1*x2,I(x3>1)*x3^2,1.0,1.0,0.0,,0,,,,,0.0
cubic_cross,exception,0.2,100,4,20102,rcsa-spent-diagnostic,1.0,1.0,1.0,0.0002445067053687246,1.0958423575369036,0.0,1.0,0.0,frozen-v6-anchor,1.1537144347356039,1.429285837870799,2.6863005089999774,3411056,I(x3>1)*x3^2;x1*x2;x1^3;x3^2,-0.01995 + 0.4967·x₃² + 0.7089·𝟙[x₃>1]·x₃² + 0.7905·x₁³ + 1.186·x₁x₂,"RCSA spent-seed diagnostic; anchor=1,x3^2,I(x3>1)*x3^2,x1^3,x1*x2; exception=I(x3>1)*x3^2; in_bank=1; in_anchor=1; attempted=0; eligible=; anchor_role_ic=None; augmented_role_ic=None; outside_anchor_sse=None; outside_augmented_sse=None; accepted=0; final=1,x3^2,I(x3>1)*x3^2,x1^3,x1*x2; wrapper_overhead_unoptimized=1",1.0,1.0,7,3,1.0,120,0,0,1,1;x3^2;I(x3>1)*x3^2;x1^3;x1*x2,G,balanced,100,100;100;100;100,852764.0,1;x3^2;I(x3>1)*x3^2;x1^3;x1*x2,1;x3^2;I(x3>1)*x3^2;x1^3;x1*x2,I(x3>1)*x3^2,1.0,1.0,0.0,,0,,,,,0.0
cubic_cross,exception,0.2,100,4,20103,rcsa-spent-diagnostic,0.0,0.75,0.75,0.00044809143658113676,1.7113889438671168,0.0,1.0,0.0,frozen-v6-anchor,1.713511440339082,2.42132518042957,2.755184079000003,3437550,I(x3>1)*x3^2;cos(x3);x1*x2;x1^3,1.313 - 1.334·cos(x₃) + 0.8044·𝟙[x₃>1]·x₃² + 0.8062·x₁³ + 1.186·x₁x₂,"RCSA spent-seed diagnostic; anchor=1,cos(x3),I(x3>1)*x3^2,x1^3,x1*x2; exception=I(x3>1)*x3^2; in_bank=1; in_anchor=1; attempted=0; eligible=; anchor_role_ic=None; augmented_role_ic=None; outside_anchor_sse=None; outside_augmented_sse=None; accepted=0; final=1,cos(x3),I(x3>1)*x3^2,x1^3,x1*x2; wrapper_overhead_unoptimized=1",1.0,1.0,7,3,0.0,120,0,1,1,1;cos(x3);I(x3>1)*x3^2;x1^3;x1*x2,G,balanced,100,100;100;100;100,859387.5,1;cos(x3);I(x3>1)*x3^2;x1^3;x1*x2,1;cos(x3);I(x3>1)*x3^2;x1^3;x1*x2,I(x3>1)*x3^2,1.0,1.0,0.0,,0,,,,,0.0
cubic_cross,exception,0.2,100,4,20104,rcsa-spent-diagnostic,0.0,1.0,0.75,0.007783086776455301,2.117505065175485,0.0,1.0,0.0,frozen-v6-anchor,2.040507468328968,2.71514154636731,2.941364728999986,3529984,I(x3>1)*x3^2;x1*x2;x1^3,0.5398 + 1.111·𝟙[x₃>1]·x₃² + 0.8046·x₁³ + 1.237·x₁x₂,"RCSA spent-seed diagnostic; anchor=1,I(x3>1)*x3^2,x1^3,x1*x2; exception=I(x3>1)*x3^2; in_bank=1; in_anchor=1; attempted=0; eligible=; anchor_role_ic=None; augmented_role_ic=None; outside_anchor_sse=None; outside_augmented_sse=None; accepted=0; final=1,I(x3>1)*x3^2,x1^3,x1*x2; wrapper_overhead_unoptimized=1",1.0,1.0,7,3,1.0,120,0,0,1,1;I(x3>1)*x3^2;x1^3;x1*x2,G,balanced,100,100;100;100;100,882496.0,1;I(x3>1)*x3^2;x1^3;x1*x2,1;I(x3>1)*x3^2;x1^3;x1*x2,I(x3>1)*x3^2,1.0,1.0,0.0,,0,,,,,0.0
cubic_cross,exception,0.2,100,4,20105,rcsa-spent-diagnostic,1.0,1.0,1.0,0.00012271581910503322,1.642547237000742,0.0,1.0,0.0,frozen-v6-anchor,1.2387388401859127,1.7443883424336795,2.79476196600001,3473258,I(x3>1)*x3^2;x1*x2;x1^3;x3^2,-0.06168 + 0.4895·x₃² + 0.784·𝟙[x₃>1]·x₃² + 0.7988·x₁³ + 1.177·x₁x₂,"RCSA spent-seed diagnostic; anchor=1,x3^2,I(x3>1)*x3^2,x1^3,x1*x2; exception=I(x3>1)*x3^2; in_bank=1; in_anchor=1; attempted=0; eligible=; anchor_role_ic=None; augmented_role_ic=None; outside_anchor_sse=None; outside_augmented_sse=None; accepted=0; final=1,x3^2,I(x3>1)*x3^2,x1^3,x1*x2; wrapper_overhead_unoptimized=1",1.0,1.0,8,4,0.0,219,0,1,1,1;x3^2;I(x3>1)*x3^2;x1^3;x1*x2,G,balanced,100,100;100;100;100,868314.5,1;x3^2;I(x3>1)*x3^2;x1^3;x1*x2,1;x3^2;I(x3>1)*x3^2;x1^3;x1*x2,I(x3>1)*x3^2,1.0,1.0,0.0,,0,,,,,0.0
cubic_cross,exception,0.2,250,4,20101,rcsa-spent-diagnostic,0.0,0.6,0.75,0.005193545236767635,1.4574984051796496,0.0,1.0,0.0,frozen-v6-anchor,1.489183415726749,1.756804206381346,2.9614477970000053,3544966,I(x3>1)*x3^2;sin(x1);x1;x1*x2;x3^2,-0.03023 + 6.58·x₁ + 0.4707·x₃² - 7.044·sin(x₁) + 0.7612·𝟙[x₃>1]·x₃² + 1.218·x₁x₂,"RCSA spent-seed diagnostic; anchor=1,x1,x3^2,sin(x1),I(x3>1)*x3^2,x1*x2; exception=I(x3>1)*x3^2; in_bank=1; in_anchor=1; attempted=0; eligible=; anchor_role_ic=None; augmented_role_ic=None; outside_anchor_sse=None; outside_augmented_sse=None; accepted=0; final=1,x1,x3^2,sin(x1),I(x3>1)*x3^2,x1*x2; wrapper_overhead_unoptimized=1",1.0,1.0,7,3,0.0,120,0,1,1,1;x1;x3^2;sin(x1);I(x3>1)*x3^2;x1*x2,G,balanced,250,250;250;250;250,886241.5,1;x1;x3^2;sin(x1);I(x3>1)*x3^2;x1*x2,1;x1;x3^2;sin(x1);I(x3>1)*x3^2;x1*x2,I(x3>1)*x3^2,1.0,1.0,0.0,,0,,,,,0.0
cubic_cross,exception,0.2,250,4,20102,rcsa-spent-diagnostic,1.0,1.0,1.0,0.00013167593730237532,1.6108015231261206,0.0,1.0,0.0,frozen-v6-anchor,1.6698312842188563,1.9401900771159226,2.736003513000014,3421816,I(x3>1)*x3^2;x1*x2;x1^3;x3^2,0.1337 + 0.4803·x₃² + 0.7284·𝟙[x₃>1]·x₃² + 0.7956·x₁³ + 1.199·x₁x₂,"RCSA spent-seed diagnostic; anchor=1,x3^2,I(x3>1)*x3^2,x1^3,x1*x2; exception=I(x3>1)*x3^2; in_bank=1; in_anchor=1; attempted=0; eligible=; anchor_role_ic=None; augmented_role_ic=None; outside_anchor_sse=None; outside_augmented_sse=None; accepted=0; final=1,x3^2,I(x3>1)*x3^2,x1^3,x1*x2; wrapper_overhead_unoptimized=1",1.0,1.0,7,3,1.0,120,0,0,1,1;x3^2;I(x3>1)*x3^2;x1^3;x1*x2,G,balanced,250,250;250;250;250,855454.0,1;x3^2;I(x3>1)*x3^2;x1^3;x1*x2,1;x3^2;I(x3>1)*x3^2;x1^3;x1*x2,I(x3>1)*x3^2,1.0,1.0,0.0,,0,,,,,0.0
cubic_cross,exception,0.2,250,4,20103,rcsa-spent-diagnostic,1.0,1.0,1.0,0.00011402465460334708,1.3553738986342474,0.0,1.0,0.0,frozen-v6-anchor,1.3024455481105601,1.8084605083850303,2.7868734560000235,3454477,I(x3>1)*x3^2;x1*x2;x1^3;x3^2,0.01924 + 0.482·x₃² + 0.7638·𝟙[x₃>1]·x₃² + 0.8072·x₁³ + 1.218·x₁x₂,"RCSA spent-seed diagnostic; anchor=1,x3^2,I(x3>1)*x3^2,x1^3,x1*x2; exception=I(x3>1)*x3^2; in_bank=1; in_anchor=1; attempted=0; eligible=; anchor_role_ic=None; augmented_role_ic=None; outside_anchor_sse=None; outside_augmented_sse=None; accepted=0; final=1,x3^2,I(x3>1)*x3^2,x1^3,x1*x2; wrapper_overhead_unoptimized=1",1.0,1.0,7,3,1.0,120,0,0,1,1;x3^2;I(x3>1)*x3^2;x1^3;x1*x2,G,balanced,250,250;250;250;250,863619.25,1;x3^2;I(x3>1)*x3^2;x1^3;x1*x2,1;x3^2;I(x3>1)*x3^2;x1^3;x1*x2,I(x3>1)*x3^2,1.0,1.0,0.0,,0,,,,,0.0
cubic_cross,exception,0.2,250,4,20104,rcsa-spent-diagnostic,1.0,1.0,1.0,0.00019395106275973094,1.2929073508253228,0.0,1.0,0.0,frozen-v6-anchor,1.3755119391401869,1.5798667513870426,2.7300289620000058,3422532,I(x3>1)*x3^2;x1*x2;x1^3;x3^2,-0.04896 + 0.5102·x₃² + 0.727·𝟙[x₃>1]·x₃² + 0.798·x₁³ + 1.164·x₁x₂,"RCSA spent-seed diagnostic; anchor=1,x3^2,I(x3>1)*x3^2,x1^3,x1*x2; exception=I(x3>1)*x3^2; in_bank=1; in_anchor=1; attempted=0; eligible=; anchor_role_ic=None; augmented_role_ic=None; outside_anchor_sse=None; outside_augmented_sse=None; accepted=0; final=1,x3^2,I(x3>1)*x3^2,x1^3,x1*x2; wrapper_overhead_unoptimized=1",1.0,1.0,7,3,1.0,120,0,0,1,1;x3^2;I(x3>1)*x3^2;x1^3;x1*x2,G,balanced,250,250;250;250;250,855633.0,1;x3^2;I(x3>1)*x3^2;x1^3;x1*x2,1;x3^2;I(x3>1)*x3^2;x1^3;x1*x2,I(x3>1)*x3^2,1.0,1.0,0.0,,0,,,,,0.0
cubic_cross,exception,0.2,250,4,20105,rcsa-spent-diagnostic,1.0,1.0,1.0,0.0004571801531143645,1.6736075839443987,0.0,1.0,0.0,frozen-v6-anchor,1.5350678128578454,1.8971466590588362,2.7267373980000116,3421651,I(x3>1)*x3^2;x1*x2;x1^3;x3^2,-0.1199 + 0.5074·x₃² + 0.754·𝟙[x₃>1]·x₃² + 0.8028·x₁³ + 1.253·x₁x₂,"RCSA spent-seed diagnostic; anchor=1,x3^2,I(x3>1)*x3^2,x1^3,x1*x2; exception=I(x3>1)*x3^2; in_bank=1; in_anchor=1; attempted=0; eligible=; anchor_role_ic=None; augmented_role_ic=None; outside_anchor_sse=None; outside_augmented_sse=None; accepted=0; final=1,x3^2,I(x3>1)*x3^2,x1^3,x1*x2; wrapper_overhead_unoptimized=1",1.0,1.0,7,3,1.0,120,0,0,1,1;x3^2;I(x3>1)*x3^2;x1^3;x1*x2,G,balanced,250,250;250;250;250,855412.75,1;x3^2;I(x3>1)*x3^2;x1^3;x1*x2,1;x3^2;I(x3>1)*x3^2;x1^3;x1*x2,I(x3>1)*x3^2,1.0,1.0,0.0,,0,,,,,0.0
fourier_quadratic,complementary,0.1,100,4,20101,rcsa-spent-diagnostic,1.0,1.0,1.0,0.00011158284088893554,0.034388806155567275,0.0,1.0,0.0,frozen-v6-anchor,0.026769075317483272,0.03327636801251401,1.9776515880000147,3000890,cos(x1);sin(x3);x2^2,-0.004218 + 0.7023·x₂² + 0.8867·sin(x₃) + 1.029·cos(x₁),"RCSA spent-seed diagnostic; anchor=1,x2^2,sin(x3),cos(x1); exception=; in_bank=0; in_anchor=0; attempted=0; eligible=; anchor_role_ic=None; augmented_role_ic=None; outside_anchor_sse=None; outside_augmented_sse=None; accepted=0; final=1,x2^2,sin(x3),cos(x1); wrapper_overhead_unoptimized=1",1.0,1.0,7,4,1.0,120,0,0,0,1;x2^2;sin(x3);cos(x1),G,balanced,100,100;100;100;100,750222.5,1;x2^2;sin(x3);cos(x1),1;x2^2;sin(x3);cos(x1),,0.0,0.0,0.0,,0,,,,,0.0
fourier_quadratic,complementary,0.1,100,4,20102,rcsa-spent-diagnostic,1.0,1.0,1.0,6.6774205909739e-05,0.03714444315537742,0.0,1.0,0.0,frozen-v6-anchor,0.04029633260128721,0.04826312105807726,1.95477441700001,2995426,cos(x1);sin(x3);x2^2,-0.008873 + 0.6984·x₂² + 0.886·sin(x₃) + 1.004·cos(x₁),"RCSA spent-seed diagnostic; anchor=1,x2^2,sin(x3),cos(x1); exception=; in_bank=0; in_anchor=0; attempted=0; eligible=; anchor_role_ic=None; augmented_role_ic=None; outside_anchor_sse=None; outside_augmented_sse=None; accepted=0; final=1,x2^2,sin(x3),cos(x1); wrapper_overhead_unoptimized=1",1.0,1.0,5,2,1.0,32,0,0,0,1;x2^2;sin(x3);cos(x1),G,balanced,100,100;100;100;100,748856.5,1;x2^2;sin(x3);cos(x1),1;x2^2;sin(x3);cos(x1),,0.0,0.0,0.0,,0,,,,,0.0
fourier_quadratic,complementary,0.1,100,4,20103,rcsa-spent-diagnostic,1.0,1.0,1.0,1.8375206164558308e-05,0.036523248364876845,0.0,1.0,0.0,frozen-v6-anchor,0.03877767517070048,0.05131738595554793,2.0944504550000147,3088214,cos(x1);sin(x3);x2^2,0.0005361 + 0.7003·x₂² + 0.9115·sin(x₃) + 0.9946·cos(x₁),"RCSA spent-seed diagnostic; anchor=1,x2^2,sin(x3),cos(x1); exception=; in_bank=0; in_anchor=0; attempted=0; eligible=; anchor_role_ic=None; augmented_role_ic=None; outside_anchor_sse=None; outside_augmented_sse=None; accepted=0; final=1,x2^2,sin(x3),cos(x1); wrapper_overhead_unoptimized=1",1.0,1.0,6,3,1.0,63,0,0,0,1;x2^2;sin(x3);cos(x1),G,balanced,100,100;100;100;100,772053.5,1;x2^2;sin(x3);cos(x1),1;x2^2;sin(x3);cos(x1),,0.0,0.0,0.0,,0,,,,,0.0
fourier_quadratic,complementary,0.1,100,4,20104,rcsa-spent-diagnostic,1.0,1.0,1.0,7.241617747360391e-05,0.03583561499982631,0.0,1.0,0.0,frozen-v6-anchor,0.04489729325952894,0.05875496330310834,2.056395823999992,3056569,cos(x1);sin(x3);x2^2,-0.0255 + 0.7033·x₂² + 0.8877·sin(x₃) + 1.002·cos(x₁),"RCSA spent-seed diagnostic; anchor=1,x2^2,sin(x3),cos(x1); exception=; in_bank=0; in_anchor=0; attempted=0; eligible=; anchor_role_ic=None; augmented_role_ic=None; outside_anchor_sse=None; outside_augmented_sse=None; accepted=0; final=1,x2^2,sin(x3),cos(x1); wrapper_overhead_unoptimized=1",1.0,1.0,6,3,1.0,63,0,0,0,1;x2^2;sin(x3);cos(x1),G,balanced,100,100;100;100;100,764142.25,1;x2^2;sin(x3);cos(x1),1;x2^2;sin(x3);cos(x1),,0.0,0.0,0.0,,0,,,,,0.0
fourier_quadratic,complementary,0.1,100,4,20105,rcsa-spent-diagnostic,1.0,1.0,1.0,4.097417695495872e-05,0.035364367750906345,0.0,1.0,0.0,frozen-v6-anchor,0.025607275886179438,0.03818701809011979,2.1907155709999984,3117950,cos(x1);sin(x3);x2^2,-0.001914 + 0.6998·x₂² + 0.9068·sin(x₃) + 0.9805·cos(x₁),"RCSA spent-seed diagnostic; anchor=1,x2^2,sin(x3),cos(x1); exception=; in_bank=0; in_anchor=0; attempted=0; eligible=; anchor_role_ic=None; augmented_role_ic=None; outside_anchor_sse=None; outside_augmented_sse=None; accepted=0; final=1,x2^2,sin(x3),cos(x1); wrapper_overhead_unoptimized=1",1.0,1.0,7,4,1.0,120,0,0,0,1;x2^2;sin(x3);cos(x1),G,balanced,100,100;100;100;100,779487.5,1;x2^2;sin(x3);cos(x1),1;x2^2;sin(x3);cos(x1),,0.0,0.0,0.0,,0,,,,,0.0
fourier_quadratic,complementary,0.1,250,4,20101,rcsa-spent-diagnostic,1.0,1.0,1.0,3.7457976993894644e-05,0.0378559677742483,0.0,1.0,0.0,frozen-v6-anchor,0.03964821405321246,0.04667864555312149,2.152960081999993,3101208,cos(x1);sin(x3);x2^2,-0.01478 + 0.7027·x₂² + 0.8981·sin(x₃) + 0.9869·cos(x₁),"RCSA spent-seed diagnostic; anchor=1,x2^2,sin(x3),cos(x1); exception=; in_bank=0; in_anchor=0; attempted=0; eligible=; anchor_role_ic=None; augmented_role_ic=None; outside_anchor_sse=None; outside_augmented_sse=None; accepted=0; final=1,x2^2,sin(x3),cos(x1); wrapper_overhead_unoptimized=1",1.0,1.0,6,3,1.0,63,0,0,0,1;x2^2;sin(x3);cos(x1),G,balanced,250,250;250;250;250,775302.0,1;x2^2;sin(x3);cos(x1),1;x2^2;sin(x3);cos(x1),,0.0,0.0,0.0,,0,,,,,0.0
fourier_quadratic,complementary,0.1,250,4,20102,rcsa-spent-diagnostic,1.0,1.0,1.0,6.814508019389992e-05,0.03651994923570396,0.0,1.0,0.0,frozen-v6-anchor,0.037311600290952984,0.04352949342440395,2.0221215530000336,3012081,cos(x1);sin(x3);x2^2,-0.003073 + 0.7039·x₂² + 0.8989·sin(x₃) + 1.015·cos(x₁),"RCSA spent-seed diagnostic; anchor=1,x2^2,sin(x3),cos(x1); exception=; in_bank=0; in_anchor=0; attempted=0; eligible=; anchor_role_ic=None; augmented_role_ic=None; outside_anchor_sse=None; outside_augmented_sse=None; accepted=0; final=1,x2^2,sin(x3),cos(x1); wrapper_overhead_unoptimized=1",1.0,1.0,6,3,1.0,63,0,0,0,1;x2^2;sin(x3);cos(x1),G,balanced,250,250;250;250;250,753020.25,1;x2^2;sin(x3);cos(x1),1;x2^2;sin(x3);cos(x1),,0.0,0.0,0.0,,0,,,,,0.0
fourier_quadratic,complementary,0.1,250,4,20103,rcsa-spent-diagnostic,1.0,1.0,1.0,4.31975293906145e-05,0.0310706595972202,0.0,1.0,0.0,frozen-v6-anchor,0.029978986309042492,0.04244326602053655,2.0645139330000006,3044717,cos(x1);sin(x3);x2^2,-0.006265 + 0.7042·x₂² + 0.904·sin(x₃) + 0.9948·cos(x₁),"RCSA spent-seed diagnostic; anchor=1,x2^2,sin(x3),cos(x1); exception=; in_bank=0; in_anchor=0; attempted=0; eligible=; anchor_role_ic=None; augmented_role_ic=None; outside_anchor_sse=None; outside_augmented_sse=None; accepted=0; final=1,x2^2,sin(x3),cos(x1); wrapper_overhead_unoptimized=1",1.0,1.0,7,4,1.0,120,0,0,0,1;x2^2;sin(x3);cos(x1),G,balanced,250,250;250;250;250,761179.25,1;x2^2;sin(x3);cos(x1),1;x2^2;sin(x3);cos(x1),,0.0,0.0,0.0,,0,,,,,0.0
fourier_quadratic,complementary,0.1,250,4,20104,rcsa-spent-diagnostic,1.0,1.0,1.0,6.051082349706864e-05,0.033721513150772736,0.0,1.0,0.0,frozen-v6-anchor,0.034963643780992516,0.04024541877244956,2.114852563999989,3074913,cos(x1);sin(x3);x2^2,-0.02256 + 0.7031·x₂² + 0.8942·sin(x₃) + 1.014·cos(x₁),"RCSA spent-seed diagnostic; anchor=1,x2^2,sin(x3),cos(x1); exception=; in_bank=0; in_anchor=0; attempted=0; eligible=; anchor_role_ic=None; augmented_role_ic=None; outside_anchor_sse=None; outside_augmented_sse=None; accepted=0; final=1,x2^2,sin(x3),cos(x1); wrapper_overhead_unoptimized=1",1.0,1.0,7,4,1.0,120,0,0,0,1;x2^2;sin(x3);cos(x1),G,balanced,250,250;250;250;250,768728.25,1;x2^2;sin(x3);cos(x1),1;x2^2;sin(x3);cos(x1),,0.0,0.0,0.0,,0,,,,,0.0
fourier_quadratic,complementary,0.1,250,4,20105,rcsa-spent-diagnostic,1.0,1.0,1.0,3.505991706808935e-05,0.03941664638996933,0.0,1.0,0.0,frozen-v6-anchor,0.03538662615351855,0.04373026280035219,2.048181947000046,3040584,cos(x1);sin(x3);x2^2,-0.01993 + 0.7039·x₂² + 0.8999·sin(x₃) + 0.9994·cos(x₁),"RCSA spent-seed diagnostic; anchor=1,x2^2,sin(x3),cos(x1); exception=; in_bank=0; in_anchor=0; attempted=0; eligible=; anchor_role_ic=None; augmented_role_ic=None; outside_anchor_sse=None; outside_augmented_sse=None; accepted=0; final=1,x2^2,sin(x3),cos(x1); wrapper_overhead_unoptimized=1",1.0,1.0,6,3,1.0,63,0,0,0,1;x2^2;sin(x3);cos(x1),G,balanced,250,250;250;250;250,760146.0,1;x2^2;sin(x3);cos(x1),1;x2^2;sin(x3);cos(x1),,0.0,0.0,0.0,,0,,,,,0.0
fourier_quadratic,complementary,0.2,100,4,20101,rcsa-spent-diagnostic,1.0,1.0,1.0,0.00044633136409385235,0.13755522462226907,0.0,1.0,0.0,frozen-v6-anchor,0.10707630126999608,0.13310547205032322,1.9746881820000226,2997814,cos(x1);sin(x3);x2^2,-0.008436 + 0.7046·x₂² + 0.8734·sin(x₃) + 1.058·cos(x₁),"RCSA spent-seed diagnostic; anchor=1,x2^2,sin(x3),cos(x1); exception=; in_bank=0; in_anchor=0; attempted=0; eligible=; anchor_role_ic=None; augmented_role_ic=None; outside_anchor_sse=None; outside_augmented_sse=None; accepted=0; final=1,x2^2,sin(x3),cos(x1); wrapper_overhead_unoptimized=1",1.0,1.0,7,4,0.0,120,0,1,0,1;x2^2;sin(x3);cos(x1),G,balanced,100,100;100;100;100,749453.5,1;x2^2;sin(x3);cos(x1),1;x2^2;sin(x3);cos(x1),,0.0,0.0,0.0,,0,,,,,0.0
fourier_quadratic,complementary,0.2,100,4,20102,rcsa-spent-diagnostic,1.0,1.0,1.0,0.00026709682365434344,0.14857777262150967,0.0,1.0,0.0,frozen-v6-anchor,0.16118533040508728,0.19305248423226165,1.961273540000036,2995677,cos(x1);sin(x3);x2^2,-0.01775 + 0.6968·x₂² + 0.8719·sin(x₃) + 1.007·cos(x₁),"RCSA spent-seed diagnostic; anchor=1,x2^2,sin(x3),cos(x1); exception=; in_bank=0; in_anchor=0; attempted=0; eligible=; anchor_role_ic=None; augmented_role_ic=None; outside_anchor_sse=None; outside_augmented_sse=None; accepted=0; final=1,x2^2,sin(x3),cos(x1); wrapper_overhead_unoptimized=1",1.0,1.0,6,3,1.0,63,0,0,0,1;x2^2;sin(x3);cos(x1),G,balanced,100,100;100;100;100,748919.25,1;x2^2;sin(x3);cos(x1),1;x2^2;sin(x3);cos(x1),,0.0,0.0,0.0,,0,,,,,0.0
fourier_quadratic,complementary,0.2,100,4,20103,rcsa-spent-diagnostic,1.0,1.0,1.0,7.350082469512144e-05,0.14609299345950738,0.0,1.0,0.0,frozen-v6-anchor,0.15511070068295207,0.20526954382251386,1.9980303049999861,3000107,cos(x1);sin(x3);x2^2,0.001072 + 0.7007·x₂² + 0.923·sin(x₃) + 0.9892·cos(x₁),"RCSA spent-seed diagnostic; anchor=1,x2^2,sin(x3),cos(x1); exception=; in_bank=0; in_anchor=0; attempted=0; eligible=; anchor_role_ic=None; augmented_role_ic=None; outside_anchor_sse=None; outside_augmented_sse=None; accepted=0; final=1,x2^2,sin(x3),cos(x1); wrapper_overhead_unoptimized=1",1.0,1.0,7,4,1.0,120,0,0,0,1;x2^2;sin(x3);cos(x1),G,balanced,100,100;100;100;100,750026.75,1;x2^2;sin(x3);cos(x1),1;x2^2;sin(x3);cos(x1),,0.0,0.0,0.0,,0,,,,,0.0
fourier_quadratic,complementary,0.2,100,4,20104,rcsa-spent-diagnostic,1.0,1.0,1.0,0.0002896647100610804,0.14334245999930523,0.0,1.0,0.0,frozen-v6-anchor,0.1795891730381219,0.23501985321245986,1.955185455999981,2994057,cos(x1);sin(x3);x2^2,-0.05099 + 0.7066·x₂² + 0.8754·sin(x₃) + 1.004·cos(x₁),"RCSA spent-seed diagnostic; anchor=1,x2^2,sin(x3),cos(x1); exception=; in_bank=0; in_anchor=0; attempted=0; eligible=; anchor_role_ic=None; augmented_role_ic=None; outside_anchor_sse=None; outside_augmented_sse=None; accepted=0; final=1,x2^2,sin(x3),cos(x1); wrapper_overhead_unoptimized=1",1.0,1.0,6,3,1.0,63,0,0,0,1;x2^2;sin(x3);cos(x1),G,balanced,100,100;100;100;100,748514.25,1;x2^2;sin(x3);cos(x1),1;x2^2;sin(x3);cos(x1),,0.0,0.0,0.0,,0,,,,,0.0
fourier_quadratic,complementary,0.2,100,4,20105,rcsa-spent-diagnostic,1.0,1.0,1.0,0.00016389670750592553,0.14145747100362532,0.0,1.0,0.0,frozen-v6-anchor,0.10242910354465819,0.15274807236019872,1.9825520299999653,2996969,cos(x1);sin(x3);x2^2,-0.003827 + 0.6996·x₂² + 0.9137·sin(x₃) + 0.9611·cos(x₁),"RCSA spent-seed diagnostic; anchor=1,x2^2,sin(x3),cos(x1); exception=; in_bank=0; in_anchor=0; attempted=0; eligible=; anchor_role_ic=None; augmented_role_ic=None; outside_anchor_sse=None; outside_augmented_sse=None; accepted=0; final=1,x2^2,sin(x3),cos(x1); wrapper_overhead_unoptimized=1",1.0,1.0,7,4,1.0,120,0,0,0,1;x2^2;sin(x3);cos(x1),G,balanced,100,100;100;100;100,749242.25,1;x2^2;sin(x3);cos(x1),1;x2^2;sin(x3);cos(x1),,0.0,0.0,0.0,,0,,,,,0.0
fourier_quadratic,complementary,0.2,250,4,20101,rcsa-spent-diagnostic,1.0,1.0,1.0,0.00014983190786710716,0.1514238710969932,0.0,1.0,0.0,frozen-v6-anchor,0.1585928562128794,0.18671458221255124,2.026634481999963,3013989,cos(x1);sin(x3);x2^2,-0.02956 + 0.7054·x₂² + 0.8961·sin(x₃) + 0.9739·cos(x₁),"RCSA spent-seed diagnostic; anchor=1,x2^2,sin(x3),cos(x1); exception=; in_bank=0; in_anchor=0; attempted=0; eligible=; anchor_role_ic=None; augmented_role_ic=None; outside_anchor_sse=None; outside_augmented_sse=None; accepted=0; final=1,x2^2,sin(x3),cos(x1); wrapper_overhead_unoptimized=1",1.0,1.0,7,4,1.0,120,0,0,0,1;x2^2;sin(x3);cos(x1),G,balanced,250,250;250;250;250,753497.25,1;x2^2;sin(x3);cos(x1),1;x2^2;sin(x3);cos(x1),,0.0,0.0,0.0,,0,,,,,0.0
fourier_quadratic,complementary,0.2,250,4,20102,rcsa-spent-diagnostic,1.0,1.0,1.0,0.00027258032091897425,0.14607979694281584,0.0,1.0,0.0,frozen-v6-anchor,0.14924640116381924,0.1741179736976135,2.027729426999997,3009616,cos(x1);sin(x3);x2^2,-0.006146 + 0.7078·x₂² + 0.8979·sin(x₃) + 1.03·cos(x₁),"RCSA spent-seed diagnostic; anchor=1,x2^2,sin(x3),cos(x1); exception=; in_bank=0; in_anchor=0; attempted=0; eligible=; anchor_role_ic=None; augmented_role_ic=None; outside_anchor_sse=None; outside_augmented_sse=None; accepted=0; final=1,x2^2,sin(x3),cos(x1); wrapper_overhead_unoptimized=1",1.0,1.0,6,3,1.0,63,0,0,0,1;x2^2;sin(x3);cos(x1),G,balanced,250,250;250;250;250,752404.0,1;x2^2;sin(x3);cos(x1),1;x2^2;sin(x3);cos(x1),,0.0,0.0,0.0,,0,,,,,0.0
fourier_quadratic,complementary,0.2,250,4,20103,rcsa-spent-diagnostic,1.0,1.0,1.0,0.00017279011754738624,0.12428263838888078,0.0,1.0,0.0,frozen-v6-anchor,0.11991594523612158,0.16977306408208398,2.03442457999995,3008748,cos(x1);sin(x3);x2^2,-0.01253 + 0.7083·x₂² + 0.908·sin(x₃) + 0.9895·cos(x₁),"RCSA spent-seed diagnostic; anchor=1,x2^2,sin(x3),cos(x1); exception=; in_bank=0; in_anchor=0; attempted=0; eligible=; anchor_role_ic=None; augmented_role_ic=None; outside_anchor_sse=None; outside_augmented_sse=None; accepted=0; final=1,x2^2,sin(x3),cos(x1); wrapper_overhead_unoptimized=1",1.0,1.0,6,3,1.0,63,0,0,0,1;x2^2;sin(x3);cos(x1),G,balanced,250,250;250;250;250,752187.0,1;x2^2;sin(x3);cos(x1),1;x2^2;sin(x3);cos(x1),,0.0,0.0,0.0,,0,,,,,0.0
fourier_quadratic,complementary,0.2,250,4,20104,rcsa-spent-diagnostic,1.0,1.0,1.0,0.00024204329418023445,0.13488605260309094,0.0,1.0,0.0,frozen-v6-anchor,0.1398545751239641,0.16098167508981667,2.0250559070000236,3013561,cos(x1);sin(x3);x2^2,-0.04511 + 0.7061·x₂² + 0.8884·sin(x₃) + 1.027·cos(x₁),"RCSA spent-seed diagnostic; anchor=1,x2^2,sin(x3),cos(x1); exception=; in_bank=0; in_anchor=0; attempted=0; eligible=; anchor_role_ic=None; augmented_role_ic=None; outside_anchor_sse=None; outside_augmented_sse=None; accepted=0; final=1,x2^2,sin(x3),cos(x1); wrapper_overhead_unoptimized=1",1.0,1.0,7,4,1.0,120,0,0,0,1;x2^2;sin(x3);cos(x1),G,balanced,250,250;250;250;250,753390.25,1;x2^2;sin(x3);cos(x1),1;x2^2;sin(x3);cos(x1),,0.0,0.0,0.0,,0,,,,,0.0
fourier_quadratic,complementary,0.2,250,4,20105,rcsa-spent-diagnostic,1.0,1.0,1.0,0.00014023966833826088,0.15766658555987728,0.0,1.0,0.0,frozen-v6-anchor,0.1415465046140648,0.17492105120143797,2.026322706999963,3012410,cos(x1);sin(x3);x2^2,-0.03985 + 0.7078·x₂² + 0.8997·sin(x₃) + 0.9988·cos(x₁),"RCSA spent-seed diagnostic; anchor=1,x2^2,sin(x3),cos(x1); exception=; in_bank=0; in_anchor=0; attempted=0; eligible=; anchor_role_ic=None; augmented_role_ic=None; outside_anchor_sse=None; outside_augmented_sse=None; accepted=0; final=1,x2^2,sin(x3),cos(x1); wrapper_overhead_unoptimized=1",1.0,1.0,7,4,0.0,120,0,1,0,1;x2^2;sin(x3);cos(x1),G,balanced,250,250;250;250;250,753102.5,1;x2^2;sin(x3);cos(x1),1;x2^2;sin(x3);cos(x1),,0.0,0.0,0.0,,0,,,,,0.0
fourier_quadratic,spurious,0.1,100,4,20101,rcsa-spent-diagnostic,1.0,1.0,1.0,5.1733802409098924e-05,0.030072678585401455,0.0,1.0,0.0,frozen-v6-anchor,0.02529405875814336,0.04453059220359705,2.108339378999972,3086980,cos(x1);sin(x3);x2^2,-0.001804 + 0.698·x₂² + 0.8959·sin(x₃) + 1.018·cos(x₁),"RCSA spent-seed diagnostic; anchor=1,x2^2,sin(x3),cos(x1); exception=; in_bank=0; in_anchor=0; attempted=0; eligible=; anchor_role_ic=None; augmented_role_ic=None; outside_anchor_sse=None; outside_augmented_sse=None; accepted=0; final=1,x2^2,sin(x3),cos(x1); wrapper_overhead_unoptimized=1",1.0,1.0,6,3,1.0,63,0,0,0,1;x2^2;sin(x3);cos(x1),G,balanced,100,100;100;100;100,771745.0,1;x2^2;sin(x3);cos(x1),1;x2^2;sin(x3);cos(x1),,0.0,0.0,0.0,,0,,,,,0.0
fourier_quadratic,spurious,0.1,100,4,20102,rcsa-spent-diagnostic,1.0,1.0,1.0,7.04112267235203e-05,0.030636898664621617,0.0,1.0,0.0,frozen-v6-anchor,0.03349284768604737,0.044216926711443706,2.0238333259999877,3027298,cos(x1);sin(x3);x2^2,-0.01095 + 0.6992·x₂² + 0.8875·sin(x₃) + 1.014·cos(x₁),"RCSA spent-seed diagnostic; anchor=1,x2^2,sin(x3),cos(x1); exception=; in_bank=0; in_anchor=0; attempted=0; eligible=; anchor_role_ic=None; augmented_role_ic=None; outside_anchor_sse=None; outside_augmented_sse=None; accepted=0; final=1,x2^2,sin(x3),cos(x1); wrapper_overhead_unoptimized=1",1.0,1.0,6,3,1.0,63,0,0,0,1;x2^2;sin(x3);cos(x1),G,balanced,100,100;100;100;100,756824.5,1;x2^2;sin(x3);cos(x1),1;x2^2;sin(x3);cos(x1),,0.0,0.0,0.0,,0,,,,,0.0
fourier_quadratic,spurious,0.1,100,4,20103,rcsa-spent-diagnostic,1.0,1.0,1.0,3.3687307113787815e-05,0.03658166893725984,0.0,1.0,0.0,frozen-v6-anchor,0.04244806119399343,0.06867515819549226,2.2028384860000187,3148589,cos(x1);sin(x3);x2^2,-0.01003 + 0.7034·x₂² + 0.8926·sin(x₃) + 1.01·cos(x₁),"RCSA spent-seed diagnostic; anchor=1,x2^2,sin(x3),cos(x1); exception=; in_bank=0; in_anchor=0; attempted=0; eligible=; anchor_role_ic=None; augmented_role_ic=None; outside_anchor_sse=None; outside_augmented_sse=None; accepted=0; final=1,x2^2,sin(x3),cos(x1); wrapper_overhead_unoptimized=1",1.0,1.0,7,4,1.0,120,0,0,0,1;x2^2;sin(x3);cos(x1),G,balanced,100,100;100;100;100,787147.25,1;x2^2;sin(x3);cos(x1),1;x2^2;sin(x3);cos(x1),,0.0,0.0,0.0,,0,,,,,0.0
fourier_quadratic,spurious,0.1,100,4,20104,rcsa-spent-diagnostic,1.0,1.0,1.0,0.00019657097028672995,0.03507046661294318,0.0,1.0,0.0,frozen-v6-anchor,0.027752634315466908,0.037016005815794985,2.1231546500000036,3090113,cos(x1);sin(x3);x2^2,-0.01846 + 0.6969·x₂² + 0.9014·sin(x₃) + 1.023·cos(x₁),"RCSA spent-seed diagnostic; anchor=1,x2^2,sin(x3),cos(x1); exception=; in_bank=0; in_anchor=0; attempted=0; eligible=; anchor_role_ic=None; augmented_role_ic=None; outside_anchor_sse=None; outside_augmented_sse=None; accepted=0; final=1,x2^2,sin(x3),cos(x1); wrapper_overhead_unoptimized=1",1.0,1.0,7,4,1.0,120,0,0,0,1;x2^2;sin(x3);cos(x1),G,balanced,100,100;100;100;100,772528.25,1;x2^2;sin(x3);cos(x1),1;x2^2;sin(x3);cos(x1),,0.0,0.0,0.0,,0,,,,,0.0
fourier_quadratic,spurious,0.1,100,4,20105,rcsa-spent-diagnostic,1.0,1.0,1.0,0.00020125924119176214,0.03276854627191738,0.0,1.0,0.0,frozen-v6-anchor,0.04242202474920565,0.051490436186207945,2.1171602000000007,3086664,cos(x1);sin(x3);x2^2,-0.03645 + 0.7104·x₂² + 0.9081·sin(x₃) + 1.012·cos(x₁),"RCSA spent-seed diagnostic; anchor=1,x2^2,sin(x3),cos(x1); exception=; in_bank=0; in_anchor=0; attempted=0; eligible=; anchor_role_ic=None; augmented_role_ic=None; outside_anchor_sse=None; outside_augmented_sse=None; accepted=0; final=1,x2^2,sin(x3),cos(x1); wrapper_overhead_unoptimized=1",1.0,1.0,6,3,1.0,63,0,0,0,1;x2^2;sin(x3);cos(x1),G,balanced,100,100;100;100;100,771666.0,1;x2^2;sin(x3);cos(x1),1;x2^2;sin(x3);cos(x1),,0.0,0.0,0.0,,0,,,,,0.0
fourier_quadratic,spurious,0.1,250,4,20101,rcsa-spent-diagnostic,1.0,1.0,1.0,9.176384959755471e-05,0.03454308091533595,0.0,1.0,0.0,frozen-v6-anchor,0.036474635377909924,0.05200345176715289,2.1161268369999675,3070389,cos(x1);sin(x3);x2^2,-0.003278 + 0.6984·x₂² + 0.9079·sin(x₃) + 0.974·cos(x₁),"RCSA spent-seed diagnostic; anchor=1,x2^2,sin(x3),cos(x1); exception=; in_bank=0; in_anchor=0; attempted=0; eligible=; anchor_role_ic=None; augmented_role_ic=None; outside_anchor_sse=None; outside_augmented_sse=None; accepted=0; final=1,x2^2,sin(x3),cos(x1); wrapper_overhead_unoptimized=1",1.0,1.0,6,3,1.0,63,0,0,0,1;x2^2;sin(x3);cos(x1),G,balanced,250,250;250;250;250,767597.25,1;x2^2;sin(x3);cos(x1),1;x2^2;sin(x3);cos(x1),,0.0,0.0,0.0,,0,,,,,0.0
fourier_quadratic,spurious,0.1,250,4,20102,rcsa-spent-diagnostic,1.0,1.0,1.0,0.0001176368154052681,0.040333402867078934,0.0,1.0,0.0,frozen-v6-anchor,0.041640173399710115,0.049709928619104116,2.0706656420000513,3041491,cos(x1);sin(x3);x2^2,0.00129 + 0.7042·x₂² + 0.898·sin(x₃) + 0.977·cos(x₁),"RCSA spent-seed diagnostic; anchor=1,x2^2,sin(x3),cos(x1); exception=; in_bank=0; in_anchor=0; attempted=0; eligible=; anchor_role_ic=None; augmented_role_ic=None; outside_anchor_sse=None; outside_augmented_sse=None; accepted=0; final=1,x2^2,sin(x3),cos(x1); wrapper_overhead_unoptimized=1",1.0,1.0,6,3,1.0,63,0,0,0,1;x2^2;sin(x3);cos(x1),G,balanced,250,250;250;250;250,760372.75,1;x2^2;sin(x3);cos(x1),1;x2^2;sin(x3);cos(x1),,0.0,0.0,0.0,,0,,,,,0.0
fourier_quadratic,spurious,0.1,250,4,20103,rcsa-spent-diagnostic,1.0,1.0,1.0,1.709754011335251e-05,0.02933155238459645,0.0,1.0,0.0,frozen-v6-anchor,0.03294909122774099,0.04145714154571265,2.1835169259999816,3101700,cos(x1);sin(x3);x2^2,0.002929 + 0.7004·x₂² + 0.8892·sin(x₃) + 1.002·cos(x₁),"RCSA spent-seed diagnostic; anchor=1,x2^2,sin(x3),cos(x1); exception=; in_bank=0; in_anchor=0; attempted=0; eligible=; anchor_role_ic=None; augmented_role_ic=None; outside_anchor_sse=None; outside_augmented_sse=None; accepted=0; final=1,x2^2,sin(x3),cos(x1); wrapper_overhead_unoptimized=1",1.0,1.0,7,4,1.0,120,0,0,0,1;x2^2;sin(x3);cos(x1),G,balanced,250,250;250;250;250,775425.0,1;x2^2;sin(x3);cos(x1),1;x2^2;sin(x3);cos(x1),,0.0,0.0,0.0,,0,,,,,0.0
fourier_quadratic,spurious,0.1,250,4,20104,rcsa-spent-diagnostic,1.0,1.0,1.0,4.671765075445483e-05,0.03179305348875662,0.0,1.0,0.0,frozen-v6-anchor,0.029798922540605857,0.042549640928386354,2.0812830680000047,3044087,cos(x1);sin(x3);x2^2,-0.0178 + 0.7034·x₂² + 0.8964·sin(x₃) + 1.015·cos(x₁),"RCSA spent-seed diagnostic; anchor=1,x2^2,sin(x3),cos(x1); exception=; in_bank=0; in_anchor=0; attempted=0; eligible=; anchor_role_ic=None; augmented_role_ic=None; outside_anchor_sse=None; outside_augmented_sse=None; accepted=0; final=1,x2^2,sin(x3),cos(x1); wrapper_overhead_unoptimized=1",1.0,1.0,7,4,1.0,120,0,0,0,1;x2^2;sin(x3);cos(x1),G,balanced,250,250;250;250;250,761021.75,1;x2^2;sin(x3);cos(x1),1;x2^2;sin(x3);cos(x1),,0.0,0.0,0.0,,0,,,,,0.0
fourier_quadratic,spurious,0.1,250,4,20105,rcsa-spent-diagnostic,1.0,1.0,1.0,0.00011800571132637782,0.03838587368146748,0.0,1.0,0.0,frozen-v6-anchor,0.043020863878862156,0.056727219906969446,2.065159859000005,3044068,cos(x1);sin(x3);x2^2,-0.008375 + 0.7048·x₂² + 0.9045·sin(x₃) + 0.9714·cos(x₁),"RCSA spent-seed diagnostic; anchor=1,x2^2,sin(x3),cos(x1); exception=; in_bank=0; in_anchor=0; attempted=0; eligible=; anchor_role_ic=None; augmented_role_ic=None; outside_anchor_sse=None; outside_augmented_sse=None; accepted=0; final=1,x2^2,sin(x3),cos(x1); wrapper_overhead_unoptimized=1",1.0,1.0,7,4,1.0,120,0,0,0,1;x2^2;sin(x3);cos(x1),G,balanced,250,250;250;250;250,761017.0,1;x2^2;sin(x3);cos(x1),1;x2^2;sin(x3);cos(x1),,0.0,0.0,0.0,,0,,,,,0.0
fourier_quadratic,spurious,0.2,100,4,20101,rcsa-spent-diagnostic,1.0,1.0,1.0,0.00020693521002388638,0.12029071434160586,0.0,1.0,0.0,frozen-v6-anchor,0.1011762350325616,0.1781223688144782,2.010161068000002,3024551,cos(x1);sin(x3);x2^2,-0.003607 + 0.696·x₂² + 0.8919·sin(x₃) + 1.036·cos(x₁),"RCSA spent-seed diagnostic; anchor=1,x2^2,sin(x3),cos(x1); exception=; in_bank=0; in_anchor=0; attempted=0; eligible=; anchor_role_ic=None; augmented_role_ic=None; outside_anchor_sse=None; outside_augmented_sse=None; accepted=0; final=1,x2^2,sin(x3),cos(x1); wrapper_overhead_unoptimized=1",1.0,1.0,6,3,1.0,63,0,0,0,1;x2^2;sin(x3);cos(x1),G,balanced,100,100;100;100;100,756137.75,1;x2^2;sin(x3);cos(x1),1;x2^2;sin(x3);cos(x1),,0.0,0.0,0.0,,0,,,,,0.0
fourier_quadratic,spurious,0.2,100,4,20102,rcsa-spent-diagnostic,1.0,1.0,1.0,0.0002816449071184723,0.12254759465848648,0.0,1.0,0.0,frozen-v6-anchor,0.1339713907443804,0.17686770684590697,1.9723436140000103,2994599,cos(x1);sin(x3);x2^2,-0.02189 + 0.6985·x₂² + 0.875·sin(x₃) + 1.029·cos(x₁),"RCSA spent-seed diagnostic; anchor=1,x2^2,sin(x3),cos(x1); exception=; in_bank=0; in_anchor=0; attempted=0; eligible=; anchor_role_ic=None; augmented_role_ic=None; outside_anchor_sse=None; outside_augmented_sse=None; accepted=0; final=1,x2^2,sin(x3),cos(x1); wrapper_overhead_unoptimized=1",1.0,1.0,6,3,1.0,63,0,0,0,1;x2^2;sin(x3);cos(x1),G,balanced,100,100;100;100;100,748649.75,1;x2^2;sin(x3);cos(x1),1;x2^2;sin(x3);cos(x1),,0.0,0.0,0.0,,0,,,,,0.0
fourier_quadratic,spurious,0.2,100,4,20103,rcsa-spent-diagnostic,1.0,1.0,1.0,0.00013474922868947012,0.14632667574903932,0.0,1.0,0.0,frozen-v6-anchor,0.169792244775892,0.27470063278202017,1.9850379619999785,2998090,cos(x1);sin(x3);x2^2,-0.02006 + 0.7067·x₂² + 0.8851·sin(x₃) + 1.02·cos(x₁),"RCSA spent-seed diagnostic; anchor=1,x2^2,sin(x3),cos(x1); exception=; in_bank=0; in_anchor=0; attempted=0; eligible=; anchor_role_ic=None; augmented_role_ic=None; outside_anchor_sse=None; outside_augmented_sse=None; accepted=0; final=1,x2^2,sin(x3),cos(x1); wrapper_overhead_unoptimized=1",1.0,1.0,7,4,1.0,120,0,0,0,1;x2^2;sin(x3);cos(x1),G,balanced,100,100;100;100;100,749522.5,1;x2^2;sin(x3);cos(x1),1;x2^2;sin(x3);cos(x1),,0.0,0.0,0.0,,0,,,,,0.0
fourier_quadratic,spurious,0.2,100,4,20104,rcsa-spent-diagnostic,1.0,1.0,1.0,0.0007862838819399625,0.1402818664517727,0.0,1.0,0.0,frozen-v6-anchor,0.11101053726172398,0.14806402326287865,1.9838672430000202,2999051,cos(x1);sin(x3);x2^2,-0.03692 + 0.6937·x₂² + 0.9028·sin(x₃) + 1.046·cos(x₁),"RCSA spent-seed diagnostic; anchor=1,x2^2,sin(x3),cos(x1); exception=; in_bank=0; in_anchor=0; attempted=0; eligible=; anchor_role_ic=None; augmented_role_ic=None; outside_anchor_sse=None; outside_augmented_sse=None; accepted=0; final=1,x2^2,sin(x3),cos(x1); wrapper_overhead_unoptimized=1",1.0,1.0,7,4,1.0,120,0,0,0,1;x2^2;sin(x3);cos(x1),G,balanced,100,100;100;100;100,749762.75,1;x2^2;sin(x3);cos(x1),1;x2^2;sin(x3);cos(x1),,0.0,0.0,0.0,,0,,,,,0.0
fourier_quadratic,spurious,0.2,100,4,20105,rcsa-spent-diagnostic,1.0,1.0,1.0,0.0008050369656002128,0.1310741850876695,0.0,1.0,0.0,frozen-v6-anchor,0.16968809899679857,0.20596174474490853,1.996503672000017,2998757,cos(x1);sin(x3);x2^2,-0.07289 + 0.7208·x₂² + 0.9162·sin(x₃) + 1.023·cos(x₁),"RCSA spent-seed diagnostic; anchor=1,x2^2,sin(x3),cos(x1); exception=; in_bank=0; in_anchor=0; attempted=0; eligible=; anchor_role_ic=None; augmented_role_ic=None; outside_anchor_sse=None; outside_augmented_sse=None; accepted=0; final=1,x2^2,sin(x3),cos(x1); wrapper_overhead_unoptimized=1",1.0,1.0,7,4,1.0,120,0,0,0,1;x2^2;sin(x3);cos(x1),G,balanced,100,100;100;100;100,749689.25,1;x2^2;sin(x3);cos(x1),1;x2^2;sin(x3);cos(x1),,0.0,0.0,0.0,,0,,,,,0.0
fourier_quadratic,spurious,0.2,250,4,20101,rcsa-spent-diagnostic,1.0,1.0,1.0,0.00036705539819343046,0.13817232366134377,0.0,1.0,0.0,frozen-v6-anchor,0.1458985415116151,0.2080138070686177,2.048931863000007,3008481,cos(x1);sin(x3);x2^2,-0.006555 + 0.6968·x₂² + 0.9158·sin(x₃) + 0.9481·cos(x₁),"RCSA spent-seed diagnostic; anchor=1,x2^2,sin(x3),cos(x1); exception=; in_bank=0; in_anchor=0; attempted=0; eligible=; anchor_role_ic=None; augmented_role_ic=None; outside_anchor_sse=None; outside_augmented_sse=None; accepted=0; final=1,x2^2,sin(x3),cos(x1); wrapper_overhead_unoptimized=1",1.0,1.0,6,3,1.0,63,0,0,0,1;x2^2;sin(x3);cos(x1),G,balanced,250,250;250;250;250,752120.25,1;x2^2;sin(x3);cos(x1),1;x2^2;sin(x3);cos(x1),,0.0,0.0,0.0,,0,,,,,0.0
fourier_quadratic,spurious,0.2,250,4,20102,rcsa-spent-diagnostic,1.0,1.0,1.0,0.00047054726133030666,0.16133361146831574,0.0,1.0,0.0,frozen-v6-anchor,0.16656069359880954,0.1988397144763381,2.044473986000014,3012862,cos(x1);sin(x3);x2^2,0.002581 + 0.7084·x₂² + 0.8959·sin(x₃) + 0.9539·cos(x₁),"RCSA spent-seed diagnostic; anchor=1,x2^2,sin(x3),cos(x1); exception=; in_bank=0; in_anchor=0; attempted=0; eligible=; anchor_role_ic=None; augmented_role_ic=None; outside_anchor_sse=None; outside_augmented_sse=None; accepted=0; final=1,x2^2,sin(x3),cos(x1); wrapper_overhead_unoptimized=1",1.0,1.0,7,4,1.0,120,0,0,0,1;x2^2;sin(x3);cos(x1),G,balanced,250,250;250;250;250,753215.5,1;x2^2;sin(x3);cos(x1),1;x2^2;sin(x3);cos(x1),,0.0,0.0,0.0,,0,,,,,0.0
fourier_quadratic,spurious,0.2,250,4,20103,rcsa-spent-diagnostic,1.0,1.0,1.0,6.839016036555416e-05,0.11732620953838581,0.0,1.0,0.0,frozen-v6-anchor,0.13179636491100294,0.1658285661829566,2.0506936410000094,3009836,cos(x1);sin(x3);x2^2,0.005857 + 0.7007·x₂² + 0.8783·sin(x₃) + 1.003·cos(x₁),"RCSA spent-seed diagnostic; anchor=1,x2^2,sin(x3),cos(x1); exception=; in_bank=0; in_anchor=0; attempted=0; eligible=; anchor_role_ic=None; augmented_role_ic=None; outside_anchor_sse=None; outside_augmented_sse=None; accepted=0; final=1,x2^2,sin(x3),cos(x1); wrapper_overhead_unoptimized=1",1.0,1.0,7,4,1.0,120,0,0,0,1;x2^2;sin(x3);cos(x1),G,balanced,250,250;250;250;250,752459.0,1;x2^2;sin(x3);cos(x1),1;x2^2;sin(x3);cos(x1),,0.0,0.0,0.0,,0,,,,,0.0
fourier_quadratic,spurious,0.2,250,4,20104,rcsa-spent-diagnostic,1.0,1.0,1.0,0.0001868706032166122,0.12717221395502645,0.0,1.0,0.0,frozen-v6-anchor,0.1191956901624409,0.17019856371355618,2.0517654040000366,3011589,cos(x1);sin(x3);x2^2,-0.0356 + 0.7068·x₂² + 0.8928·sin(x₃) + 1.03·cos(x₁),"RCSA spent-seed diagnostic; anchor=1,x2^2,sin(x3),cos(x1); exception=; in_bank=0; in_anchor=0; attempted=0; eligible=; anchor_role_ic=None; augmented_role_ic=None; outside_anchor_sse=None; outside_augmented_sse=None; accepted=0; final=1,x2^2,sin(x3),cos(x1); wrapper_overhead_unoptimized=1",1.0,1.0,7,4,1.0,120,0,0,0,1;x2^2;sin(x3);cos(x1),G,balanced,250,250;250;250;250,752897.25,1;x2^2;sin(x3);cos(x1),1;x2^2;sin(x3);cos(x1),,0.0,0.0,0.0,,0,,,,,0.0
fourier_quadratic,spurious,0.2,250,4,20105,rcsa-spent-diagnostic,1.0,1.0,1.0,0.0004720228450334018,0.1535434947258699,0.0,1.0,0.0,frozen-v6-anchor,0.1720834555154373,0.22690887962792233,2.0342771190000235,3011943,cos(x1);sin(x3);x2^2,-0.01675 + 0.7095·x₂² + 0.909·sin(x₃) + 0.9429·cos(x₁),"RCSA spent-seed diagnostic; anchor=1,x2^2,sin(x3),cos(x1); exception=; in_bank=0; in_anchor=0; attempted=0; eligible=; anchor_role_ic=None; augmented_role_ic=None; outside_anchor_sse=None; outside_augmented_sse=None; accepted=0; final=1,x2^2,sin(x3),cos(x1); wrapper_overhead_unoptimized=1",1.0,1.0,7,4,0.0,120,0,1,0,1;x2^2;sin(x3);cos(x1),G,balanced,250,250;250;250;250,752985.75,1;x2^2;sin(x3);cos(x1),1;x2^2;sin(x3);cos(x1),,0.0,0.0,0.0,,0,,,,,0.0
fourier_quadratic,exception,0.1,100,4,20101,rcsa-spent-diagnostic,1.0,1.0,1.0,0.00021017449040802908,0.06674461743761656,0.0,1.0,0.0,frozen-v6-anchor,0.05075735745869921,0.06675427260550179,2.756159672000024,3443700,I(x3>1)*x3^2;cos(x1);sin(x3);x2^2,-0.02342 + 0.7026·x₂² + 0.8579·sin(x₃) + 1.042·cos(x₁) + 0.7687·𝟙[x₃>1]·x₃²,"RCSA spent-seed diagnostic; anchor=1,x2^2,sin(x3),cos(x1),I(x3>1)*x3^2; exception=I(x3>1)*x3^2; in_bank=1; in_anchor=1; attempted=0; eligible=; anchor_role_ic=None; augmented_role_ic=None; outside_anchor_sse=None; outside_augmented_sse=None; accepted=0; final=1,x2^2,sin(x3),cos(x1),I(x3>1)*x3^2; wrapper_overhead_unoptimized=1",1.0,1.0,7,3,1.0,120,0,0,1,1;x2^2;sin(x3);cos(x1);I(x3>1)*x3^2,G,balanced,100,100;100;100;100,860925.0,1;x2^2;sin(x3);cos(x1);I(x3>1)*x3^2,1;x2^2;sin(x3);cos(x1);I(x3>1)*x3^2,I(x3>1)*x3^2,1.0,1.0,0.0,,0,,,,,0.0
fourier_quadratic,exception,0.1,100,4,20102,rcsa-spent-diagnostic,1.0,1.0,1.0,0.00012373883058929108,0.06881637264745252,0.0,1.0,0.0,frozen-v6-anchor,0.0735455819794936,0.08731700733649651,2.6915748520000307,3412309,I(x3>1)*x3^2;cos(x1);sin(x3);x2^2,-0.005232 + 0.6988·x₂² + 0.8954·sin(x₃) + 1.007·cos(x₁) + 0.7381·𝟙[x₃>1]·x₃²,"RCSA spent-seed diagnostic; anchor=1,x2^2,sin(x3),cos(x1),I(x3>1)*x3^2; exception=I(x3>1)*x3^2; in_bank=1; in_anchor=1; attempted=0; eligible=; anchor_role_ic=None; augmented_role_ic=None; outside_anchor_sse=None; outside_augmented_sse=None; accepted=0; final=1,x2^2,sin(x3),cos(x1),I(x3>1)*x3^2; wrapper_overhead_unoptimized=1",1.0,1.0,7,3,1.0,120,0,0,1,1;x2^2;sin(x3);cos(x1);I(x3>1)*x3^2,G,balanced,100,100;100;100;100,853077.25,1;x2^2;sin(x3);cos(x1);I(x3>1)*x3^2,1;x2^2;sin(x3);cos(x1);I(x3>1)*x3^2,I(x3>1)*x3^2,1.0,1.0,0.0,,0,,,,,0.0
fourier_quadratic,exception,0.1,100,4,20103,rcsa-spent-diagnostic,1.0,1.0,1.0,3.36643780882371e-05,0.06857473947019885,0.0,1.0,0.0,frozen-v6-anchor,0.07054594854735742,0.09114048102893359,2.7911178670000254,3476384,I(x3>1)*x3^2;cos(x1);sin(x3);x2^2,0.007951 + 0.7005·x₂² + 0.9241·sin(x₃) + 0.9903·cos(x₁) + 0.744·𝟙[x₃>1]·x₃²,"RCSA spent-seed diagnostic; anchor=1,x2^2,sin(x3),cos(x1),I(x3>1)*x3^2; exception=I(x3>1)*x3^2; in_bank=1; in_anchor=1; attempted=0; eligible=; anchor_role_ic=None; augmented_role_ic=None; outside_anchor_sse=None; outside_augmented_sse=None; accepted=0; final=1,x2^2,sin(x3),cos(x1),I(x3>1)*x3^2; wrapper_overhead_unoptimized=1",1.0,1.0,7,3,1.0,120,0,0,1,1;x2^2;sin(x3);cos(x1);I(x3>1)*x3^2,G,balanced,100,100;100;100;100,869096.0,1;x2^2;sin(x3);cos(x1);I(x3>1)*x3^2,1;x2^2;sin(x3);cos(x1);I(x3>1)*x3^2,I(x3>1)*x3^2,1.0,1.0,0.0,,0,,,,,0.0
fourier_quadratic,exception,0.1,100,4,20104,rcsa-spent-diagnostic,1.0,1.0,1.0,0.0001972442316554005,0.061916133162339584,0.0,1.0,0.0,frozen-v6-anchor,0.08329901690205332,0.10763533877672084,2.9281463080000094,3536393,I(x3>1)*x3^2;cos(x1);sin(x3);x2^2,-0.0582 + 0.7046·x₂² + 0.8532·sin(x₃) + 1.005·cos(x₁) + 0.7733·𝟙[x₃>1]·x₃²,"RCSA spent-seed diagnostic; anchor=1,x2^2,sin(x3),cos(x1),I(x3>1)*x3^2; exception=I(x3>1)*x3^2; in_bank=1; in_anchor=1; attempted=0; eligible=; anchor_role_ic=None; augmented_role_ic=None; outside_anchor_sse=None; outside_augmented_sse=None; accepted=0; final=1,x2^2,sin(x3),cos(x1),I(x3>1)*x3^2; wrapper_overhead_unoptimized=1",1.0,1.0,7,3,1.0,120,0,0,1,1;x2^2;sin(x3);cos(x1);I(x3>1)*x3^2,G,balanced,100,100;100;100;100,884098.25,1;x2^2;sin(x3);cos(x1);I(x3>1)*x3^2,1;x2^2;sin(x3);cos(x1);I(x3>1)*x3^2,I(x3>1)*x3^2,1.0,1.0,0.0,,0,,,,,0.0
fourier_quadratic,exception,0.1,100,4,20105,rcsa-spent-diagnostic,1.0,1.0,1.0,6.663169901268745e-05,0.06993326043925664,0.0,1.0,0.0,frozen-v6-anchor,0.05180147273303645,0.07622779555761099,2.8090985219999993,3470796,I(x3>1)*x3^2;cos(x1);sin(x3);x2^2,-0.008426 + 0.6989·x₂² + 0.8861·sin(x₃) + 0.9723·cos(x₁) + 0.7587·𝟙[x₃>1]·x₃²,"RCSA spent-seed diagnostic; anchor=1,x2^2,sin(x3),cos(x1),I(x3>1)*x3^2; exception=I(x3>1)*x3^2; in_bank=1; in_anchor=1; attempted=0; eligible=; anchor_role_ic=None; augmented_role_ic=None; outside_anchor_sse=None; outside_augmented_sse=None; accepted=0; final=1,x2^2,sin(x3),cos(x1),I(x3>1)*x3^2; wrapper_overhead_unoptimized=1",1.0,1.0,7,3,1.0,120,0,0,1,1;x2^2;sin(x3);cos(x1);I(x3>1)*x3^2,G,balanced,100,100;100;100;100,867699.0,1;x2^2;sin(x3);cos(x1);I(x3>1)*x3^2,1;x2^2;sin(x3);cos(x1);I(x3>1)*x3^2,I(x3>1)*x3^2,1.0,1.0,0.0,,0,,,,,0.0
fourier_quadratic,exception,0.1,250,4,20101,rcsa-spent-diagnostic,1.0,1.0,1.0,7.032830321512764e-05,0.07156361503633107,0.0,1.0,0.0,frozen-v6-anchor,0.07512614530748261,0.09059810586021559,2.7242893509999817,3428446,I(x3>1)*x3^2;cos(x1);sin(x3);x2^2,-0.01149 + 0.7042·x₂² + 0.9126·sin(x₃) + 0.9812·cos(x₁) + 0.7401·𝟙[x₃>1]·x₃²,"RCSA spent-seed diagnostic; anchor=1,x2^2,sin(x3),cos(x1),I(x3>1)*x3^2; exception=I(x3>1)*x3^2; in_bank=1; in_anchor=1; attempted=0; eligible=; anchor_role_ic=None; augmented_role_ic=None; outside_anchor_sse=None; outside_augmented_sse=None; accepted=0; final=1,x2^2,sin(x3),cos(x1),I(x3>1)*x3^2; wrapper_overhead_unoptimized=1",1.0,1.0,7,3,1.0,120,0,0,1,1;x2^2;sin(x3);cos(x1);I(x3>1)*x3^2,G,balanced,250,250;250;250;250,857111.5,1;x2^2;sin(x3);cos(x1);I(x3>1)*x3^2,1;x2^2;sin(x3);cos(x1);I(x3>1)*x3^2,I(x3>1)*x3^2,1.0,1.0,0.0,,0,,,,,0.0
fourier_quadratic,exception,0.1,250,4,20102,rcsa-spent-diagnostic,1.0,1.0,1.0,0.00011074547542259369,0.06623325845018448,0.0,1.0,0.0,frozen-v6-anchor,0.06746855028333948,0.07867938025389386,2.771853797999995,3455566,I(x3>1)*x3^2;cos(x1);sin(x3);x2^2,0.004258 + 0.7057·x₂² + 0.9047·sin(x₃) + 1.019·cos(x₁) + 0.7403·𝟙[x₃>1]·x₃²,"RCSA spent-seed diagnostic; anchor=1,x2^2,sin(x3),cos(x1),I(x3>1)*x3^2; exception=I(x3>1)*x3^2; in_bank=1; in_anchor=1; attempted=0; eligible=; anchor_role_ic=None; augmented_role_ic=None; outside_anchor_sse=None; outside_augmented_sse=None; accepted=0; final=1,x2^2,sin(x3),cos(x1),I(x3>1)*x3^2; wrapper_overhead_unoptimized=1",1.0,1.0,6,2,1.0,63,0,0,1,1;x2^2;sin(x3);cos(x1);I(x3>1)*x3^2,G,balanced,250,250;250;250;250,863891.5,1;x2^2;sin(x3);cos(x1);I(x3>1)*x3^2,1;x2^2;sin(x3);cos(x1);I(x3>1)*x3^2,I(x3>1)*x3^2,1.0,1.0,0.0,,0,,,,,0.0
fourier_quadratic,exception,0.1,250,4,20103,rcsa-spent-diagnostic,1.0,1.0,1.0,4.829144177738226e-05,0.055576047829360604,0.0,1.0,0.0,frozen-v6-anchor,0.05454833440673836,0.07719418241283443,2.8028821080000057,3452916,I(x3>1)*x3^2;cos(x1);sin(x3);x2^2,-0.008756 + 0.7054·x₂² + 0.9041·sin(x₃) + 0.9936·cos(x₁) + 0.7509·𝟙[x₃>1]·x₃²,"RCSA spent-seed diagnostic; anchor=1,x2^2,sin(x3),cos(x1),I(x3>1)*x3^2; exception=I(x3>1)*x3^2; in_bank=1; in_anchor=1; attempted=0; eligible=; anchor_role_ic=None; augmented_role_ic=None; outside_anchor_sse=None; outside_augmented_sse=None; accepted=0; final=1,x2^2,sin(x3),cos(x1),I(x3>1)*x3^2; wrapper_overhead_unoptimized=1",1.0,1.0,6,2,1.0,63,0,0,1,1;x2^2;sin(x3);cos(x1);I(x3>1)*x3^2,G,balanced,250,250;250;250;250,863229.0,1;x2^2;sin(x3);cos(x1);I(x3>1)*x3^2,1;x2^2;sin(x3);cos(x1);I(x3>1)*x3^2,I(x3>1)*x3^2,1.0,1.0,0.0,,0,,,,,0.0
fourier_quadratic,exception,0.1,250,4,20104,rcsa-spent-diagnostic,1.0,1.0,1.0,7.639499060253267e-05,0.06083213892021007,0.0,1.0,0.0,frozen-v6-anchor,0.06392192717688813,0.07417631173900045,2.788748791000046,3457053,I(x3>1)*x3^2;cos(x1);sin(x3);x2^2,-0.02811 + 0.7045·x₂² + 0.896·sin(x₃) + 1.017·cos(x₁) + 0.7465·𝟙[x₃>1]·x₃²,"RCSA spent-seed diagnostic; anchor=1,x2^2,sin(x3),cos(x1),I(x3>1)*x3^2; exception=I(x3>1)*x3^2; in_bank=1; in_anchor=1; attempted=0; eligible=; anchor_role_ic=None; augmented_role_ic=None; outside_anchor_sse=None; outside_augmented_sse=None; accepted=0; final=1,x2^2,sin(x3),cos(x1),I(x3>1)*x3^2; wrapper_overhead_unoptimized=1",1.0,1.0,7,3,1.0,120,0,0,1,1;x2^2;sin(x3);cos(x1);I(x3>1)*x3^2,G,balanced,250,250;250;250;250,864263.25,1;x2^2;sin(x3);cos(x1);I(x3>1)*x3^2,1;x2^2;sin(x3);cos(x1);I(x3>1)*x3^2,I(x3>1)*x3^2,1.0,1.0,0.0,,0,,,,,0.0
fourier_quadratic,exception,0.1,250,4,20105,rcsa-spent-diagnostic,1.0,1.0,1.0,4.5005884186849e-05,0.06847030406248776,0.0,1.0,0.0,frozen-v6-anchor,0.06138550195606183,0.07593843593632743,2.8370186349999926,3484267,I(x3>1)*x3^2;cos(x1);sin(x3);x2^2,-0.03081 + 0.7049·x₂² + 0.8887·sin(x₃) + 0.999·cos(x₁) + 0.7556·𝟙[x₃>1]·x₃²,"RCSA spent-seed diagnostic; anchor=1,x2^2,sin(x3),cos(x1),I(x3>1)*x3^2; exception=I(x3>1)*x3^2; in_bank=1; in_anchor=1; attempted=0; eligible=; anchor_role_ic=None; augmented_role_ic=None; outside_anchor_sse=None; outside_augmented_sse=None; accepted=0; final=1,x2^2,sin(x3),cos(x1),I(x3>1)*x3^2; wrapper_overhead_unoptimized=1",1.0,1.0,6,2,1.0,63,0,0,1,1;x2^2;sin(x3);cos(x1);I(x3>1)*x3^2,G,balanced,250,250;250;250;250,871066.75,1;x2^2;sin(x3);cos(x1);I(x3>1)*x3^2,1;x2^2;sin(x3);cos(x1);I(x3>1)*x3^2,I(x3>1)*x3^2,1.0,1.0,0.0,,0,,,,,0.0
fourier_quadratic,exception,0.2,100,4,20101,rcsa-spent-diagnostic,1.0,1.0,1.0,0.000840697962060639,0.26697846975046624,0.0,1.0,0.0,frozen-v6-anchor,0.20302942983491737,0.2670170904223975,2.847435374999975,3504091,I(x3>1)*x3^2;cos(x1);sin(x3);x2^2,-0.04684 + 0.7051·x₂² + 0.8158·sin(x₃) + 1.084·cos(x₁) + 0.7874·𝟙[x₃>1]·x₃²,"RCSA spent-seed diagnostic; anchor=1,x2^2,sin(x3),cos(x1),I(x3>1)*x3^2; exception=I(x3>1)*x3^2; in_bank=1; in_anchor=1; attempted=0; eligible=; anchor_role_ic=None; augmented_role_ic=None; outside_anchor_sse=None; outside_augmented_sse=None; accepted=0; final=1,x2^2,sin(x3),cos(x1),I(x3>1)*x3^2; wrapper_overhead_unoptimized=1",1.0,1.0,7,3,0.0,120,0,1,1,1;x2^2;sin(x3);cos(x1);I(x3>1)*x3^2,G,balanced,100,100;100;100;100,876022.75,1;x2^2;sin(x3);cos(x1);I(x3>1)*x3^2,1;x2^2;sin(x3);cos(x1);I(x3>1)*x3^2,I(x3>1)*x3^2,1.0,1.0,0.0,,0,,,,,0.0
fourier_quadratic,exception,0.2,100,4,20102,rcsa-spent-diagnostic,1.0,1.0,1.0,0.0004949553224733611,0.2752654905898102,0.0,1.0,0.0,frozen-v6-anchor,0.294182327917872,0.3492680293459661,2.566046659000051,3349395,I(x3>1)*x3^2;cos(x1);sin(x3);x2^2,-0.01046 + 0.6976·x₂² + 0.8907·sin(x₃) + 1.015·cos(x₁) + 0.7262·𝟙[x₃>1]·x₃²,"RCSA spent-seed diagnostic; anchor=1,x2^2,sin(x3),cos(x1),I(x3>1)*x3^2; exception=I(x3>1)*x3^2; in_bank=1; in_anchor=1; attempted=0; eligible=; anchor_role_ic=None; augmented_role_ic=None; outside_anchor_sse=None; outside_augmented_sse=None; accepted=0; final=1,x2^2,sin(x3),cos(x1),I(x3>1)*x3^2; wrapper_overhead_unoptimized=1",1.0,1.0,7,3,1.0,120,0,0,1,1;x2^2;sin(x3);cos(x1);I(x3>1)*x3^2,G,balanced,100,100;100;100;100,837348.75,1;x2^2;sin(x3);cos(x1);I(x3>1)*x3^2,1;x2^2;sin(x3);cos(x1);I(x3>1)*x3^2,I(x3>1)*x3^2,1.0,1.0,0.0,,0,,,,,0.0
fourier_quadratic,exception,0.2,100,4,20103,rcsa-spent-diagnostic,1.0,1.0,1.0,0.00013465751236006122,0.27429895788079534,0.0,1.0,0.0,frozen-v6-anchor,0.28218379418959383,0.36456192411599203,2.9136567470000045,3535299,I(x3>1)*x3^2;cos(x1);sin(x3);x2^2,0.0159 + 0.701·x₂² + 0.9482·sin(x₃) + 0.9807·cos(x₁) + 0.738·𝟙[x₃>1]·x₃²,"RCSA spent-seed diagnostic; anchor=1,x2^2,sin(x3),cos(x1),I(x3>1)*x3^2; exception=I(x3>1)*x3^2; in_bank=1; in_anchor=1; attempted=0; eligible=; anchor_role_ic=None; augmented_role_ic=None; outside_anchor_sse=None; outside_augmented_sse=None; accepted=0; final=1,x2^2,sin(x3),cos(x1),I(x3>1)*x3^2; wrapper_overhead_unoptimized=1",1.0,1.0,7,3,1.0,120,0,0,1,1;x2^2;sin(x3);cos(x1);I(x3>1)*x3^2,G,balanced,100,100;100;100;100,883824.75,1;x2^2;sin(x3);cos(x1);I(x3>1)*x3^2,1;x2^2;sin(x3);cos(x1);I(x3>1)*x3^2,I(x3>1)*x3^2,1.0,1.0,0.0,,0,,,,,0.0
fourier_quadratic,exception,0.2,100,4,20104,rcsa-spent-diagnostic,1.0,1.0,1.0,0.0007889769267026315,0.24766453264935825,0.0,1.0,0.0,frozen-v6-anchor,0.33319606760817905,0.4305413551068985,2.8009803070000316,3472143,I(x3>1)*x3^2;cos(x1);sin(x3);x2^2,-0.1164 + 0.7092·x₂² + 0.8064·sin(x₃) + 1.009·cos(x₁) + 0.7965·𝟙[x₃>1]·x₃²,"RCSA spent-seed diagnostic; anchor=1,x2^2,sin(x3),cos(x1),I(x3>1)*x3^2; exception=I(x3>1)*x3^2; in_bank=1; in_anchor=1; attempted=0; eligible=; anchor_role_ic=None; augmented_role_ic=None; outside_anchor_sse=None; outside_augmented_sse=None; accepted=0; final=1,x2^2,sin(x3),cos(x1),I(x3>1)*x3^2; wrapper_overhead_unoptimized=1",1.0,1.0,7,3,1.0,120,0,0,1,1;x2^2;sin(x3);cos(x1);I(x3>1)*x3^2,G,balanced,100,100;100;100;100,868035.75,1;x2^2;sin(x3);cos(x1);I(x3>1)*x3^2,1;x2^2;sin(x3);cos(x1);I(x3>1)*x3^2,I(x3>1)*x3^2,1.0,1.0,0.0,,0,,,,,0.0
fourier_quadratic,exception,0.2,100,4,20105,rcsa-spent-diagnostic,1.0,1.0,1.0,0.0002665267955388311,0.2797330417570267,0.0,1.0,0.0,frozen-v6-anchor,0.20720589093198793,0.30491118222998165,2.857828629999972,3501476,I(x3>1)*x3^2;cos(x1);sin(x3);x2^2,-0.01685 + 0.6978·x₂² + 0.8723·sin(x₃) + 0.9446·cos(x₁) + 0.7675·𝟙[x₃>1]·x₃²,"RCSA spent-seed diagnostic; anchor=1,x2^2,sin(x3),cos(x1),I(x3>1)*x3^2; exception=I(x3>1)*x3^2; in_bank=1; in_anchor=1; attempted=0; eligible=; anchor_role_ic=None; augmented_role_ic=None; outside_anchor_sse=None; outside_augmented_sse=None; accepted=0; final=1,x2^2,sin(x3),cos(x1),I(x3>1)*x3^2; wrapper_overhead_unoptimized=1",1.0,1.0,7,3,1.0,120,0,0,1,1;x2^2;sin(x3);cos(x1);I(x3>1)*x3^2,G,balanced,100,100;100;100;100,875369.0,1;x2^2;sin(x3);cos(x1);I(x3>1)*x3^2,1;x2^2;sin(x3);cos(x1);I(x3>1)*x3^2,I(x3>1)*x3^2,1.0,1.0,0.0,,0,,,,,0.0
fourier_quadratic,exception,0.2,250,4,20101,rcsa-spent-diagnostic,1.0,1.0,1.0,0.0002813132127793227,0.28625446014532424,0.0,1.0,0.0,frozen-v6-anchor,0.3005045812299652,0.36239242344094685,2.861569548000034,3490696,I(x3>1)*x3^2;cos(x1);sin(x3);x2^2,-0.02297 + 0.7084·x₂² + 0.9253·sin(x₃) + 0.9624·cos(x₁) + 0.7302·𝟙[x₃>1]·x₃²,"RCSA spent-seed diagnostic; anchor=1,x2^2,sin(x3),cos(x1),I(x3>1)*x3^2; exception=I(x3>1)*x3^2; in_bank=1; in_anchor=1; attempted=0; eligible=; anchor_role_ic=None; augmented_role_ic=None; outside_anchor_sse=None; outside_augmented_sse=None; accepted=0; final=1,x2^2,sin(x3),cos(x1),I(x3>1)*x3^2; wrapper_overhead_unoptimized=1",1.0,1.0,7,3,1.0,120,0,0,1,1;x2^2;sin(x3);cos(x1);I(x3>1)*x3^2,G,balanced,250,250;250;250;250,872674.0,1;x2^2;sin(x3);cos(x1);I(x3>1)*x3^2,1;x2^2;sin(x3);cos(x1);I(x3>1)*x3^2,I(x3>1)*x3^2,1.0,1.0,0.0,,0,,,,,0.0
fourier_quadratic,exception,0.2,250,4,20102,rcsa-spent-diagnostic,1.0,1.0,1.0,0.00044298190179125886,0.264933033800738,0.0,1.0,0.0,frozen-v6-anchor,0.26987420113336447,0.314717521015587,2.607503154000028,3360648,I(x3>1)*x3^2;cos(x1);sin(x3);x2^2,0.008516 + 0.7114·x₂² + 0.9094·sin(x₃) + 1.037·cos(x₁) + 0.7307·𝟙[x₃>1]·x₃²,"RCSA spent-seed diagnostic; anchor=1,x2^2,sin(x3),cos(x1),I(x3>1)*x3^2; exception=I(x3>1)*x3^2; in_bank=1; in_anchor=1; attempted=0; eligible=; anchor_role_ic=None; augmented_role_ic=None; outside_anchor_sse=None; outside_augmented_sse=None; accepted=0; final=1,x2^2,sin(x3),cos(x1),I(x3>1)*x3^2; wrapper_overhead_unoptimized=1",1.0,1.0,6,2,1.0,63,0,0,1,1;x2^2;sin(x3);cos(x1);I(x3>1)*x3^2,G,balanced,250,250;250;250;250,840162.0,1;x2^2;sin(x3);cos(x1);I(x3>1)*x3^2,1;x2^2;sin(x3);cos(x1);I(x3>1)*x3^2,I(x3>1)*x3^2,1.0,1.0,0.0,,0,,,,,0.0
fourier_quadratic,exception,0.2,250,4,20103,rcsa-spent-diagnostic,1.0,1.0,1.0,0.00019316576708696797,0.22230419131744236,0.0,1.0,0.0,frozen-v6-anchor,0.21819333762687404,0.30877672965125935,2.4292598340000495,3265624,I(x3>1)*x3^2;cos(x1);sin(x3);x2^2,-0.01751 + 0.7108·x₂² + 0.9082·sin(x₃) + 0.9871·cos(x₁) + 0.7517·𝟙[x₃>1]·x₃²,"RCSA spent-seed diagnostic; anchor=1,x2^2,sin(x3),cos(x1),I(x3>1)*x3^2; exception=I(x3>1)*x3^2; in_bank=1; in_anchor=1; attempted=0; eligible=; anchor_role_ic=None; augmented_role_ic=None; outside_anchor_sse=None; outside_augmented_sse=None; accepted=0; final=1,x2^2,sin(x3),cos(x1),I(x3>1)*x3^2; wrapper_overhead_unoptimized=1",1.0,1.0,5,1,1.0,32,0,0,1,1;x2^2;sin(x3);cos(x1);I(x3>1)*x3^2,G,balanced,250,250;250;250;250,816406.0,1;x2^2;sin(x3);cos(x1);I(x3>1)*x3^2,1;x2^2;sin(x3);cos(x1);I(x3>1)*x3^2,I(x3>1)*x3^2,1.0,1.0,0.0,,0,,,,,0.0
fourier_quadratic,exception,0.2,250,4,20104,rcsa-spent-diagnostic,1.0,1.0,1.0,0.00030557996256508856,0.24332855568084027,0.0,1.0,0.0,frozen-v6-anchor,0.2556877087075266,0.2967052469559911,2.5568468049999638,3332691,I(x3>1)*x3^2;cos(x1);sin(x3);x2^2,-0.05621 + 0.709·x₂² + 0.892·sin(x₃) + 1.034·cos(x₁) + 0.743·𝟙[x₃>1]·x₃²,"RCSA spent-seed diagnostic; anchor=1,x2^2,sin(x3),cos(x1),I(x3>1)*x3^2; exception=I(x3>1)*x3^2; in_bank=1; in_anchor=1; attempted=0; eligible=; anchor_role_ic=None; augmented_role_ic=None; outside_anchor_sse=None; outside_augmented_sse=None; accepted=0; final=1,x2^2,sin(x3),cos(x1),I(x3>1)*x3^2; wrapper_overhead_unoptimized=1",1.0,1.0,7,3,1.0,120,0,0,1,1;x2^2;sin(x3);cos(x1);I(x3>1)*x3^2,G,balanced,250,250;250;250;250,833172.75,1;x2^2;sin(x3);cos(x1);I(x3>1)*x3^2,1;x2^2;sin(x3);cos(x1);I(x3>1)*x3^2,I(x3>1)*x3^2,1.0,1.0,0.0,,0,,,,,0.0
fourier_quadratic,exception,0.2,250,4,20105,rcsa-spent-diagnostic,1.0,1.0,1.0,0.00018002353676882326,0.27388121624995104,0.0,1.0,0.0,frozen-v6-anchor,0.24554200782422717,0.3037537437453404,2.5053374359999907,3301451,I(x3>1)*x3^2;cos(x1);sin(x3);x2^2,-0.06162 + 0.7098·x₂² + 0.8774·sin(x₃) + 0.9979·cos(x₁) + 0.7613·𝟙[x₃>1]·x₃²,"RCSA spent-seed diagnostic; anchor=1,x2^2,sin(x3),cos(x1),I(x3>1)*x3^2; exception=I(x3>1)*x3^2; in_bank=1; in_anchor=1; attempted=0; eligible=; anchor_role_ic=None; augmented_role_ic=None; outside_anchor_sse=None; outside_augmented_sse=None; accepted=0; final=1,x2^2,sin(x3),cos(x1),I(x3>1)*x3^2; wrapper_overhead_unoptimized=1",1.0,1.0,7,3,1.0,120,0,0,1,1;x2^2;sin(x3);cos(x1);I(x3>1)*x3^2,G,balanced,250,250;250;250;250,825362.75,1;x2^2;sin(x3);cos(x1);I(x3>1)*x3^2,1;x2^2;sin(x3);cos(x1);I(x3>1)*x3^2,I(x3>1)*x3^2,1.0,1.0,0.0,,0,,,,,0.0
nested_mixed,complementary,0.1,100,4,20101,rcsa-spent-diagnostic,1.0,1.0,1.0,4.4281243880553134e-05,0.024636439859407354,0.0,1.0,0.0,frozen-v6-anchor,0.018124505548860744,0.02275763808482149,2.006123793000029,3025185,sin(x1+x1^2);x2;x3^2,0.003448 + 0.6028·x₂ + 0.8022·x₃² + 1.011·sin(x₁+x₁²),"RCSA spent-seed diagnostic; anchor=1,x2,x3^2,sin(x1+x1^2); exception=; in_bank=0; in_anchor=0; attempted=0; eligible=; anchor_role_ic=None; augmented_role_ic=None; outside_anchor_sse=None; outside_augmented_sse=None; accepted=0; final=1,x2,x3^2,sin(x1+x1^2); wrapper_overhead_unoptimized=1",1.0,1.0,5,2,1.0,32,0,0,0,1;x2;x3^2;sin(x1+x1^2),G,balanced,100,100;100;100;100,756296.25,1;x2;x3^2;sin(x1+x1^2),1;x2;x3^2;sin(x1+x1^2),,0.0,0.0,0.0,,0,,,,,0.0
nested_mixed,complementary,0.1,100,4,20102,rcsa-spent-diagnostic,1.0,1.0,1.0,5.0246647155304985e-05,0.025940060645738488,0.0,1.0,0.0,frozen-v6-anchor,0.027199914218174352,0.033373588135477424,1.9610550030000695,3002787,sin(x1+x1^2);x2;x3^2,-0.008256 + 0.5969·x₂ + 0.7981·x₃² + 1.002·sin(x₁+x₁²),"RCSA spent-seed diagnostic; anchor=1,x2,x3^2,sin(x1+x1^2); exception=; in_bank=0; in_anchor=0; attempted=0; eligible=; anchor_role_ic=None; augmented_role_ic=None; outside_anchor_sse=None; outside_augmented_sse=None; accepted=0; final=1,x2,x3^2,sin(x1+x1^2); wrapper_overhead_unoptimized=1",1.0,1.0,6,3,1.0,63,0,0,0,1;x2;x3^2;sin(x1+x1^2),G,balanced,100,100;100;100;100,750696.75,1;x2;x3^2;sin(x1+x1^2),1;x2;x3^2;sin(x1+x1^2),,0.0,0.0,0.0,,0,,,,,0.0
nested_mixed,complementary,0.1,100,4,20103,rcsa-spent-diagnostic,1.0,1.0,1.0,6.977216763468009e-05,0.027538859671117737,0.0,1.0,0.0,frozen-v6-anchor,0.030630213898670888,0.04533827610837212,1.9744935389999227,3002563,sin(x1+x1^2);x2;x3^2,-0.01334 + 0.5994·x₂ + 0.805·x₃² + 1.021·sin(x₁+x₁²),"RCSA spent-seed diagnostic; anchor=1,x2,x3^2,sin(x1+x1^2); exception=; in_bank=0; in_anchor=0; attempted=0; eligible=; anchor_role_ic=None; augmented_role_ic=None; outside_anchor_sse=None; outside_augmented_sse=None; accepted=0; final=1,x2,x3^2,sin(x1+x1^2); wrapper_overhead_unoptimized=1",1.0,1.0,6,3,1.0,63,0,0,0,1;x2;x3^2;sin(x1+x1^2),G,balanced,100,100;100;100;100,750640.75,1;x2;x3^2;sin(x1+x1^2),1;x2;x3^2;sin(x1+x1^2),,0.0,0.0,0.0,,0,,,,,0.0
nested_mixed,complementary,0.1,100,4,20104,rcsa-spent-diagnostic,1.0,1.0,1.0,6.251773275921885e-05,0.026277148268808156,0.0,1.0,0.0,frozen-v6-anchor,0.031922167086083655,0.040897676139952446,1.964274531000001,3001305,sin(x1+x1^2);x2;x3^2,-0.01494 + 0.6045·x₂ + 0.801·x₃² + 0.9982·sin(x₁+x₁²),"RCSA spent-seed diagnostic; anchor=1,x2,x3^2,sin(x1+x1^2); exception=; in_bank=0; in_anchor=0; attempted=0; eligible=; anchor_role_ic=None; augmented_role_ic=None; outside_anchor_sse=None; outside_augmented_sse=None; accepted=0; final=1,x2,x3^2,sin(x1+x1^2); wrapper_overhead_unoptimized=1",1.0,1.0,6,3,1.0,63,0,0,0,1;x2;x3^2;sin(x1+x1^2),G,balanced,100,100;100;100;100,750326.25,1;x2;x3^2;sin(x1+x1^2),1;x2;x3^2;sin(x1+x1^2),,0.0,0.0,0.0,,0,,,,,0.0
nested_mixed,complementary,0.1,100,4,20105,rcsa-spent-diagnostic,1.0,1.0,1.0,2.015253669073701e-05,0.025230373071828696,0.0,1.0,0.0,frozen-v6-anchor,0.01816203758227696,0.027334348020059452,1.987719769000023,2999436,sin(x1+x1^2);x2;x3^2,-0.01193 + 0.5982·x₂ + 0.8027·x₃² + 1.001·sin(x₁+x₁²),"RCSA spent-seed diagnostic; anchor=1,x2,x3^2,sin(x1+x1^2); exception=; in_bank=0; in_anchor=0; attempted=0; eligible=; anchor_role_ic=None; augmented_role_ic=None; outside_anchor_sse=None; outside_augmented_sse=None; accepted=0; final=1,x2,x3^2,sin(x1+x1^2); wrapper_overhead_unoptimized=1",1.0,1.0,6,3,1.0,63,0,0,0,1;x2;x3^2;sin(x1+x1^2),G,balanced,100,100;100;100;100,749859.0,1;x2;x3^2;sin(x1+x1^2),1;x2;x3^2;sin(x1+x1^2),,0.0,0.0,0.0,,0,,,,,0.0
nested_mixed,complementary,0.1,250,4,20101,rcsa-spent-diagnostic,1.0,1.0,1.0,6.718131331825656e-05,0.02589142705709367,0.0,1.0,0.0,frozen-v6-anchor,0.027154078468046364,0.03233314488288001,2.0103082010000435,3013876,sin(x1+x1^2);x2;x3^2,-0.003144 + 0.6035·x₂ + 0.7957·x₃² + 0.9967·sin(x₁+x₁²),"RCSA spent-seed diagnostic; anchor=1,x2,x3^2,sin(x1+x1^2); exception=; in_bank=0; in_anchor=0; attempted=0; eligible=; anchor_role_ic=None; augmented_role_ic=None; outside_anchor_sse=None; outside_augmented_sse=None; accepted=0; final=1,x2,x3^2,sin(x1+x1^2); wrapper_overhead_unoptimized=1",1.0,1.0,6,3,1.0,63,0,0,0,1;x2;x3^2;sin(x1+x1^2),G,balanced,250,250;250;250;250,753469.0,1;x2;x3^2;sin(x1+x1^2),1;x2;x3^2;sin(x1+x1^2),,0.0,0.0,0.0,,0,,,,,0.0
nested_mixed,complementary,0.1,250,4,20102,rcsa-spent-diagnostic,1.0,1.0,1.0,2.5833084080524537e-05,0.025674980386219296,0.0,1.0,0.0,frozen-v6-anchor,0.026515935809263917,0.030872101915323004,2.01504085199997,3015722,sin(x1+x1^2);x2;x3^2,0.01349 + 0.6003·x₂ + 0.7969·x₃² + 1.005·sin(x₁+x₁²),"RCSA spent-seed diagnostic; anchor=1,x2,x3^2,sin(x1+x1^2); exception=; in_bank=0; in_anchor=0; attempted=0; eligible=; anchor_role_ic=None; augmented_role_ic=None; outside_anchor_sse=None; outside_augmented_sse=None; accepted=0; final=1,x2,x3^2,sin(x1+x1^2); wrapper_overhead_unoptimized=1",1.0,1.0,6,3,1.0,63,0,0,0,1;x2;x3^2;sin(x1+x1^2),G,balanced,250,250;250;250;250,753930.5,1;x2;x3^2;sin(x1+x1^2),1;x2;x3^2;sin(x1+x1^2),,0.0,0.0,0.0,,0,,,,,0.0
nested_mixed,complementary,0.1,250,4,20103,rcsa-spent-diagnostic,1.0,1.0,1.0,1.1644154935100147e-05,0.02248610003512394,0.0,1.0,0.0,frozen-v6-anchor,0.021388023314245296,0.03038515856499427,2.0529452810000066,3041585,sin(x1+x1^2);x2;x3^2,-0.001421 + 0.6022·x₂ + 0.8007·x₃² + 1.008·sin(x₁+x₁²),"RCSA spent-seed diagnostic; anchor=1,x2,x3^2,sin(x1+x1^2); exception=; in_bank=0; in_anchor=0; attempted=0; eligible=; anchor_role_ic=None; augmented_role_ic=None; outside_anchor_sse=None; outside_augmented_sse=None; accepted=0; final=1,x2,x3^2,sin(x1+x1^2); wrapper_overhead_unoptimized=1",1.0,1.0,5,2,1.0,32,0,0,0,1;x2;x3^2;sin(x1+x1^2),G,balanced,250,250;250;250;250,760396.25,1;x2;x3^2;sin(x1+x1^2),1;x2;x3^2;sin(x1+x1^2),,0.0,0.0,0.0,,0,,,,,0.0
nested_mixed,complementary,0.1,250,4,20104,rcsa-spent-diagnostic,1.0,1.0,1.0,4.716446120936794e-05,0.023442032321954003,0.0,1.0,0.0,frozen-v6-anchor,0.02466998746049743,0.02923270913339996,2.0989190149999786,3074889,sin(x1+x1^2);x2;x3^2,-0.01283 + 0.5979·x₂ + 0.8005·x₃² + 1.012·sin(x₁+x₁²),"RCSA spent-seed diagnostic; anchor=1,x2,x3^2,sin(x1+x1^2); exception=; in_bank=0; in_anchor=0; attempted=0; eligible=; anchor_role_ic=None; augmented_role_ic=None; outside_anchor_sse=None; outside_augmented_sse=None; accepted=0; final=1,x2,x3^2,sin(x1+x1^2); wrapper_overhead_unoptimized=1",1.0,1.0,6,3,1.0,63,0,0,0,1;x2;x3^2;sin(x1+x1^2),G,balanced,250,250;250;250;250,768722.25,1;x2;x3^2;sin(x1+x1^2),1;x2;x3^2;sin(x1+x1^2),,0.0,0.0,0.0,,0,,,,,0.0
nested_mixed,complementary,0.1,250,4,20105,rcsa-spent-diagnostic,1.0,1.0,1.0,4.335121163436771e-05,0.026170724441969044,0.0,1.0,0.0,frozen-v6-anchor,0.024024416450338516,0.029950185648264526,2.047097110999971,3040065,sin(x1+x1^2);x2;x3^2,-0.006618 + 0.6029·x₂ + 0.8005·x₃² + 0.9855·sin(x₁+x₁²),"RCSA spent-seed diagnostic; anchor=1,x2,x3^2,sin(x1+x1^2); exception=; in_bank=0; in_anchor=0; attempted=0; eligible=; anchor_role_ic=None; augmented_role_ic=None; outside_anchor_sse=None; outside_augmented_sse=None; accepted=0; final=1,x2,x3^2,sin(x1+x1^2); wrapper_overhead_unoptimized=1",1.0,1.0,5,2,1.0,32,0,0,0,1;x2;x3^2;sin(x1+x1^2),G,balanced,250,250;250;250;250,760016.25,1;x2;x3^2;sin(x1+x1^2),1;x2;x3^2;sin(x1+x1^2),,0.0,0.0,0.0,,0,,,,,0.0
nested_mixed,complementary,0.2,100,4,20101,rcsa-spent-diagnostic,1.0,1.0,1.0,0.00017712497607486993,0.0985457594376294,0.0,1.0,0.0,frozen-v6-anchor,0.07249802219545304,0.09103055233939349,1.9602133639999693,2993211,sin(x1+x1^2);x2;x3^2,0.006896 + 0.6056·x₂ + 0.8043·x₃² + 1.021·sin(x₁+x₁²),"RCSA spent-seed diagnostic; anchor=1,x2,x3^2,sin(x1+x1^2); exception=; in_bank=0; in_anchor=0; attempted=0; eligible=; anchor_role_ic=None; augmented_role_ic=None; outside_anchor_sse=None; outside_augmented_sse=None; accepted=0; final=1,x2,x3^2,sin(x1+x1^2); wrapper_overhead_unoptimized=1",1.0,1.0,5,2,0.0,32,0,1,0,1;x2;x3^2;sin(x1+x1^2),G,balanced,100,100;100;100;100,748302.75,1;x2;x3^2;sin(x1+x1^2),1;x2;x3^2;sin(x1+x1^2),,0.0,0.0,0.0,,0,,,,,0.0
nested_mixed,complementary,0.2,100,4,20102,rcsa-spent-diagnostic,1.0,1.0,1.0,0.00020098658861592272,0.10376024258295391,0.0,1.0,0.0,frozen-v6-anchor,0.10879965687270866,0.13349435254186137,1.9675736909999841,2999262,sin(x1+x1^2);x2;x3^2,-0.01651 + 0.5937·x₂ + 0.7962·x₃² + 1.004·sin(x₁+x₁²),"RCSA spent-seed diagnostic; anchor=1,x2,x3^2,sin(x1+x1^2); exception=; in_bank=0; in_anchor=0; attempted=0; eligible=; anchor_role_ic=None; augmented_role_ic=None; outside_anchor_sse=None; outside_augmented_sse=None; accepted=0; final=1,x2,x3^2,sin(x1+x1^2); wrapper_overhead_unoptimized=1",1.0,1.0,6,3,0.0,63,0,1,0,1;x2;x3^2;sin(x1+x1^2),G,balanced,100,100;100;100;100,749815.5,1;x2;x3^2;sin(x1+x1^2),1;x2;x3^2;sin(x1+x1^2),,0.0,0.0,0.0,,0,,,,,0.0
nested_mixed,complementary,0.2,100,4,20103,rcsa-spent-diagnostic,1.0,1.0,1.0,0.0002790886714682388,0.11015543868447095,0.0,1.0,0.0,frozen-v6-anchor,0.1225208555948388,0.181353104433839,1.9769655610000427,2999272,sin(x1+x1^2);x2;x3^2,-0.02668 + 0.5987·x₂ + 0.8099·x₃² + 1.042·sin(x₁+x₁²),"RCSA spent-seed diagnostic; anchor=1,x2,x3^2,sin(x1+x1^2); exception=; in_bank=0; in_anchor=0; attempted=0; eligible=; anchor_role_ic=None; augmented_role_ic=None; outside_anchor_sse=None; outside_augmented_sse=None; accepted=0; final=1,x2,x3^2,sin(x1+x1^2); wrapper_overhead_unoptimized=1",1.0,1.0,6,3,1.0,63,0,0,0,1;x2;x3^2;sin(x1+x1^2),G,balanced,100,100;100;100;100,749818.0,1;x2;x3^2;sin(x1+x1^2),1;x2;x3^2;sin(x1+x1^2),,0.0,0.0,0.0,,0,,,,,0.0
nested_mixed,complementary,0.2,100,4,20104,rcsa-spent-diagnostic,1.0,1.0,1.0,0.00025007093115159005,0.10510859307523263,0.0,1.0,0.0,frozen-v6-anchor,0.12768866834431283,0.16359070455968616,1.9711987819999877,2997382,sin(x1+x1^2);x2;x3^2,-0.02987 + 0.609·x₂ + 0.8021·x₃² + 0.9964·sin(x₁+x₁²),"RCSA spent-seed diagnostic; anchor=1,x2,x3^2,sin(x1+x1^2); exception=; in_bank=0; in_anchor=0; attempted=0; eligible=; anchor_role_ic=None; augmented_role_ic=None; outside_anchor_sse=None; outside_augmented_sse=None; accepted=0; final=1,x2,x3^2,sin(x1+x1^2); wrapper_overhead_unoptimized=1",1.0,1.0,6,3,0.0,63,0,1,0,1;x2;x3^2;sin(x1+x1^2),G,balanced,100,100;100;100;100,749345.5,1;x2;x3^2;sin(x1+x1^2),1;x2;x3^2;sin(x1+x1^2),,0.0,0.0,0.0,,0,,,,,0.0
nested_mixed,complementary,0.2,100,4,20105,rcsa-spent-diagnostic,1.0,1.0,1.0,8.061014683175279e-05,0.10092149228731476,0.0,1.0,0.0,frozen-v6-anchor,0.0726481503290189,0.10933739208014118,1.9740314739999576,2996341,sin(x1+x1^2);x2;x3^2,-0.02387 + 0.5964·x₂ + 0.8053·x₃² + 1.001·sin(x₁+x₁²),"RCSA spent-seed diagnostic; anchor=1,x2,x3^2,sin(x1+x1^2); exception=; in_bank=0; in_anchor=0; attempted=0; eligible=; anchor_role_ic=None; augmented_role_ic=None; outside_anchor_sse=None; outside_augmented_sse=None; accepted=0; final=1,x2,x3^2,sin(x1+x1^2); wrapper_overhead_unoptimized=1",1.0,1.0,6,3,1.0,63,0,0,0,1;x2;x3^2;sin(x1+x1^2),G,balanced,100,100;100;100;100,749085.25,1;x2;x3^2;sin(x1+x1^2),1;x2;x3^2;sin(x1+x1^2),,0.0,0.0,0.0,,0,,,,,0.0
nested_mixed,complementary,0.2,250,4,20101,rcsa-spent-diagnostic,1.0,1.0,1.0,0.00026872525321513954,0.10356570822837469,0.0,1.0,0.0,frozen-v6-anchor,0.10861631387221311,0.12933257953156155,2.0185150129999556,3011031,sin(x1+x1^2);x2;x3^2,-0.006287 + 0.607·x₂ + 0.7913·x₃² + 0.9934·sin(x₁+x₁²),"RCSA spent-seed diagnostic; anchor=1,x2,x3^2,sin(x1+x1^2); exception=; in_bank=0; in_anchor=0; attempted=0; eligible=; anchor_role_ic=None; augmented_role_ic=None; outside_anchor_sse=None; outside_augmented_sse=None; accepted=0; final=1,x2,x3^2,sin(x1+x1^2); wrapper_overhead_unoptimized=1",1.0,1.0,6,3,0.0,63,0,1,0,1;x2;x3^2;sin(x1+x1^2),G,balanced,250,250;250;250;250,752757.75,1;x2;x3^2;sin(x1+x1^2),1;x2;x3^2;sin(x1+x1^2),,0.0,0.0,0.0,,0,,,,,0.0
nested_mixed,complementary,0.2,250,4,20102,rcsa-spent-diagnostic,1.0,1.0,1.0,0.00010333233635672204,0.1026999215448772,0.0,1.0,0.0,frozen-v6-anchor,0.10606374323703589,0.12348840766126205,2.0119195080000054,3012761,sin(x1+x1^2);x2;x3^2,0.02699 + 0.6007·x₂ + 0.7938·x₃² + 1.009·sin(x₁+x₁²),"RCSA spent-seed diagnostic; anchor=1,x2,x3^2,sin(x1+x1^2); exception=; in_bank=0; in_anchor=0; attempted=0; eligible=; anchor_role_ic=None; augmented_role_ic=None; outside_anchor_sse=None; outside_augmented_sse=None; accepted=0; final=1,x2,x3^2,sin(x1+x1^2); wrapper_overhead_unoptimized=1",1.0,1.0,6,3,1.0,63,0,0,0,1;x2;x3^2;sin(x1+x1^2),G,balanced,250,250;250;250;250,753190.25,1;x2;x3^2;sin(x1+x1^2),1;x2;x3^2;sin(x1+x1^2),,0.0,0.0,0.0,,0,,,,,0.0
nested_mixed,complementary,0.2,250,4,20103,rcsa-spent-diagnostic,1.0,1.0,1.0,4.657661988861032e-05,0.08994440014049579,0.0,1.0,0.0,frozen-v6-anchor,0.085552093256952,0.12154063426000934,2.004899731000023,3009011,sin(x1+x1^2);x2;x3^2,-0.002843 + 0.6044·x₂ + 0.8013·x₃² + 1.016·sin(x₁+x₁²),"RCSA spent-seed diagnostic; anchor=1,x2,x3^2,sin(x1+x1^2); exception=; in_bank=0; in_anchor=0; attempted=0; eligible=; anchor_role_ic=None; augmented_role_ic=None; outside_anchor_sse=None; outside_augmented_sse=None; accepted=0; final=1,x2,x3^2,sin(x1+x1^2); wrapper_overhead_unoptimized=1",1.0,1.0,5,2,1.0,32,0,0,0,1;x2;x3^2;sin(x1+x1^2),G,balanced,250,250;250;250;250,752252.75,1;x2;x3^2;sin(x1+x1^2),1;x2;x3^2;sin(x1+x1^2),,0.0,0.0,0.0,,0,,,,,0.0
nested_mixed,complementary,0.2,250,4,20104,rcsa-spent-diagnostic,1.0,1.0,1.0,0.00018865784498012117,0.09376812928781603,0.0,1.0,0.0,frozen-v6-anchor,0.09867994984199206,0.11693083653366763,2.0150517140000375,3012879,sin(x1+x1^2);x2;x3^2,-0.02567 + 0.5958·x₂ + 0.8011·x₃² + 1.024·sin(x₁+x₁²),"RCSA spent-seed diagnostic; anchor=1,x2,x3^2,sin(x1+x1^2); exception=; in_bank=0; in_anchor=0; attempted=0; eligible=; anchor_role_ic=None; augmented_role_ic=None; outside_anchor_sse=None; outside_augmented_sse=None; accepted=0; final=1,x2,x3^2,sin(x1+x1^2); wrapper_overhead_unoptimized=1",1.0,1.0,6,3,1.0,63,0,0,0,1;x2;x3^2;sin(x1+x1^2),G,balanced,250,250;250;250;250,753219.75,1;x2;x3^2;sin(x1+x1^2),1;x2;x3^2;sin(x1+x1^2),,0.0,0.0,0.0,,0,,,,,0.0
nested_mixed,complementary,0.2,250,4,20105,rcsa-spent-diagnostic,1.0,1.0,1.0,0.00017340484637861517,0.10468289776787616,0.0,1.0,0.0,frozen-v6-anchor,0.0960976658013459,0.11980074259303045,2.00864483700002,3008055,sin(x1+x1^2);x2;x3^2,-0.01324 + 0.6059·x₂ + 0.8011·x₃² + 0.971·sin(x₁+x₁²),"RCSA spent-seed diagnostic; anchor=1,x2,x3^2,sin(x1+x1^2); exception=; in_bank=0; in_anchor=0; attempted=0; eligible=; anchor_role_ic=None; augmented_role_ic=None; outside_anchor_sse=None; outside_augmented_sse=None; accepted=0; final=1,x2,x3^2,sin(x1+x1^2); wrapper_overhead_unoptimized=1",1.0,1.0,5,2,1.0,32,0,0,0,1;x2;x3^2;sin(x1+x1^2),G,balanced,250,250;250;250;250,752013.75,1;x2;x3^2;sin(x1+x1^2),1;x2;x3^2;sin(x1+x1^2),,0.0,0.0,0.0,,0,,,,,0.0
nested_mixed,spurious,0.1,100,4,20101,rcsa-spent-diagnostic,1.0,1.0,1.0,3.208653471312559e-05,0.018981321433591686,0.0,1.0,0.0,frozen-v6-anchor,0.016351451805961523,0.028426174710909892,2.050626266999984,3054006,sin(x1+x1^2);x2;x3^2,-0.01014 + 0.5984·x₂ + 0.8052·x₃² + 1.007·sin(x₁+x₁²),"RCSA spent-seed diagnostic; anchor=1,x2,x3^2,sin(x1+x1^2); exception=; in_bank=0; in_anchor=0; attempted=0; eligible=; anchor_role_ic=None; augmented_role_ic=None; outside_anchor_sse=None; outside_augmented_sse=None; accepted=0; final=1,x2,x3^2,sin(x1+x1^2); wrapper_overhead_unoptimized=1",1.0,1.0,5,2,1.0,32,0,0,0,1;x2;x3^2;sin(x1+x1^2),G,balanced,100,100;100;100;100,763501.5,1;x2;x3^2;sin(x1+x1^2),1;x2;x3^2;sin(x1+x1^2),,0.0,0.0,0.0,,0,,,,,0.0
nested_mixed,spurious,0.1,100,4,20102,rcsa-spent-diagnostic,1.0,1.0,1.0,7.575712261383778e-05,0.01999587878200305,0.0,1.0,0.0,frozen-v6-anchor,0.021398804105866514,0.028578078783795036,1.958428902000037,2996869,sin(x1+x1^2);x2;x3^2,-0.01601 + 0.5952·x₂ + 0.8034·x₃² + 1.017·sin(x₁+x₁²),"RCSA spent-seed diagnostic; anchor=1,x2,x3^2,sin(x1+x1^2); exception=; in_bank=0; in_anchor=0; attempted=0; eligible=; anchor_role_ic=None; augmented_role_ic=None; outside_anchor_sse=None; outside_augmented_sse=None; accepted=0; final=1,x2,x3^2,sin(x1+x1^2); wrapper_overhead_unoptimized=1",1.0,1.0,5,2,1.0,32,0,0,0,1;x2;x3^2;sin(x1+x1^2),G,balanced,100,100;100;100;100,749217.25,1;x2;x3^2;sin(x1+x1^2),1;x2;x3^2;sin(x1+x1^2),,0.0,0.0,0.0,,0,,,,,0.0
nested_mixed,spurious,0.1,100,4,20103,rcsa-spent-diagnostic,1.0,1.0,1.0,5.942733154554744e-05,0.02605817663208355,0.0,1.0,0.0,frozen-v6-anchor,0.03150419222746142,0.05060945713418429,2.0021236379999436,3030274,sin(x1+x1^2);x2;x3^2,-0.0105 + 0.6003·x₂ + 0.8074·x₃² + 1.003·sin(x₁+x₁²),"RCSA spent-seed diagnostic; anchor=1,x2,x3^2,sin(x1+x1^2); exception=; in_bank=0; in_anchor=0; attempted=0; eligible=; anchor_role_ic=None; augmented_role_ic=None; outside_anchor_sse=None; outside_augmented_sse=None; accepted=0; final=1,x2,x3^2,sin(x1+x1^2); wrapper_overhead_unoptimized=1",1.0,1.0,6,3,1.0,63,0,0,0,1;x2;x3^2;sin(x1+x1^2),G,balanced,100,100;100;100;100,757568.5,1;x2;x3^2;sin(x1+x1^2),1;x2;x3^2;sin(x1+x1^2),,0.0,0.0,0.0,,0,,,,,0.0
nested_mixed,spurious,0.1,100,4,20104,rcsa-spent-diagnostic,1.0,1.0,1.0,9.708595926429278e-05,0.02728697410706787,0.0,1.0,0.0,frozen-v6-anchor,0.02222416412886332,0.02918162842856399,1.9983591459999843,3029465,sin(x1+x1^2);x2;x3^2,-0.01689 + 0.596·x₂ + 0.7995·x₃² + 1.004·sin(x₁+x₁²),"RCSA spent-seed diagnostic; anchor=1,x2,x3^2,sin(x1+x1^2); exception=; in_bank=0; in_anchor=0; attempted=0; eligible=; anchor_role_ic=None; augmented_role_ic=None; outside_anchor_sse=None; outside_augmented_sse=None; accepted=0; final=1,x2,x3^2,sin(x1+x1^2); wrapper_overhead_unoptimized=1",1.0,1.0,6,3,1.0,63,0,0,0,1;x2;x3^2;sin(x1+x1^2),G,balanced,100,100;100;100;100,757366.25,1;x2;x3^2;sin(x1+x1^2),1;x2;x3^2;sin(x1+x1^2),,0.0,0.0,0.0,,0,,,,,0.0
nested_mixed,spurious,0.1,100,4,20105,rcsa-spent-diagnostic,1.0,1.0,1.0,3.348212538041629e-05,0.02739277136901627,0.0,1.0,0.0,frozen-v6-anchor,0.03611414286294365,0.04321023437599744,2.0250874540000723,3030365,sin(x1+x1^2);x2;x3^2,-0.01395 + 0.597·x₂ + 0.8027·x₃² + 0.9999·sin(x₁+x₁²),"RCSA spent-seed diagnostic; anchor=1,x2,x3^2,sin(x1+x1^2); exception=; in_bank=0; in_anchor=0; attempted=0; eligible=; anchor_role_ic=None; augmented_role_ic=None; outside_anchor_sse=None; outside_augmented_sse=None; accepted=0; final=1,x2,x3^2,sin(x1+x1^2); wrapper_overhead_unoptimized=1",1.0,1.0,6,3,1.0,63,0,0,0,1;x2;x3^2;sin(x1+x1^2),G,balanced,100,100;100;100;100,757591.25,1;x2;x3^2;sin(x1+x1^2),1;x2;x3^2;sin(x1+x1^2),,0.0,0.0,0.0,,0,,,,,0.0
nested_mixed,spurious,0.1,250,4,20101,rcsa-spent-diagnostic,1.0,1.0,1.0,5.601507211756179e-05,0.023415499892026497,0.0,1.0,0.0,frozen-v6-anchor,0.024330165675113494,0.03419251405248713,1.9974579339999536,3014455,sin(x1+x1^2);x2;x3^2,-0.01411 + 0.605·x₂ + 0.8029·x₃² + 0.9913·sin(x₁+x₁²),"RCSA spent-seed diagnostic; anchor=1,x2,x3^2,sin(x1+x1^2); exception=; in_bank=0; in_anchor=0; attempted=0; eligible=; anchor_role_ic=None; augmented_role_ic=None; outside_anchor_sse=None; outside_augmented_sse=None; accepted=0; final=1,x2,x3^2,sin(x1+x1^2); wrapper_overhead_unoptimized=1",1.0,1.0,6,3,1.0,63,0,0,0,1;x2;x3^2;sin(x1+x1^2),G,balanced,250,250;250;250;250,753613.75,1;x2;x3^2;sin(x1+x1^2),1;x2;x3^2;sin(x1+x1^2),,0.0,0.0,0.0,,0,,,,,0.0
nested_mixed,spurious,0.1,250,4,20102,rcsa-spent-diagnostic,1.0,1.0,1.0,6.063626270619203e-05,0.02766790567782499,0.0,1.0,0.0,frozen-v6-anchor,0.0286494506680498,0.035046835103193605,2.014217210999959,3014371,sin(x1+x1^2);x2;x3^2,0.01167 + 0.596·x₂ + 0.7952·x₃² + 0.9843·sin(x₁+x₁²),"RCSA spent-seed diagnostic; anchor=1,x2,x3^2,sin(x1+x1^2); exception=; in_bank=0; in_anchor=0; attempted=0; eligible=; anchor_role_ic=None; augmented_role_ic=None; outside_anchor_sse=None; outside_augmented_sse=None; accepted=0; final=1,x2,x3^2,sin(x1+x1^2); wrapper_overhead_unoptimized=1",1.0,1.0,6,3,1.0,63,0,0,0,1;x2;x3^2;sin(x1+x1^2),G,balanced,250,250;250;250;250,753592.75,1;x2;x3^2;sin(x1+x1^2),1;x2;x3^2;sin(x1+x1^2),,0.0,0.0,0.0,,0,,,,,0.0
nested_mixed,spurious,0.1,250,4,20103,rcsa-spent-diagnostic,1.0,1.0,1.0,1.6704653426003638e-05,0.022988533061428187,0.0,1.0,0.0,frozen-v6-anchor,0.025705358877757854,0.032247420172170894,2.00317300100005,3011421,sin(x1+x1^2);x2;x3^2,0.01007 + 0.5997·x₂ + 0.7958·x₃² + 1·sin(x₁+x₁²),"RCSA spent-seed diagnostic; anchor=1,x2,x3^2,sin(x1+x1^2); exception=; in_bank=0; in_anchor=0; attempted=0; eligible=; anchor_role_ic=None; augmented_role_ic=None; outside_anchor_sse=None; outside_augmented_sse=None; accepted=0; final=1,x2,x3^2,sin(x1+x1^2); wrapper_overhead_unoptimized=1",1.0,1.0,5,2,1.0,32,0,0,0,1;x2;x3^2;sin(x1+x1^2),G,balanced,250,250;250;250;250,752855.25,1;x2;x3^2;sin(x1+x1^2),1;x2;x3^2;sin(x1+x1^2),,0.0,0.0,0.0,,0,,,,,0.0
nested_mixed,spurious,0.1,250,4,20104,rcsa-spent-diagnostic,1.0,1.0,1.0,8.37405948757424e-06,0.023852094147317936,0.0,1.0,0.0,frozen-v6-anchor,0.02246643434809756,0.03224469284943577,2.1112543020000203,3074242,sin(x1+x1^2);x2;x3^2,-0.00459 + 0.6019·x₂ + 0.801·x₃² + 0.9957·sin(x₁+x₁²),"RCSA spent-seed diagnostic; anchor=1,x2,x3^2,sin(x1+x1^2); exception=; in_bank=0; in_anchor=0; attempted=0; eligible=; anchor_role_ic=None; augmented_role_ic=None; outside_anchor_sse=None; outside_augmented_sse=None; accepted=0; final=1,x2,x3^2,sin(x1+x1^2); wrapper_overhead_unoptimized=1",1.0,1.0,6,3,1.0,63,0,0,0,1;x2;x3^2;sin(x1+x1^2),G,balanced,250,250;250;250;250,768560.5,1;x2;x3^2;sin(x1+x1^2),1;x2;x3^2;sin(x1+x1^2),,0.0,0.0,0.0,,0,,,,,0.0
nested_mixed,spurious,0.1,250,4,20105,rcsa-spent-diagnostic,1.0,1.0,1.0,2.651758120841842e-05,0.027537205250870615,0.0,1.0,0.0,frozen-v6-anchor,0.031051685535287737,0.0432623438236204,2.005532795000022,3015234,sin(x1+x1^2);x2;x3^2,-0.003833 + 0.5984·x₂ + 0.7993·x₃² + 0.9888·sin(x₁+x₁²),"RCSA spent-seed diagnostic; anchor=1,x2,x3^2,sin(x1+x1^2); exception=; in_bank=0; in_anchor=0; attempted=0; eligible=; anchor_role_ic=None; augmented_role_ic=None; outside_anchor_sse=None; outside_augmented_sse=None; accepted=0; final=1,x2,x3^2,sin(x1+x1^2); wrapper_overhead_unoptimized=1",1.0,1.0,6,3,1.0,63,0,0,0,1;x2;x3^2;sin(x1+x1^2),G,balanced,250,250;250;250;250,753808.5,1;x2;x3^2;sin(x1+x1^2),1;x2;x3^2;sin(x1+x1^2),,0.0,0.0,0.0,,0,,,,,0.0
nested_mixed,spurious,0.2,100,4,20101,rcsa-spent-diagnostic,1.0,1.0,1.0,0.00012834613932122266,0.07592528573436674,0.0,1.0,0.0,frozen-v6-anchor,0.0654058072238596,0.11370469884348276,1.9721588329999804,2991905,sin(x1+x1^2);x2;x3^2,-0.02028 + 0.5968·x₂ + 0.8105·x₃² + 1.015·sin(x₁+x₁²),"RCSA spent-seed diagnostic; anchor=1,x2,x3^2,sin(x1+x1^2); exception=; in_bank=0; in_anchor=0; attempted=0; eligible=; anchor_role_ic=None; augmented_role_ic=None; outside_anchor_sse=None; outside_augmented_sse=None; accepted=0; final=1,x2,x3^2,sin(x1+x1^2); wrapper_overhead_unoptimized=1",1.0,1.0,5,2,1.0,32,0,0,0,1;x2;x3^2;sin(x1+x1^2),G,balanced,100,100;100;100;100,747976.25,1;x2;x3^2;sin(x1+x1^2),1;x2;x3^2;sin(x1+x1^2),,0.0,0.0,0.0,,0,,,,,0.0
nested_mixed,spurious,0.2,100,4,20102,rcsa-spent-diagnostic,1.0,1.0,1.0,0.00030302849099679053,0.07998351512801222,0.0,1.0,0.0,frozen-v6-anchor,0.08559521642335911,0.11431231513501909,1.9575263729999506,2993494,sin(x1+x1^2);x2;x3^2,-0.03202 + 0.5904·x₂ + 0.8068·x₃² + 1.034·sin(x₁+x₁²),"RCSA spent-seed diagnostic; anchor=1,x2,x3^2,sin(x1+x1^2); exception=; in_bank=0; in_anchor=0; attempted=0; eligible=; anchor_role_ic=None; augmented_role_ic=None; outside_anchor_sse=None; outside_augmented_sse=None; accepted=0; final=1,x2,x3^2,sin(x1+x1^2); wrapper_overhead_unoptimized=1",1.0,1.0,5,2,1.0,32,0,0,0,1;x2;x3^2;sin(x1+x1^2),G,balanced,100,100;100;100;100,748373.5,1;x2;x3^2;sin(x1+x1^2),1;x2;x3^2;sin(x1+x1^2),,0.0,0.0,0.0,,0,,,,,0.0
nested_mixed,spurious,0.2,100,4,20103,rcsa-spent-diagnostic,1.0,1.0,1.0,0.00023770932648007486,0.10423270652833416,0.0,1.0,0.0,frozen-v6-anchor,0.12601676890990052,0.20243782853686695,2.0065001909999864,3026984,sin(x1+x1^2);x2;x3^2,-0.021 + 0.6006·x₂ + 0.8148·x₃² + 1.006·sin(x₁+x₁²),"RCSA spent-seed diagnostic; anchor=1,x2,x3^2,sin(x1+x1^2); exception=; in_bank=0; in_anchor=0; attempted=0; eligible=; anchor_role_ic=None; augmented_role_ic=None; outside_anchor_sse=None; outside_augmented_sse=None; accepted=0; final=1,x2,x3^2,sin(x1+x1^2); wrapper_overhead_unoptimized=1",1.0,1.0,6,3,1.0,63,0,0,0,1;x2;x3^2;sin(x1+x1^2),G,balanced,100,100;100;100;100,756746.0,1;x2;x3^2;sin(x1+x1^2),1;x2;x3^2;sin(x1+x1^2),,0.0,0.0,0.0,,0,,,,,0.0
nested_mixed,spurious,0.2,100,4,20104,rcsa-spent-diagnostic,1.0,1.0,1.0,0.0003883438370649273,0.10914789642827152,0.0,1.0,0.0,frozen-v6-anchor,0.08889665651540077,0.1167265137143391,1.978316042000074,2996768,sin(x1+x1^2);x2;x3^2,-0.03378 + 0.592·x₂ + 0.7991·x₃² + 1.008·sin(x₁+x₁²),"RCSA spent-seed diagnostic; anchor=1,x2,x3^2,sin(x1+x1^2); exception=; in_bank=0; in_anchor=0; attempted=0; eligible=; anchor_role_ic=None; augmented_role_ic=None; outside_anchor_sse=None; outside_augmented_sse=None; accepted=0; final=1,x2,x3^2,sin(x1+x1^2); wrapper_overhead_unoptimized=1",1.0,1.0,6,3,0.0,63,0,1,0,1;x2;x3^2;sin(x1+x1^2),G,balanced,100,100;100;100;100,749192.0,1;x2;x3^2;sin(x1+x1^2),1;x2;x3^2;sin(x1+x1^2),,0.0,0.0,0.0,,0,,,,,0.0
nested_mixed,spurious,0.2,100,4,20105,rcsa-spent-diagnostic,1.0,1.0,1.0,0.00013392850152556712,0.10957108547606506,0.0,1.0,0.0,frozen-v6-anchor,0.1444565714517313,0.17284093750385027,1.9768379350000487,2998106,sin(x1+x1^2);x2;x3^2,-0.0279 + 0.5939·x₂ + 0.8053·x₃² + 0.9998·sin(x₁+x₁²),"RCSA spent-seed diagnostic; anchor=1,x2,x3^2,sin(x1+x1^2); exception=; in_bank=0; in_anchor=0; attempted=0; eligible=; anchor_role_ic=None; augmented_role_ic=None; outside_anchor_sse=None; outside_augmented_sse=None; accepted=0; final=1,x2,x3^2,sin(x1+x1^2); wrapper_overhead_unoptimized=1",1.0,1.0,6,3,1.0,63,0,0,0,1;x2;x3^2;sin(x1+x1^2),G,balanced,100,100;100;100;100,749526.5,1;x2;x3^2;sin(x1+x1^2),1;x2;x3^2;sin(x1+x1^2),,0.0,0.0,0.0,,0,,,,,0.0
nested_mixed,spurious,0.2,250,4,20101,rcsa-spent-diagnostic,1.0,1.0,1.0,0.00022406028846172246,0.09366199956810599,0.0,1.0,0.0,frozen-v6-anchor,0.09732066270043363,0.136770056209957,2.0088475320000043,3011916,sin(x1+x1^2);x2;x3^2,-0.02821 + 0.6099·x₂ + 0.8059·x₃² + 0.9827·sin(x₁+x₁²),"RCSA spent-seed diagnostic; anchor=1,x2,x3^2,sin(x1+x1^2); exception=; in_bank=0; in_anchor=0; attempted=0; eligible=; anchor_role_ic=None; augmented_role_ic=None; outside_anchor_sse=None; outside_augmented_sse=None; accepted=0; final=1,x2,x3^2,sin(x1+x1^2); wrapper_overhead_unoptimized=1",1.0,1.0,6,3,1.0,63,0,0,0,1;x2;x3^2;sin(x1+x1^2),G,balanced,250,250;250;250;250,752979.0,1;x2;x3^2;sin(x1+x1^2),1;x2;x3^2;sin(x1+x1^2),,0.0,0.0,0.0,,0,,,,,0.0
nested_mixed,spurious,0.2,250,4,20102,rcsa-spent-diagnostic,1.0,1.0,1.0,0.00024254505049989963,0.11067162271129996,0.0,1.0,0.0,frozen-v6-anchor,0.11459780267217971,0.14018734041272296,2.0152360570000383,3011687,sin(x1+x1^2);x2;x3^2,0.02334 + 0.5919·x₂ + 0.7905·x₃² + 0.9686·sin(x₁+x₁²),"RCSA spent-seed diagnostic; anchor=1,x2,x3^2,sin(x1+x1^2); exception=; in_bank=0; in_anchor=0; attempted=0; eligible=; anchor_role_ic=None; augmented_role_ic=None; outside_anchor_sse=None; outside_augmented_sse=None; accepted=0; final=1,x2,x3^2,sin(x1+x1^2); wrapper_overhead_unoptimized=1",1.0,1.0,6,3,1.0,63,0,0,0,1;x2;x3^2;sin(x1+x1^2),G,balanced,250,250;250;250;250,752921.75,1;x2;x3^2;sin(x1+x1^2),1;x2;x3^2;sin(x1+x1^2),,0.0,0.0,0.0,,0,,,,,0.0
nested_mixed,spurious,0.2,250,4,20103,rcsa-spent-diagnostic,1.0,1.0,1.0,6.68186136507306e-05,0.09195413224571274,0.0,1.0,0.0,frozen-v6-anchor,0.10282143551103899,0.12898968068867206,2.010342264999963,3009003,sin(x1+x1^2);x2;x3^2,0.02013 + 0.5993·x₂ + 0.7917·x₃² + 1.001·sin(x₁+x₁²),"RCSA spent-seed diagnostic; anchor=1,x2,x3^2,sin(x1+x1^2); exception=; in_bank=0; in_anchor=0; attempted=0; eligible=; anchor_role_ic=None; augmented_role_ic=None; outside_anchor_sse=None; outside_augmented_sse=None; accepted=0; final=1,x2,x3^2,sin(x1+x1^2); wrapper_overhead_unoptimized=1",1.0,1.0,5,2,1.0,32,0,0,0,1;x2;x3^2;sin(x1+x1^2),G,balanced,250,250;250;250;250,752250.75,1;x2;x3^2;sin(x1+x1^2),1;x2;x3^2;sin(x1+x1^2),,0.0,0.0,0.0,,0,,,,,0.0
nested_mixed,spurious,0.2,250,4,20104,rcsa-spent-diagnostic,1.0,1.0,1.0,3.3496237928491104e-05,0.09540837658927175,0.0,1.0,0.0,frozen-v6-anchor,0.089865737392384,0.12897877139773078,2.026521650999939,3012215,sin(x1+x1^2);x2;x3^2,-0.00918 + 0.6038·x₂ + 0.8019·x₃² + 0.9914·sin(x₁+x₁²),"RCSA spent-seed diagnostic; anchor=1,x2,x3^2,sin(x1+x1^2); exception=; in_bank=0; in_anchor=0; attempted=0; eligible=; anchor_role_ic=None; augmented_role_ic=None; outside_anchor_sse=None; outside_augmented_sse=None; accepted=0; final=1,x2,x3^2,sin(x1+x1^2); wrapper_overhead_unoptimized=1",1.0,1.0,6,3,1.0,63,0,0,0,1;x2;x3^2;sin(x1+x1^2),G,balanced,250,250;250;250;250,753053.75,1;x2;x3^2;sin(x1+x1^2),1;x2;x3^2;sin(x1+x1^2),,0.0,0.0,0.0,,0,,,,,0.0
nested_mixed,spurious,0.2,250,4,20105,rcsa-spent-diagnostic,1.0,1.0,1.0,0.00010607032466357953,0.11014882100348246,0.0,1.0,0.0,frozen-v6-anchor,0.12420674214115066,0.17304937529444167,2.0168884330000765,3012504,sin(x1+x1^2);x2;x3^2,-0.007666 + 0.5968·x₂ + 0.7986·x₃² + 0.9776·sin(x₁+x₁²),"RCSA spent-seed diagnostic; anchor=1,x2,x3^2,sin(x1+x1^2); exception=; in_bank=0; in_anchor=0; attempted=0; eligible=; anchor_role_ic=None; augmented_role_ic=None; outside_anchor_sse=None; outside_augmented_sse=None; accepted=0; final=1,x2,x3^2,sin(x1+x1^2); wrapper_overhead_unoptimized=1",1.0,1.0,6,3,1.0,63,0,0,0,1;x2;x3^2;sin(x1+x1^2),G,balanced,250,250;250;250;250,753126.0,1;x2;x3^2;sin(x1+x1^2),1;x2;x3^2;sin(x1+x1^2),,0.0,0.0,0.0,,0,,,,,0.0
nested_mixed,exception,0.1,100,4,20101,rcsa-spent-diagnostic,1.0,1.0,1.0,0.0001110215907663513,0.07921663271123831,0.0,1.0,0.0,frozen-v6-anchor,0.05617035202486906,0.06981492821305389,3.240874811000026,3716338,I(x3>1)*x3^2;sin(x1+x1^2);x2;x3^2,-0.01028 + 0.6032·x₂ + 0.8124·x₃² + 0.7473·𝟙[x₃>1]·x₃² + 1.021·sin(x₁+x₁²),"RCSA spent-seed diagnostic; anchor=1,x2,x3^2,I(x3>1)*x3^2,sin(x1+x1^2); exception=I(x3>1)*x3^2; in_bank=1; in_anchor=1; attempted=0; eligible=; anchor_role_ic=None; augmented_role_ic=None; outside_anchor_sse=None; outside_augmented_sse=None; accepted=0; final=1,x2,x3^2,I(x3>1)*x3^2,sin(x1+x1^2); wrapper_overhead_unoptimized=1",1.0,1.0,5,1,1.0,32,0,0,1,1;x2;x3^2;I(x3>1)*x3^2;sin(x1+x1^2),G,balanced,100,100;100;100;100,929084.5,1;x2;x3^2;I(x3>1)*x3^2;sin(x1+x1^2),1;x2;x3^2;I(x3>1)*x3^2;sin(x1+x1^2),I(x3>1)*x3^2,1.0,1.0,0.0,,0,,,,,0.0
nested_mixed,exception,0.1,100,4,20102,rcsa-spent-diagnostic,1.0,1.0,1.0,0.0001200259330121354,0.07906154463529877,0.0,1.0,0.0,frozen-v6-anchor,0.08238587426437824,0.0996919762225223,2.9980598580000333,3593747,I(x3>1)*x3^2;sin(x1+x1^2);x2;x3^2,-0.003692 + 0.6006·x₂ + 0.7998·x₃² + 0.7358·𝟙[x₃>1]·x₃² + 1·sin(x₁+x₁²),"RCSA spent-seed diagnostic; anchor=1,x2,x3^2,I(x3>1)*x3^2,sin(x1+x1^2); exception=I(x3>1)*x3^2; in_bank=1; in_anchor=1; attempted=0; eligible=; anchor_role_ic=None; augmented_role_ic=None; outside_anchor_sse=None; outside_augmented_sse=None; accepted=0; final=1,x2,x3^2,I(x3>1)*x3^2,sin(x1+x1^2); wrapper_overhead_unoptimized=1",1.0,1.0,6,2,1.0,63,0,0,1,1;x2;x3^2;I(x3>1)*x3^2;sin(x1+x1^2),G,balanced,100,100;100;100;100,898436.75,1;x2;x3^2;I(x3>1)*x3^2;sin(x1+x1^2),1;x2;x3^2;I(x3>1)*x3^2;sin(x1+x1^2),I(x3>1)*x3^2,1.0,1.0,0.0,,0,,,,,0.0
nested_mixed,exception,0.1,100,4,20103,rcsa-spent-diagnostic,1.0,1.0,1.0,0.00015602037753355906,0.0897679402280335,0.0,1.0,0.0,frozen-v6-anchor,0.09746532308728331,0.14535239201525202,2.8236475879999716,3498105,I(x3>1)*x3^2;sin(x1+x1^2);x2;x3^2,0.003964 + 0.5963·x₂ + 0.7871·x₃² + 0.7619·𝟙[x₃>1]·x₃² + 1.041·sin(x₁+x₁²),"RCSA spent-seed diagnostic; anchor=1,x2,x3^2,I(x3>1)*x3^2,sin(x1+x1^2); exception=I(x3>1)*x3^2; in_bank=1; in_anchor=1; attempted=0; eligible=; anchor_role_ic=None; augmented_role_ic=None; outside_anchor_sse=None; outside_augmented_sse=None; accepted=0; final=1,x2,x3^2,I(x3>1)*x3^2,sin(x1+x1^2); wrapper_overhead_unoptimized=1",1.0,1.0,5,1,1.0,32,0,0,1,1;x2;x3^2;I(x3>1)*x3^2;sin(x1+x1^2),G,balanced,100,100;100;100;100,874526.25,1;x2;x3^2;I(x3>1)*x3^2;sin(x1+x1^2),1;x2;x3^2;I(x3>1)*x3^2;sin(x1+x1^2),I(x3>1)*x3^2,1.0,1.0,0.0,,0,,,,,0.0
nested_mixed,exception,0.1,100,4,20104,rcsa-spent-diagnostic,1.0,1.0,1.0,0.00015276965716107848,0.08457114665382347,0.0,1.0,0.0,frozen-v6-anchor,0.10477867498834322,0.13516727869369588,2.898376302000088,3530089,I(x3>1)*x3^2;sin(x1+x1^2);x2;x3^2,-0.04793 + 0.6053·x₂ + 0.8107·x₃² + 0.7524·𝟙[x₃>1]·x₃² + 0.9956·sin(x₁+x₁²),"RCSA spent-seed diagnostic; anchor=1,x2,x3^2,I(x3>1)*x3^2,sin(x1+x1^2); exception=I(x3>1)*x3^2; in_bank=1; in_anchor=1; attempted=0; eligible=; anchor_role_ic=None; augmented_role_ic=None; outside_anchor_sse=None; outside_augmented_sse=None; accepted=0; final=1,x2,x3^2,I(x3>1)*x3^2,sin(x1+x1^2); wrapper_overhead_unoptimized=1",1.0,1.0,6,2,0.0,63,0,1,1,1;x2;x3^2;I(x3>1)*x3^2;sin(x1+x1^2),G,balanced,100,100;100;100;100,882522.25,1;x2;x3^2;I(x3>1)*x3^2;sin(x1+x1^2),1;x2;x3^2;I(x3>1)*x3^2;sin(x1+x1^2),I(x3>1)*x3^2,1.0,1.0,0.0,,0,,,,,0.0
nested_mixed,exception,0.1,100,4,20105,rcsa-spent-diagnostic,1.0,1.0,1.0,8.197657576491875e-05,0.08493712974430377,0.0,1.0,0.0,frozen-v6-anchor,0.06385609587104153,0.09641043493041555,2.9451817940000637,3561987,I(x3>1)*x3^2;sin(x1+x1^2);x2;x3^2,-0.01801 + 0.5927·x₂ + 0.7964·x₃² + 0.7607·𝟙[x₃>1]·x₃² + 1.003·sin(x₁+x₁²),"RCSA spent-seed diagnostic; anchor=1,x2,x3^2,I(x3>1)*x3^2,sin(x1+x1^2); exception=I(x3>1)*x3^2; in_bank=1; in_anchor=1; attempted=0; eligible=; anchor_role_ic=None; augmented_role_ic=None; outside_anchor_sse=None; outside_augmented_sse=None; accepted=0; final=1,x2,x3^2,I(x3>1)*x3^2,sin(x1+x1^2); wrapper_overhead_unoptimized=1",1.0,1.0,6,2,1.0,63,0,0,1,1;x2;x3^2;I(x3>1)*x3^2;sin(x1+x1^2),G,balanced,100,100;100;100;100,890496.75,1;x2;x3^2;I(x3>1)*x3^2;sin(x1+x1^2),1;x2;x3^2;I(x3>1)*x3^2;sin(x1+x1^2),I(x3>1)*x3^2,1.0,1.0,0.0,,0,,,,,0.0
nested_mixed,exception,0.1,250,4,20101,rcsa-spent-diagnostic,1.0,1.0,1.0,0.00011567276290016902,0.08227934388196265,0.0,1.0,0.0,frozen-v6-anchor,0.08696293557938818,0.10570156012867542,2.5878113810000514,3359457,I(x3>1)*x3^2;sin(x1+x1^2);x2;x3^2,-0.0007077 + 0.6096·x₂ + 0.7948·x₃² + 0.7445·𝟙[x₃>1]·x₃² + 0.9917·sin(x₁+x₁²),"RCSA spent-seed diagnostic; anchor=1,x2,x3^2,I(x3>1)*x3^2,sin(x1+x1^2); exception=I(x3>1)*x3^2; in_bank=1; in_anchor=1; attempted=0; eligible=; anchor_role_ic=None; augmented_role_ic=None; outside_anchor_sse=None; outside_augmented_sse=None; accepted=0; final=1,x2,x3^2,I(x3>1)*x3^2,sin(x1+x1^2); wrapper_overhead_unoptimized=1",1.0,1.0,6,2,1.0,63,0,0,1,1;x2;x3^2;I(x3>1)*x3^2;sin(x1+x1^2),G,balanced,250,250;250;250;250,839864.25,1;x2;x3^2;I(x3>1)*x3^2;sin(x1+x1^2),1;x2;x3^2;I(x3>1)*x3^2;sin(x1+x1^2),I(x3>1)*x3^2,1.0,1.0,0.0,,0,,,,,0.0
nested_mixed,exception,0.1,250,4,20102,rcsa-spent-diagnostic,1.0,1.0,1.0,8.597835580584962e-05,0.0785596949995465,0.0,1.0,0.0,frozen-v6-anchor,0.08098137471646374,0.0942010844829791,2.5373045630000206,3333808,I(x3>1)*x3^2;sin(x1+x1^2);x2;x3^2,0.03149 + 0.6042·x₂ + 0.7959·x₃² + 0.7425·𝟙[x₃>1]·x₃² + 1.006·sin(x₁+x₁²),"RCSA spent-seed diagnostic; anchor=1,x2,x3^2,I(x3>1)*x3^2,sin(x1+x1^2); exception=I(x3>1)*x3^2; in_bank=1; in_anchor=1; attempted=0; eligible=; anchor_role_ic=None; augmented_role_ic=None; outside_anchor_sse=None; outside_augmented_sse=None; accepted=0; final=1,x2,x3^2,I(x3>1)*x3^2,sin(x1+x1^2); wrapper_overhead_unoptimized=1",1.0,1.0,6,2,1.0,63,0,0,1,1;x2;x3^2;I(x3>1)*x3^2;sin(x1+x1^2),G,balanced,250,250;250;250;250,833452.0,1;x2;x3^2;I(x3>1)*x3^2;sin(x1+x1^2),1;x2;x3^2;I(x3>1)*x3^2;sin(x1+x1^2),I(x3>1)*x3^2,1.0,1.0,0.0,,0,,,,,0.0
nested_mixed,exception,0.1,250,4,20103,rcsa-spent-diagnostic,1.0,1.0,1.0,2.3150682837559303e-05,0.06527670384682124,0.0,1.0,0.0,frozen-v6-anchor,0.0621886394206255,0.0883957488351979,2.6481307370000877,3392863,I(x3>1)*x3^2;sin(x1+x1^2);x2;x3^2,0.001532 + 0.6022·x₂ + 0.7959·x₃² + 0.7558·𝟙[x₃>1]·x₃² + 1.015·sin(x₁+x₁²),"RCSA spent-seed diagnostic; anchor=1,x2,x3^2,I(x3>1)*x3^2,sin(x1+x1^2); exception=I(x3>1)*x3^2; in_bank=1; in_anchor=1; attempted=0; eligible=; anchor_role_ic=None; augmented_role_ic=None; outside_anchor_sse=None; outside_augmented_sse=None; accepted=0; final=1,x2,x3^2,I(x3>1)*x3^2,sin(x1+x1^2); wrapper_overhead_unoptimized=1",1.0,1.0,6,2,1.0,63,0,0,1,1;x2;x3^2;I(x3>1)*x3^2;sin(x1+x1^2),G,balanced,250,250;250;250;250,848215.75,1;x2;x3^2;I(x3>1)*x3^2;sin(x1+x1^2),1;x2;x3^2;I(x3>1)*x3^2;sin(x1+x1^2),I(x3>1)*x3^2,1.0,1.0,0.0,,0,,,,,0.0
nested_mixed,exception,0.1,250,4,20104,rcsa-spent-diagnostic,1.0,1.0,1.0,6.98345593956474e-05,0.06816593414006289,0.0,1.0,0.0,frozen-v6-anchor,0.07249262543035175,0.08605645858962264,2.6519372800000838,3393821,I(x3>1)*x3^2;sin(x1+x1^2);x2;x3^2,-0.01926 + 0.5979·x₂ + 0.8016·x₃² + 0.7456·𝟙[x₃>1]·x₃² + 1.019·sin(x₁+x₁²),"RCSA spent-seed diagnostic; anchor=1,x2,x3^2,I(x3>1)*x3^2,sin(x1+x1^2); exception=I(x3>1)*x3^2; in_bank=1; in_anchor=1; attempted=0; eligible=; anchor_role_ic=None; augmented_role_ic=None; outside_anchor_sse=None; outside_augmented_sse=None; accepted=0; final=1,x2,x3^2,I(x3>1)*x3^2,sin(x1+x1^2); wrapper_overhead_unoptimized=1",1.0,1.0,6,2,1.0,63,0,0,1,1;x2;x3^2;I(x3>1)*x3^2;sin(x1+x1^2),G,balanced,250,250;250;250;250,848455.25,1;x2;x3^2;I(x3>1)*x3^2;sin(x1+x1^2),1;x2;x3^2;I(x3>1)*x3^2;sin(x1+x1^2),I(x3>1)*x3^2,1.0,1.0,0.0,,0,,,,,0.0
nested_mixed,exception,0.1,250,4,20105,rcsa-spent-diagnostic,1.0,1.0,1.0,6.436342604992096e-05,0.07997531990435484,0.0,1.0,0.0,frozen-v6-anchor,0.07360619778818984,0.09193390695008315,2.590117487000043,3361769,I(x3>1)*x3^2;sin(x1+x1^2);x2;x3^2,-0.01268 + 0.6048·x₂ + 0.801·x₃² + 0.7505·𝟙[x₃>1]·x₃² + 0.9749·sin(x₁+x₁²),"RCSA spent-seed diagnostic; anchor=1,x2,x3^2,I(x3>1)*x3^2,sin(x1+x1^2); exception=I(x3>1)*x3^2; in_bank=1; in_anchor=1; attempted=0; eligible=; anchor_role_ic=None; augmented_role_ic=None; outside_anchor_sse=None; outside_augmented_sse=None; accepted=0; final=1,x2,x3^2,I(x3>1)*x3^2,sin(x1+x1^2); wrapper_overhead_unoptimized=1",1.0,1.0,6,2,1.0,63,0,0,1,1;x2;x3^2;I(x3>1)*x3^2;sin(x1+x1^2),G,balanced,250,250;250;250;250,840442.25,1;x2;x3^2;I(x3>1)*x3^2;sin(x1+x1^2),1;x2;x3^2;I(x3>1)*x3^2;sin(x1+x1^2),I(x3>1)*x3^2,1.0,1.0,0.0,,0,,,,,0.0
nested_mixed,exception,0.2,100,4,20101,rcsa-spent-diagnostic,1.0,1.0,1.0,0.00044408636354769927,0.31686653084495314,0.0,1.0,0.0,frozen-v6-anchor,0.22468140809957404,0.27925971285254053,2.9528155550000292,3560731,I(x3>1)*x3^2;sin(x1+x1^2);x2;x3^2,-0.02057 + 0.6065·x₂ + 0.8248·x₃² + 0.7447·𝟙[x₃>1]·x₃² + 1.042·sin(x₁+x₁²),"RCSA spent-seed diagnostic; anchor=1,x2,x3^2,I(x3>1)*x3^2,sin(x1+x1^2); exception=I(x3>1)*x3^2; in_bank=1; in_anchor=1; attempted=0; eligible=; anchor_role_ic=None; augmented_role_ic=None; outside_anchor_sse=None; outside_augmented_sse=None; accepted=0; final=1,x2,x3^2,I(x3>1)*x3^2,sin(x1+x1^2); wrapper_overhead_unoptimized=1",1.0,1.0,6,2,0.0,63,0,1,1,1;x2;x3^2;I(x3>1)*x3^2;sin(x1+x1^2),G,balanced,100,100;100;100;100,890182.75,1;x2;x3^2;I(x3>1)*x3^2;sin(x1+x1^2),1;x2;x3^2;I(x3>1)*x3^2;sin(x1+x1^2),I(x3>1)*x3^2,1.0,1.0,0.0,,0,,,,,0.0
nested_mixed,exception,0.2,100,4,20102,rcsa-spent-diagnostic,1.0,1.0,1.0,0.0004801037319787968,0.3162461785411951,0.0,1.0,0.0,frozen-v6-anchor,0.3295434970575048,0.39876790489002617,3.0620264309999357,3622629,I(x3>1)*x3^2;sin(x1+x1^2);x2;x3^2,-0.007383 + 0.6012·x₂ + 0.7996·x₃² + 0.7217·𝟙[x₃>1]·x₃² + 1.001·sin(x₁+x₁²),"RCSA spent-seed diagnostic; anchor=1,x2,x3^2,I(x3>1)*x3^2,sin(x1+x1^2); exception=I(x3>1)*x3^2; in_bank=1; in_anchor=1; attempted=0; eligible=; anchor_role_ic=None; augmented_role_ic=None; outside_anchor_sse=None; outside_augmented_sse=None; accepted=0; final=1,x2,x3^2,I(x3>1)*x3^2,sin(x1+x1^2); wrapper_overhead_unoptimized=1",1.0,1.0,6,2,1.0,63,0,0,1,1;x2;x3^2;I(x3>1)*x3^2;sin(x1+x1^2),G,balanced,100,100;100;100;100,905657.25,1;x2;x3^2;I(x3>1)*x3^2;sin(x1+x1^2),1;x2;x3^2;I(x3>1)*x3^2;sin(x1+x1^2),I(x3>1)*x3^2,1.0,1.0,0.0,,0,,,,,0.0
nested_mixed,exception,0.2,100,4,20103,rcsa-spent-diagnostic,0.0,0.75,0.75,0.00928147546944911,0.4134825052550875,0.0,1.0,0.0,frozen-v6-anchor,0.3852844545705363,0.6148950932491137,2.844157655999993,3496475,I(x3>1)*x3^2;cos(x3);sin(x1+x1^2);x2,2.127 + 0.5722·x₂ - 2.311·cos(x₃) + 0.8188·𝟙[x₃>1]·x₃² + 1.104·sin(x₁+x₁²),"RCSA spent-seed diagnostic; anchor=1,x2,cos(x3),I(x3>1)*x3^2,sin(x1+x1^2); exception=I(x3>1)*x3^2; in_bank=1; in_anchor=1; attempted=0; eligible=; anchor_role_ic=None; augmented_role_ic=None; outside_anchor_sse=None; outside_augmented_sse=None; accepted=0; final=1,x2,cos(x3),I(x3>1)*x3^2,sin(x1+x1^2); wrapper_overhead_unoptimized=1",1.0,1.0,6,2,0.0,63,0,1,1,1;x2;cos(x3);I(x3>1)*x3^2;sin(x1+x1^2),G,balanced,100,100;100;100;100,874118.75,1;x2;cos(x3);I(x3>1)*x3^2;sin(x1+x1^2),1;x2;cos(x3);I(x3>1)*x3^2;sin(x1+x1^2),I(x3>1)*x3^2,1.0,1.0,0.0,,0,,,,,0.0
nested_mixed,exception,0.2,100,4,20104,rcsa-spent-diagnostic,0.0,0.75,0.75,0.016373260862925933,0.4826536212848751,0.0,0.0,0.0,frozen-v6-anchor,0.4916857847385876,0.6674809589798945,2.83368490700002,3512074,sin(x1+x1^2);x2;x3;x3^2,-0.1729 + 0.6284·x₂ + 0.6534·x₃ + 1.222·x₃² + 0.9703·sin(x₁+x₁²),"RCSA spent-seed diagnostic; anchor=1,x2,x3,x3^2,sin(x1+x1^2); exception=I(x3>1)*x3^2; in_bank=1; in_anchor=0; attempted=1; eligible=client-4; anchor_role_ic=0.34605915662762854; augmented_role_ic=1.186206268014616; outside_anchor_sse=25.325458658716663; outside_augmented_sse=21.871979470032432; accepted=0; final=1,x2,x3,x3^2,sin(x1+x1^2); wrapper_overhead_unoptimized=1",1.0,1.0,6,2,0.0,63,1,2,0,1;x2;x3;x3^2;sin(x1+x1^2),G,balanced,100,100;100;100;100,878018.5,1;x2;x3;x3^2;sin(x1+x1^2),1;x2;x3;x3^2;sin(x1+x1^2),I(x3>1)*x3^2,1.0,0.0,1.0,client-4,15,0.34605915662762854,1.186206268014616,25.325458658716663,21.871979470032432,0.0
nested_mixed,exception,0.2,100,4,20105,rcsa-spent-diagnostic,1.0,1.0,1.0,0.0003279063031582123,0.3397485189772151,0.0,1.0,0.0,frozen-v6-anchor,0.2554243834840842,0.3856417397217001,2.9561794080000254,3560027,I(x3>1)*x3^2;sin(x1+x1^2);x2;x3^2,-0.03601 + 0.5854·x₂ + 0.7928·x₃² + 0.7714·𝟙[x₃>1]·x₃² + 1.005·sin(x₁+x₁²),"RCSA spent-seed diagnostic; anchor=1,x2,x3^2,I(x3>1)*x3^2,sin(x1+x1^2); exception=I(x3>1)*x3^2; in_bank=1; in_anchor=1; attempted=0; eligible=; anchor_role_ic=None; augmented_role_ic=None; outside_anchor_sse=None; outside_augmented_sse=None; accepted=0; final=1,x2,x3^2,I(x3>1)*x3^2,sin(x1+x1^2); wrapper_overhead_unoptimized=1",1.0,1.0,6,2,1.0,63,0,0,1,1;x2;x3^2;I(x3>1)*x3^2;sin(x1+x1^2),G,balanced,100,100;100;100;100,890006.75,1;x2;x3^2;I(x3>1)*x3^2;sin(x1+x1^2),1;x2;x3^2;I(x3>1)*x3^2;sin(x1+x1^2),I(x3>1)*x3^2,1.0,1.0,0.0,,0,,,,,0.0
nested_mixed,exception,0.2,250,4,20101,rcsa-spent-diagnostic,1.0,1.0,1.0,0.00046269105154478547,0.32911737552785053,0.0,1.0,0.0,frozen-v6-anchor,0.3478517423176072,0.4228062405147435,3.05695932499998,3604266,I(x3>1)*x3^2;sin(x1+x1^2);x2;x3^2,-0.001415 + 0.6192·x₂ + 0.7896·x₃² + 0.739·𝟙[x₃>1]·x₃² + 0.9833·sin(x₁+x₁²),"RCSA spent-seed diagnostic; anchor=1,x2,x3^2,I(x3>1)*x3^2,sin(x1+x1^2); exception=I(x3>1)*x3^2; in_bank=1; in_anchor=1; attempted=0; eligible=; anchor_role_ic=None; augmented_role_ic=None; outside_anchor_sse=None; outside_augmented_sse=None; accepted=0; final=1,x2,x3^2,I(x3>1)*x3^2,sin(x1+x1^2); wrapper_overhead_unoptimized=1",1.0,1.0,6,2,1.0,63,0,0,1,1;x2;x3^2;I(x3>1)*x3^2;sin(x1+x1^2),G,balanced,250,250;250;250;250,901066.5,1;x2;x3^2;I(x3>1)*x3^2;sin(x1+x1^2),1;x2;x3^2;I(x3>1)*x3^2;sin(x1+x1^2),I(x3>1)*x3^2,1.0,1.0,0.0,,0,,,,,0.0
nested_mixed,exception,0.2,250,4,20102,rcsa-spent-diagnostic,1.0,1.0,1.0,0.0003439134232132009,0.314238779998186,0.0,1.0,0.0,frozen-v6-anchor,0.3239254988658368,0.37680433793187684,3.0127474860000802,3577735,I(x3>1)*x3^2;sin(x1+x1^2);x2;x3^2,0.06297 + 0.6084·x₂ + 0.7919·x₃² + 0.7351·𝟙[x₃>1]·x₃² + 1.012·sin(x₁+x₁²),"RCSA spent-seed diagnostic; anchor=1,x2,x3^2,I(x3>1)*x3^2,sin(x1+x1^2); exception=I(x3>1)*x3^2; in_bank=1; in_anchor=1; attempted=0; eligible=; anchor_role_ic=None; augmented_role_ic=None; outside_anchor_sse=None; outside_augmented_sse=None; accepted=0; final=1,x2,x3^2,I(x3>1)*x3^2,sin(x1+x1^2); wrapper_overhead_unoptimized=1",1.0,1.0,6,2,1.0,63,0,0,1,1;x2;x3^2;I(x3>1)*x3^2;sin(x1+x1^2),G,balanced,250,250;250;250;250,894433.75,1;x2;x3^2;I(x3>1)*x3^2;sin(x1+x1^2),1;x2;x3^2;I(x3>1)*x3^2;sin(x1+x1^2),I(x3>1)*x3^2,1.0,1.0,0.0,,0,,,,,0.0
nested_mixed,exception,0.2,250,4,20103,rcsa-spent-diagnostic,1.0,1.0,1.0,9.260273148573158e-05,0.261106815387285,0.0,1.0,0.0,frozen-v6-anchor,0.24875455768244092,0.35358299534081844,2.8265501600000107,3484320,I(x3>1)*x3^2;sin(x1+x1^2);x2;x3^2,0.003064 + 0.6044·x₂ + 0.7919·x₃² + 0.7616·𝟙[x₃>1]·x₃² + 1.031·sin(x₁+x₁²),"RCSA spent-seed diagnostic; anchor=1,x2,x3^2,I(x3>1)*x3^2,sin(x1+x1^2); exception=I(x3>1)*x3^2; in_bank=1; in_anchor=1; attempted=0; eligible=; anchor_role_ic=None; augmented_role_ic=None; outside_anchor_sse=None; outside_augmented_sse=None; accepted=0; final=1,x2,x3^2,I(x3>1)*x3^2,sin(x1+x1^2); wrapper_overhead_unoptimized=1",1.0,1.0,6,2,1.0,63,0,0,1,1;x2;x3^2;I(x3>1)*x3^2;sin(x1+x1^2),G,balanced,250,250;250;250;250,871080.0,1;x2;x3^2;I(x3>1)*x3^2;sin(x1+x1^2),1;x2;x3^2;I(x3>1)*x3^2;sin(x1+x1^2),I(x3>1)*x3^2,1.0,1.0,0.0,,0,,,,,0.0
nested_mixed,exception,0.2,250,4,20104,rcsa-spent-diagnostic,1.0,1.0,1.0,0.0002793382377101694,0.27266373656025156,0.0,1.0,0.0,frozen-v6-anchor,0.2899705017213943,0.3442258343585928,3.1816909039999928,3668383,I(x3>1)*x3^2;sin(x1+x1^2);x2;x3^2,-0.03852 + 0.5958·x₂ + 0.8031·x₃² + 0.7411·𝟙[x₃>1]·x₃² + 1.038·sin(x₁+x₁²),"RCSA spent-seed diagnostic; anchor=1,x2,x3^2,I(x3>1)*x3^2,sin(x1+x1^2); exception=I(x3>1)*x3^2; in_bank=1; in_anchor=1; attempted=0; eligible=; anchor_role_ic=None; augmented_role_ic=None; outside_anchor_sse=None; outside_augmented_sse=None; accepted=0; final=1,x2,x3^2,I(x3>1)*x3^2,sin(x1+x1^2); wrapper_overhead_unoptimized=1",1.0,1.0,6,2,1.0,63,0,0,1,1;x2;x3^2;I(x3>1)*x3^2;sin(x1+x1^2),G,balanced,250,250;250;250;250,917095.75,1;x2;x3^2;I(x3>1)*x3^2;sin(x1+x1^2),1;x2;x3^2;I(x3>1)*x3^2;sin(x1+x1^2),I(x3>1)*x3^2,1.0,1.0,0.0,,0,,,,,0.0
nested_mixed,exception,0.2,250,4,20105,rcsa-spent-diagnostic,1.0,1.0,1.0,0.00025745370406356406,0.3199012796174194,0.0,1.0,0.0,frozen-v6-anchor,0.29442479115274295,0.3677356278003264,2.956565496000053,3544980,I(x3>1)*x3^2;sin(x1+x1^2);x2;x3^2,-0.02535 + 0.6095·x₂ + 0.8021·x₃² + 0.7509·𝟙[x₃>1]·x₃² + 0.9498·sin(x₁+x₁²),"RCSA spent-seed diagnostic; anchor=1,x2,x3^2,I(x3>1)*x3^2,sin(x1+x1^2); exception=I(x3>1)*x3^2; in_bank=1; in_anchor=1; attempted=0; eligible=; anchor_role_ic=None; augmented_role_ic=None; outside_anchor_sse=None; outside_augmented_sse=None; accepted=0; final=1,x2,x3^2,I(x3>1)*x3^2,sin(x1+x1^2); wrapper_overhead_unoptimized=1",1.0,1.0,6,2,1.0,63,0,0,1,1;x2;x3^2;I(x3>1)*x3^2;sin(x1+x1^2),G,balanced,250,250;250;250;250,886245.0,1;x2;x3^2;I(x3>1)*x3^2;sin(x1+x1^2),1;x2;x3^2;I(x3>1)*x3^2;sin(x1+x1^2),I(x3>1)*x3^2,1.0,1.0,0.0,,0,,,,,0.0
multi_quadratic,complementary,0.1,100,4,20101,rcsa-spent-diagnostic,1.0,1.0,1.0,0.00013356833455353744,0.05195827795961801,0.0,1.0,0.0,frozen-v6-anchor,0.04152110172716116,0.054599491140174906,2.142584757999998,3112221,x1^2;x2^2;x3^2,0.02122 + 0.5895·x₁² + 0.5027·x₂² + 0.8038·x₃²,"RCSA spent-seed diagnostic; anchor=1,x1^2,x2^2,x3^2; exception=; in_bank=0; in_anchor=0; attempted=0; eligible=; anchor_role_ic=None; augmented_role_ic=None; outside_anchor_sse=None; outside_augmented_sse=None; accepted=0; final=1,x1^2,x2^2,x3^2; wrapper_overhead_unoptimized=1",1.0,1.0,6,3,1.0,63,0,0,0,1;x1^2;x2^2;x3^2,G,balanced,100,100;100;100;100,778055.25,1;x1^2;x2^2;x3^2,1;x1^2;x2^2;x3^2,,0.0,0.0,0.0,,0,,,,,0.0
multi_quadratic,complementary,0.1,100,4,20102,rcsa-spent-diagnostic,1.0,1.0,1.0,5.813595009132513e-05,0.045975846754841204,0.0,1.0,0.0,frozen-v6-anchor,0.049880081052429165,0.06049216788711646,2.013181208999981,3026053,x1^2;x2^2;x3^2,-0.001114 + 0.5977·x₁² + 0.4986·x₂² + 0.7974·x₃²,"RCSA spent-seed diagnostic; anchor=1,x1^2,x2^2,x3^2; exception=; in_bank=0; in_anchor=0; attempted=0; eligible=; anchor_role_ic=None; augmented_role_ic=None; outside_anchor_sse=None; outside_augmented_sse=None; accepted=0; final=1,x1^2,x2^2,x3^2; wrapper_overhead_unoptimized=1",1.0,1.0,6,3,1.0,63,0,0,0,1;x1^2;x2^2;x3^2,G,balanced,100,100;100;100;100,756513.25,1;x1^2;x2^2;x3^2,1;x1^2;x2^2;x3^2,,0.0,0.0,0.0,,0,,,,,0.0
multi_quadratic,complementary,0.1,100,4,20103,rcsa-spent-diagnostic,1.0,1.0,1.0,2.625640509695154e-05,0.054521272530885206,0.0,1.0,0.0,frozen-v6-anchor,0.05716252030896053,0.07786294504938572,2.044810462999976,3053524,x1^2;x2^2;x3^2,-0.01262 + 0.6005·x₁² + 0.5·x₂² + 0.807·x₃²,"RCSA spent-seed diagnostic; anchor=1,x1^2,x2^2,x3^2; exception=; in_bank=0; in_anchor=0; attempted=0; eligible=; anchor_role_ic=None; augmented_role_ic=None; outside_anchor_sse=None; outside_augmented_sse=None; accepted=0; final=1,x1^2,x2^2,x3^2; wrapper_overhead_unoptimized=1",1.0,1.0,6,3,1.0,63,0,0,0,1;x1^2;x2^2;x3^2,G,balanced,100,100;100;100;100,763381.0,1;x1^2;x2^2;x3^2,1;x1^2;x2^2;x3^2,,0.0,0.0,0.0,,0,,,,,0.0
multi_quadratic,complementary,0.1,100,4,20104,rcsa-spent-diagnostic,1.0,1.0,1.0,6.715384266088507e-05,0.049408949633445866,0.0,1.0,0.0,frozen-v6-anchor,0.06113230248833901,0.07933683469694301,1.9665634899999986,2992130,x1^2;x2^2;x3^2,-0.02949 + 0.5987·x₁² + 0.5041·x₂² + 0.8013·x₃²,"RCSA spent-seed diagnostic; anchor=1,x1^2,x2^2,x3^2; exception=; in_bank=0; in_anchor=0; attempted=0; eligible=; anchor_role_ic=None; augmented_role_ic=None; outside_anchor_sse=None; outside_augmented_sse=None; accepted=0; final=1,x1^2,x2^2,x3^2; wrapper_overhead_unoptimized=1",1.0,1.0,5,2,1.0,32,0,0,0,1;x1^2;x2^2;x3^2,G,balanced,100,100;100;100;100,748032.5,1;x1^2;x2^2;x3^2,1;x1^2;x2^2;x3^2,,0.0,0.0,0.0,,0,,,,,0.0
multi_quadratic,complementary,0.1,100,4,20105,rcsa-spent-diagnostic,1.0,1.0,1.0,4.559106122560656e-05,0.05138384959416506,0.0,1.0,0.0,frozen-v6-anchor,0.03697607556270886,0.054198408942280216,2.1222145550000278,3116730,x1^2;x2^2;x3^2,-0.02604 + 0.6056·x₁² + 0.4991·x₂² + 0.8047·x₃²,"RCSA spent-seed diagnostic; anchor=1,x1^2,x2^2,x3^2; exception=; in_bank=0; in_anchor=0; attempted=0; eligible=; anchor_role_ic=None; augmented_role_ic=None; outside_anchor_sse=None; outside_augmented_sse=None; accepted=0; final=1,x1^2,x2^2,x3^2; wrapper_overhead_unoptimized=1",1.0,1.0,7,4,1.0,120,0,0,0,1;x1^2;x2^2;x3^2,G,balanced,100,100;100;100;100,779182.5,1;x1^2;x2^2;x3^2,1;x1^2;x2^2;x3^2,,0.0,0.0,0.0,,0,,,,,0.0
multi_quadratic,complementary,0.1,250,4,20101,rcsa-spent-diagnostic,1.0,1.0,1.0,5.8034553520954265e-05,0.045504853384332036,0.0,1.0,0.0,frozen-v6-anchor,0.047327211153492574,0.05612004488513493,1.9859823079999614,3006465,x1^2;x2^2;x3^2,-0.01937 + 0.604·x₁² + 0.503·x₂² + 0.794·x₃²,"RCSA spent-seed diagnostic; anchor=1,x1^2,x2^2,x3^2; exception=; in_bank=0; in_anchor=0; attempted=0; eligible=; anchor_role_ic=None; augmented_role_ic=None; outside_anchor_sse=None; outside_augmented_sse=None; accepted=0; final=1,x1^2,x2^2,x3^2; wrapper_overhead_unoptimized=1",1.0,1.0,6,3,1.0,63,0,0,0,1;x1^2;x2^2;x3^2,G,balanced,250,250;250;250;250,751616.25,1;x1^2;x2^2;x3^2,1;x1^2;x2^2;x3^2,,0.0,0.0,0.0,,0,,,,,0.0
multi_quadratic,complementary,0.1,250,4,20102,rcsa-spent-diagnostic,1.0,1.0,1.0,6.756152055747827e-05,0.046247097777275585,0.0,1.0,0.0,frozen-v6-anchor,0.04764790740042092,0.05563414632398678,2.0006035159999556,3009529,x1^2;x2^2;x3^2,0.01695 + 0.5951·x₁² + 0.5043·x₂² + 0.7966·x₃²,"RCSA spent-seed diagnostic; anchor=1,x1^2,x2^2,x3^2; exception=; in_bank=0; in_anchor=0; attempted=0; eligible=; anchor_role_ic=None; augmented_role_ic=None; outside_anchor_sse=None; outside_augmented_sse=None; accepted=0; final=1,x1^2,x2^2,x3^2; wrapper_overhead_unoptimized=1",1.0,1.0,6,3,1.0,63,0,0,0,1;x1^2;x2^2;x3^2,G,balanced,250,250;250;250;250,752382.25,1;x1^2;x2^2;x3^2,1;x1^2;x2^2;x3^2,,0.0,0.0,0.0,,0,,,,,0.0
multi_quadratic,complementary,0.1,250,4,20103,rcsa-spent-diagnostic,1.0,1.0,1.0,3.975539665588842e-05,0.042485835994169815,0.0,1.0,0.0,frozen-v6-anchor,0.04086917288173933,0.05750304548106319,1.9874996629999941,3004589,x1^2;x2^2;x3^2,-0.01303 + 0.6014·x₁² + 0.5048·x₂² + 0.8007·x₃²,"RCSA spent-seed diagnostic; anchor=1,x1^2,x2^2,x3^2; exception=; in_bank=0; in_anchor=0; attempted=0; eligible=; anchor_role_ic=None; augmented_role_ic=None; outside_anchor_sse=None; outside_augmented_sse=None; accepted=0; final=1,x1^2,x2^2,x3^2; wrapper_overhead_unoptimized=1",1.0,1.0,5,2,1.0,32,0,0,0,1;x1^2;x2^2;x3^2,G,balanced,250,250;250;250;250,751147.25,1;x1^2;x2^2;x3^2,1;x1^2;x2^2;x3^2,,0.0,0.0,0.0,,0,,,,,0.0
multi_quadratic,complementary,0.1,250,4,20104,rcsa-spent-diagnostic,1.0,1.0,1.0,7.13550822659413e-05,0.04220581671306809,0.0,1.0,0.0,frozen-v6-anchor,0.04364747705565566,0.050520294143306936,2.0250756490000867,3036996,x1^2;x2^2;x3^2,-0.01099 + 0.595·x₁² + 0.5035·x₂² + 0.8001·x₃²,"RCSA spent-seed diagnostic; anchor=1,x1^2,x2^2,x3^2; exception=; in_bank=0; in_anchor=0; attempted=0; eligible=; anchor_role_ic=None; augmented_role_ic=None; outside_anchor_sse=None; outside_augmented_sse=None; accepted=0; final=1,x1^2,x2^2,x3^2; wrapper_overhead_unoptimized=1",1.0,1.0,6,3,1.0,63,0,0,0,1;x1^2;x2^2;x3^2,G,balanced,250,250;250;250;250,759249.0,1;x1^2;x2^2;x3^2,1;x1^2;x2^2;x3^2,,0.0,0.0,0.0,,0,,,,,0.0
multi_quadratic,complementary,0.1,250,4,20105,rcsa-spent-diagnostic,1.0,1.0,1.0,2.9829975493051047e-05,0.04537741518085901,0.0,1.0,0.0,frozen-v6-anchor,0.04084909108694995,0.05013470058101292,2.116168990999995,3096750,x1^2;x2^2;x3^2,-0.02369 + 0.6006·x₁² + 0.5042·x₂² + 0.8007·x₃²,"RCSA spent-seed diagnostic; anchor=1,x1^2,x2^2,x3^2; exception=; in_bank=0; in_anchor=0; attempted=0; eligible=; anchor_role_ic=None; augmented_role_ic=None; outside_anchor_sse=None; outside_augmented_sse=None; accepted=0; final=1,x1^2,x2^2,x3^2; wrapper_overhead_unoptimized=1",1.0,1.0,6,3,1.0,63,0,0,0,1;x1^2;x2^2;x3^2,G,balanced,250,250;250;250;250,774187.5,1;x1^2;x2^2;x3^2,1;x1^2;x2^2;x3^2,,0.0,0.0,0.0,,0,,,,,0.0
multi_quadratic,complementary,0.2,100,4,20101,rcsa-spent-diagnostic,1.0,1.0,1.0,0.0005342733382170162,0.20783311183847203,0.0,1.0,0.0,frozen-v6-anchor,0.16608440690856174,0.21839796456054045,1.9910453940000252,3017578,x1^2;x2^2;x3^2,0.04244 + 0.5789·x₁² + 0.5054·x₂² + 0.8077·x₃²,"RCSA spent-seed diagnostic; anchor=1,x1^2,x2^2,x3^2; exception=; in_bank=0; in_anchor=0; attempted=0; eligible=; anchor_role_ic=None; augmented_role_ic=None; outside_anchor_sse=None; outside_augmented_sse=None; accepted=0; final=1,x1^2,x2^2,x3^2; wrapper_overhead_unoptimized=1",1.0,1.0,5,2,1.0,32,0,0,0,1;x1^2;x2^2;x3^2,G,balanced,100,100;100;100;100,754394.5,1;x1^2;x2^2;x3^2,1;x1^2;x2^2;x3^2,,0.0,0.0,0.0,,0,,,,,0.0
multi_quadratic,complementary,0.2,100,4,20102,rcsa-spent-diagnostic,1.0,1.0,1.0,0.0002325438001701199,0.1839033870193648,0.0,1.0,0.0,frozen-v6-anchor,0.19952032420972945,0.24196867154853027,1.9577403819999972,2993526,x1^2;x2^2;x3^2,-0.002227 + 0.5954·x₁² + 0.4973·x₂² + 0.7949·x₃²,"RCSA spent-seed diagnostic; anchor=1,x1^2,x2^2,x3^2; exception=; in_bank=0; in_anchor=0; attempted=0; eligible=; anchor_role_ic=None; augmented_role_ic=None; outside_anchor_sse=None; outside_augmented_sse=None; accepted=0; final=1,x1^2,x2^2,x3^2; wrapper_overhead_unoptimized=1",1.0,1.0,6,3,1.0,63,0,0,0,1;x1^2;x2^2;x3^2,G,balanced,100,100;100;100;100,748381.5,1;x1^2;x2^2;x3^2,1;x1^2;x2^2;x3^2,,0.0,0.0,0.0,,0,,,,,0.0
multi_quadratic,complementary,0.2,100,4,20103,rcsa-spent-diagnostic,1.0,1.0,1.0,0.00010502562053242714,0.21808509012354071,0.0,1.0,0.0,frozen-v6-anchor,0.22865008123587482,0.3114517801975126,2.0023221090000334,3020675,x1^2;x2^2;x3^2,-0.02524 + 0.6009·x₁² + 0.5·x₂² + 0.814·x₃²,"RCSA spent-seed diagnostic; anchor=1,x1^2,x2^2,x3^2; exception=; in_bank=0; in_anchor=0; attempted=0; eligible=; anchor_role_ic=None; augmented_role_ic=None; outside_anchor_sse=None; outside_augmented_sse=None; accepted=0; final=1,x1^2,x2^2,x3^2; wrapper_overhead_unoptimized=1",1.0,1.0,6,3,1.0,63,0,0,0,1;x1^2;x2^2;x3^2,G,balanced,100,100;100;100;100,755168.75,1;x1^2;x2^2;x3^2,1;x1^2;x2^2;x3^2,,0.0,0.0,0.0,,0,,,,,0.0
multi_quadratic,complementary,0.2,100,4,20104,rcsa-spent-diagnostic,1.0,1.0,1.0,0.00026861537056955105,0.19763579853378344,0.0,1.0,0.0,frozen-v6-anchor,0.24452920995337687,0.31734733878777777,1.9722869610000089,2988465,x1^2;x2^2;x3^2,-0.05899 + 0.5974·x₁² + 0.5082·x₂² + 0.8025·x₃²,"RCSA spent-seed diagnostic; anchor=1,x1^2,x2^2,x3^2; exception=; in_bank=0; in_anchor=0; attempted=0; eligible=; anchor_role_ic=None; augmented_role_ic=None; outside_anchor_sse=None; outside_augmented_sse=None; accepted=0; final=1,x1^2,x2^2,x3^2; wrapper_overhead_unoptimized=1",1.0,1.0,5,2,1.0,32,0,0,0,1;x1^2;x2^2;x3^2,G,balanced,100,100;100;100;100,747116.25,1;x1^2;x2^2;x3^2,1;x1^2;x2^2;x3^2,,0.0,0.0,0.0,,0,,,,,0.0
multi_quadratic,complementary,0.2,100,4,20105,rcsa-spent-diagnostic,1.0,1.0,1.0,0.00018236424504571727,0.20553539837666024,0.0,1.0,0.0,frozen-v6-anchor,0.14790430225082501,0.21679363576911329,2.030182190000005,3025578,x1^2;x2^2;x3^2,-0.05207 + 0.6112·x₁² + 0.4982·x₂² + 0.8093·x₃²,"RCSA spent-seed diagnostic; anchor=1,x1^2,x2^2,x3^2; exception=; in_bank=0; in_anchor=0; attempted=0; eligible=; anchor_role_ic=None; augmented_role_ic=None; outside_anchor_sse=None; outside_augmented_sse=None; accepted=0; final=1,x1^2,x2^2,x3^2; wrapper_overhead_unoptimized=1",1.0,1.0,7,4,1.0,120,0,0,0,1;x1^2;x2^2;x3^2,G,balanced,100,100;100;100;100,756394.5,1;x1^2;x2^2;x3^2,1;x1^2;x2^2;x3^2,,0.0,0.0,0.0,,0,,,,,0.0
multi_quadratic,complementary,0.2,250,4,20101,rcsa-spent-diagnostic,1.0,1.0,1.0,0.0002321382140561231,0.18201941353732812,0.0,1.0,0.0,frozen-v6-anchor,0.18930884461396608,0.22448017954053665,2.0207884290000493,3004070,x1^2;x2^2;x3^2,-0.03874 + 0.608·x₁² + 0.506·x₂² + 0.788·x₃²,"RCSA spent-seed diagnostic; anchor=1,x1^2,x2^2,x3^2; exception=; in_bank=0; in_anchor=0; attempted=0; eligible=; anchor_role_ic=None; augmented_role_ic=None; outside_anchor_sse=None; outside_augmented_sse=None; accepted=0; final=1,x1^2,x2^2,x3^2; wrapper_overhead_unoptimized=1",1.0,1.0,6,3,1.0,63,0,0,0,1;x1^2;x2^2;x3^2,G,balanced,250,250;250;250;250,751017.5,1;x1^2;x2^2;x3^2,1;x1^2;x2^2;x3^2,,0.0,0.0,0.0,,0,,,,,0.0
multi_quadratic,complementary,0.2,250,4,20102,rcsa-spent-diagnostic,1.0,1.0,1.0,0.00027024608222329715,0.18498839110910228,0.0,1.0,0.0,frozen-v6-anchor,0.19059162960166987,0.22253658529595016,2.017183431000035,3005852,x1^2;x2^2;x3^2,0.0339 + 0.5901·x₁² + 0.5086·x₂² + 0.7932·x₃²,"RCSA spent-seed diagnostic; anchor=1,x1^2,x2^2,x3^2; exception=; in_bank=0; in_anchor=0; attempted=0; eligible=; anchor_role_ic=None; augmented_role_ic=None; outside_anchor_sse=None; outside_augmented_sse=None; accepted=0; final=1,x1^2,x2^2,x3^2; wrapper_overhead_unoptimized=1",1.0,1.0,6,3,1.0,63,0,0,0,1;x1^2;x2^2;x3^2,G,balanced,250,250;250;250;250,751463.0,1;x1^2;x2^2;x3^2,1;x1^2;x2^2;x3^2,,0.0,0.0,0.0,,0,,,,,0.0
multi_quadratic,complementary,0.2,250,4,20103,rcsa-spent-diagnostic,1.0,1.0,1.0,0.0001590215866768868,0.16994334397667926,0.0,1.0,0.0,frozen-v6-anchor,0.16347669152697383,0.23001218192426504,2.015542703000051,3002101,x1^2;x2^2;x3^2,-0.02605 + 0.6029·x₁² + 0.5096·x₂² + 0.8014·x₃²,"RCSA spent-seed diagnostic; anchor=1,x1^2,x2^2,x3^2; exception=; in_bank=0; in_anchor=0; attempted=0; eligible=; anchor_role_ic=None; augmented_role_ic=None; outside_anchor_sse=None; outside_augmented_sse=None; accepted=0; final=1,x1^2,x2^2,x3^2; wrapper_overhead_unoptimized=1",1.0,1.0,5,2,1.0,32,0,0,0,1;x1^2;x2^2;x3^2,G,balanced,250,250;250;250;250,750525.25,1;x1^2;x2^2;x3^2,1;x1^2;x2^2;x3^2,,0.0,0.0,0.0,,0,,,,,0.0
multi_quadratic,complementary,0.2,250,4,20104,rcsa-spent-diagnostic,1.0,1.0,1.0,0.0002854203290026927,0.16882326685227236,0.0,1.0,0.0,frozen-v6-anchor,0.17458990822262876,0.20208117657323235,2.0081410110000206,3004298,x1^2;x2^2;x3^2,-0.02199 + 0.59·x₁² + 0.5069·x₂² + 0.8002·x₃²,"RCSA spent-seed diagnostic; anchor=1,x1^2,x2^2,x3^2; exception=; in_bank=0; in_anchor=0; attempted=0; eligible=; anchor_role_ic=None; augmented_role_ic=None; outside_anchor_sse=None; outside_augmented_sse=None; accepted=0; final=1,x1^2,x2^2,x3^2; wrapper_overhead_unoptimized=1",1.0,1.0,6,3,1.0,63,0,0,0,1;x1^2;x2^2;x3^2,G,balanced,250,250;250;250;250,751074.5,1;x1^2;x2^2;x3^2,1;x1^2;x2^2;x3^2,,0.0,0.0,0.0,,0,,,,,0.0
multi_quadratic,complementary,0.2,250,4,20105,rcsa-spent-diagnostic,1.0,1.0,1.0,0.00011931990197737873,0.18150966072343608,0.0,1.0,0.0,frozen-v6-anchor,0.1633963643478117,0.20053880232404556,2.002673743999935,3005783,x1^2;x2^2;x3^2,-0.04738 + 0.6011·x₁² + 0.5083·x₂² + 0.8014·x₃²,"RCSA spent-seed diagnostic; anchor=1,x1^2,x2^2,x3^2; exception=; in_bank=0; in_anchor=0; attempted=0; eligible=; anchor_role_ic=None; augmented_role_ic=None; outside_anchor_sse=None; outside_augmented_sse=None; accepted=0; final=1,x1^2,x2^2,x3^2; wrapper_overhead_unoptimized=1",1.0,1.0,6,3,1.0,63,0,0,0,1;x1^2;x2^2;x3^2,G,balanced,250,250;250;250;250,751445.75,1;x1^2;x2^2;x3^2,1;x1^2;x2^2;x3^2,,0.0,0.0,0.0,,0,,,,,0.0
multi_quadratic,spurious,0.1,100,4,20101,rcsa-spent-diagnostic,1.0,1.0,1.0,0.0001384778596935177,0.04301169686084565,0.0,1.0,0.0,frozen-v6-anchor,0.03693545571806946,0.06700047906716691,2.1813130299999557,3146032,x1^2;x2^2;x3^2,0.007996 + 0.5908·x₁² + 0.498·x₂² + 0.8092·x₃²,"RCSA spent-seed diagnostic; anchor=1,x1^2,x2^2,x3^2; exception=; in_bank=0; in_anchor=0; attempted=0; eligible=; anchor_role_ic=None; augmented_role_ic=None; outside_anchor_sse=None; outside_augmented_sse=None; accepted=0; final=1,x1^2,x2^2,x3^2; wrapper_overhead_unoptimized=1",1.0,1.0,7,4,1.0,120,0,0,0,1;x1^2;x2^2;x3^2,G,balanced,100,100;100;100;100,786508.0,1;x1^2;x2^2;x3^2,1;x1^2;x2^2;x3^2,,0.0,0.0,0.0,,0,,,,,0.0
multi_quadratic,spurious,0.1,100,4,20102,rcsa-spent-diagnostic,1.0,1.0,1.0,3.789059242285735e-05,0.037856917774359206,0.0,1.0,0.0,frozen-v6-anchor,0.041127476837704555,0.055827892540342344,2.0886977169999454,3085769,x1^2;x2^2;x3^2,-0.007127 + 0.5969·x₁² + 0.4991·x₂² + 0.8049·x₃²,"RCSA spent-seed diagnostic; anchor=1,x1^2,x2^2,x3^2; exception=; in_bank=0; in_anchor=0; attempted=0; eligible=; anchor_role_ic=None; augmented_role_ic=None; outside_anchor_sse=None; outside_augmented_sse=None; accepted=0; final=1,x1^2,x2^2,x3^2; wrapper_overhead_unoptimized=1",1.0,1.0,6,3,1.0,63,0,0,0,1;x1^2;x2^2;x3^2,G,balanced,100,100;100;100;100,771442.25,1;x1^2;x2^2;x3^2,1;x1^2;x2^2;x3^2,,0.0,0.0,0.0,,0,,,,,0.0
multi_quadratic,spurious,0.1,100,4,20103,rcsa-spent-diagnostic,1.0,1.0,1.0,0.00010782768480621013,0.053710573130624224,0.0,1.0,0.0,frozen-v6-anchor,0.06536860651543937,0.10487732562622795,2.1919492219999483,3145302,x1^2;x2^2;x3^2,-0.01518 + 0.5954·x₁² + 0.5041·x₂² + 0.8109·x₃²,"RCSA spent-seed diagnostic; anchor=1,x1^2,x2^2,x3^2; exception=; in_bank=0; in_anchor=0; attempted=0; eligible=; anchor_role_ic=None; augmented_role_ic=None; outside_anchor_sse=None; outside_augmented_sse=None; accepted=0; final=1,x1^2,x2^2,x3^2; wrapper_overhead_unoptimized=1",1.0,1.0,7,4,1.0,120,0,0,0,1;x1^2;x2^2;x3^2,G,balanced,100,100;100;100;100,786325.5,1;x1^2;x2^2;x3^2,1;x1^2;x2^2;x3^2,,0.0,0.0,0.0,,0,,,,,0.0
multi_quadratic,spurious,0.1,100,4,20104,rcsa-spent-diagnostic,1.0,1.0,1.0,0.0002625425930536519,0.05097771723082923,0.0,1.0,0.0,frozen-v6-anchor,0.04113104679368244,0.05399665363792489,2.13906228999997,3087167,x1^2;x2^2;x3^2,0.003285 + 0.5917·x₁² + 0.4964·x₂² + 0.7991·x₃²,"RCSA spent-seed diagnostic; anchor=1,x1^2,x2^2,x3^2; exception=; in_bank=0; in_anchor=0; attempted=0; eligible=; anchor_role_ic=None; augmented_role_ic=None; outside_anchor_sse=None; outside_augmented_sse=None; accepted=0; final=1,x1^2,x2^2,x3^2; wrapper_overhead_unoptimized=1",1.0,1.0,7,4,1.0,120,0,0,0,1;x1^2;x2^2;x3^2,G,balanced,100,100;100;100;100,771791.75,1;x1^2;x2^2;x3^2,1;x1^2;x2^2;x3^2,,0.0,0.0,0.0,,0,,,,,0.0
multi_quadratic,spurious,0.1,100,4,20105,rcsa-spent-diagnostic,1.0,1.0,1.0,0.00022914969701209756,0.04802025436505027,0.0,1.0,0.0,frozen-v6-anchor,0.06193766980055339,0.07439384139569824,1.973981933999994,2995286,x1^2;x2^2;x3^2,-0.03017 + 0.5948·x₁² + 0.5124·x₂² + 0.8008·x₃²,"RCSA spent-seed diagnostic; anchor=1,x1^2,x2^2,x3^2; exception=; in_bank=0; in_anchor=0; attempted=0; eligible=; anchor_role_ic=None; augmented_role_ic=None; outside_anchor_sse=None; outside_augmented_sse=None; accepted=0; final=1,x1^2,x2^2,x3^2; wrapper_overhead_unoptimized=1",1.0,1.0,6,3,1.0,63,0,0,0,1;x1^2;x2^2;x3^2,G,balanced,100,100;100;100;100,748821.5,1;x1^2;x2^2;x3^2,1;x1^2;x2^2;x3^2,,0.0,0.0,0.0,,0,,,,,0.0
multi_quadratic,spurious,0.1,250,4,20101,rcsa-spent-diagnostic,1.0,1.0,1.0,0.00010305302044804399,0.045856284623715625,0.0,1.0,0.0,frozen-v6-anchor,0.04822096673696576,0.06792569796802606,2.0055456189999177,3003466,x1^2;x2^2;x3^2,-0.03617 + 0.6091·x₁² + 0.4979·x₂² + 0.804·x₃²,"RCSA spent-seed diagnostic; anchor=1,x1^2,x2^2,x3^2; exception=; in_bank=0; in_anchor=0; attempted=0; eligible=; anchor_role_ic=None; augmented_role_ic=None; outside_anchor_sse=None; outside_augmented_sse=None; accepted=0; final=1,x1^2,x2^2,x3^2; wrapper_overhead_unoptimized=1",1.0,1.0,5,2,1.0,32,0,0,0,1;x1^2;x2^2;x3^2,G,balanced,250,250;250;250;250,750866.5,1;x1^2;x2^2;x3^2,1;x1^2;x2^2;x3^2,,0.0,0.0,0.0,,0,,,,,0.0
multi_quadratic,spurious,0.1,250,4,20102,rcsa-spent-diagnostic,1.0,1.0,1.0,0.00014955858264171162,0.05148571859433674,0.0,1.0,0.0,frozen-v6-anchor,0.05350032094445074,0.0647170237411618,2.052639822999936,3036728,x1^2;x2^2;x3^2,-0.01105 + 0.6079·x₁² + 0.5046·x₂² + 0.7929·x₃²,"RCSA spent-seed diagnostic; anchor=1,x1^2,x2^2,x3^2; exception=; in_bank=0; in_anchor=0; attempted=0; eligible=; anchor_role_ic=None; augmented_role_ic=None; outside_anchor_sse=None; outside_augmented_sse=None; accepted=0; final=1,x1^2,x2^2,x3^2; wrapper_overhead_unoptimized=1",1.0,1.0,6,3,1.0,63,0,0,0,1;x1^2;x2^2;x3^2,G,balanced,250,250;250;250;250,759182.0,1;x1^2;x2^2;x3^2,1;x1^2;x2^2;x3^2,,0.0,0.0,0.0,,0,,,,,0.0
multi_quadratic,spurious,0.1,250,4,20103,rcsa-spent-diagnostic,1.0,1.0,1.0,1.7812029467433805e-05,0.041369719757674554,0.0,1.0,0.0,frozen-v6-anchor,0.04670622814684962,0.05795886170620953,2.0598427869999796,3033440,x1^2;x2^2;x3^2,0.01237 + 0.5998·x₁² + 0.5008·x₂² + 0.7943·x₃²,"RCSA spent-seed diagnostic; anchor=1,x1^2,x2^2,x3^2; exception=; in_bank=0; in_anchor=0; attempted=0; eligible=; anchor_role_ic=None; augmented_role_ic=None; outside_anchor_sse=None; outside_augmented_sse=None; accepted=0; final=1,x1^2,x2^2,x3^2; wrapper_overhead_unoptimized=1",1.0,1.0,5,2,1.0,32,0,0,0,1;x1^2;x2^2;x3^2,G,balanced,250,250;250;250;250,758360.0,1;x1^2;x2^2;x3^2,1;x1^2;x2^2;x3^2,,0.0,0.0,0.0,,0,,,,,0.0
multi_quadratic,spurious,0.1,250,4,20104,rcsa-spent-diagnostic,1.0,1.0,1.0,4.94228714831031e-05,0.04435104002541637,0.0,1.0,0.0,frozen-v6-anchor,0.04168924608659097,0.05907175210901445,2.0517340479999575,3035992,x1^2;x2^2;x3^2,-0.007139 + 0.5955·x₁² + 0.504·x₂² + 0.8004·x₃²,"RCSA spent-seed diagnostic; anchor=1,x1^2,x2^2,x3^2; exception=; in_bank=0; in_anchor=0; attempted=0; eligible=; anchor_role_ic=None; augmented_role_ic=None; outside_anchor_sse=None; outside_augmented_sse=None; accepted=0; final=1,x1^2,x2^2,x3^2; wrapper_overhead_unoptimized=1",1.0,1.0,6,3,1.0,63,0,0,0,1;x1^2;x2^2;x3^2,G,balanced,250,250;250;250;250,758998.0,1;x1^2;x2^2;x3^2,1;x1^2;x2^2;x3^2,,0.0,0.0,0.0,,0,,,,,0.0
multi_quadratic,spurious,0.1,250,4,20105,rcsa-spent-diagnostic,1.0,1.0,1.0,0.0001042728545110482,0.04443173740078384,0.0,1.0,0.0,frozen-v6-anchor,0.04970775575030665,0.06632654522474167,2.0562096969999857,3037528,x1^2;x2^2;x3^2,-0.03243 + 0.6079·x₁² + 0.505·x₂² + 0.7992·x₃²,"RCSA spent-seed diagnostic; anchor=1,x1^2,x2^2,x3^2; exception=; in_bank=0; in_anchor=0; attempted=0; eligible=; anchor_role_ic=None; augmented_role_ic=None; outside_anchor_sse=None; outside_augmented_sse=None; accepted=0; final=1,x1^2,x2^2,x3^2; wrapper_overhead_unoptimized=1",1.0,1.0,6,3,1.0,63,0,0,0,1;x1^2;x2^2;x3^2,G,balanced,250,250;250;250;250,759382.0,1;x1^2;x2^2;x3^2,1;x1^2;x2^2;x3^2,,0.0,0.0,0.0,,0,,,,,0.0
multi_quadratic,spurious,0.2,100,4,20101,rcsa-spent-diagnostic,1.0,1.0,1.0,0.0005539114387685412,0.1720467874433826,0.0,1.0,0.0,frozen-v6-anchor,0.14774182287227736,0.26800191626870173,2.0589581089999456,3050755,x1^2;x2^2;x3^2,0.01599 + 0.5816·x₁² + 0.4961·x₂² + 0.8183·x₃²,"RCSA spent-seed diagnostic; anchor=1,x1^2,x2^2,x3^2; exception=; in_bank=0; in_anchor=0; attempted=0; eligible=; anchor_role_ic=None; augmented_role_ic=None; outside_anchor_sse=None; outside_augmented_sse=None; accepted=0; final=1,x1^2,x2^2,x3^2; wrapper_overhead_unoptimized=1",1.0,1.0,6,3,1.0,63,0,0,0,1;x1^2;x2^2;x3^2,G,balanced,100,100;100;100;100,762688.75,1;x1^2;x2^2;x3^2,1;x1^2;x2^2;x3^2,,0.0,0.0,0.0,,0,,,,,0.0
multi_quadratic,spurious,0.2,100,4,20102,rcsa-spent-diagnostic,1.0,1.0,1.0,0.00015156236966395995,0.15142767109743688,0.0,1.0,0.0,frozen-v6-anchor,0.1645099073508073,0.22331157016140915,2.0039679729999307,3023649,x1^2;x2^2;x3^2,-0.01425 + 0.5937·x₁² + 0.4981·x₂² + 0.8098·x₃²,"RCSA spent-seed diagnostic; anchor=1,x1^2,x2^2,x3^2; exception=; in_bank=0; in_anchor=0; attempted=0; eligible=; anchor_role_ic=None; augmented_role_ic=None; outside_anchor_sse=None; outside_augmented_sse=None; accepted=0; final=1,x1^2,x2^2,x3^2; wrapper_overhead_unoptimized=1",1.0,1.0,6,3,1.0,63,0,0,0,1;x1^2;x2^2;x3^2,G,balanced,100,100;100;100;100,755912.25,1;x1^2;x2^2;x3^2,1;x1^2;x2^2;x3^2,,0.0,0.0,0.0,,0,,,,,0.0
multi_quadratic,spurious,0.2,100,4,20103,rcsa-spent-diagnostic,1.0,1.0,1.0,0.0004313107394320593,0.21484229252249698,0.0,1.0,0.0,frozen-v6-anchor,0.261474426061803,0.41950930250490803,1.9717492549999633,2991523,x1^2;x2^2;x3^2,-0.03035 + 0.5907·x₁² + 0.5082·x₂² + 0.8219·x₃²,"RCSA spent-seed diagnostic; anchor=1,x1^2,x2^2,x3^2; exception=; in_bank=0; in_anchor=0; attempted=0; eligible=; anchor_role_ic=None; augmented_role_ic=None; outside_anchor_sse=None; outside_augmented_sse=None; accepted=0; final=1,x1^2,x2^2,x3^2; wrapper_overhead_unoptimized=1",1.0,1.0,6,3,1.0,63,0,0,0,1;x1^2;x2^2;x3^2,G,balanced,100,100;100;100;100,747880.75,1;x1^2;x2^2;x3^2,1;x1^2;x2^2;x3^2,,0.0,0.0,0.0,,0,,,,,0.0
multi_quadratic,spurious,0.2,100,4,20104,rcsa-spent-diagnostic,1.0,1.0,1.0,0.0010501703717711094,0.20391086892331692,0.0,1.0,0.0,frozen-v6-anchor,0.16452418717469233,0.21598661455169577,2.0285278439999956,3020990,x1^2;x2^2;x3^2,0.006571 + 0.5833·x₁² + 0.4928·x₂² + 0.7982·x₃²,"RCSA spent-seed diagnostic; anchor=1,x1^2,x2^2,x3^2; exception=; in_bank=0; in_anchor=0; attempted=0; eligible=; anchor_role_ic=None; augmented_role_ic=None; outside_anchor_sse=None; outside_augmented_sse=None; accepted=0; final=1,x1^2,x2^2,x3^2; wrapper_overhead_unoptimized=1",1.0,1.0,6,3,0.0,63,0,1,0,1;x1^2;x2^2;x3^2,G,balanced,100,100;100;100;100,755247.5,1;x1^2;x2^2;x3^2,1;x1^2;x2^2;x3^2,,0.0,0.0,0.0,,0,,,,,0.0
multi_quadratic,spurious,0.2,100,4,20105,rcsa-spent-diagnostic,1.0,1.0,1.0,0.0009165987880422636,0.19208101746020106,0.0,1.0,0.0,frozen-v6-anchor,0.24775067920218702,0.29757536558273806,2.0144099640000377,3021521,x1^2;x2^2;x3^2,-0.06033 + 0.5897·x₁² + 0.5247·x₂² + 0.8016·x₃²,"RCSA spent-seed diagnostic; anchor=1,x1^2,x2^2,x3^2; exception=; in_bank=0; in_anchor=0; attempted=0; eligible=; anchor_role_ic=None; augmented_role_ic=None; outside_anchor_sse=None; outside_augmented_sse=None; accepted=0; final=1,x1^2,x2^2,x3^2; wrapper_overhead_unoptimized=1",1.0,1.0,6,3,1.0,63,0,0,0,1;x1^2;x2^2;x3^2,G,balanced,100,100;100;100;100,755380.25,1;x1^2;x2^2;x3^2,1;x1^2;x2^2;x3^2,,0.0,0.0,0.0,,0,,,,,0.0
multi_quadratic,spurious,0.2,250,4,20101,rcsa-spent-diagnostic,1.0,1.0,1.0,0.00041221208184788504,0.1834251384948625,0.0,1.0,0.0,frozen-v6-anchor,0.1928838669478504,0.27170279187206736,2.0082226759999457,3000175,x1^2;x2^2;x3^2,-0.07234 + 0.6181·x₁² + 0.4959·x₂² + 0.8081·x₃²,"RCSA spent-seed diagnostic; anchor=1,x1^2,x2^2,x3^2; exception=; in_bank=0; in_anchor=0; attempted=0; eligible=; anchor_role_ic=None; augmented_role_ic=None; outside_anchor_sse=None; outside_augmented_sse=None; accepted=0; final=1,x1^2,x2^2,x3^2; wrapper_overhead_unoptimized=1",1.0,1.0,5,2,1.0,32,0,0,0,1;x1^2;x2^2;x3^2,G,balanced,250,250;250;250;250,750043.75,1;x1^2;x2^2;x3^2,1;x1^2;x2^2;x3^2,,0.0,0.0,0.0,,0,,,,,0.0
multi_quadratic,spurious,0.2,250,4,20102,rcsa-spent-diagnostic,1.0,1.0,1.0,0.0005982343306081597,0.20594287437734696,0.0,1.0,0.0,frozen-v6-anchor,0.2140012837778014,0.2588680949646717,2.0086189510000168,3004680,x1^2;x2^2;x3^2,-0.02211 + 0.6159·x₁² + 0.5091·x₂² + 0.7858·x₃²,"RCSA spent-seed diagnostic; anchor=1,x1^2,x2^2,x3^2; exception=; in_bank=0; in_anchor=0; attempted=0; eligible=; anchor_role_ic=None; augmented_role_ic=None; outside_anchor_sse=None; outside_augmented_sse=None; accepted=0; final=1,x1^2,x2^2,x3^2; wrapper_overhead_unoptimized=1",1.0,1.0,6,3,1.0,63,0,0,0,1;x1^2;x2^2;x3^2,G,balanced,250,250;250;250;250,751170.0,1;x1^2;x2^2;x3^2,1;x1^2;x2^2;x3^2,,0.0,0.0,0.0,,0,,,,,0.0
multi_quadratic,spurious,0.2,250,4,20103,rcsa-spent-diagnostic,1.0,1.0,1.0,7.124811784057541e-05,0.1654788790306982,0.0,1.0,0.0,frozen-v6-anchor,0.1868249125873877,0.23183544682487192,2.0434070469999597,3033660,x1^2;x2^2;x3^2,0.02474 + 0.5997·x₁² + 0.5016·x₂² + 0.7886·x₃²,"RCSA spent-seed diagnostic; anchor=1,x1^2,x2^2,x3^2; exception=; in_bank=0; in_anchor=0; attempted=0; eligible=; anchor_role_ic=None; augmented_role_ic=None; outside_anchor_sse=None; outside_augmented_sse=None; accepted=0; final=1,x1^2,x2^2,x3^2; wrapper_overhead_unoptimized=1",1.0,1.0,6,3,1.0,63,0,0,0,1;x1^2;x2^2;x3^2,G,balanced,250,250;250;250;250,758415.0,1;x1^2;x2^2;x3^2,1;x1^2;x2^2;x3^2,,0.0,0.0,0.0,,0,,,,,0.0
multi_quadratic,spurious,0.2,250,4,20104,rcsa-spent-diagnostic,1.0,1.0,1.0,0.0001976914858993812,0.1774041601016655,0.0,1.0,0.0,frozen-v6-anchor,0.1667569843463627,0.23628700843605627,1.9996271469999556,3003796,x1^2;x2^2;x3^2,-0.01428 + 0.5909·x₁² + 0.508·x₂² + 0.8007·x₃²,"RCSA spent-seed diagnostic; anchor=1,x1^2,x2^2,x3^2; exception=; in_bank=0; in_anchor=0; attempted=0; eligible=; anchor_role_ic=None; augmented_role_ic=None; outside_anchor_sse=None; outside_augmented_sse=None; accepted=0; final=1,x1^2,x2^2,x3^2; wrapper_overhead_unoptimized=1",1.0,1.0,6,3,1.0,63,0,0,0,1;x1^2;x2^2;x3^2,G,balanced,250,250;250;250;250,750949.0,1;x1^2;x2^2;x3^2,1;x1^2;x2^2;x3^2,,0.0,0.0,0.0,,0,,,,,0.0
multi_quadratic,spurious,0.2,250,4,20105,rcsa-spent-diagnostic,1.0,1.0,1.0,0.0004170914181264702,0.17772694960313537,0.0,1.0,0.0,frozen-v6-anchor,0.19883102300123195,0.26530618089898816,2.0071057469999687,3004968,x1^2;x2^2;x3^2,-0.06487 + 0.6158·x₁² + 0.51·x₂² + 0.7983·x₃²,"RCSA spent-seed diagnostic; anchor=1,x1^2,x2^2,x3^2; exception=; in_bank=0; in_anchor=0; attempted=0; eligible=; anchor_role_ic=None; augmented_role_ic=None; outside_anchor_sse=None; outside_augmented_sse=None; accepted=0; final=1,x1^2,x2^2,x3^2; wrapper_overhead_unoptimized=1",1.0,1.0,6,3,1.0,63,0,0,0,1;x1^2;x2^2;x3^2,G,balanced,250,250;250;250;250,751242.0,1;x1^2;x2^2;x3^2,1;x1^2;x2^2;x3^2,,0.0,0.0,0.0,,0,,,,,0.0
multi_quadratic,exception,0.1,100,4,20101,rcsa-spent-diagnostic,1.0,1.0,1.0,0.00024239731539587464,0.10649797842102318,0.0,1.0,0.0,frozen-v6-anchor,0.08068211177181439,0.1057255279654252,3.0779072520000454,3624020,I(x3>1)*x3^2;x1^2;x2^2;x3^2,0.01454 + 0.584·x₁² + 0.5032·x₂² + 0.8149·x₃² + 0.7489·𝟙[x₃>1]·x₃²,"RCSA spent-seed diagnostic; anchor=1,x1^2,x2^2,x3^2,I(x3>1)*x3^2; exception=I(x3>1)*x3^2; in_bank=1; in_anchor=1; attempted=0; eligible=; anchor_role_ic=None; augmented_role_ic=None; outside_anchor_sse=None; outside_augmented_sse=None; accepted=0; final=1,x1^2,x2^2,x3^2,I(x3>1)*x3^2; wrapper_overhead_unoptimized=1",1.0,1.0,7,3,1.0,120,0,0,1,1;x1^2;x2^2;x3^2;I(x3>1)*x3^2,G,balanced,100,100;100;100;100,906005.0,1;x1^2;x2^2;x3^2;I(x3>1)*x3^2,1;x1^2;x2^2;x3^2;I(x3>1)*x3^2,I(x3>1)*x3^2,1.0,1.0,0.0,,0,,,,,0.0
multi_quadratic,exception,0.1,100,4,20102,rcsa-spent-diagnostic,1.0,1.0,1.0,0.00013773336959265874,0.09240259520456771,0.0,1.0,0.0,frozen-v6-anchor,0.09843522402766164,0.11752143965848821,2.9498592610000287,3573638,I(x3>1)*x3^2;x1^2;x2^2;x3^2,0.005343 + 0.596·x₁² + 0.4989·x₂² + 0.8·x₃² + 0.7347·𝟙[x₃>1]·x₃²,"RCSA spent-seed diagnostic; anchor=1,x1^2,x2^2,x3^2,I(x3>1)*x3^2; exception=I(x3>1)*x3^2; in_bank=1; in_anchor=1; attempted=0; eligible=; anchor_role_ic=None; augmented_role_ic=None; outside_anchor_sse=None; outside_augmented_sse=None; accepted=0; final=1,x1^2,x2^2,x3^2,I(x3>1)*x3^2; wrapper_overhead_unoptimized=1",1.0,1.0,6,2,1.0,63,0,0,1,1;x1^2;x2^2;x3^2;I(x3>1)*x3^2,G,balanced,100,100;100;100;100,893409.5,1;x1^2;x2^2;x3^2;I(x3>1)*x3^2,1;x1^2;x2^2;x3^2;I(x3>1)*x3^2,I(x3>1)*x3^2,1.0,1.0,0.0,,0,,,,,0.0
multi_quadratic,exception,0.1,100,4,20103,rcsa-spent-diagnostic,1.0,1.0,1.0,4.0028260124771424e-05,0.11530501192375915,0.0,1.0,0.0,frozen-v6-anchor,0.11727808844319962,0.1568882280991147,2.9700529049999886,3596468,I(x3>1)*x3^2;x1^2;x2^2;x3^2,0.01246 + 0.6016·x₁² + 0.5008·x₂² + 0.7867·x₃² + 0.7597·𝟙[x₃>1]·x₃²,"RCSA spent-seed diagnostic; anchor=1,x1^2,x2^2,x3^2,I(x3>1)*x3^2; exception=I(x3>1)*x3^2; in_bank=1; in_anchor=1; attempted=0; eligible=; anchor_role_ic=None; augmented_role_ic=None; outside_anchor_sse=None; outside_augmented_sse=None; accepted=0; final=1,x1^2,x2^2,x3^2,I(x3>1)*x3^2; wrapper_overhead_unoptimized=1",1.0,1.0,5,1,1.0,32,0,0,1,1;x1^2;x2^2;x3^2;I(x3>1)*x3^2,G,balanced,100,100;100;100;100,899117.0,1;x1^2;x2^2;x3^2;I(x3>1)*x3^2,1;x1^2;x2^2;x3^2;I(x3>1)*x3^2,I(x3>1)*x3^2,1.0,1.0,0.0,,0,,,,,0.0
multi_quadratic,exception,0.1,100,4,20104,rcsa-spent-diagnostic,1.0,1.0,1.0,0.00015968885310786447,0.1009650556035819,0.0,1.0,0.0,frozen-v6-anchor,0.12752489561565003,0.16532553956894086,2.949161796999988,3574479,I(x3>1)*x3^2;x1^2;x2^2;x3^2,-0.06553 + 0.5973·x₁² + 0.5062·x₂² + 0.8115·x₃² + 0.7547·𝟙[x₃>1]·x₃²,"RCSA spent-seed diagnostic; anchor=1,x1^2,x2^2,x3^2,I(x3>1)*x3^2; exception=I(x3>1)*x3^2; in_bank=1; in_anchor=1; attempted=0; eligible=; anchor_role_ic=None; augmented_role_ic=None; outside_anchor_sse=None; outside_augmented_sse=None; accepted=0; final=1,x1^2,x2^2,x3^2,I(x3>1)*x3^2; wrapper_overhead_unoptimized=1",1.0,1.0,7,3,0.0,120,0,1,1,1;x1^2;x2^2;x3^2;I(x3>1)*x3^2,G,balanced,100,100;100;100;100,893619.75,1;x1^2;x2^2;x3^2;I(x3>1)*x3^2,1;x1^2;x2^2;x3^2;I(x3>1)*x3^2,I(x3>1)*x3^2,1.0,1.0,0.0,,0,,,,,0.0
multi_quadratic,exception,0.1,100,4,20105,rcsa-spent-diagnostic,1.0,1.0,1.0,5.4573192454488206e-05,0.11293004128619138,0.0,1.0,0.0,frozen-v6-anchor,0.0826899973878009,0.11892922081757812,3.0536380159999226,3617659,I(x3>1)*x3^2;x1^2;x2^2;x3^2,-0.03038 + 0.6074·x₁² + 0.4992·x₂² + 0.798·x₃² + 0.7576·𝟙[x₃>1]·x₃²,"RCSA spent-seed diagnostic; anchor=1,x1^2,x2^2,x3^2,I(x3>1)*x3^2; exception=I(x3>1)*x3^2; in_bank=1; in_anchor=1; attempted=0; eligible=; anchor_role_ic=None; augmented_role_ic=None; outside_anchor_sse=None; outside_augmented_sse=None; accepted=0; final=1,x1^2,x2^2,x3^2,I(x3>1)*x3^2; wrapper_overhead_unoptimized=1",1.0,1.0,5,1,1.0,32,0,0,1,1;x1^2;x2^2;x3^2;I(x3>1)*x3^2,G,balanced,100,100;100;100;100,904414.75,1;x1^2;x2^2;x3^2;I(x3>1)*x3^2,1;x1^2;x2^2;x3^2;I(x3>1)*x3^2,I(x3>1)*x3^2,1.0,1.0,0.0,,0,,,,,0.0
multi_quadratic,exception,0.1,250,4,20101,rcsa-spent-diagnostic,1.0,1.0,1.0,7.913713000506074e-05,0.10169449555314304,0.0,1.0,0.0,frozen-v6-anchor,0.10679611381627872,0.12874073939543923,2.6760152940000808,3425204,I(x3>1)*x3^2;x1^2;x2^2;x3^2,-0.028 + 0.6064·x₁² + 0.5051·x₂² + 0.7931·x₃² + 0.7468·𝟙[x₃>1]·x₃²,"RCSA spent-seed diagnostic; anchor=1,x1^2,x2^2,x3^2,I(x3>1)*x3^2; exception=I(x3>1)*x3^2; in_bank=1; in_anchor=1; attempted=0; eligible=; anchor_role_ic=None; augmented_role_ic=None; outside_anchor_sse=None; outside_augmented_sse=None; accepted=0; final=1,x1^2,x2^2,x3^2,I(x3>1)*x3^2; wrapper_overhead_unoptimized=1",1.0,1.0,5,1,1.0,32,0,0,1,1;x1^2;x2^2;x3^2;I(x3>1)*x3^2,G,balanced,250,250;250;250;250,856301.0,1;x1^2;x2^2;x3^2;I(x3>1)*x3^2,1;x1^2;x2^2;x3^2;I(x3>1)*x3^2,I(x3>1)*x3^2,1.0,1.0,0.0,,0,,,,,0.0
multi_quadratic,exception,0.1,250,4,20102,rcsa-spent-diagnostic,1.0,1.0,1.0,0.00012823214792418724,0.10093569188452886,0.0,1.0,0.0,frozen-v6-anchor,0.10386577613003758,0.1215298352830009,2.645982060999927,3389389,I(x3>1)*x3^2;x1^2;x2^2;x3^2,0.02909 + 0.5936·x₁² + 0.507·x₂² + 0.7958·x₃² + 0.7427·𝟙[x₃>1]·x₃²,"RCSA spent-seed diagnostic; anchor=1,x1^2,x2^2,x3^2,I(x3>1)*x3^2; exception=I(x3>1)*x3^2; in_bank=1; in_anchor=1; attempted=0; eligible=; anchor_role_ic=None; augmented_role_ic=None; outside_anchor_sse=None; outside_augmented_sse=None; accepted=0; final=1,x1^2,x2^2,x3^2,I(x3>1)*x3^2; wrapper_overhead_unoptimized=1",1.0,1.0,6,2,1.0,63,0,0,1,1;x1^2;x2^2;x3^2;I(x3>1)*x3^2,G,balanced,250,250;250;250;250,847347.25,1;x1^2;x2^2;x3^2;I(x3>1)*x3^2,1;x1^2;x2^2;x3^2;I(x3>1)*x3^2,I(x3>1)*x3^2,1.0,1.0,0.0,,0,,,,,0.0
multi_quadratic,exception,0.1,250,4,20103,rcsa-spent-diagnostic,1.0,1.0,1.0,5.9927027117831646e-05,0.08947052358898328,0.0,1.0,0.0,frozen-v6-anchor,0.0860995957415325,0.12127016361133687,2.7160511000000724,3435292,I(x3>1)*x3^2;x1^2;x2^2;x3^2,-0.01137 + 0.6018·x₁² + 0.507·x₂² + 0.7945·x₃² + 0.7561·𝟙[x₃>1]·x₃²,"RCSA spent-seed diagnostic; anchor=1,x1^2,x2^2,x3^2,I(x3>1)*x3^2; exception=I(x3>1)*x3^2; in_bank=1; in_anchor=1; attempted=0; eligible=; anchor_role_ic=None; augmented_role_ic=None; outside_anchor_sse=None; outside_augmented_sse=None; accepted=0; final=1,x1^2,x2^2,x3^2,I(x3>1)*x3^2; wrapper_overhead_unoptimized=1",1.0,1.0,7,3,1.0,120,0,0,1,1;x1^2;x2^2;x3^2;I(x3>1)*x3^2,G,balanced,250,250;250;250;250,858823.0,1;x1^2;x2^2;x3^2;I(x3>1)*x3^2,1;x1^2;x2^2;x3^2;I(x3>1)*x3^2,I(x3>1)*x3^2,1.0,1.0,0.0,,0,,,,,0.0
multi_quadratic,exception,0.1,250,4,20104,rcsa-spent-diagnostic,1.0,1.0,1.0,9.981137285110813e-05,0.08818790426873366,0.0,1.0,0.0,frozen-v6-anchor,0.09216018584745245,0.10608852422376612,2.678521104999959,3385155,I(x3>1)*x3^2;x1^2;x2^2;x3^2,-0.0156 + 0.5934·x₁² + 0.5054·x₂² + 0.8018·x₃² + 0.7435·𝟙[x₃>1]·x₃²,"RCSA spent-seed diagnostic; anchor=1,x1^2,x2^2,x3^2,I(x3>1)*x3^2; exception=I(x3>1)*x3^2; in_bank=1; in_anchor=1; attempted=0; eligible=; anchor_role_ic=None; augmented_role_ic=None; outside_anchor_sse=None; outside_augmented_sse=None; accepted=0; final=1,x1^2,x2^2,x3^2,I(x3>1)*x3^2; wrapper_overhead_unoptimized=1",1.0,1.0,6,2,1.0,63,0,0,1,1;x1^2;x2^2;x3^2;I(x3>1)*x3^2,G,balanced,250,250;250;250;250,846288.75,1;x1^2;x2^2;x3^2;I(x3>1)*x3^2,1;x1^2;x2^2;x3^2;I(x3>1)*x3^2,I(x3>1)*x3^2,1.0,1.0,0.0,,0,,,,,0.0
multi_quadratic,exception,0.1,250,4,20105,rcsa-spent-diagnostic,1.0,1.0,1.0,4.3287651742877603e-05,0.10027741497017513,0.0,1.0,0.0,frozen-v6-anchor,0.09040886578978072,0.11116685598104546,2.796843263000028,3478845,I(x3>1)*x3^2;x1^2;x2^2;x3^2,-0.03651 + 0.6006·x₁² + 0.506·x₂² + 0.801·x₃² + 0.7521·𝟙[x₃>1]·x₃²,"RCSA spent-seed diagnostic; anchor=1,x1^2,x2^2,x3^2,I(x3>1)*x3^2; exception=I(x3>1)*x3^2; in_bank=1; in_anchor=1; attempted=0; eligible=; anchor_role_ic=None; augmented_role_ic=None; outside_anchor_sse=None; outside_augmented_sse=None; accepted=0; final=1,x1^2,x2^2,x3^2,I(x3>1)*x3^2; wrapper_overhead_unoptimized=1",1.0,1.0,5,1,1.0,32,0,0,1,1;x1^2;x2^2;x3^2;I(x3>1)*x3^2,G,balanced,250,250;250;250;250,869711.25,1;x1^2;x2^2;x3^2;I(x3>1)*x3^2,1;x1^2;x2^2;x3^2;I(x3>1)*x3^2,I(x3>1)*x3^2,1.0,1.0,0.0,,0,,,,,0.0
multi_quadratic,exception,0.2,100,4,20101,rcsa-spent-diagnostic,1.0,1.0,1.0,0.0009695892615972831,0.4259919136840928,0.0,1.0,0.0,frozen-v6-anchor,0.32272844708720927,0.42290211186161364,2.8937503719999995,3523161,I(x3>1)*x3^2;x1^2;x2^2;x3^2,0.02908 + 0.568·x₁² + 0.5063·x₂² + 0.8297·x₃² + 0.7479·𝟙[x₃>1]·x₃²,"RCSA spent-seed diagnostic; anchor=1,x1^2,x2^2,x3^2,I(x3>1)*x3^2; exception=I(x3>1)*x3^2; in_bank=1; in_anchor=1; attempted=0; eligible=; anchor_role_ic=None; augmented_role_ic=None; outside_anchor_sse=None; outside_augmented_sse=None; accepted=0; final=1,x1^2,x2^2,x3^2,I(x3>1)*x3^2; wrapper_overhead_unoptimized=1",1.0,1.0,6,2,0.0,63,0,1,1,1;x1^2;x2^2;x3^2;I(x3>1)*x3^2,G,balanced,100,100;100;100;100,880790.25,1;x1^2;x2^2;x3^2;I(x3>1)*x3^2,1;x1^2;x2^2;x3^2;I(x3>1)*x3^2,I(x3>1)*x3^2,1.0,1.0,0.0,,0,,,,,0.0
multi_quadratic,exception,0.2,100,4,20102,rcsa-spent-diagnostic,1.0,1.0,1.0,0.0005509334781444431,0.36961038081827086,0.0,1.0,0.0,frozen-v6-anchor,0.39374089611068164,0.47008575863403623,2.821765600000049,3508065,I(x3>1)*x3^2;x1^2;x2^2;x3^2,0.01069 + 0.5921·x₁² + 0.4977·x₂² + 0.8·x₃² + 0.7194·𝟙[x₃>1]·x₃²,"RCSA spent-seed diagnostic; anchor=1,x1^2,x2^2,x3^2,I(x3>1)*x3^2; exception=I(x3>1)*x3^2; in_bank=1; in_anchor=1; attempted=0; eligible=; anchor_role_ic=None; augmented_role_ic=None; outside_anchor_sse=None; outside_augmented_sse=None; accepted=0; final=1,x1^2,x2^2,x3^2,I(x3>1)*x3^2; wrapper_overhead_unoptimized=1",1.0,1.0,6,2,1.0,63,0,0,1,1;x1^2;x2^2;x3^2;I(x3>1)*x3^2,G,balanced,100,100;100;100;100,877016.25,1;x1^2;x2^2;x3^2;I(x3>1)*x3^2,1;x1^2;x2^2;x3^2;I(x3>1)*x3^2,I(x3>1)*x3^2,1.0,1.0,0.0,,0,,,,,0.0
multi_quadratic,exception,0.2,100,4,20103,rcsa-spent-diagnostic,0.0,0.75,0.75,0.0056607500201694555,0.519326337121218,0.0,1.0,0.0,frozen-v6-anchor,0.45216033024262337,0.6157460760187405,3.037717640999972,3623268,I(x3>1)*x3^2;cos(x3);x1^2;x2^2,2.148 + 0.607·x₁² + 0.5051·x₂² - 2.311·cos(x₃) + 0.8051·𝟙[x₃>1]·x₃²,"RCSA spent-seed diagnostic; anchor=1,x1^2,x2^2,cos(x3),I(x3>1)*x3^2; exception=I(x3>1)*x3^2; in_bank=1; in_anchor=1; attempted=0; eligible=; anchor_role_ic=None; augmented_role_ic=None; outside_anchor_sse=None; outside_augmented_sse=None; accepted=0; final=1,x1^2,x2^2,cos(x3),I(x3>1)*x3^2; wrapper_overhead_unoptimized=1",1.0,1.0,5,1,0.0,32,0,1,1,1;x1^2;x2^2;cos(x3);I(x3>1)*x3^2,G,balanced,100,100;100;100;100,905817.0,1;x1^2;x2^2;cos(x3);I(x3>1)*x3^2,1;x1^2;x2^2;cos(x3);I(x3>1)*x3^2,I(x3>1)*x3^2,1.0,1.0,0.0,,0,,,,,0.0
multi_quadratic,exception,0.2,100,4,20104,rcsa-spent-diagnostic,0.0,0.75,0.75,0.011531351151960169,0.5524062393351794,0.0,0.0,0.0,frozen-v6-anchor,0.5819160388647509,0.8117162996312042,2.9074590389999457,3556621,x1^2;x2^2;x3;x3^2,-0.2395 + 0.6612·x₃ + 0.6005·x₁² + 0.5156·x₂² + 1.228·x₃²,"RCSA spent-seed diagnostic; anchor=1,x3,x1^2,x2^2,x3^2; exception=I(x3>1)*x3^2; in_bank=1; in_anchor=0; attempted=1; eligible=client-4; anchor_role_ic=0.3179116281046035; augmented_role_ic=1.2072033638085113; outside_anchor_sse=30.05189980693254; outside_augmented_sse=26.536234078810807; accepted=0; final=1,x3,x1^2,x2^2,x3^2; wrapper_overhead_unoptimized=1",1.0,1.0,7,3,0.0,120,1,2,0,1;x3;x1^2;x2^2;x3^2,G,balanced,100,100;100;100;100,889155.25,1;x3;x1^2;x2^2;x3^2,1;x3;x1^2;x2^2;x3^2,I(x3>1)*x3^2,1.0,0.0,1.0,client-4,15,0.3179116281046035,1.2072033638085113,30.05189980693254,26.536234078810807,0.0
multi_quadratic,exception,0.2,100,4,20105,rcsa-spent-diagnostic,1.0,1.0,1.0,0.00021829276989159593,0.4517201651447654,0.0,1.0,0.0,frozen-v6-anchor,0.33075998955119557,0.475716883270267,3.1123262900000555,3648594,I(x3>1)*x3^2;x1^2;x2^2;x3^2,-0.06077 + 0.6148·x₁² + 0.4984·x₂² + 0.796·x₃² + 0.7652·𝟙[x₃>1]·x₃²,"RCSA spent-seed diagnostic; anchor=1,x1^2,x2^2,x3^2,I(x3>1)*x3^2; exception=I(x3>1)*x3^2; in_bank=1; in_anchor=1; attempted=0; eligible=; anchor_role_ic=None; augmented_role_ic=None; outside_anchor_sse=None; outside_augmented_sse=None; accepted=0; final=1,x1^2,x2^2,x3^2,I(x3>1)*x3^2; wrapper_overhead_unoptimized=1",1.0,1.0,6,2,1.0,63,0,0,1,1;x1^2;x2^2;x3^2;I(x3>1)*x3^2,G,balanced,100,100;100;100;100,912148.5,1;x1^2;x2^2;x3^2;I(x3>1)*x3^2,1;x1^2;x2^2;x3^2;I(x3>1)*x3^2,I(x3>1)*x3^2,1.0,1.0,0.0,,0,,,,,0.0
multi_quadratic,exception,0.2,250,4,20101,rcsa-spent-diagnostic,1.0,1.0,1.0,0.0003165485200184964,0.4067779822125722,0.0,1.0,0.0,frozen-v6-anchor,0.4271844552651172,0.5149629575817201,3.155421626999896,3668975,I(x3>1)*x3^2;x1^2;x2^2;x3^2,-0.05601 + 0.6127·x₁² + 0.5101·x₂² + 0.7862·x₃² + 0.7437·𝟙[x₃>1]·x₃²,"RCSA spent-seed diagnostic; anchor=1,x1^2,x2^2,x3^2,I(x3>1)*x3^2; exception=I(x3>1)*x3^2; in_bank=1; in_anchor=1; attempted=0; eligible=; anchor_role_ic=None; augmented_role_ic=None; outside_anchor_sse=None; outside_augmented_sse=None; accepted=0; final=1,x1^2,x2^2,x3^2,I(x3>1)*x3^2; wrapper_overhead_unoptimized=1",1.0,1.0,5,1,1.0,32,0,0,1,1;x1^2;x2^2;x3^2;I(x3>1)*x3^2,G,balanced,250,250;250;250;250,917243.75,1;x1^2;x2^2;x3^2;I(x3>1)*x3^2,1;x1^2;x2^2;x3^2;I(x3>1)*x3^2,I(x3>1)*x3^2,1.0,1.0,0.0,,0,,,,,0.0
multi_quadratic,exception,0.2,250,4,20102,rcsa-spent-diagnostic,1.0,1.0,1.0,0.0005129285916745252,0.40374276753811544,0.0,1.0,0.0,frozen-v6-anchor,0.4154631045201719,0.486119341131999,2.9707400949999965,3572128,I(x3>1)*x3^2;x1^2;x2^2;x3^2,0.05818 + 0.5872·x₁² + 0.5141·x₂² + 0.7915·x₃² + 0.7353·𝟙[x₃>1]·x₃²,"RCSA spent-seed diagnostic; anchor=1,x1^2,x2^2,x3^2,I(x3>1)*x3^2; exception=I(x3>1)*x3^2; in_bank=1; in_anchor=1; attempted=0; eligible=; anchor_role_ic=None; augmented_role_ic=None; outside_anchor_sse=None; outside_augmented_sse=None; accepted=0; final=1,x1^2,x2^2,x3^2,I(x3>1)*x3^2; wrapper_overhead_unoptimized=1",1.0,1.0,6,2,1.0,63,0,0,1,1;x1^2;x2^2;x3^2;I(x3>1)*x3^2,G,balanced,250,250;250;250;250,893032.0,1;x1^2;x2^2;x3^2;I(x3>1)*x3^2,1;x1^2;x2^2;x3^2;I(x3>1)*x3^2,I(x3>1)*x3^2,1.0,1.0,0.0,,0,,,,,0.0
multi_quadratic,exception,0.2,250,4,20103,rcsa-spent-diagnostic,1.0,1.0,1.0,0.00023970810850459343,0.3578820943559331,0.0,1.0,0.0,frozen-v6-anchor,0.3443983829661465,0.4850806544453567,3.0753360979999798,3643777,I(x3>1)*x3^2;x1^2;x2^2;x3^2,-0.02274 + 0.6036·x₁² + 0.514·x₂² + 0.7891·x₃² + 0.7622·𝟙[x₃>1]·x₃²,"RCSA spent-seed diagnostic; anchor=1,x1^2,x2^2,x3^2,I(x3>1)*x3^2; exception=I(x3>1)*x3^2; in_bank=1; in_anchor=1; attempted=0; eligible=; anchor_role_ic=None; augmented_role_ic=None; outside_anchor_sse=None; outside_augmented_sse=None; accepted=0; final=1,x1^2,x2^2,x3^2,I(x3>1)*x3^2; wrapper_overhead_unoptimized=1",1.0,1.0,6,2,1.0,63,0,0,1,1;x1^2;x2^2;x3^2;I(x3>1)*x3^2,G,balanced,250,250;250;250;250,910944.25,1;x1^2;x2^2;x3^2;I(x3>1)*x3^2,1;x1^2;x2^2;x3^2;I(x3>1)*x3^2,I(x3>1)*x3^2,1.0,1.0,0.0,,0,,,,,0.0
multi_quadratic,exception,0.2,250,4,20104,rcsa-spent-diagnostic,1.0,1.0,1.0,0.0003992454913589439,0.35275161707493474,0.0,1.0,0.0,frozen-v6-anchor,0.36864074338980746,0.42435409689505216,2.923661396000057,3536803,I(x3>1)*x3^2;x1^2;x2^2;x3^2,-0.03121 + 0.5867·x₁² + 0.5107·x₂² + 0.8035·x₃² + 0.737·𝟙[x₃>1]·x₃²,"RCSA spent-seed diagnostic; anchor=1,x1^2,x2^2,x3^2,I(x3>1)*x3^2; exception=I(x3>1)*x3^2; in_bank=1; in_anchor=1; attempted=0; eligible=; anchor_role_ic=None; augmented_role_ic=None; outside_anchor_sse=None; outside_augmented_sse=None; accepted=0; final=1,x1^2,x2^2,x3^2,I(x3>1)*x3^2; wrapper_overhead_unoptimized=1",1.0,1.0,6,2,1.0,63,0,0,1,1;x1^2;x2^2;x3^2;I(x3>1)*x3^2,G,balanced,250,250;250;250;250,884200.75,1;x1^2;x2^2;x3^2;I(x3>1)*x3^2,1;x1^2;x2^2;x3^2;I(x3>1)*x3^2,I(x3>1)*x3^2,1.0,1.0,0.0,,0,,,,,0.0
multi_quadratic,exception,0.2,250,4,20105,rcsa-spent-diagnostic,1.0,1.0,1.0,0.0001731506069846101,0.4011096598807005,0.0,1.0,0.0,frozen-v6-anchor,0.3616354631591121,0.4446674239241204,3.0893403340000987,3632912,I(x3>1)*x3^2;x1^2;x2^2;x3^2,-0.07302 + 0.6012·x₁² + 0.5121·x₂² + 0.802·x₃² + 0.7543·𝟙[x₃>1]·x₃²,"RCSA spent-seed diagnostic; anchor=1,x1^2,x2^2,x3^2,I(x3>1)*x3^2; exception=I(x3>1)*x3^2; in_bank=1; in_anchor=1; attempted=0; eligible=; anchor_role_ic=None; augmented_role_ic=None; outside_anchor_sse=None; outside_augmented_sse=None; accepted=0; final=1,x1^2,x2^2,x3^2,I(x3>1)*x3^2; wrapper_overhead_unoptimized=1",1.0,1.0,6,2,1.0,63,0,0,1,1;x1^2;x2^2;x3^2;I(x3>1)*x3^2,G,balanced,250,250;250;250;250,908228.0,1;x1^2;x2^2;x3^2;I(x3>1)*x3^2,1;x1^2;x2^2;x3^2;I(x3>1)*x3^2,I(x3>1)*x3^2,1.0,1.0,0.0,,0,,,,,0.0
trig_cross,complementary,0.1,100,4,20101,rcsa-spent-diagnostic,1.0,1.0,1.0,0.00010121762761469602,0.012383115558510668,0.0,1.0,0.0,frozen-v6-anchor,0.009659853578789394,0.012680442305256652,1.9624930589999394,3007299,cos(x3);sin(x1)*cos(x2);x1,0.008119 + 0.5047·x₁ + 0.6958·cos(x₃) + 1.198·sin(x₁)cos(x₂),"RCSA spent-seed diagnostic; anchor=1,x1,cos(x3),sin(x1)*cos(x2); exception=; in_bank=0; in_anchor=0; attempted=0; eligible=; anchor_role_ic=None; augmented_role_ic=None; outside_anchor_sse=None; outside_augmented_sse=None; accepted=0; final=1,x1,cos(x3),sin(x1)*cos(x2); wrapper_overhead_unoptimized=1",1.0,1.0,6,3,0.0,63,0,1,0,1;x1;cos(x3);sin(x1)*cos(x2),G,balanced,100,100;100;100;100,751824.75,1;x1;cos(x3);sin(x1)*cos(x2),1;x1;cos(x3);sin(x1)*cos(x2),,0.0,0.0,0.0,,0,,,,,0.0
trig_cross,complementary,0.1,100,4,20102,rcsa-spent-diagnostic,1.0,1.0,1.0,0.00010148919585472362,0.01178535193977557,0.0,1.0,0.0,frozen-v6-anchor,0.0126968389584133,0.016141352403789947,1.9657476620000125,3006062,cos(x3);sin(x1)*cos(x2);x1,-0.008574 + 0.4954·x₁ + 0.7034·cos(x₃) + 1.201·sin(x₁)cos(x₂),"RCSA spent-seed diagnostic; anchor=1,x1,cos(x3),sin(x1)*cos(x2); exception=; in_bank=0; in_anchor=0; attempted=0; eligible=; anchor_role_ic=None; augmented_role_ic=None; outside_anchor_sse=None; outside_augmented_sse=None; accepted=0; final=1,x1,cos(x3),sin(x1)*cos(x2); wrapper_overhead_unoptimized=1",1.0,1.0,6,3,0.0,63,0,1,0,1;x1;cos(x3);sin(x1)*cos(x2),G,balanced,100,100;100;100;100,751515.5,1;x1;cos(x3);sin(x1)*cos(x2),1;x1;cos(x3);sin(x1)*cos(x2),,0.0,0.0,0.0,,0,,,,,0.0
trig_cross,complementary,0.1,100,4,20103,rcsa-spent-diagnostic,1.0,1.0,1.0,0.00011336790489007487,0.012822775802245305,0.0,1.0,0.0,frozen-v6-anchor,0.013389227652219778,0.017894553302434463,1.9651674069999672,3006899,cos(x3);sin(x1)*cos(x2);x1,0.003803 + 0.5056·x₁ + 0.6894·cos(x₃) + 1.194·sin(x₁)cos(x₂),"RCSA spent-seed diagnostic; anchor=1,x1,cos(x3),sin(x1)*cos(x2); exception=; in_bank=0; in_anchor=0; attempted=0; eligible=; anchor_role_ic=None; augmented_role_ic=None; outside_anchor_sse=None; outside_augmented_sse=None; accepted=0; final=1,x1,cos(x3),sin(x1)*cos(x2); wrapper_overhead_unoptimized=1",1.0,1.0,6,3,0.0,63,0,1,0,1;x1;cos(x3);sin(x1)*cos(x2),G,balanced,100,100;100;100;100,751724.75,1;x1;cos(x3);sin(x1)*cos(x2),1;x1;cos(x3);sin(x1)*cos(x2),,0.0,0.0,0.0,,0,,,,,0.0
trig_cross,complementary,0.1,100,4,20104,rcsa-spent-diagnostic,1.0,1.0,1.0,0.00011557851483912576,0.012404723665940033,0.0,1.0,0.0,frozen-v6-anchor,0.015143010330408687,0.019495285679876892,1.963419153000018,3003998,cos(x3);sin(x1)*cos(x2);x1,-0.009533 + 0.5027·x₁ + 0.6989·cos(x₃) + 1.188·sin(x₁)cos(x₂),"RCSA spent-seed diagnostic; anchor=1,x1,cos(x3),sin(x1)*cos(x2); exception=; in_bank=0; in_anchor=0; attempted=0; eligible=; anchor_role_ic=None; augmented_role_ic=None; outside_anchor_sse=None; outside_augmented_sse=None; accepted=0; final=1,x1,cos(x3),sin(x1)*cos(x2); wrapper_overhead_unoptimized=1",1.0,1.0,6,3,1.0,63,0,0,0,1;x1;cos(x3);sin(x1)*cos(x2),G,balanced,100,100;100;100;100,750999.5,1;x1;cos(x3);sin(x1)*cos(x2),1;x1;cos(x3);sin(x1)*cos(x2),,0.0,0.0,0.0,,0,,,,,0.0
trig_cross,complementary,0.1,100,4,20105,rcsa-spent-diagnostic,1.0,1.0,1.0,4.9400113544404376e-05,0.012052991499281846,0.0,1.0,0.0,frozen-v6-anchor,0.008822960801220336,0.011945618706498113,1.964916455999969,3004494,cos(x3);sin(x1)*cos(x2);x1,-0.002439 + 0.5034·x₁ + 0.6939·cos(x₃) + 1.204·sin(x₁)cos(x₂),"RCSA spent-seed diagnostic; anchor=1,x1,cos(x3),sin(x1)*cos(x2); exception=; in_bank=0; in_anchor=0; attempted=0; eligible=; anchor_role_ic=None; augmented_role_ic=None; outside_anchor_sse=None; outside_augmented_sse=None; accepted=0; final=1,x1,cos(x3),sin(x1)*cos(x2); wrapper_overhead_unoptimized=1",1.0,1.0,6,3,1.0,63,0,0,0,1;x1;cos(x3);sin(x1)*cos(x2),G,balanced,100,100;100;100;100,751123.5,1;x1;cos(x3);sin(x1)*cos(x2),1;x1;cos(x3);sin(x1)*cos(x2),,0.0,0.0,0.0,,0,,,,,0.0
trig_cross,complementary,0.1,250,4,20101,rcsa-spent-diagnostic,1.0,1.0,1.0,0.00012555283801991577,0.012294352515009807,0.0,1.0,0.0,frozen-v6-anchor,0.013333796081716628,0.01612988109499801,2.0226555980000285,3017762,cos(x3);sin(x1)*cos(x2);x1,-0.01219 + 0.4974·x₁ + 0.7097·cos(x₃) + 1.195·sin(x₁)cos(x₂),"RCSA spent-seed diagnostic; anchor=1,x1,cos(x3),sin(x1)*cos(x2); exception=; in_bank=0; in_anchor=0; attempted=0; eligible=; anchor_role_ic=None; augmented_role_ic=None; outside_anchor_sse=None; outside_augmented_sse=None; accepted=0; final=1,x1,cos(x3),sin(x1)*cos(x2); wrapper_overhead_unoptimized=1",1.0,1.0,6,3,0.0,63,0,1,0,1;x1;cos(x3);sin(x1)*cos(x2),G,balanced,250,250;250;250;250,754440.5,1;x1;cos(x3);sin(x1)*cos(x2),1;x1;cos(x3);sin(x1)*cos(x2),,0.0,0.0,0.0,,0,,,,,0.0
trig_cross,complementary,0.1,250,4,20102,rcsa-spent-diagnostic,1.0,1.0,1.0,5.808657709310348e-05,0.012334344980951595,0.0,1.0,0.0,frozen-v6-anchor,0.012804500094564691,0.014930334037004906,2.070294927999953,3047512,cos(x3);sin(x1)*cos(x2);x1,0.003906 + 0.4968·x₁ + 0.7059·cos(x₃) + 1.198·sin(x₁)cos(x₂),"RCSA spent-seed diagnostic; anchor=1,x1,cos(x3),sin(x1)*cos(x2); exception=; in_bank=0; in_anchor=0; attempted=0; eligible=; anchor_role_ic=None; augmented_role_ic=None; outside_anchor_sse=None; outside_augmented_sse=None; accepted=0; final=1,x1,cos(x3),sin(x1)*cos(x2); wrapper_overhead_unoptimized=1",1.0,1.0,6,3,1.0,63,0,0,0,1;x1;cos(x3);sin(x1)*cos(x2),G,balanced,250,250;250;250;250,761878.0,1;x1;cos(x3);sin(x1)*cos(x2),1;x1;cos(x3);sin(x1)*cos(x2),,0.0,0.0,0.0,,0,,,,,0.0
trig_cross,complementary,0.1,250,4,20103,rcsa-spent-diagnostic,1.0,1.0,1.0,1.723168209188087e-05,0.011482904699237831,0.0,1.0,0.0,frozen-v6-anchor,0.010951357900503316,0.015356832832792775,2.037819089999971,3015081,cos(x3);sin(x1)*cos(x2);x1,0.001987 + 0.5022·x₁ + 0.6964·cos(x₃) + 1.203·sin(x₁)cos(x₂),"RCSA spent-seed diagnostic; anchor=1,x1,cos(x3),sin(x1)*cos(x2); exception=; in_bank=0; in_anchor=0; attempted=0; eligible=; anchor_role_ic=None; augmented_role_ic=None; outside_anchor_sse=None; outside_augmented_sse=None; accepted=0; final=1,x1,cos(x3),sin(x1)*cos(x2); wrapper_overhead_unoptimized=1",1.0,1.0,5,2,1.0,32,0,0,0,1;x1;cos(x3);sin(x1)*cos(x2),G,balanced,250,250;250;250;250,753770.25,1;x1;cos(x3);sin(x1)*cos(x2),1;x1;cos(x3);sin(x1)*cos(x2),,0.0,0.0,0.0,,0,,,,,0.0
trig_cross,complementary,0.1,250,4,20104,rcsa-spent-diagnostic,1.0,1.0,1.0,7.866361376853495e-05,0.011002961870567273,0.0,1.0,0.0,frozen-v6-anchor,0.011416550210100192,0.013277709237607498,2.037430480000012,3018056,cos(x3);sin(x1)*cos(x2);x1,-0.005507 + 0.5024·x₁ + 0.6977·cos(x₃) + 1.186·sin(x₁)cos(x₂),"RCSA spent-seed diagnostic; anchor=1,x1,cos(x3),sin(x1)*cos(x2); exception=; in_bank=0; in_anchor=0; attempted=0; eligible=; anchor_role_ic=None; augmented_role_ic=None; outside_anchor_sse=None; outside_augmented_sse=None; accepted=0; final=1,x1,cos(x3),sin(x1)*cos(x2); wrapper_overhead_unoptimized=1",1.0,1.0,6,3,1.0,63,0,0,0,1;x1;cos(x3);sin(x1)*cos(x2),G,balanced,250,250;250;250;250,754514.0,1;x1;cos(x3);sin(x1)*cos(x2),1;x1;cos(x3);sin(x1)*cos(x2),,0.0,0.0,0.0,,0,,,,,0.0
trig_cross,complementary,0.1,250,4,20105,rcsa-spent-diagnostic,1.0,1.0,1.0,4.158074771763503e-05,0.013843248638925245,0.0,1.0,0.0,frozen-v6-anchor,0.012472315310071466,0.015212867025984705,2.0278359449999925,3018746,cos(x3);sin(x1)*cos(x2);x1,-0.005464 + 0.4995·x₁ + 0.6971·cos(x₃) + 1.207·sin(x₁)cos(x₂),"RCSA spent-seed diagnostic; anchor=1,x1,cos(x3),sin(x1)*cos(x2); exception=; in_bank=0; in_anchor=0; attempted=0; eligible=; anchor_role_ic=None; augmented_role_ic=None; outside_anchor_sse=None; outside_augmented_sse=None; accepted=0; final=1,x1,cos(x3),sin(x1)*cos(x2); wrapper_overhead_unoptimized=1",1.0,1.0,6,3,1.0,63,0,0,0,1;x1;cos(x3);sin(x1)*cos(x2),G,balanced,250,250;250;250;250,754686.5,1;x1;cos(x3);sin(x1)*cos(x2),1;x1;cos(x3);sin(x1)*cos(x2),,0.0,0.0,0.0,,0,,,,,0.0
trig_cross,complementary,0.2,100,4,20101,rcsa-spent-diagnostic,1.0,1.0,1.0,0.0004048705091842283,0.04953246223404267,0.0,1.0,0.0,frozen-v6-anchor,0.03863941431535688,0.050721769221344935,1.9951794169999175,3008029,cos(x3);sin(x1)*cos(x2);x1,0.01624 + 0.5094·x₁ + 0.6917·cos(x₃) + 1.196·sin(x₁)cos(x₂),"RCSA spent-seed diagnostic; anchor=1,x1,cos(x3),sin(x1)*cos(x2); exception=; in_bank=0; in_anchor=0; attempted=0; eligible=; anchor_role_ic=None; augmented_role_ic=None; outside_anchor_sse=None; outside_augmented_sse=None; accepted=0; final=1,x1,cos(x3),sin(x1)*cos(x2); wrapper_overhead_unoptimized=1",1.0,1.0,7,4,0.0,120,0,1,0,1;x1;cos(x3);sin(x1)*cos(x2),G,balanced,100,100;100;100;100,752007.25,1;x1;cos(x3);sin(x1)*cos(x2),1;x1;cos(x3);sin(x1)*cos(x2),,0.0,0.0,0.0,,0,,,,,0.0
trig_cross,complementary,0.2,100,4,20102,rcsa-spent-diagnostic,1.0,1.0,1.0,0.0004059567844789693,0.04714140775910227,0.0,1.0,0.0,frozen-v6-anchor,0.05078735583362472,0.06456540961519343,1.9780881980000231,3002835,cos(x3);sin(x1)*cos(x2);x1,-0.01715 + 0.4908·x₁ + 0.7067·cos(x₃) + 1.202·sin(x₁)cos(x₂),"RCSA spent-seed diagnostic; anchor=1,x1,cos(x3),sin(x1)*cos(x2); exception=; in_bank=0; in_anchor=0; attempted=0; eligible=; anchor_role_ic=None; augmented_role_ic=None; outside_anchor_sse=None; outside_augmented_sse=None; accepted=0; final=1,x1,cos(x3),sin(x1)*cos(x2); wrapper_overhead_unoptimized=1",1.0,1.0,6,3,1.0,63,0,0,0,1;x1;cos(x3);sin(x1)*cos(x2),G,balanced,100,100;100;100;100,750708.75,1;x1;cos(x3);sin(x1)*cos(x2),1;x1;cos(x3);sin(x1)*cos(x2),,0.0,0.0,0.0,,0,,,,,0.0
trig_cross,complementary,0.2,100,4,20103,rcsa-spent-diagnostic,1.0,1.0,1.0,0.0004534716176454941,0.05129110320898123,0.0,1.0,0.0,frozen-v6-anchor,0.05355691060883408,0.07157821320990104,2.032658859000094,3037151,cos(x3);sin(x1)*cos(x2);x1,0.007607 + 0.5113·x₁ + 0.6789·cos(x₃) + 1.188·sin(x₁)cos(x₂),"RCSA spent-seed diagnostic; anchor=1,x1,cos(x3),sin(x1)*cos(x2); exception=; in_bank=0; in_anchor=0; attempted=0; eligible=; anchor_role_ic=None; augmented_role_ic=None; outside_anchor_sse=None; outside_augmented_sse=None; accepted=0; final=1,x1,cos(x3),sin(x1)*cos(x2); wrapper_overhead_unoptimized=1",1.0,1.0,7,4,0.0,120,0,1,0,1;x1;cos(x3);sin(x1)*cos(x2),G,balanced,100,100;100;100;100,759287.75,1;x1;cos(x3);sin(x1)*cos(x2),1;x1;cos(x3);sin(x1)*cos(x2),,0.0,0.0,0.0,,0,,,,,0.0
trig_cross,complementary,0.2,100,4,20104,rcsa-spent-diagnostic,1.0,1.0,1.0,0.0004623140583446854,0.04961889466376015,0.0,1.0,0.0,frozen-v6-anchor,0.06057204132168835,0.07798114271961971,1.9708259569999882,3000753,cos(x3);sin(x1)*cos(x2);x1,-0.01907 + 0.5053·x₁ + 0.6978·cos(x₃) + 1.176·sin(x₁)cos(x₂),"RCSA spent-seed diagnostic; anchor=1,x1,cos(x3),sin(x1)*cos(x2); exception=; in_bank=0; in_anchor=0; attempted=0; eligible=; anchor_role_ic=None; augmented_role_ic=None; outside_anchor_sse=None; outside_augmented_sse=None; accepted=0; final=1,x1,cos(x3),sin(x1)*cos(x2); wrapper_overhead_unoptimized=1",1.0,1.0,6,3,1.0,63,0,0,0,1;x1;cos(x3);sin(x1)*cos(x2),G,balanced,100,100;100;100;100,750188.25,1;x1;cos(x3);sin(x1)*cos(x2),1;x1;cos(x3);sin(x1)*cos(x2),,0.0,0.0,0.0,,0,,,,,0.0
trig_cross,complementary,0.2,100,4,20105,rcsa-spent-diagnostic,0.0,0.6666666666666666,0.6666666666666666,0.004006227607399868,0.050573670151608546,0.0,1.0,0.0,frozen-v6-anchor,0.03459724074110602,0.04747894309982641,2.0306103039999925,3034798,sin(x1)*cos(x2);x1;x3^2,0.6273 + 0.5065·x₁ - 0.2304·x₃² + 1.221·sin(x₁)cos(x₂),"RCSA spent-seed diagnostic; anchor=1,x1,x3^2,sin(x1)*cos(x2); exception=; in_bank=0; in_anchor=0; attempted=0; eligible=; anchor_role_ic=None; augmented_role_ic=None; outside_anchor_sse=None; outside_augmented_sse=None; accepted=0; final=1,x1,x3^2,sin(x1)*cos(x2); wrapper_overhead_unoptimized=1",1.0,1.0,7,4,0.0,120,0,1,0,1;x1;x3^2;sin(x1)*cos(x2),G,balanced,100,100;100;100;100,758699.5,1;x1;x3^2;sin(x1)*cos(x2),1;x1;x3^2;sin(x1)*cos(x2),,0.0,0.0,0.0,,0,,,,,0.0
trig_cross,complementary,0.2,250,4,20101,rcsa-spent-diagnostic,1.0,1.0,1.0,0.0005022113523995135,0.049177410060039235,0.0,1.0,0.0,frozen-v6-anchor,0.053335184326867714,0.06451952437994941,2.0251870350000445,3014393,cos(x3);sin(x1)*cos(x2);x1,-0.02439 + 0.4948·x₁ + 0.7194·cos(x₃) + 1.189·sin(x₁)cos(x₂),"RCSA spent-seed diagnostic; anchor=1,x1,cos(x3),sin(x1)*cos(x2); exception=; in_bank=0; in_anchor=0; attempted=0; eligible=; anchor_role_ic=None; augmented_role_ic=None; outside_anchor_sse=None; outside_augmented_sse=None; accepted=0; final=1,x1,cos(x3),sin(x1)*cos(x2); wrapper_overhead_unoptimized=1",1.0,1.0,6,3,1.0,63,0,0,0,1;x1;cos(x3);sin(x1)*cos(x2),G,balanced,250,250;250;250;250,753598.25,1;x1;cos(x3);sin(x1)*cos(x2),1;x1;cos(x3);sin(x1)*cos(x2),,0.0,0.0,0.0,,0,,,,,0.0
trig_cross,complementary,0.2,250,4,20102,rcsa-spent-diagnostic,1.0,1.0,1.0,0.00023234630849786576,0.04933737992380637,0.0,1.0,0.0,frozen-v6-anchor,0.05121800037825373,0.059721336148031524,2.075404937999906,3043942,cos(x3);sin(x1)*cos(x2);x1,0.007813 + 0.4935·x₁ + 0.7118·cos(x₃) + 1.196·sin(x₁)cos(x₂),"RCSA spent-seed diagnostic; anchor=1,x1,cos(x3),sin(x1)*cos(x2); exception=; in_bank=0; in_anchor=0; attempted=0; eligible=; anchor_role_ic=None; augmented_role_ic=None; outside_anchor_sse=None; outside_augmented_sse=None; accepted=0; final=1,x1,cos(x3),sin(x1)*cos(x2); wrapper_overhead_unoptimized=1",1.0,1.0,6,3,0.0,63,0,1,0,1;x1;cos(x3);sin(x1)*cos(x2),G,balanced,250,250;250;250;250,760985.5,1;x1;cos(x3);sin(x1)*cos(x2),1;x1;cos(x3);sin(x1)*cos(x2),,0.0,0.0,0.0,,0,,,,,0.0
trig_cross,complementary,0.2,250,4,20103,rcsa-spent-diagnostic,1.0,1.0,1.0,6.892672828742498e-05,0.045931618796951325,0.0,1.0,0.0,frozen-v6-anchor,0.04380543160200369,0.061427331331168025,2.029724581000096,3011817,cos(x3);sin(x1)*cos(x2);x1,0.003974 + 0.5043·x₁ + 0.6929·cos(x₃) + 1.206·sin(x₁)cos(x₂),"RCSA spent-seed diagnostic; anchor=1,x1,cos(x3),sin(x1)*cos(x2); exception=; in_bank=0; in_anchor=0; attempted=0; eligible=; anchor_role_ic=None; augmented_role_ic=None; outside_anchor_sse=None; outside_augmented_sse=None; accepted=0; final=1,x1,cos(x3),sin(x1)*cos(x2); wrapper_overhead_unoptimized=1",1.0,1.0,5,2,0.0,32,0,1,0,1;x1;cos(x3);sin(x1)*cos(x2),G,balanced,250,250;250;250;250,752954.25,1;x1;cos(x3);sin(x1)*cos(x2),1;x1;cos(x3);sin(x1)*cos(x2),,0.0,0.0,0.0,,0,,,,,0.0
trig_cross,complementary,0.2,250,4,20104,rcsa-spent-diagnostic,1.0,1.0,1.0,0.00031465445446323255,0.044011847482269086,0.0,1.0,0.0,frozen-v6-anchor,0.04566620084041848,0.053110836950458026,2.0330599010000014,3015431,cos(x3);sin(x1)*cos(x2);x1,-0.01101 + 0.5049·x₁ + 0.6954·cos(x₃) + 1.172·sin(x₁)cos(x₂),"RCSA spent-seed diagnostic; anchor=1,x1,cos(x3),sin(x1)*cos(x2); exception=; in_bank=0; in_anchor=0; attempted=0; eligible=; anchor_role_ic=None; augmented_role_ic=None; outside_anchor_sse=None; outside_augmented_sse=None; accepted=0; final=1,x1,cos(x3),sin(x1)*cos(x2); wrapper_overhead_unoptimized=1",1.0,1.0,6,3,1.0,63,0,0,0,1;x1;cos(x3);sin(x1)*cos(x2),G,balanced,250,250;250;250;250,753857.75,1;x1;cos(x3);sin(x1)*cos(x2),1;x1;cos(x3);sin(x1)*cos(x2),,0.0,0.0,0.0,,0,,,,,0.0
trig_cross,complementary,0.2,250,4,20105,rcsa-spent-diagnostic,1.0,1.0,1.0,0.00016632299115356832,0.05537299455570097,0.0,1.0,0.0,frozen-v6-anchor,0.049889261240252065,0.06085146810392422,2.0344787069999484,3015474,cos(x3);sin(x1)*cos(x2);x1,-0.01093 + 0.499·x₁ + 0.6941·cos(x₃) + 1.214·sin(x₁)cos(x₂),"RCSA spent-seed diagnostic; anchor=1,x1,cos(x3),sin(x1)*cos(x2); exception=; in_bank=0; in_anchor=0; attempted=0; eligible=; anchor_role_ic=None; augmented_role_ic=None; outside_anchor_sse=None; outside_augmented_sse=None; accepted=0; final=1,x1,cos(x3),sin(x1)*cos(x2); wrapper_overhead_unoptimized=1",1.0,1.0,6,3,1.0,63,0,0,0,1;x1;cos(x3);sin(x1)*cos(x2),G,balanced,250,250;250;250;250,753868.5,1;x1;cos(x3);sin(x1)*cos(x2),1;x1;cos(x3);sin(x1)*cos(x2),,0.0,0.0,0.0,,0,,,,,0.0
trig_cross,spurious,0.1,100,4,20101,rcsa-spent-diagnostic,1.0,1.0,1.0,0.00012544680056161215,0.01094507817682874,0.0,1.0,0.0,frozen-v6-anchor,0.009177383941496113,0.01649770512449204,1.9802577940000674,3001575,cos(x3);sin(x1)*cos(x2);x1,0.004832 + 0.4955·x₁ + 0.6866·cos(x₃) + 1.212·sin(x₁)cos(x₂),"RCSA spent-seed diagnostic; anchor=1,x1,cos(x3),sin(x1)*cos(x2); exception=; in_bank=0; in_anchor=0; attempted=0; eligible=; anchor_role_ic=None; augmented_role_ic=None; outside_anchor_sse=None; outside_augmented_sse=None; accepted=0; final=1,x1,cos(x3),sin(x1)*cos(x2); wrapper_overhead_unoptimized=1",1.0,1.0,5,2,1.0,32,0,0,0,1;x1;cos(x3);sin(x1)*cos(x2),G,balanced,100,100;100;100;100,750393.75,1;x1;cos(x3);sin(x1)*cos(x2),1;x1;cos(x3);sin(x1)*cos(x2),,0.0,0.0,0.0,,0,,,,,0.0
trig_cross,spurious,0.1,100,4,20102,rcsa-spent-diagnostic,1.0,1.0,1.0,1.743920697551235e-05,0.010480517467431914,0.0,1.0,0.0,frozen-v6-anchor,0.011181951346382312,0.01504634270007088,2.010995507999951,3030992,cos(x3);sin(x1)*cos(x2);x1,-0.001877 + 0.5·x₁ + 0.6943·cos(x₃) + 1.2·sin(x₁)cos(x₂),"RCSA spent-seed diagnostic; anchor=1,x1,cos(x3),sin(x1)*cos(x2); exception=; in_bank=0; in_anchor=0; attempted=0; eligible=; anchor_role_ic=None; augmented_role_ic=None; outside_anchor_sse=None; outside_augmented_sse=None; accepted=0; final=1,x1,cos(x3),sin(x1)*cos(x2); wrapper_overhead_unoptimized=1",1.0,1.0,5,2,1.0,32,0,0,0,1;x1;cos(x3);sin(x1)*cos(x2),G,balanced,100,100;100;100;100,757748.0,1;x1;cos(x3);sin(x1)*cos(x2),1;x1;cos(x3);sin(x1)*cos(x2),,0.0,0.0,0.0,,0,,,,,0.0
trig_cross,spurious,0.1,100,4,20103,rcsa-spent-diagnostic,1.0,1.0,1.0,0.00013948625831591865,0.0129157556461469,0.0,1.0,0.0,frozen-v6-anchor,0.01597166307546371,0.02530229111624867,2.039193219000026,3033982,cos(x3);sin(x1)*cos(x2);x1,0.007332 + 0.4951·x₁ + 0.684·cos(x₃) + 1.202·sin(x₁)cos(x₂),"RCSA spent-seed diagnostic; anchor=1,x1,cos(x3),sin(x1)*cos(x2); exception=; in_bank=0; in_anchor=0; attempted=0; eligible=; anchor_role_ic=None; augmented_role_ic=None; outside_anchor_sse=None; outside_augmented_sse=None; accepted=0; final=1,x1,cos(x3),sin(x1)*cos(x2); wrapper_overhead_unoptimized=1",1.0,1.0,6,3,1.0,63,0,0,0,1;x1;cos(x3);sin(x1)*cos(x2),G,balanced,100,100;100;100;100,758495.5,1;x1;cos(x3);sin(x1)*cos(x2),1;x1;cos(x3);sin(x1)*cos(x2),,0.0,0.0,0.0,,0,,,,,0.0
trig_cross,spurious,0.1,100,4,20104,rcsa-spent-diagnostic,1.0,1.0,1.0,0.0001334328824914882,0.013358494880733431,0.0,1.0,0.0,frozen-v6-anchor,0.011017182853714003,0.015203384058728868,2.0674403259999963,3063937,cos(x3);sin(x1)*cos(x2);x1,-0.0111 + 0.5031·x₁ + 0.7006·cos(x₃) + 1.21·sin(x₁)cos(x₂),"RCSA spent-seed diagnostic; anchor=1,x1,cos(x3),sin(x1)*cos(x2); exception=; in_bank=0; in_anchor=0; attempted=0; eligible=; anchor_role_ic=None; augmented_role_ic=None; outside_anchor_sse=None; outside_augmented_sse=None; accepted=0; final=1,x1,cos(x3),sin(x1)*cos(x2); wrapper_overhead_unoptimized=1",1.0,1.0,6,3,0.0,63,0,1,0,1;x1;cos(x3);sin(x1)*cos(x2),G,balanced,100,100;100;100;100,765984.25,1;x1;cos(x3);sin(x1)*cos(x2),1;x1;cos(x3);sin(x1)*cos(x2),,0.0,0.0,0.0,,0,,,,,0.0
trig_cross,spurious,0.1,100,4,20105,rcsa-spent-diagnostic,1.0,1.0,1.0,3.2211719769243055e-05,0.012948195656232002,0.0,1.0,0.0,frozen-v6-anchor,0.017559535068903405,0.020920281372376812,2.0137477659999377,3033624,cos(x3);sin(x1)*cos(x2);x1,-0.003824 + 0.499·x₁ + 0.6944·cos(x₃) + 1.197·sin(x₁)cos(x₂),"RCSA spent-seed diagnostic; anchor=1,x1,cos(x3),sin(x1)*cos(x2); exception=; in_bank=0; in_anchor=0; attempted=0; eligible=; anchor_role_ic=None; augmented_role_ic=None; outside_anchor_sse=None; outside_augmented_sse=None; accepted=0; final=1,x1,cos(x3),sin(x1)*cos(x2); wrapper_overhead_unoptimized=1",1.0,1.0,6,3,1.0,63,0,0,0,1;x1;cos(x3);sin(x1)*cos(x2),G,balanced,100,100;100;100;100,758406.0,1;x1;cos(x3);sin(x1)*cos(x2),1;x1;cos(x3);sin(x1)*cos(x2),,0.0,0.0,0.0,,0,,,,,0.0
trig_cross,spurious,0.1,250,4,20101,rcsa-spent-diagnostic,1.0,1.0,1.0,0.00017277643044785257,0.012319448247132292,0.0,1.0,0.0,frozen-v6-anchor,0.012684408942121578,0.018169833975719796,2.043927456000006,3017540,cos(x3);sin(x1)*cos(x2);x1,-0.007605 + 0.5024·x₁ + 0.6949·cos(x₃) + 1.179·sin(x₁)cos(x₂),"RCSA spent-seed diagnostic; anchor=1,x1,cos(x3),sin(x1)*cos(x2); exception=; in_bank=0; in_anchor=0; attempted=0; eligible=; anchor_role_ic=None; augmented_role_ic=None; outside_anchor_sse=None; outside_augmented_sse=None; accepted=0; final=1,x1,cos(x3),sin(x1)*cos(x2); wrapper_overhead_unoptimized=1",1.0,1.0,6,3,1.0,63,0,0,0,1;x1;cos(x3);sin(x1)*cos(x2),G,balanced,250,250;250;250;250,754385.0,1;x1;cos(x3);sin(x1)*cos(x2),1;x1;cos(x3);sin(x1)*cos(x2),,0.0,0.0,0.0,,0,,,,,0.0
trig_cross,spurious,0.1,250,4,20102,rcsa-spent-diagnostic,1.0,1.0,1.0,6.566888385567063e-05,0.012964361148418656,0.0,1.0,0.0,frozen-v6-anchor,0.013218531136746578,0.016030840122081676,2.045704265999916,3017667,cos(x3);sin(x1)*cos(x2);x1,-0.001777 + 0.4967·x₁ + 0.7091·cos(x₃) + 1.209·sin(x₁)cos(x₂),"RCSA spent-seed diagnostic; anchor=1,x1,cos(x3),sin(x1)*cos(x2); exception=; in_bank=0; in_anchor=0; attempted=0; eligible=; anchor_role_ic=None; augmented_role_ic=None; outside_anchor_sse=None; outside_augmented_sse=None; accepted=0; final=1,x1,cos(x3),sin(x1)*cos(x2); wrapper_overhead_unoptimized=1",1.0,1.0,6,3,1.0,63,0,0,0,1;x1;cos(x3);sin(x1)*cos(x2),G,balanced,250,250;250;250;250,754416.75,1;x1;cos(x3);sin(x1)*cos(x2),1;x1;cos(x3);sin(x1)*cos(x2),,0.0,0.0,0.0,,0,,,,,0.0
trig_cross,spurious,0.1,250,4,20103,rcsa-spent-diagnostic,1.0,1.0,1.0,4.083381315807555e-05,0.01006063924915651,0.0,1.0,0.0,frozen-v6-anchor,0.011051683076291747,0.01400553532980117,2.0235224460000154,3013539,cos(x3);sin(x1)*cos(x2);x1,-0.0005257 + 0.4971·x₁ + 0.7075·cos(x₃) + 1.195·sin(x₁)cos(x₂),"RCSA spent-seed diagnostic; anchor=1,x1,cos(x3),sin(x1)*cos(x2); exception=; in_bank=0; in_anchor=0; attempted=0; eligible=; anchor_role_ic=None; augmented_role_ic=None; outside_anchor_sse=None; outside_augmented_sse=None; accepted=0; final=1,x1,cos(x3),sin(x1)*cos(x2); wrapper_overhead_unoptimized=1",1.0,1.0,5,2,1.0,32,0,0,0,1;x1;cos(x3);sin(x1)*cos(x2),G,balanced,250,250;250;250;250,753384.75,1;x1;cos(x3);sin(x1)*cos(x2),1;x1;cos(x3);sin(x1)*cos(x2),,0.0,0.0,0.0,,0,,,,,0.0
trig_cross,spurious,0.1,250,4,20104,rcsa-spent-diagnostic,1.0,1.0,1.0,2.150791172681203e-05,0.01173670696263774,0.0,1.0,0.0,frozen-v6-anchor,0.011011326545558907,0.01585779825968641,2.043817441999977,3017931,cos(x3);sin(x1)*cos(x2);x1,-0.002684 + 0.4984·x₁ + 0.6983·cos(x₃) + 1.194·sin(x₁)cos(x₂),"RCSA spent-seed diagnostic; anchor=1,x1,cos(x3),sin(x1)*cos(x2); exception=; in_bank=0; in_anchor=0; attempted=0; eligible=; anchor_role_ic=None; augmented_role_ic=None; outside_anchor_sse=None; outside_augmented_sse=None; accepted=0; final=1,x1,cos(x3),sin(x1)*cos(x2); wrapper_overhead_unoptimized=1",1.0,1.0,6,3,1.0,63,0,0,0,1;x1;cos(x3);sin(x1)*cos(x2),G,balanced,250,250;250;250;250,754482.75,1;x1;cos(x3);sin(x1)*cos(x2),1;x1;cos(x3);sin(x1)*cos(x2),,0.0,0.0,0.0,,0,,,,,0.0
trig_cross,spurious,0.1,250,4,20105,rcsa-spent-diagnostic,1.0,1.0,1.0,2.5811672868662112e-05,0.013281033602615153,0.0,1.0,0.0,frozen-v6-anchor,0.014904753764473172,0.02041146840864147,2.0353135459999976,3018420,cos(x3);sin(x1)*cos(x2);x1,-0.005863 + 0.5012·x₁ + 0.7031·cos(x₃) + 1.198·sin(x₁)cos(x₂),"RCSA spent-seed diagnostic; anchor=1,x1,cos(x3),sin(x1)*cos(x2); exception=; in_bank=0; in_anchor=0; attempted=0; eligible=; anchor_role_ic=None; augmented_role_ic=None; outside_anchor_sse=None; outside_augmented_sse=None; accepted=0; final=1,x1,cos(x3),sin(x1)*cos(x2); wrapper_overhead_unoptimized=1",1.0,1.0,6,3,1.0,63,0,0,0,1;x1;cos(x3);sin(x1)*cos(x2),G,balanced,250,250;250;250;250,754605.0,1;x1;cos(x3);sin(x1)*cos(x2),1;x1;cos(x3);sin(x1)*cos(x2),,0.0,0.0,0.0,,0,,,,,0.0
trig_cross,spurious,0.2,100,4,20101,rcsa-spent-diagnostic,1.0,1.0,1.0,0.000501787202934655,0.04378031270731496,0.0,1.0,0.0,frozen-v6-anchor,0.036709535765931216,0.065990820498043,2.0547163229999796,3056787,cos(x3);sin(x1)*cos(x2);x1,0.009664 + 0.491·x₁ + 0.6732·cos(x₃) + 1.224·sin(x₁)cos(x₂),"RCSA spent-seed diagnostic; anchor=1,x1,cos(x3),sin(x1)*cos(x2); exception=; in_bank=0; in_anchor=0; attempted=0; eligible=; anchor_role_ic=None; augmented_role_ic=None; outside_anchor_sse=None; outside_augmented_sse=None; accepted=0; final=1,x1,cos(x3),sin(x1)*cos(x2); wrapper_overhead_unoptimized=1",1.0,1.0,5,2,1.0,32,0,0,0,1;x1;cos(x3);sin(x1)*cos(x2),G,balanced,100,100;100;100;100,764196.75,1;x1;cos(x3);sin(x1)*cos(x2),1;x1;cos(x3);sin(x1)*cos(x2),,0.0,0.0,0.0,,0,,,,,0.0
trig_cross,spurious,0.2,100,4,20102,rcsa-spent-diagnostic,1.0,1.0,1.0,6.975682746233067e-05,0.04192206986972766,0.0,1.0,0.0,frozen-v6-anchor,0.04472780538556697,0.060185370800159885,2.0071694010000556,3027533,cos(x3);sin(x1)*cos(x2);x1,-0.003755 + 0.4999·x₁ + 0.6885·cos(x₃) + 1.199·sin(x₁)cos(x₂),"RCSA spent-seed diagnostic; anchor=1,x1,cos(x3),sin(x1)*cos(x2); exception=; in_bank=0; in_anchor=0; attempted=0; eligible=; anchor_role_ic=None; augmented_role_ic=None; outside_anchor_sse=None; outside_augmented_sse=None; accepted=0; final=1,x1,cos(x3),sin(x1)*cos(x2); wrapper_overhead_unoptimized=1",1.0,1.0,5,2,0.0,32,0,1,0,1;x1;cos(x3);sin(x1)*cos(x2),G,balanced,100,100;100;100;100,756883.25,1;x1;cos(x3);sin(x1)*cos(x2),1;x1;cos(x3);sin(x1)*cos(x2),,0.0,0.0,0.0,,0,,,,,0.0
trig_cross,spurious,0.2,100,4,20103,rcsa-spent-diagnostic,1.0,1.0,1.0,0.0005579450324296298,0.0516630225845876,0.0,1.0,0.0,frozen-v6-anchor,0.06388665230168945,0.1012091644647782,1.9823673580000332,3001771,cos(x3);sin(x1)*cos(x2);x1,0.01466 + 0.4902·x₁ + 0.6681·cos(x₃) + 1.203·sin(x₁)cos(x₂),"RCSA spent-seed diagnostic; anchor=1,x1,cos(x3),sin(x1)*cos(x2); exception=; in_bank=0; in_anchor=0; attempted=0; eligible=; anchor_role_ic=None; augmented_role_ic=None; outside_anchor_sse=None; outside_augmented_sse=None; accepted=0; final=1,x1,cos(x3),sin(x1)*cos(x2); wrapper_overhead_unoptimized=1",1.0,1.0,6,3,1.0,63,0,0,0,1;x1;cos(x3);sin(x1)*cos(x2),G,balanced,100,100;100;100;100,750442.75,1;x1;cos(x3);sin(x1)*cos(x2),1;x1;cos(x3);sin(x1)*cos(x2),,0.0,0.0,0.0,,0,,,,,0.0
trig_cross,spurious,0.2,100,4,20104,rcsa-spent-diagnostic,1.0,1.0,1.0,0.0005337315315108201,0.05343397952293372,0.0,1.0,0.0,frozen-v6-anchor,0.04406873141489266,0.06081353623496568,2.0258312469999282,3034546,cos(x3);sin(x1)*cos(x2);x1,-0.0222 + 0.5061·x₁ + 0.7012·cos(x₃) + 1.221·sin(x₁)cos(x₂),"RCSA spent-seed diagnostic; anchor=1,x1,cos(x3),sin(x1)*cos(x2); exception=; in_bank=0; in_anchor=0; attempted=0; eligible=; anchor_role_ic=None; augmented_role_ic=None; outside_anchor_sse=None; outside_augmented_sse=None; accepted=0; final=1,x1,cos(x3),sin(x1)*cos(x2); wrapper_overhead_unoptimized=1",1.0,1.0,7,4,0.0,120,0,1,0,1;x1;cos(x3);sin(x1)*cos(x2),G,balanced,100,100;100;100;100,758636.5,1;x1;cos(x3);sin(x1)*cos(x2),1;x1;cos(x3);sin(x1)*cos(x2),,0.0,0.0,0.0,,0,,,,,0.0
trig_cross,spurious,0.2,100,4,20105,rcsa-spent-diagnostic,1.0,1.0,1.0,0.0001288468786548321,0.05179278262492801,0.0,1.0,0.0,frozen-v6-anchor,0.07023814027553353,0.08368112548943879,2.022677075000047,3030988,cos(x3);sin(x1)*cos(x2);x1,-0.007649 + 0.498·x₁ + 0.6888·cos(x₃) + 1.193·sin(x₁)cos(x₂),"RCSA spent-seed diagnostic; anchor=1,x1,cos(x3),sin(x1)*cos(x2); exception=; in_bank=0; in_anchor=0; attempted=0; eligible=; anchor_role_ic=None; augmented_role_ic=None; outside_anchor_sse=None; outside_augmented_sse=None; accepted=0; final=1,x1,cos(x3),sin(x1)*cos(x2); wrapper_overhead_unoptimized=1",1.0,1.0,6,3,0.0,63,0,1,0,1;x1;cos(x3);sin(x1)*cos(x2),G,balanced,100,100;100;100;100,757747.0,1;x1;cos(x3);sin(x1)*cos(x2),1;x1;cos(x3);sin(x1)*cos(x2),,0.0,0.0,0.0,,0,,,,,0.0
trig_cross,spurious,0.2,250,4,20101,rcsa-spent-diagnostic,1.0,1.0,1.0,0.000691105720732145,0.04927779298852917,0.0,1.0,0.0,frozen-v6-anchor,0.05073763576851575,0.07267933590291203,2.0260145849999844,3014140,cos(x3);sin(x1)*cos(x2);x1,-0.01521 + 0.5047·x₁ + 0.6897·cos(x₃) + 1.158·sin(x₁)cos(x₂),"RCSA spent-seed diagnostic; anchor=1,x1,cos(x3),sin(x1)*cos(x2); exception=; in_bank=0; in_anchor=0; attempted=0; eligible=; anchor_role_ic=None; augmented_role_ic=None; outside_anchor_sse=None; outside_augmented_sse=None; accepted=0; final=1,x1,cos(x3),sin(x1)*cos(x2); wrapper_overhead_unoptimized=1",1.0,1.0,6,3,1.0,63,0,0,0,1;x1;cos(x3);sin(x1)*cos(x2),G,balanced,250,250;250;250;250,753535.0,1;x1;cos(x3);sin(x1)*cos(x2),1;x1;cos(x3);sin(x1)*cos(x2),,0.0,0.0,0.0,,0,,,,,0.0
trig_cross,spurious,0.2,250,4,20102,rcsa-spent-diagnostic,1.0,1.0,1.0,0.0002626755360554217,0.05185744459367462,0.0,1.0,0.0,frozen-v6-anchor,0.052874124546998025,0.06412336048835532,2.040153395000061,3014576,cos(x3);sin(x1)*cos(x2);x1,-0.003553 + 0.4935·x₁ + 0.7182·cos(x₃) + 1.217·sin(x₁)cos(x₂),"RCSA spent-seed diagnostic; anchor=1,x1,cos(x3),sin(x1)*cos(x2); exception=; in_bank=0; in_anchor=0; attempted=0; eligible=; anchor_role_ic=None; augmented_role_ic=None; outside_anchor_sse=None; outside_augmented_sse=None; accepted=0; final=1,x1,cos(x3),sin(x1)*cos(x2); wrapper_overhead_unoptimized=1",1.0,1.0,6,3,1.0,63,0,0,0,1;x1;cos(x3);sin(x1)*cos(x2),G,balanced,250,250;250;250;250,753644.0,1;x1;cos(x3);sin(x1)*cos(x2),1;x1;cos(x3);sin(x1)*cos(x2),,0.0,0.0,0.0,,0,,,,,0.0
trig_cross,spurious,0.2,250,4,20103,rcsa-spent-diagnostic,1.0,1.0,1.0,0.0001633352527018657,0.04024255699662604,0.0,1.0,0.0,frozen-v6-anchor,0.0442067323051866,0.05602214131920833,2.0262580559999606,3010643,cos(x3);sin(x1)*cos(x2);x1,-0.001051 + 0.4941·x₁ + 0.7149·cos(x₃) + 1.191·sin(x₁)cos(x₂),"RCSA spent-seed diagnostic; anchor=1,x1,cos(x3),sin(x1)*cos(x2); exception=; in_bank=0; in_anchor=0; attempted=0; eligible=; anchor_role_ic=None; augmented_role_ic=None; outside_anchor_sse=None; outside_augmented_sse=None; accepted=0; final=1,x1,cos(x3),sin(x1)*cos(x2); wrapper_overhead_unoptimized=1",1.0,1.0,5,2,1.0,32,0,0,0,1;x1;cos(x3);sin(x1)*cos(x2),G,balanced,250,250;250;250;250,752660.75,1;x1;cos(x3);sin(x1)*cos(x2),1;x1;cos(x3);sin(x1)*cos(x2),,0.0,0.0,0.0,,0,,,,,0.0
trig_cross,spurious,0.2,250,4,20104,rcsa-spent-diagnostic,1.0,1.0,1.0,8.60316466928898e-05,0.04694682785055096,0.0,1.0,0.0,frozen-v6-anchor,0.04404530618222485,0.06343119303870857,2.0319001639999215,3014636,cos(x3);sin(x1)*cos(x2);x1,-0.005368 + 0.4968·x₁ + 0.6965·cos(x₃) + 1.188·sin(x₁)cos(x₂),"RCSA spent-seed diagnostic; anchor=1,x1,cos(x3),sin(x1)*cos(x2); exception=; in_bank=0; in_anchor=0; attempted=0; eligible=; anchor_role_ic=None; augmented_role_ic=None; outside_anchor_sse=None; outside_augmented_sse=None; accepted=0; final=1,x1,cos(x3),sin(x1)*cos(x2); wrapper_overhead_unoptimized=1",1.0,1.0,6,3,1.0,63,0,0,0,1;x1;cos(x3);sin(x1)*cos(x2),G,balanced,250,250;250;250;250,753659.0,1;x1;cos(x3);sin(x1)*cos(x2),1;x1;cos(x3);sin(x1)*cos(x2),,0.0,0.0,0.0,,0,,,,,0.0
trig_cross,spurious,0.2,250,4,20105,rcsa-spent-diagnostic,1.0,1.0,1.0,0.00010324669151689501,0.05312413441046061,0.0,1.0,0.0,frozen-v6-anchor,0.05961901505788074,0.08164587363454591,2.039900702000068,3015417,cos(x3);sin(x1)*cos(x2);x1,-0.01173 + 0.5024·x₁ + 0.7062·cos(x₃) + 1.196·sin(x₁)cos(x₂),"RCSA spent-seed diagnostic; anchor=1,x1,cos(x3),sin(x1)*cos(x2); exception=; in_bank=0; in_anchor=0; attempted=0; eligible=; anchor_role_ic=None; augmented_role_ic=None; outside_anchor_sse=None; outside_augmented_sse=None; accepted=0; final=1,x1,cos(x3),sin(x1)*cos(x2); wrapper_overhead_unoptimized=1",1.0,1.0,6,3,1.0,63,0,0,0,1;x1;cos(x3);sin(x1)*cos(x2),G,balanced,250,250;250;250;250,753854.25,1;x1;cos(x3);sin(x1)*cos(x2),1;x1;cos(x3);sin(x1)*cos(x2),,0.0,0.0,0.0,,0,,,,,0.0
trig_cross,exception,0.1,100,4,20101,rcsa-spent-diagnostic,1.0,1.0,1.0,0.00016845395500638232,0.028355274467771703,0.0,1.0,0.0,frozen-v6-anchor,0.02138041518761167,0.027271906955644454,2.924298244000056,3534278,I(x3>1)*x3^2;cos(x3);sin(x1)*cos(x2);x1,0.01854 + 0.5069·x₁ + 0.6779·cos(x₃) + 0.7472·𝟙[x₃>1]·x₃² + 1.197·sin(x₁)cos(x₂),"RCSA spent-seed diagnostic; anchor=1,x1,cos(x3),I(x3>1)*x3^2,sin(x1)*cos(x2); exception=I(x3>1)*x3^2; in_bank=1; in_anchor=1; attempted=0; eligible=; anchor_role_ic=None; augmented_role_ic=None; outside_anchor_sse=None; outside_augmented_sse=None; accepted=0; final=1,x1,cos(x3),I(x3>1)*x3^2,sin(x1)*cos(x2); wrapper_overhead_unoptimized=1",1.0,1.0,6,2,1.0,63,0,0,1,1;x1;cos(x3);I(x3>1)*x3^2;sin(x1)*cos(x2),G,balanced,100,100;100;100;100,883569.5,1;x1;cos(x3);I(x3>1)*x3^2;sin(x1)*cos(x2),1;x1;cos(x3);I(x3>1)*x3^2;sin(x1)*cos(x2),I(x3>1)*x3^2,1.0,1.0,0.0,,0,,,,,0.0
trig_cross,exception,0.1,100,4,20102,rcsa-spent-diagnostic,1.0,1.0,1.0,0.00014934361247985118,0.027679488678476284,0.0,1.0,0.0,frozen-v6-anchor,0.029387906545912834,0.03671558811167515,2.7550119690000656,3442445,I(x3>1)*x3^2;cos(x3);sin(x1)*cos(x2);x1,-0.004459 + 0.4959·x₁ + 0.7006·cos(x₃) + 0.7428·𝟙[x₃>1]·x₃² + 1.201·sin(x₁)cos(x₂),"RCSA spent-seed diagnostic; anchor=1,x1,cos(x3),I(x3>1)*x3^2,sin(x1)*cos(x2); exception=I(x3>1)*x3^2; in_bank=1; in_anchor=1; attempted=0; eligible=; anchor_role_ic=None; augmented_role_ic=None; outside_anchor_sse=None; outside_augmented_sse=None; accepted=0; final=1,x1,cos(x3),I(x3>1)*x3^2,sin(x1)*cos(x2); wrapper_overhead_unoptimized=1",1.0,1.0,6,2,1.0,63,0,0,1,1;x1;cos(x3);I(x3>1)*x3^2;sin(x1)*cos(x2),G,balanced,100,100;100;100;100,860611.25,1;x1;cos(x3);I(x3>1)*x3^2;sin(x1)*cos(x2),1;x1;cos(x3);I(x3>1)*x3^2;sin(x1)*cos(x2),I(x3>1)*x3^2,1.0,1.0,0.0,,0,,,,,0.0
trig_cross,exception,0.1,100,4,20103,rcsa-spent-diagnostic,0.0,0.75,0.75,0.0021158222911592324,0.032604317794776246,0.0,1.0,0.0,frozen-v6-anchor,0.02755281745801869,0.036651787131557964,2.916110030000027,3534646,I(x3>1)*x3^2;sin(x1)*cos(x2);x1;x3^2,0.6431 + 0.5058·x₁ - 0.2317·x₃² + 0.759·𝟙[x₃>1]·x₃² + 1.181·sin(x₁)cos(x₂),"RCSA spent-seed diagnostic; anchor=1,x1,x3^2,I(x3>1)*x3^2,sin(x1)*cos(x2); exception=I(x3>1)*x3^2; in_bank=1; in_anchor=1; attempted=0; eligible=; anchor_role_ic=None; augmented_role_ic=None; outside_anchor_sse=None; outside_augmented_sse=None; accepted=0; final=1,x1,x3^2,I(x3>1)*x3^2,sin(x1)*cos(x2); wrapper_overhead_unoptimized=1",1.0,1.0,5,1,0.0,32,0,1,1,1;x1;x3^2;I(x3>1)*x3^2;sin(x1)*cos(x2),G,balanced,100,100;100;100;100,883661.5,1;x1;x3^2;I(x3>1)*x3^2;sin(x1)*cos(x2),1;x1;x3^2;I(x3>1)*x3^2;sin(x1)*cos(x2),I(x3>1)*x3^2,1.0,1.0,0.0,,0,,,,,0.0
trig_cross,exception,0.1,100,4,20104,rcsa-spent-diagnostic,1.0,1.0,1.0,0.0002253271995953784,0.029186326297343718,0.0,1.0,0.0,frozen-v6-anchor,0.03637677421654469,0.046728035433576905,2.7450394490000463,3439912,I(x3>1)*x3^2;cos(x3);sin(x1)*cos(x2);x1,-0.01185 + 0.5007·x₁ + 0.6788·cos(x₃) + 0.7523·𝟙[x₃>1]·x₃² + 1.183·sin(x₁)cos(x₂),"RCSA spent-seed diagnostic; anchor=1,x1,cos(x3),I(x3>1)*x3^2,sin(x1)*cos(x2); exception=I(x3>1)*x3^2; in_bank=1; in_anchor=1; attempted=0; eligible=; anchor_role_ic=None; augmented_role_ic=None; outside_anchor_sse=None; outside_augmented_sse=None; accepted=0; final=1,x1,cos(x3),I(x3>1)*x3^2,sin(x1)*cos(x2); wrapper_overhead_unoptimized=1",1.0,1.0,6,2,1.0,63,0,0,1,1;x1;cos(x3);I(x3>1)*x3^2;sin(x1)*cos(x2),G,balanced,100,100;100;100;100,859978.0,1;x1;cos(x3);I(x3>1)*x3^2;sin(x1)*cos(x2),1;x1;cos(x3);I(x3>1)*x3^2;sin(x1)*cos(x2),I(x3>1)*x3^2,1.0,1.0,0.0,,0,,,,,0.0
trig_cross,exception,0.1,100,4,20105,rcsa-spent-diagnostic,1.0,1.0,1.0,6.492554336089921e-05,0.027453887207945785,0.0,1.0,0.0,frozen-v6-anchor,0.020629385995914646,0.027122993637192394,2.7966875879999407,3475415,I(x3>1)*x3^2;cos(x3);sin(x1)*cos(x2);x1,-0.01385 + 0.5038·x₁ + 0.7087·cos(x₃) + 0.7543·𝟙[x₃>1]·x₃² + 1.208·sin(x₁)cos(x₂),"RCSA spent-seed diagnostic; anchor=1,x1,cos(x3),I(x3>1)*x3^2,sin(x1)*cos(x2); exception=I(x3>1)*x3^2; in_bank=1; in_anchor=1; attempted=0; eligible=; anchor_role_ic=None; augmented_role_ic=None; outside_anchor_sse=None; outside_augmented_sse=None; accepted=0; final=1,x1,cos(x3),I(x3>1)*x3^2,sin(x1)*cos(x2); wrapper_overhead_unoptimized=1",1.0,1.0,7,3,1.0,120,0,0,1,1;x1;cos(x3);I(x3>1)*x3^2;sin(x1)*cos(x2),G,balanced,100,100;100;100;100,868853.75,1;x1;cos(x3);I(x3>1)*x3^2;sin(x1)*cos(x2),1;x1;cos(x3);I(x3>1)*x3^2;sin(x1)*cos(x2),I(x3>1)*x3^2,1.0,1.0,0.0,,0,,,,,0.0
trig_cross,exception,0.1,250,4,20101,rcsa-spent-diagnostic,1.0,1.0,1.0,0.00010896590980447569,0.027881544907901533,0.0,1.0,0.0,frozen-v6-anchor,0.030744979872232785,0.03736169485742706,2.73042124899996,3420192,I(x3>1)*x3^2;cos(x3);sin(x1)*cos(x2);x1,-0.01495 + 0.4968·x₁ + 0.7107·cos(x₃) + 0.7498·𝟙[x₃>1]·x₃² + 1.192·sin(x₁)cos(x₂),"RCSA spent-seed diagnostic; anchor=1,x1,cos(x3),I(x3>1)*x3^2,sin(x1)*cos(x2); exception=I(x3>1)*x3^2; in_bank=1; in_anchor=1; attempted=0; eligible=; anchor_role_ic=None; augmented_role_ic=None; outside_anchor_sse=None; outside_augmented_sse=None; accepted=0; final=1,x1,cos(x3),I(x3>1)*x3^2,sin(x1)*cos(x2); wrapper_overhead_unoptimized=1",1.0,1.0,5,1,1.0,32,0,0,1,1;x1;cos(x3);I(x3>1)*x3^2;sin(x1)*cos(x2),G,balanced,250,250;250;250;250,855048.0,1;x1;cos(x3);I(x3>1)*x3^2;sin(x1)*cos(x2),1;x1;cos(x3);I(x3>1)*x3^2;sin(x1)*cos(x2),I(x3>1)*x3^2,1.0,1.0,0.0,,0,,,,,0.0
trig_cross,exception,0.1,250,4,20102,rcsa-spent-diagnostic,1.0,1.0,1.0,8.363815045925648e-05,0.02845930644694331,0.0,1.0,0.0,frozen-v6-anchor,0.029471283280782135,0.034293426910854685,2.7489366410000002,3420160,I(x3>1)*x3^2;cos(x3);sin(x1)*cos(x2);x1,0.009955 + 0.497·x₁ + 0.7084·cos(x₃) + 0.7472·𝟙[x₃>1]·x₃² + 1.197·sin(x₁)cos(x₂),"RCSA spent-seed diagnostic; anchor=1,x1,cos(x3),I(x3>1)*x3^2,sin(x1)*cos(x2); exception=I(x3>1)*x3^2; in_bank=1; in_anchor=1; attempted=0; eligible=; anchor_role_ic=None; augmented_role_ic=None; outside_anchor_sse=None; outside_augmented_sse=None; accepted=0; final=1,x1,cos(x3),I(x3>1)*x3^2,sin(x1)*cos(x2); wrapper_overhead_unoptimized=1",1.0,1.0,5,1,1.0,32,0,0,1,1;x1;cos(x3);I(x3>1)*x3^2;sin(x1)*cos(x2),G,balanced,250,250;250;250;250,855040.0,1;x1;cos(x3);I(x3>1)*x3^2;sin(x1)*cos(x2),1;x1;cos(x3);I(x3>1)*x3^2;sin(x1)*cos(x2),I(x3>1)*x3^2,1.0,1.0,0.0,,0,,,,,0.0
trig_cross,exception,0.1,250,4,20103,rcsa-spent-diagnostic,1.0,1.0,1.0,1.6312205705397576e-05,0.02513029941611837,0.0,1.0,0.0,frozen-v6-anchor,0.024104749380045955,0.03388020279854884,2.746544577999998,3423333,I(x3>1)*x3^2;cos(x3);sin(x1)*cos(x2);x1,-0.002581 + 0.5026·x₁ + 0.7055·cos(x₃) + 0.7521·𝟙[x₃>1]·x₃² + 1.205·sin(x₁)cos(x₂),"RCSA spent-seed diagnostic; anchor=1,x1,cos(x3),I(x3>1)*x3^2,sin(x1)*cos(x2); exception=I(x3>1)*x3^2; in_bank=1; in_anchor=1; attempted=0; eligible=; anchor_role_ic=None; augmented_role_ic=None; outside_anchor_sse=None; outside_augmented_sse=None; accepted=0; final=1,x1,cos(x3),I(x3>1)*x3^2,sin(x1)*cos(x2); wrapper_overhead_unoptimized=1",1.0,1.0,5,1,1.0,32,0,0,1,1;x1;cos(x3);I(x3>1)*x3^2;sin(x1)*cos(x2),G,balanced,250,250;250;250;250,855833.25,1;x1;cos(x3);I(x3>1)*x3^2;sin(x1)*cos(x2),1;x1;cos(x3);I(x3>1)*x3^2;sin(x1)*cos(x2),I(x3>1)*x3^2,1.0,1.0,0.0,,0,,,,,0.0
trig_cross,exception,0.1,250,4,20104,rcsa-spent-diagnostic,1.0,1.0,1.0,0.00015788345464108554,0.02426350690639459,0.0,1.0,0.0,frozen-v6-anchor,0.025482885140102222,0.029817781083651015,2.7311751949999916,3423598,I(x3>1)*x3^2;cos(x3);sin(x1)*cos(x2);x1,-0.004866 + 0.5056·x₁ + 0.697·cos(x₃) + 0.7453·𝟙[x₃>1]·x₃² + 1.178·sin(x₁)cos(x₂),"RCSA spent-seed diagnostic; anchor=1,x1,cos(x3),I(x3>1)*x3^2,sin(x1)*cos(x2); exception=I(x3>1)*x3^2; in_bank=1; in_anchor=1; attempted=0; eligible=; anchor_role_ic=None; augmented_role_ic=None; outside_anchor_sse=None; outside_augmented_sse=None; accepted=0; final=1,x1,cos(x3),I(x3>1)*x3^2,sin(x1)*cos(x2); wrapper_overhead_unoptimized=1",1.0,1.0,5,1,1.0,32,0,0,1,1;x1;cos(x3);I(x3>1)*x3^2;sin(x1)*cos(x2),G,balanced,250,250;250;250;250,855899.5,1;x1;cos(x3);I(x3>1)*x3^2;sin(x1)*cos(x2),1;x1;cos(x3);I(x3>1)*x3^2;sin(x1)*cos(x2),I(x3>1)*x3^2,1.0,1.0,0.0,,0,,,,,0.0
trig_cross,exception,0.1,250,4,20105,rcsa-spent-diagnostic,1.0,1.0,1.0,5.939859985302659e-05,0.029568260773726665,0.0,1.0,0.0,frozen-v6-anchor,0.026637292245842995,0.0327115031214752,2.7343727559999707,3424689,I(x3>1)*x3^2;cos(x3);sin(x1)*cos(x2);x1,-0.01078 + 0.4983·x₁ + 0.698·cos(x₃) + 0.7518·𝟙[x₃>1]·x₃² + 1.211·sin(x₁)cos(x₂),"RCSA spent-seed diagnostic; anchor=1,x1,cos(x3),I(x3>1)*x3^2,sin(x1)*cos(x2); exception=I(x3>1)*x3^2; in_bank=1; in_anchor=1; attempted=0; eligible=; anchor_role_ic=None; augmented_role_ic=None; outside_anchor_sse=None; outside_augmented_sse=None; accepted=0; final=1,x1,cos(x3),I(x3>1)*x3^2,sin(x1)*cos(x2); wrapper_overhead_unoptimized=1",1.0,1.0,5,1,1.0,32,0,0,1,1;x1;cos(x3);I(x3>1)*x3^2;sin(x1)*cos(x2),G,balanced,250,250;250;250;250,856172.25,1;x1;cos(x3);I(x3>1)*x3^2;sin(x1)*cos(x2),1;x1;cos(x3);I(x3>1)*x3^2;sin(x1)*cos(x2),I(x3>1)*x3^2,1.0,1.0,0.0,,0,,,,,0.0
trig_cross,exception,0.2,100,4,20101,rcsa-spent-diagnostic,1.0,1.0,1.0,0.0006738158185045421,0.11342109787108681,0.0,1.0,0.0,frozen-v6-anchor,0.08552166075066948,0.10908762782306666,2.688054584999918,3414014,I(x3>1)*x3^2;cos(x3);sin(x1)*cos(x2);x1,0.03708 + 0.5137·x₁ + 0.6558·cos(x₃) + 0.7443·𝟙[x₃>1]·x₃² + 1.193·sin(x₁)cos(x₂),"RCSA spent-seed diagnostic; anchor=1,x1,cos(x3),I(x3>1)*x3^2,sin(x1)*cos(x2); exception=I(x3>1)*x3^2; in_bank=1; in_anchor=1; attempted=0; eligible=; anchor_role_ic=None; augmented_role_ic=None; outside_anchor_sse=None; outside_augmented_sse=None; accepted=0; final=1,x1,cos(x3),I(x3>1)*x3^2,sin(x1)*cos(x2); wrapper_overhead_unoptimized=1",1.0,1.0,7,3,1.0,120,0,0,1,1;x1;cos(x3);I(x3>1)*x3^2;sin(x1)*cos(x2),G,balanced,100,100;100;100;100,853503.5,1;x1;cos(x3);I(x3>1)*x3^2;sin(x1)*cos(x2),1;x1;cos(x3);I(x3>1)*x3^2;sin(x1)*cos(x2),I(x3>1)*x3^2,1.0,1.0,0.0,,0,,,,,0.0
trig_cross,exception,0.2,100,4,20102,rcsa-spent-diagnostic,1.0,1.0,1.0,0.0005973744501319128,0.11071795471390512,0.0,1.0,0.0,frozen-v6-anchor,0.11755162618366341,0.14686235244688958,2.515186143000051,3317692,I(x3>1)*x3^2;cos(x3);sin(x1)*cos(x2);x1,-0.008918 + 0.4918·x₁ + 0.7013·cos(x₃) + 0.7355·𝟙[x₃>1]·x₃² + 1.202·sin(x₁)cos(x₂),"RCSA spent-seed diagnostic; anchor=1,x1,cos(x3),I(x3>1)*x3^2,sin(x1)*cos(x2); exception=I(x3>1)*x3^2; in_bank=1; in_anchor=1; attempted=0; eligible=; anchor_role_ic=None; augmented_role_ic=None; outside_anchor_sse=None; outside_augmented_sse=None; accepted=0; final=1,x1,cos(x3),I(x3>1)*x3^2,sin(x1)*cos(x2); wrapper_overhead_unoptimized=1",1.0,1.0,6,2,1.0,63,0,0,1,1;x1;cos(x3);I(x3>1)*x3^2;sin(x1)*cos(x2),G,balanced,100,100;100;100;100,829423.0,1;x1;cos(x3);I(x3>1)*x3^2;sin(x1)*cos(x2),1;x1;cos(x3);I(x3>1)*x3^2;sin(x1)*cos(x2),I(x3>1)*x3^2,1.0,1.0,0.0,,0,,,,,0.0
trig_cross,exception,0.2,100,4,20103,rcsa-spent-diagnostic,0.0,0.75,0.75,0.002635421308249151,0.11687451468019751,0.0,1.0,0.0,frozen-v6-anchor,0.10693974758594722,0.14365719997125007,2.792804216000036,3473252,I(x3>1)*x3^2;sin(x1)*cos(x2);x1;x3^2,0.6527 + 0.5146·x₁ - 0.2381·x₃² + 0.762·𝟙[x₃>1]·x₃² + 1.171·sin(x₁)cos(x₂),"RCSA spent-seed diagnostic; anchor=1,x1,x3^2,I(x3>1)*x3^2,sin(x1)*cos(x2); exception=I(x3>1)*x3^2; in_bank=1; in_anchor=1; attempted=0; eligible=; anchor_role_ic=None; augmented_role_ic=None; outside_anchor_sse=None; outside_augmented_sse=None; accepted=0; final=1,x1,x3^2,I(x3>1)*x3^2,sin(x1)*cos(x2); wrapper_overhead_unoptimized=1",1.0,1.0,6,2,0.0,63,0,1,1,1;x1;x3^2;I(x3>1)*x3^2;sin(x1)*cos(x2),G,balanced,100,100;100;100;100,868313.0,1;x1;x3^2;I(x3>1)*x3^2;sin(x1)*cos(x2),1;x1;x3^2;I(x3>1)*x3^2;sin(x1)*cos(x2),I(x3>1)*x3^2,1.0,1.0,0.0,,0,,,,,0.0
trig_cross,exception,0.2,100,4,20104,rcsa-spent-diagnostic,1.0,1.0,1.0,0.0009013087968837343,0.11674530518937487,0.0,1.0,0.0,frozen-v6-anchor,0.14550709686622124,0.18691214173435283,2.507995541000014,3315364,I(x3>1)*x3^2;cos(x3);sin(x1)*cos(x2);x1,-0.0237 + 0.5013·x₁ + 0.6577·cos(x₃) + 0.7545·𝟙[x₃>1]·x₃² + 1.165·sin(x₁)cos(x₂),"RCSA spent-seed diagnostic; anchor=1,x1,cos(x3),I(x3>1)*x3^2,sin(x1)*cos(x2); exception=I(x3>1)*x3^2; in_bank=1; in_anchor=1; attempted=0; eligible=; anchor_role_ic=None; augmented_role_ic=None; outside_anchor_sse=None; outside_augmented_sse=None; accepted=0; final=1,x1,cos(x3),I(x3>1)*x3^2,sin(x1)*cos(x2); wrapper_overhead_unoptimized=1",1.0,1.0,6,2,0.0,63,1,1,1,1;x1;cos(x3);I(x3>1)*x3^2;sin(x1)*cos(x2),G,balanced,100,100;100;100;100,828841.0,1;x1;cos(x3);I(x3>1)*x3^2;sin(x1)*cos(x2),1;x1;cos(x3);I(x3>1)*x3^2;sin(x1)*cos(x2),I(x3>1)*x3^2,1.0,1.0,0.0,,0,,,,,0.0
trig_cross,exception,0.2,100,4,20105,rcsa-spent-diagnostic,1.0,1.0,1.0,0.0002597021742666164,0.10981554883178316,0.0,1.0,0.0,frozen-v6-anchor,0.08251754398388869,0.10849197454887,2.8256827969998994,3472401,I(x3>1)*x3^2;cos(x3);sin(x1)*cos(x2);x1,-0.0277 + 0.5077·x₁ + 0.7174·cos(x₃) + 0.7587·𝟙[x₃>1]·x₃² + 1.215·sin(x₁)cos(x₂),"RCSA spent-seed diagnostic; anchor=1,x1,cos(x3),I(x3>1)*x3^2,sin(x1)*cos(x2); exception=I(x3>1)*x3^2; in_bank=1; in_anchor=1; attempted=0; eligible=; anchor_role_ic=None; augmented_role_ic=None; outside_anchor_sse=None; outside_augmented_sse=None; accepted=0; final=1,x1,cos(x3),I(x3>1)*x3^2,sin(x1)*cos(x2); wrapper_overhead_unoptimized=1",1.0,1.0,7,3,1.0,120,0,0,1,1;x1;cos(x3);I(x3>1)*x3^2;sin(x1)*cos(x2),G,balanced,100,100;100;100;100,868100.25,1;x1;cos(x3);I(x3>1)*x3^2;sin(x1)*cos(x2),1;x1;cos(x3);I(x3>1)*x3^2;sin(x1)*cos(x2),I(x3>1)*x3^2,1.0,1.0,0.0,,0,,,,,0.0
trig_cross,exception,0.2,250,4,20101,rcsa-spent-diagnostic,1.0,1.0,1.0,0.0004358636392621836,0.11152617963160615,0.0,1.0,0.0,frozen-v6-anchor,0.12297991948896576,0.14944677942968138,2.444349164000073,3269393,I(x3>1)*x3^2;cos(x3);sin(x1)*cos(x2);x1,-0.02991 + 0.4937·x₁ + 0.7214·cos(x₃) + 0.7496·𝟙[x₃>1]·x₃² + 1.184·sin(x₁)cos(x₂),"RCSA spent-seed diagnostic; anchor=1,x1,cos(x3),I(x3>1)*x3^2,sin(x1)*cos(x2); exception=I(x3>1)*x3^2; in_bank=1; in_anchor=1; attempted=0; eligible=; anchor_role_ic=None; augmented_role_ic=None; outside_anchor_sse=None; outside_augmented_sse=None; accepted=0; final=1,x1,cos(x3),I(x3>1)*x3^2,sin(x1)*cos(x2); wrapper_overhead_unoptimized=1",1.0,1.0,6,2,1.0,63,0,0,1,1;x1;cos(x3);I(x3>1)*x3^2;sin(x1)*cos(x2),G,balanced,250,250;250;250;250,817348.25,1;x1;cos(x3);I(x3>1)*x3^2;sin(x1)*cos(x2),1;x1;cos(x3);I(x3>1)*x3^2;sin(x1)*cos(x2),I(x3>1)*x3^2,1.0,1.0,0.0,,0,,,,,0.0
trig_cross,exception,0.2,250,4,20102,rcsa-spent-diagnostic,1.0,1.0,1.0,0.00033455260190613377,0.11383722578777321,0.0,1.0,0.0,frozen-v6-anchor,0.11788513312313224,0.13717370764344966,2.5663013529999716,3329985,I(x3>1)*x3^2;cos(x3);sin(x1)*cos(x2);x1,0.01991 + 0.494·x₁ + 0.7169·cos(x₃) + 0.7444·𝟙[x₃>1]·x₃² + 1.193·sin(x₁)cos(x₂),"RCSA spent-seed diagnostic; anchor=1,x1,cos(x3),I(x3>1)*x3^2,sin(x1)*cos(x2); exception=I(x3>1)*x3^2; in_bank=1; in_anchor=1; attempted=0; eligible=; anchor_role_ic=None; augmented_role_ic=None; outside_anchor_sse=None; outside_augmented_sse=None; accepted=0; final=1,x1,cos(x3),I(x3>1)*x3^2,sin(x1)*cos(x2); wrapper_overhead_unoptimized=1",1.0,1.0,6,2,1.0,63,0,0,1,1;x1;cos(x3);I(x3>1)*x3^2;sin(x1)*cos(x2),G,balanced,250,250;250;250;250,832496.25,1;x1;cos(x3);I(x3>1)*x3^2;sin(x1)*cos(x2),1;x1;cos(x3);I(x3>1)*x3^2;sin(x1)*cos(x2),I(x3>1)*x3^2,1.0,1.0,0.0,,0,,,,,0.0
trig_cross,exception,0.2,250,4,20103,rcsa-spent-diagnostic,1.0,1.0,1.0,6.524882295454407e-05,0.10052119766447351,0.0,1.0,0.0,frozen-v6-anchor,0.09641899752014216,0.13552081119414294,2.4956741339999553,3299024,I(x3>1)*x3^2;cos(x3);sin(x1)*cos(x2);x1,-0.005162 + 0.5052·x₁ + 0.7111·cos(x₃) + 0.7543·𝟙[x₃>1]·x₃² + 1.21·sin(x₁)cos(x₂),"RCSA spent-seed diagnostic; anchor=1,x1,cos(x3),I(x3>1)*x3^2,sin(x1)*cos(x2); exception=I(x3>1)*x3^2; in_bank=1; in_anchor=1; attempted=0; eligible=; anchor_role_ic=None; augmented_role_ic=None; outside_anchor_sse=None; outside_augmented_sse=None; accepted=0; final=1,x1,cos(x3),I(x3>1)*x3^2,sin(x1)*cos(x2); wrapper_overhead_unoptimized=1",1.0,1.0,5,1,1.0,32,0,0,1,1;x1;cos(x3);I(x3>1)*x3^2;sin(x1)*cos(x2),G,balanced,250,250;250;250;250,824756.0,1;x1;cos(x3);I(x3>1)*x3^2;sin(x1)*cos(x2),1;x1;cos(x3);I(x3>1)*x3^2;sin(x1)*cos(x2),I(x3>1)*x3^2,1.0,1.0,0.0,,0,,,,,0.0
trig_cross,exception,0.2,250,4,20104,rcsa-spent-diagnostic,1.0,1.0,1.0,0.0006315338177450994,0.09705402762557835,0.0,1.0,0.0,frozen-v6-anchor,0.10193154056042353,0.11927112433455067,2.594981027000017,3333600,I(x3>1)*x3^2;cos(x3);sin(x1)*cos(x2);x1,-0.009732 + 0.5111·x₁ + 0.694·cos(x₃) + 0.7405·𝟙[x₃>1]·x₃² + 1.157·sin(x₁)cos(x₂),"RCSA spent-seed diagnostic; anchor=1,x1,cos(x3),I(x3>1)*x3^2,sin(x1)*cos(x2); exception=I(x3>1)*x3^2; in_bank=1; in_anchor=1; attempted=0; eligible=; anchor_role_ic=None; augmented_role_ic=None; outside_anchor_sse=None; outside_augmented_sse=None; accepted=0; final=1,x1,cos(x3),I(x3>1)*x3^2,sin(x1)*cos(x2); wrapper_overhead_unoptimized=1",1.0,1.0,6,2,1.0,63,0,0,1,1;x1;cos(x3);I(x3>1)*x3^2;sin(x1)*cos(x2),G,balanced,250,250;250;250;250,833400.0,1;x1;cos(x3);I(x3>1)*x3^2;sin(x1)*cos(x2),1;x1;cos(x3);I(x3>1)*x3^2;sin(x1)*cos(x2),I(x3>1)*x3^2,1.0,1.0,0.0,,0,,,,,0.0
trig_cross,exception,0.2,250,4,20105,rcsa-spent-diagnostic,1.0,1.0,1.0,0.00023759439968007624,0.11827304309490666,0.0,1.0,0.0,frozen-v6-anchor,0.1065491689833206,0.13084601248587008,2.5840285269999868,3334698,I(x3>1)*x3^2;cos(x3);sin(x1)*cos(x2);x1,-0.02157 + 0.4967·x₁ + 0.696·cos(x₃) + 0.7537·𝟙[x₃>1]·x₃² + 1.221·sin(x₁)cos(x₂),"RCSA spent-seed diagnostic; anchor=1,x1,cos(x3),I(x3>1)*x3^2,sin(x1)*cos(x2); exception=I(x3>1)*x3^2; in_bank=1; in_anchor=1; attempted=0; eligible=; anchor_role_ic=None; augmented_role_ic=None; outside_anchor_sse=None; outside_augmented_sse=None; accepted=0; final=1,x1,cos(x3),I(x3>1)*x3^2,sin(x1)*cos(x2); wrapper_overhead_unoptimized=1",1.0,1.0,6,2,1.0,63,0,0,1,1;x1;cos(x3);I(x3>1)*x3^2;sin(x1)*cos(x2),G,balanced,250,250;250;250;250,833674.5,1;x1;cos(x3);I(x3>1)*x3^2;sin(x1)*cos(x2),1;x1;cos(x3);I(x3>1)*x3^2;sin(x1)*cos(x2),I(x3>1)*x3^2,1.0,1.0,0.0,,0,,,,,0.0
cubic_cross,complementary,0.2,100,4,20101,rcsa-spent-diagnostic,1.0,1.0,1.0,0.00016692186929838357,1.3631951872226018,0.0,1.0,0.0,frozen-v6-anchor,1.020047502683236,1.3309367010725226,1.985272216999988,2986902,x1*x2;x1^3;x3^2,0.04657 + 0.5155·x₃² + 0.8064·x₁³ + 1.188·x₁x₂,"RCSA spent-seed diagnostic; anchor=1,x3^2,x1^3,x1*x2; exception=; in_bank=0; in_anchor=0; attempted=0; eligible=; anchor_role_ic=None; augmented_role_ic=None; outside_anchor_sse=None; outside_augmented_sse=None; accepted=0; final=1,x3^2,x1^3,x1*x2; wrapper_overhead_unoptimized=1",1.0,1.0,6,3,1.0,63,0,0,0,1;x3^2;x1^3;x1*x2,S,balanced,100,100;100;100;100,746725.5,1;x3^2;x1^3;x1*x2,1;x3^2;x1^3;x1*x2,,0.0,0.0,0.0,,0,,,,,0.0
cubic_cross,complementary,0.2,100,4,20102,rcsa-spent-diagnostic,1.0,1.0,1.0,0.00023878203366111222,0.806967542244354,0.0,1.0,0.0,frozen-v6-anchor,0.8608847783980142,1.076997181122819,1.9952316950000295,2993058,x1*x2;x1^3;x3^2,-0.03794 + 0.4889·x₃² + 0.7884·x₁³ + 1.187·x₁x₂,"RCSA spent-seed diagnostic; anchor=1,x3^2,x1^3,x1*x2; exception=; in_bank=0; in_anchor=0; attempted=0; eligible=; anchor_role_ic=None; augmented_role_ic=None; outside_anchor_sse=None; outside_augmented_sse=None; accepted=0; final=1,x3^2,x1^3,x1*x2; wrapper_overhead_unoptimized=1",1.0,1.0,7,4,1.0,120,0,0,0,1;x3^2;x1^3;x1*x2,S,balanced,100,100;100;100;100,748264.5,1;x3^2;x1^3;x1*x2,1;x3^2;x1^3;x1*x2,,0.0,0.0,0.0,,0,,,,,0.0
cubic_cross,complementary,0.2,100,4,20103,rcsa-spent-diagnostic,1.0,1.0,1.0,0.0001611605808223213,1.2777871246509753,0.0,1.0,0.0,frozen-v6-anchor,1.371612538401275,1.9465362778849642,2.041002652999964,3019547,x1*x2;x1^3;x3^2,-0.05061 + 0.5363·x₃² + 0.8059·x₁³ + 1.179·x₁x₂,"RCSA spent-seed diagnostic; anchor=1,x3^2,x1^3,x1*x2; exception=; in_bank=0; in_anchor=0; attempted=0; eligible=; anchor_role_ic=None; augmented_role_ic=None; outside_anchor_sse=None; outside_augmented_sse=None; accepted=0; final=1,x3^2,x1^3,x1*x2; wrapper_overhead_unoptimized=1",1.0,1.0,7,4,1.0,120,0,0,0,1;x3^2;x1^3;x1*x2,S,balanced,100,100;100;100;100,754886.75,1;x3^2;x1^3;x1*x2,1;x3^2;x1^3;x1*x2,,0.0,0.0,0.0,,0,,,,,0.0
cubic_cross,complementary,0.2,100,4,20104,rcsa-spent-diagnostic,1.0,1.0,1.0,0.0005391394012309588,1.085950251686367,0.0,1.0,0.0,frozen-v6-anchor,1.3520342617699248,1.7750648193691176,1.9848887040000136,2989698,x1*x2;x1^3;x3^2,-0.1335 + 0.5065·x₃² + 0.8081·x₁³ + 1.249·x₁x₂,"RCSA spent-seed diagnostic; anchor=1,x3^2,x1^3,x1*x2; exception=; in_bank=0; in_anchor=0; attempted=0; eligible=; anchor_role_ic=None; augmented_role_ic=None; outside_anchor_sse=None; outside_augmented_sse=None; accepted=0; final=1,x3^2,x1^3,x1*x2; wrapper_overhead_unoptimized=1",1.0,1.0,7,4,1.0,120,0,0,0,1;x3^2;x1^3;x1*x2,S,balanced,100,100;100;100;100,747424.5,1;x3^2;x1^3;x1*x2,1;x3^2;x1^3;x1*x2,,0.0,0.0,0.0,,0,,,,,0.0
cubic_cross,complementary,0.2,100,4,20105,rcsa-spent-diagnostic,1.0,1.0,1.0,7.816166112985525e-05,1.240675632871612,0.0,1.0,0.0,frozen-v6-anchor,0.9239207283662471,1.3253392606522842,1.9878294659999938,2988949,x1*x2;x1^3;x3^2,-0.07482 + 0.5191·x₃² + 0.801·x₁³ + 1.18·x₁x₂,"RCSA spent-seed diagnostic; anchor=1,x3^2,x1^3,x1*x2; exception=; in_bank=0; in_anchor=0; attempted=0; eligible=; anchor_role_ic=None; augmented_role_ic=None; outside_anchor_sse=None; outside_augmented_sse=None; accepted=0; final=1,x3^2,x1^3,x1*x2; wrapper_overhead_unoptimized=1",1.0,1.0,7,4,1.0,120,0,0,0,1;x3^2;x1^3;x1*x2,S,balanced,100,100;100;100;100,747237.25,1;x3^2;x1^3;x1*x2,1;x3^2;x1^3;x1*x2,,0.0,0.0,0.0,,0,,,,,0.0
cubic_cross,complementary,0.2,100,4,20101,rcsa-spent-diagnostic,1.0,1.0,1.0,0.0001550035464432911,1.2766077044798192,0.0,1.0,0.0,frozen-v6-anchor,1.1933639527818591,1.3825144148372601,1.9815527880000445,2990183,x1*x2;x1^3;x3^2,0.07786 + 0.4804·x₃² + 0.7937·x₁³ + 1.223·x₁x₂,"RCSA spent-seed diagnostic; anchor=1,x3^2,x1^3,x1*x2; exception=; in_bank=0; in_anchor=0; attempted=0; eligible=; anchor_role_ic=None; augmented_role_ic=None; outside_anchor_sse=None; outside_augmented_sse=None; accepted=0; final=1,x3^2,x1^3,x1*x2; wrapper_overhead_unoptimized=1",1.0,1.0,7,4,1.0,120,0,0,0,1;x3^2;x1^3;x1*x2,S,imbalanced,100,150;71;72;104,747545.75,1;x3^2;x1^3;x1*x2,1;x3^2;x1^3;x1*x2,,0.0,0.0,0.0,,0,,,,,0.0
cubic_cross,complementary,0.2,100,4,20102,rcsa-spent-diagnostic,1.0,1.0,1.0,0.00020391901829971908,0.9233684589874788,0.0,1.0,0.0,frozen-v6-anchor,0.9132057027290492,1.2001348342075233,2.0215902840000126,3020749,x1*x2;x1^3;x3^2,-0.01681 + 0.4709·x₃² + 0.7921·x₁³ + 1.213·x₁x₂,"RCSA spent-seed diagnostic; anchor=1,x3^2,x1^3,x1*x2; exception=; in_bank=0; in_anchor=0; attempted=0; eligible=; anchor_role_ic=None; augmented_role_ic=None; outside_anchor_sse=None; outside_augmented_sse=None; accepted=0; final=1,x3^2,x1^3,x1*x2; wrapper_overhead_unoptimized=1",1.0,1.0,7,4,1.0,120,0,0,0,1;x3^2;x1^3;x1*x2,S,imbalanced,100,104;150;71;72,755187.25,1;x3^2;x1^3;x1*x2,1;x3^2;x1^3;x1*x2,,0.0,0.0,0.0,,0,,,,,0.0
cubic_cross,complementary,0.2,100,4,20103,rcsa-spent-diagnostic,1.0,1.0,1.0,0.0004261016208112298,1.2492859648096524,0.0,1.0,0.0,frozen-v6-anchor,1.005189320649555,1.2648325151967754,2.002662674000021,3016399,x1*x2;x1^3;x3^2,0.1016 + 0.4238·x₃² + 0.7956·x₁³ + 1.168·x₁x₂,"RCSA spent-seed diagnostic; anchor=1,x3^2,x1^3,x1*x2; exception=; in_bank=0; in_anchor=0; attempted=0; eligible=; anchor_role_ic=None; augmented_role_ic=None; outside_anchor_sse=None; outside_augmented_sse=None; accepted=0; final=1,x3^2,x1^3,x1*x2; wrapper_overhead_unoptimized=1",1.0,1.0,5,2,1.0,32,0,0,0,1;x3^2;x1^3;x1*x2,S,imbalanced,100,72;104;150;71,754099.75,1;x3^2;x1^3;x1*x2,1;x3^2;x1^3;x1*x2,,0.0,0.0,0.0,,0,,,,,0.0
cubic_cross,complementary,0.2,100,4,20104,rcsa-spent-diagnostic,0.0,0.25,0.3333333333333333,0.003445308302257148,1.5034383207283366,0.0,1.0,0.0,frozen-v6-anchor,1.1464050770098277,1.3834409288268035,1.9788781080000035,2992862,cos(x3);sin(x1);x1;x1*x2,1.348 + 6.948·x₁ - 7.719·sin(x₁) - 1.742·cos(x₃) + 1.244·x₁x₂,"RCSA spent-seed diagnostic; anchor=1,x1,sin(x1),cos(x3),x1*x2; exception=; in_bank=0; in_anchor=0; attempted=0; eligible=; anchor_role_ic=None; augmented_role_ic=None; outside_anchor_sse=None; outside_augmented_sse=None; accepted=0; final=1,x1,sin(x1),cos(x3),x1*x2; wrapper_overhead_unoptimized=1",0.6666666666666666,0.0,7,5,0.0,120,0,1,0,1;x1;sin(x1);cos(x3);x1*x2,S,imbalanced,100,71;72;104;150,748215.5,1;x1;sin(x1);cos(x3);x1*x2,1;x1;sin(x1);cos(x3);x1*x2,,0.0,0.0,0.0,,0,,,,,0.0
cubic_cross,complementary,0.2,100,4,20105,rcsa-spent-diagnostic,1.0,1.0,1.0,0.0006547821528437193,1.2993122274386129,0.0,1.0,0.0,frozen-v6-anchor,1.4628190420350482,1.7163499040350907,1.9817699910000783,2991138,x1*x2;x1^3;x3^2,-0.09182 + 0.5286·x₃² + 0.8213·x₁³ + 1.217·x₁x₂,"RCSA spent-seed diagnostic; anchor=1,x3^2,x1^3,x1*x2; exception=; in_bank=0; in_anchor=0; attempted=0; eligible=; anchor_role_ic=None; augmented_role_ic=None; outside_anchor_sse=None; outside_augmented_sse=None; accepted=0; final=1,x3^2,x1^3,x1*x2; wrapper_overhead_unoptimized=1",1.0,1.0,7,4,1.0,120,0,0,0,1;x3^2;x1^3;x1*x2,S,imbalanced,100,150;71;72;104,747784.5,1;x3^2;x1^3;x1*x2,1;x3^2;x1^3;x1*x2,,0.0,0.0,0.0,,0,,,,,0.0
cubic_cross,complementary,0.2,100,8,20101,rcsa-spent-diagnostic,1.0,1.0,1.0,0.00018246098891923227,0.9798472599561957,0.0,1.0,0.0,frozen-v6-anchor,1.0729559619514655,1.5380407017529252,3.9022412949999534,5982721,x1*x2;x1^3;x3^2,0.02874 + 0.4692·x₃² + 0.7967·x₁³ + 1.229·x₁x₂,"RCSA spent-seed diagnostic; anchor=1,x3^2,x1^3,x1*x2; exception=; in_bank=0; in_anchor=0; attempted=0; eligible=; anchor_role_ic=None; augmented_role_ic=None; outside_anchor_sse=None; outside_augmented_sse=None; accepted=0; final=1,x3^2,x1^3,x1*x2; wrapper_overhead_unoptimized=1",1.0,1.0,7,4,1.0,120,0,0,0,1;x3^2;x1^3;x1*x2,S,balanced,100,100;100;100;100;100;100;100;100,747840.125,1;x3^2;x1^3;x1*x2,1;x3^2;x1^3;x1*x2,,0.0,0.0,0.0,,0,,,,,0.0
cubic_cross,complementary,0.2,100,8,20102,rcsa-spent-diagnostic,1.0,1.0,1.0,0.0006304586724320799,0.9598615867821516,0.0,1.0,0.0,frozen-v6-anchor,1.0162982396574973,1.4506170518422854,3.8972352569999202,5975577,x1*x2;x1^3;x3^2,0.02505 + 0.5253·x₃² + 0.7915·x₁³ + 1.141·x₁x₂,"RCSA spent-seed diagnostic; anchor=1,x3^2,x1^3,x1*x2; exception=; in_bank=0; in_anchor=0; attempted=0; eligible=; anchor_role_ic=None; augmented_role_ic=None; outside_anchor_sse=None; outside_augmented_sse=None; accepted=0; final=1,x3^2,x1^3,x1*x2; wrapper_overhead_unoptimized=1",1.0,1.0,6,3,1.0,63,0,0,0,1;x3^2;x1^3;x1*x2,S,balanced,100,100;100;100;100;100;100;100;100,746947.125,1;x3^2;x1^3;x1*x2,1;x3^2;x1^3;x1*x2,,0.0,0.0,0.0,,0,,,,,0.0
cubic_cross,complementary,0.2,100,8,20103,rcsa-spent-diagnostic,0.0,0.6666666666666666,0.6666666666666666,0.00044098526393791544,0.9235070339979699,0.0,1.0,0.0,frozen-v6-anchor,0.8748527392471848,1.264688071037468,3.892900368000028,5975450,cos(x3);x1*x2;x1^3,1.347 - 1.428·cos(x₃) + 0.793·x₁³ + 1.21·x₁x₂,"RCSA spent-seed diagnostic; anchor=1,cos(x3),x1^3,x1*x2; exception=; in_bank=0; in_anchor=0; attempted=0; eligible=; anchor_role_ic=None; augmented_role_ic=None; outside_anchor_sse=None; outside_augmented_sse=None; accepted=0; final=1,cos(x3),x1^3,x1*x2; wrapper_overhead_unoptimized=1",0.6666666666666666,0.0,6,4,1.0,63,0,0,0,1;cos(x3);x1^3;x1*x2,S,balanced,100,100;100;100;100;100;100;100;100,746931.25,1;cos(x3);x1^3;x1*x2,1;cos(x3);x1^3;x1*x2,,0.0,0.0,0.0,,0,,,,,0.0
cubic_cross,complementary,0.2,100,8,20104,rcsa-spent-diagnostic,1.0,1.0,1.0,2.4923708859497432e-05,0.7540352194631601,0.0,1.0,0.0,frozen-v6-anchor,0.6442435326759679,0.9477013039819705,3.9020825300000297,5983303,x1*x2;x1^3;x3^2,-0.01393 + 0.5101·x₃² + 0.8035·x₁³ + 1.206·x₁x₂,"RCSA spent-seed diagnostic; anchor=1,x3^2,x1^3,x1*x2; exception=; in_bank=0; in_anchor=0; attempted=0; eligible=; anchor_role_ic=None; augmented_role_ic=None; outside_anchor_sse=None; outside_augmented_sse=None; accepted=0; final=1,x3^2,x1^3,x1*x2; wrapper_overhead_unoptimized=1",1.0,1.0,7,4,1.0,120,0,0,0,1;x3^2;x1^3;x1*x2,S,balanced,100,100;100;100;100;100;100;100;100,747912.875,1;x3^2;x1^3;x1*x2,1;x3^2;x1^3;x1*x2,,0.0,0.0,0.0,,0,,,,,0.0
cubic_cross,complementary,0.2,100,8,20105,rcsa-spent-diagnostic,0.0,0.6666666666666666,0.6666666666666666,0.0007122538052198213,0.8843493008340368,0.0,1.0,0.0,frozen-v6-anchor,0.7043270281401365,0.8976933539776571,3.895754322000016,5978884,cos(x3);x1*x2;x1^3,1.33 - 1.417·cos(x₃) + 0.7855·x₁³ + 1.225·x₁x₂,"RCSA spent-seed diagnostic; anchor=1,cos(x3),x1^3,x1*x2; exception=; in_bank=0; in_anchor=0; attempted=0; eligible=; anchor_role_ic=None; augmented_role_ic=None; outside_anchor_sse=None; outside_augmented_sse=None; accepted=0; final=1,cos(x3),x1^3,x1*x2; wrapper_overhead_unoptimized=1",0.6666666666666666,0.0,7,5,1.0,120,0,0,0,1;cos(x3);x1^3;x1*x2,S,balanced,100,100;100;100;100;100;100;100;100,747360.5,1;cos(x3);x1^3;x1*x2,1;cos(x3);x1^3;x1*x2,,0.0,0.0,0.0,,0,,,,,0.0
cubic_cross,complementary,0.2,100,8,20101,rcsa-spent-diagnostic,1.0,1.0,1.0,0.000501744492177383,0.8554083488573494,0.0,1.0,0.0,frozen-v6-anchor,0.9316266299653329,1.449077356440394,3.874674188999961,5985405,x1*x2;x1^3;x3^2,0.1603 + 0.3961·x₃² + 0.8028·x₁³ + 1.199·x₁x₂,"RCSA spent-seed diagnostic; anchor=1,x3^2,x1^3,x1*x2; exception=; in_bank=0; in_anchor=0; attempted=0; eligible=; anchor_role_ic=None; augmented_role_ic=None; outside_anchor_sse=None; outside_augmented_sse=None; accepted=0; final=1,x3^2,x1^3,x1*x2; wrapper_overhead_unoptimized=1",1.0,1.0,7,4,1.0,120,0,0,0,1;x3^2;x1^3;x1*x2,S,imbalanced,100,80;94;110;128;150;71;71;71,748175.625,1;x3^2;x1^3;x1*x2,1;x3^2;x1^3;x1*x2,,0.0,0.0,0.0,,0,,,,,0.0
cubic_cross,complementary,0.2,100,8,20102,rcsa-spent-diagnostic,1.0,1.0,1.0,0.00011512779446120766,0.7284892902917052,0.0,1.0,0.0,frozen-v6-anchor,0.6185868669234927,1.1071284399209618,3.883246662999909,5985286,x1*x2;x1^3;x3^2,-0.01178 + 0.5371·x₃² + 0.8025·x₁³ + 1.2·x₁x₂,"RCSA spent-seed diagnostic; anchor=1,x3^2,x1^3,x1*x2; exception=; in_bank=0; in_anchor=0; attempted=0; eligible=; anchor_role_ic=None; augmented_role_ic=None; outside_anchor_sse=None; outside_augmented_sse=None; accepted=0; final=1,x3^2,x1^3,x1*x2; wrapper_overhead_unoptimized=1",1.0,1.0,7,4,1.0,120,0,0,0,1;x3^2;x1^3;x1*x2,S,imbalanced,100,71;80;94;110;128;150;71;71,748160.75,1;x3^2;x1^3;x1*x2,1;x3^2;x1^3;x1*x2,,0.0,0.0,0.0,,0,,,,,0.0
cubic_cross,complementary,0.2,100,8,20103,rcsa-spent-diagnostic,1.0,1.0,1.0,0.00010935510268414347,1.1705978230758698,0.0,1.0,0.0,frozen-v6-anchor,1.21300991532587,2.23682191256529,3.885919651999984,5982042,x1*x2;x1^3;x3^2,0.03289 + 0.5074·x₃² + 0.8055·x₁³ + 1.181·x₁x₂,"RCSA spent-seed diagnostic; anchor=1,x3^2,x1^3,x1*x2; exception=; in_bank=0; in_anchor=0; attempted=0; eligible=; anchor_role_ic=None; augmented_role_ic=None; outside_anchor_sse=None; outside_augmented_sse=None; accepted=0; final=1,x3^2,x1^3,x1*x2; wrapper_overhead_unoptimized=1",1.0,1.0,7,4,1.0,120,0,0,0,1;x3^2;x1^3;x1*x2,S,imbalanced,100,71;71;80;94;110;128;150;71,747755.25,1;x3^2;x1^3;x1*x2,1;x3^2;x1^3;x1*x2,,0.0,0.0,0.0,,0,,,,,0.0
cubic_cross,complementary,0.2,100,8,20104,rcsa-spent-diagnostic,1.0,1.0,1.0,1.1258430587731174e-05,1.2439806870320853,0.0,1.0,0.0,frozen-v6-anchor,1.382306116947816,2.2335271994655104,3.8624908369999957,5971687,x1*x2;x1^3;x3^2,-0.01699 + 0.5091·x₃² + 0.8005·x₁³ + 1.208·x₁x₂,"RCSA spent-seed diagnostic; anchor=1,x3^2,x1^3,x1*x2; exception=; in_bank=0; in_anchor=0; attempted=0; eligible=; anchor_role_ic=None; augmented_role_ic=None; outside_anchor_sse=None; outside_augmented_sse=None; accepted=0; final=1,x3^2,x1^3,x1*x2; wrapper_overhead_unoptimized=1",1.0,1.0,6,3,1.0,63,0,0,0,1;x3^2;x1^3;x1*x2,S,imbalanced,100,71;71;71;80;94;110;128;150,746460.875,1;x3^2;x1^3;x1*x2,1;x3^2;x1^3;x1*x2,,0.0,0.0,0.0,,0,,,,,0.0
cubic_cross,complementary,0.2,100,8,20105,rcsa-spent-diagnostic,0.0,0.5,0.6666666666666666,0.004256214717773141,1.0054884183477437,0.0,1.0,0.0,frozen-v6-anchor,1.0532875617072788,1.497967948035678,3.8831037720000268,5986465,sin(x1);x1;x1*x2;x3^2,-0.02441 + 6.664·x₁ + 0.5413·x₃² - 7.12·sin(x₁) + 1.195·x₁x₂,"RCSA spent-seed diagnostic; anchor=1,x1,x3^2,sin(x1),x1*x2; exception=; in_bank=0; in_anchor=0; attempted=0; eligible=; anchor_role_ic=None; augmented_role_ic=None; outside_anchor_sse=None; outside_augmented_sse=None; accepted=0; final=1,x1,x3^2,sin(x1),x1*x2; wrapper_overhead_unoptimized=1",1.0,1.0,7,4,0.0,120,0,1,0,1;x1;x3^2;sin(x1);x1*x2,S,imbalanced,100,150;71;71;71;80;94;110;128,748308.125,1;x1;x3^2;sin(x1);x1*x2,1;x1;x3^2;sin(x1);x1*x2,,0.0,0.0,0.0,,0,,,,,0.0
cubic_cross,complementary,0.2,100,16,20101,rcsa-spent-diagnostic,1.0,1.0,1.0,2.477096232552544e-05,0.8485825051189824,0.0,1.0,0.0,frozen-v6-anchor,0.9860068081917983,1.6431645014709375,7.668125047999979,11967974,x1*x2;x1^3;x3^2,-0.02634 + 0.5184·x₃² + 0.8022·x₁³ + 1.204·x₁x₂,"RCSA spent-seed diagnostic; anchor=1,x3^2,x1^3,x1*x2; exception=; in_bank=0; in_anchor=0; attempted=0; eligible=; anchor_role_ic=None; augmented_role_ic=None; outside_anchor_sse=None; outside_augmented_sse=None; accepted=0; final=1,x3^2,x1^3,x1*x2; wrapper_overhead_unoptimized=1",1.0,1.0,7,4,1.0,120,0,0,0,1;x3^2;x1^3;x1*x2,S,balanced,100,100;100;100;100;100;100;100;100;100;100;100;100;100;100;100;100,747998.375,1;x3^2;x1^3;x1*x2,1;x3^2;x1^3;x1*x2,,0.0,0.0,0.0,,0,,,,,0.0
cubic_cross,complementary,0.2,100,16,20102,rcsa-spent-diagnostic,1.0,1.0,1.0,0.00014416067598887035,0.9006789077790378,0.0,1.0,0.0,frozen-v6-anchor,0.9053213089153057,1.2858045681863648,7.716818508000074,11968381,x1*x2;x1^3;x3^2,-0.008073 + 0.4909·x₃² + 0.7948·x₁³ + 1.172·x₁x₂,"RCSA spent-seed diagnostic; anchor=1,x3^2,x1^3,x1*x2; exception=; in_bank=0; in_anchor=0; attempted=0; eligible=; anchor_role_ic=None; augmented_role_ic=None; outside_anchor_sse=None; outside_augmented_sse=None; accepted=0; final=1,x3^2,x1^3,x1*x2; wrapper_overhead_unoptimized=1",1.0,1.0,7,4,1.0,120,0,0,0,1;x3^2;x1^3;x1*x2,S,balanced,100,100;100;100;100;100;100;100;100;100;100;100;100;100;100;100;100,748023.8125,1;x3^2;x1^3;x1*x2,1;x3^2;x1^3;x1*x2,,0.0,0.0,0.0,,0,,,,,0.0
cubic_cross,complementary,0.2,100,16,20103,rcsa-spent-diagnostic,1.0,1.0,1.0,8.808830915634432e-05,0.8777022162034036,0.0,1.0,0.0,frozen-v6-anchor,0.7791719928008225,1.2053217103738292,7.714453789999993,11966187,x1*x2;x1^3;x3^2,-0.09757 + 0.5314·x₃² + 0.802·x₁³ + 1.216·x₁x₂,"RCSA spent-seed diagnostic; anchor=1,x3^2,x1^3,x1*x2; exception=; in_bank=0; in_anchor=0; attempted=0; eligible=; anchor_role_ic=None; augmented_role_ic=None; outside_anchor_sse=None; outside_augmented_sse=None; accepted=0; final=1,x3^2,x1^3,x1*x2; wrapper_overhead_unoptimized=1",1.0,1.0,7,4,1.0,120,0,0,0,1;x3^2;x1^3;x1*x2,S,balanced,100,100;100;100;100;100;100;100;100;100;100;100;100;100;100;100;100,747886.6875,1;x3^2;x1^3;x1*x2,1;x3^2;x1^3;x1*x2,,0.0,0.0,0.0,,0,,,,,0.0
cubic_cross,complementary,0.2,100,16,20104,rcsa-spent-diagnostic,1.0,1.0,1.0,6.791782729273536e-05,0.7940578922811835,0.0,1.0,0.0,frozen-v6-anchor,0.7384359386995609,0.9922930017557064,7.67671298599987,11968240,x1*x2;x1^3;x3^2,0.02084 + 0.4933·x₃² + 0.7928·x₁³ + 1.202·x₁x₂,"RCSA spent-seed diagnostic; anchor=1,x3^2,x1^3,x1*x2; exception=; in_bank=0; in_anchor=0; attempted=0; eligible=; anchor_role_ic=None; augmented_role_ic=None; outside_anchor_sse=None; outside_augmented_sse=None; accepted=0; final=1,x3^2,x1^3,x1*x2; wrapper_overhead_unoptimized=1",1.0,1.0,7,4,1.0,120,0,0,0,1;x3^2;x1^3;x1*x2,S,balanced,100,100;100;100;100;100;100;100;100;100;100;100;100;100;100;100;100,748015.0,1;x3^2;x1^3;x1*x2,1;x3^2;x1^3;x1*x2,,0.0,0.0,0.0,,0,,,,,0.0
cubic_cross,complementary,0.2,100,16,20105,rcsa-spent-diagnostic,1.0,1.0,1.0,5.545286120931831e-05,0.8215093210924239,0.0,1.0,0.0,frozen-v6-anchor,0.820993846515676,1.2307478238620888,7.714252707000014,11964880,x1*x2;x1^3;x3^2,0.04327 + 0.5077·x₃² + 0.7974·x₁³ + 1.196·x₁x₂,"RCSA spent-seed diagnostic; anchor=1,x3^2,x1^3,x1*x2; exception=; in_bank=0; in_anchor=0; attempted=0; eligible=; anchor_role_ic=None; augmented_role_ic=None; outside_anchor_sse=None; outside_augmented_sse=None; accepted=0; final=1,x3^2,x1^3,x1*x2; wrapper_overhead_unoptimized=1",1.0,1.0,7,4,1.0,120,0,0,0,1;x3^2;x1^3;x1*x2,S,balanced,100,100;100;100;100;100;100;100;100;100;100;100;100;100;100;100;100,747805.0,1;x3^2;x1^3;x1*x2,1;x3^2;x1^3;x1*x2,,0.0,0.0,0.0,,0,,,,,0.0
cubic_cross,complementary,0.2,100,16,20101,rcsa-spent-diagnostic,1.0,1.0,1.0,1.044138405705689e-05,0.7260333843297069,0.0,1.0,0.0,frozen-v6-anchor,0.6901729624805785,1.1115376182474714,7.649469725000017,11951702,x1*x2;x1^3;x3^2,-0.004326 + 0.4954·x₃² + 0.7986·x₁³ + 1.194·x₁x₂,"RCSA spent-seed diagnostic; anchor=1,x3^2,x1^3,x1*x2; exception=; in_bank=0; in_anchor=0; attempted=0; eligible=; anchor_role_ic=None; augmented_role_ic=None; outside_anchor_sse=None; outside_augmented_sse=None; accepted=0; final=1,x3^2,x1^3,x1*x2; wrapper_overhead_unoptimized=1",1.0,1.0,6,3,1.0,63,0,0,0,1;x3^2;x1^3;x1*x2,S,imbalanced,100,112;120;130;139;150;71;71;71;71;71;72;78;83;90;97;104,746981.375,1;x3^2;x1^3;x1*x2,1;x3^2;x1^3;x1*x2,,0.0,0.0,0.0,,0,,,,,0.0
cubic_cross,complementary,0.2,100,16,20102,rcsa-spent-diagnostic,0.0,0.6666666666666666,0.6666666666666666,0.00046100476904191125,0.8315053505644482,0.0,1.0,0.0,frozen-v6-anchor,0.8906160608091156,1.475102672146292,7.673570216999906,11953154,cos(x3);x1*x2;x1^3,1.297 - 1.399·cos(x₃) + 0.8047·x₁³ + 1.2·x₁x₂,"RCSA spent-seed diagnostic; anchor=1,cos(x3),x1^3,x1*x2; exception=; in_bank=0; in_anchor=0; attempted=0; eligible=; anchor_role_ic=None; augmented_role_ic=None; outside_anchor_sse=None; outside_augmented_sse=None; accepted=0; final=1,cos(x3),x1^3,x1*x2; wrapper_overhead_unoptimized=1",0.6666666666666666,0.0,6,4,1.0,63,0,0,0,1;cos(x3);x1^3;x1*x2,S,imbalanced,100,104;112;120;130;139;150;71;71;71;71;71;72;78;83;90;97,747072.125,1;cos(x3);x1^3;x1*x2,1;cos(x3);x1^3;x1*x2,,0.0,0.0,0.0,,0,,,,,0.0
cubic_cross,complementary,0.2,100,16,20103,rcsa-spent-diagnostic,1.0,1.0,1.0,3.7611681356183e-05,0.6667117107185973,0.0,1.0,0.0,frozen-v6-anchor,0.6822003351287979,1.102607337717139,7.7067038350000985,11969705,x1*x2;x1^3;x3^2,-0.06986 + 0.5208·x₃² + 0.7971·x₁³ + 1.199·x₁x₂,"RCSA spent-seed diagnostic; anchor=1,x3^2,x1^3,x1*x2; exception=; in_bank=0; in_anchor=0; attempted=0; eligible=; anchor_role_ic=None; augmented_role_ic=None; outside_anchor_sse=None; outside_augmented_sse=None; accepted=0; final=1,x3^2,x1^3,x1*x2; wrapper_overhead_unoptimized=1",1.0,1.0,7,4,0.0,120,0,1,0,1;x3^2;x1^3;x1*x2,S,imbalanced,100,97;104;112;120;130;139;150;71;71;71;71;71;72;78;83;90,748106.5625,1;x3^2;x1^3;x1*x2,1;x3^2;x1^3;x1*x2,,0.0,0.0,0.0,,0,,,,,0.0
cubic_cross,complementary,0.2,100,16,20104,rcsa-spent-diagnostic,1.0,1.0,1.0,1.313481570481743e-05,0.7535267343785397,0.0,1.0,0.0,frozen-v6-anchor,0.7845145091760801,1.6198390135743914,7.69979828999999,11947469,x1*x2;x1^3;x3^2,0.0384 + 0.4928·x₃² + 0.8005·x₁³ + 1.194·x₁x₂,"RCSA spent-seed diagnostic; anchor=1,x3^2,x1^3,x1*x2; exception=; in_bank=0; in_anchor=0; attempted=0; eligible=; anchor_role_ic=None; augmented_role_ic=None; outside_anchor_sse=None; outside_augmented_sse=None; accepted=0; final=1,x3^2,x1^3,x1*x2; wrapper_overhead_unoptimized=1",1.0,1.0,6,3,1.0,63,0,0,0,1;x3^2;x1^3;x1*x2,S,imbalanced,100,90;97;104;112;120;130;139;150;71;71;71;71;71;72;78;83,746716.8125,1;x3^2;x1^3;x1*x2,1;x3^2;x1^3;x1*x2,,0.0,0.0,0.0,,0,,,,,0.0
cubic_cross,complementary,0.2,100,16,20105,rcsa-spent-diagnostic,1.0,1.0,1.0,8.405327655362695e-05,0.7163636708953439,0.0,1.0,0.0,frozen-v6-anchor,0.8165201930090248,1.167401809811157,7.732188588000099,11968410,x1*x2;x1^3;x3^2,0.03768 + 0.4934·x₃² + 0.8076·x₁³ + 1.196·x₁x₂,"RCSA spent-seed diagnostic; anchor=1,x3^2,x1^3,x1*x2; exception=; in_bank=0; in_anchor=0; attempted=0; eligible=; anchor_role_ic=None; augmented_role_ic=None; outside_anchor_sse=None; outside_augmented_sse=None; accepted=0; final=1,x3^2,x1^3,x1*x2; wrapper_overhead_unoptimized=1",1.0,1.0,7,4,1.0,120,0,0,0,1;x3^2;x1^3;x1*x2,S,imbalanced,100,83;90;97;104;112;120;130;139;150;71;71;71;71;71;72;78,748025.625,1;x3^2;x1^3;x1*x2,1;x3^2;x1^3;x1*x2,,0.0,0.0,0.0,,0,,,,,0.0
cubic_cross,spurious,0.2,100,4,20101,rcsa-spent-diagnostic,0.0,0.6666666666666666,0.6666666666666666,0.0006546367063320336,1.0435087767858817,0.0,1.0,0.0,frozen-v6-anchor,0.8664106640586163,1.5012005217363007,2.0105853299999126,3014693,cos(x3);x1*x2;x1^3,1.426 - 1.595·cos(x₃) + 0.7841·x₁³ + 1.176·x₁x₂,"RCSA spent-seed diagnostic; anchor=1,cos(x3),x1^3,x1*x2; exception=; in_bank=0; in_anchor=0; attempted=0; eligible=; anchor_role_ic=None; augmented_role_ic=None; outside_anchor_sse=None; outside_augmented_sse=None; accepted=0; final=1,cos(x3),x1^3,x1*x2; wrapper_overhead_unoptimized=1",0.6666666666666666,0.0,6,4,1.0,63,0,0,0,1;cos(x3);x1^3;x1*x2,S,balanced,100,100;100;100;100,753673.25,1;cos(x3);x1^3;x1*x2,1;cos(x3);x1^3;x1*x2,,0.0,0.0,0.0,,0,,,,,0.0
cubic_cross,spurious,0.2,100,4,20102,rcsa-spent-diagnostic,1.0,1.0,1.0,6.811960467479755e-05,1.0090124223301797,0.0,1.0,0.0,frozen-v6-anchor,1.0764874304304721,1.4674462786500801,1.986213657999997,2987062,x1*x2;x1^3;x3^2,-0.08063 + 0.5285·x₃² + 0.8048·x₁³ + 1.198·x₁x₂,"RCSA spent-seed diagnostic; anchor=1,x3^2,x1^3,x1*x2; exception=; in_bank=0; in_anchor=0; attempted=0; eligible=; anchor_role_ic=None; augmented_role_ic=None; outside_anchor_sse=None; outside_augmented_sse=None; accepted=0; final=1,x3^2,x1^3,x1*x2; wrapper_overhead_unoptimized=1",1.0,1.0,6,3,0.0,63,0,1,0,1;x3^2;x1^3;x1*x2,S,balanced,100,100;100;100;100,746765.5,1;x3^2;x1^3;x1*x2,1;x3^2;x1^3;x1*x2,,0.0,0.0,0.0,,0,,,,,0.0
cubic_cross,spurious,0.2,100,4,20103,rcsa-spent-diagnostic,0.0,1.0,0.6666666666666666,0.012590745749747376,2.1457079513188546,0.0,1.0,0.0,frozen-v6-anchor,1.9639760356431353,3.107098735957758,2.027458723000109,3018948,x1*x2;x1^3,0.7048 + 0.7897·x₁³ + 1.26·x₁x₂,"RCSA spent-seed diagnostic; anchor=1,x1^3,x1*x2; exception=; in_bank=0; in_anchor=0; attempted=0; eligible=; anchor_role_ic=None; augmented_role_ic=None; outside_anchor_sse=None; outside_augmented_sse=None; accepted=0; final=1,x1^3,x1*x2; wrapper_overhead_unoptimized=1",1.0,1.0,7,4,1.0,120,0,0,0,1;x1^3;x1*x2,S,balanced,100,100;100;100;100,754737.0,1;x1^3;x1*x2,1;x1^3;x1*x2,,0.0,0.0,0.0,,0,,,,,0.0
cubic_cross,spurious,0.2,100,4,20104,rcsa-spent-diagnostic,1.0,1.0,1.0,0.00020996312775715901,1.1074382676944428,0.0,1.0,0.0,frozen-v6-anchor,0.9618579042324288,1.3249099299720646,1.9824312400000963,2991154,x1*x2;x1^3;x3^2,-0.06941 + 0.4933·x₃² + 0.8027·x₁³ + 1.169·x₁x₂,"RCSA spent-seed diagnostic; anchor=1,x3^2,x1^3,x1*x2; exception=; in_bank=0; in_anchor=0; attempted=0; eligible=; anchor_role_ic=None; augmented_role_ic=None; outside_anchor_sse=None; outside_augmented_sse=None; accepted=0; final=1,x3^2,x1^3,x1*x2; wrapper_overhead_unoptimized=1",1.0,1.0,7,4,1.0,120,0,0,0,1;x3^2;x1^3;x1*x2,S,balanced,100,100;100;100;100,747788.5,1;x3^2;x1^3;x1*x2,1;x3^2;x1^3;x1*x2,,0.0,0.0,0.0,,0,,,,,0.0
cubic_cross,spurious,0.2,100,4,20105,rcsa-spent-diagnostic,1.0,1.0,1.0,0.00012132480974694055,1.3322921080527141,0.0,1.0,0.0,frozen-v6-anchor,1.7989919225545614,2.1815148295989273,2.112964249000015,3075868,x1*x2;x1^3;x3^2,-0.09372 + 0.5175·x₃² + 0.7936·x₁³ + 1.212·x₁x₂,"RCSA spent-seed diagnostic; anchor=1,x3^2,x1^3,x1*x2; exception=; in_bank=0; in_anchor=0; attempted=0; eligible=; anchor_role_ic=None; augmented_role_ic=None; outside_anchor_sse=None; outside_augmented_sse=None; accepted=0; final=1,x3^2,x1^3,x1*x2; wrapper_overhead_unoptimized=1",1.0,1.0,7,4,1.0,120,0,0,0,1;x3^2;x1^3;x1*x2,S,balanced,100,100;100;100;100,768967.0,1;x3^2;x1^3;x1*x2,1;x3^2;x1^3;x1*x2,,0.0,0.0,0.0,,0,,,,,0.0
cubic_cross,spurious,0.2,100,4,20101,rcsa-spent-diagnostic,0.0,1.0,0.6666666666666666,0.01164700836253118,1.787043099165507,0.0,1.0,0.0,frozen-v6-anchor,1.7572040297277027,3.2934959718327463,1.9929508329998953,2986394,x1*x2;x1^3,0.7583 + 0.7995·x₁³ + 1.213·x₁x₂,"RCSA spent-seed diagnostic; anchor=1,x1^3,x1*x2; exception=; in_bank=0; in_anchor=0; attempted=0; eligible=; anchor_role_ic=None; augmented_role_ic=None; outside_anchor_sse=None; outside_augmented_sse=None; accepted=0; final=1,x1^3,x1*x2; wrapper_overhead_unoptimized=1",1.0,1.0,6,3,1.0,63,0,0,0,1;x1^3;x1*x2,S,imbalanced,100,150;71;72;104,746598.5,1;x1^3;x1*x2,1;x1^3;x1*x2,,0.0,0.0,0.0,,0,,,,,0.0
cubic_cross,spurious,0.2,100,4,20102,rcsa-spent-diagnostic,1.0,1.0,1.0,0.00020290064590006263,0.7723083247129031,0.0,1.0,0.0,frozen-v6-anchor,0.7175584606581215,0.8919335010879634,2.1100334299999304,3076633,x1*x2;x1^3;x3^2,-0.07568 + 0.5072·x₃² + 0.7895·x₁³ + 1.214·x₁x₂,"RCSA spent-seed diagnostic; anchor=1,x3^2,x1^3,x1*x2; exception=; in_bank=0; in_anchor=0; attempted=0; eligible=; anchor_role_ic=None; augmented_role_ic=None; outside_anchor_sse=None; outside_augmented_sse=None; accepted=0; final=1,x3^2,x1^3,x1*x2; wrapper_overhead_unoptimized=1",1.0,1.0,6,3,1.0,63,0,0,0,1;x3^2;x1^3;x1*x2,S,imbalanced,100,104;150;71;72,769158.25,1;x3^2;x1^3;x1*x2,1;x3^2;x1^3;x1*x2,,0.0,0.0,0.0,,0,,,,,0.0
cubic_cross,spurious,0.2,100,4,20103,rcsa-spent-diagnostic,1.0,1.0,1.0,9.672895845812366e-05,1.1872894118822692,0.0,1.0,0.0,frozen-v6-anchor,1.477936185550132,1.5768485427169368,1.9889944930000638,2995339,x1*x2;x1^3;x3^2,0.03307 + 0.5007·x₃² + 0.7942·x₁³ + 1.182·x₁x₂,"RCSA spent-seed diagnostic; anchor=1,x3^2,x1^3,x1*x2; exception=; in_bank=0; in_anchor=0; attempted=0; eligible=; anchor_role_ic=None; augmented_role_ic=None; outside_anchor_sse=None; outside_augmented_sse=None; accepted=0; final=1,x3^2,x1^3,x1*x2; wrapper_overhead_unoptimized=1",1.0,1.0,7,4,1.0,120,0,0,0,1;x3^2;x1^3;x1*x2,S,imbalanced,100,72;104;150;71,748834.75,1;x3^2;x1^3;x1*x2,1;x3^2;x1^3;x1*x2,,0.0,0.0,0.0,,0,,,,,0.0
cubic_cross,spurious,0.2,100,4,20104,rcsa-spent-diagnostic,0.0,0.6666666666666666,0.6666666666666666,0.0005438691513525218,1.3576649209030964,0.0,1.0,0.0,frozen-v6-anchor,1.33966194165172,2.1599218949719634,1.9941115660001287,2991162,cos(x3);x1*x2;x1^3,1.277 - 1.524·cos(x₃) + 0.8061·x₁³ + 1.201·x₁x₂,"RCSA spent-seed diagnostic; anchor=1,cos(x3),x1^3,x1*x2; exception=; in_bank=0; in_anchor=0; attempted=0; eligible=; anchor_role_ic=None; augmented_role_ic=None; outside_anchor_sse=None; outside_augmented_sse=None; accepted=0; final=1,cos(x3),x1^3,x1*x2; wrapper_overhead_unoptimized=1",0.6666666666666666,0.0,7,5,1.0,120,0,0,0,1;cos(x3);x1^3;x1*x2,S,imbalanced,100,71;72;104;150,747790.5,1;cos(x3);x1^3;x1*x2,1;cos(x3);x1^3;x1*x2,,0.0,0.0,0.0,,0,,,,,0.0
cubic_cross,spurious,0.2,100,4,20105,rcsa-spent-diagnostic,0.0,1.0,0.6666666666666666,0.012079407483231134,1.797351567367415,0.0,1.0,0.0,frozen-v6-anchor,1.5071193637762006,1.6877280475775407,1.9905153700001392,2991332,x1*x2;x1^3,0.6924 + 0.799·x₁³ + 1.177·x₁x₂,"RCSA spent-seed diagnostic; anchor=1,x1^3,x1*x2; exception=; in_bank=0; in_anchor=0; attempted=0; eligible=; anchor_role_ic=None; augmented_role_ic=None; outside_anchor_sse=None; outside_augmented_sse=None; accepted=0; final=1,x1^3,x1*x2; wrapper_overhead_unoptimized=1",1.0,1.0,7,4,1.0,120,0,0,0,1;x1^3;x1*x2,S,imbalanced,100,150;71;72;104,747833.0,1;x1^3;x1*x2,1;x1^3;x1*x2,,0.0,0.0,0.0,,0,,,,,0.0
cubic_cross,spurious,0.2,100,8,20101,rcsa-spent-diagnostic,1.0,1.0,1.0,0.00038070363091990435,0.9536463569048718,0.0,1.0,0.0,frozen-v6-anchor,0.855318382251116,1.2534224928994624,3.8878678230000787,5981266,x1*x2;x1^3;x3^2,0.03022 + 0.4647·x₃² + 0.8038·x₁³ + 1.248·x₁x₂,"RCSA spent-seed diagnostic; anchor=1,x3^2,x1^3,x1*x2; exception=; in_bank=0; in_anchor=0; attempted=0; eligible=; anchor_role_ic=None; augmented_role_ic=None; outside_anchor_sse=None; outside_augmented_sse=None; accepted=0; final=1,x3^2,x1^3,x1*x2; wrapper_overhead_unoptimized=1",1.0,1.0,7,4,1.0,120,0,0,0,1;x3^2;x1^3;x1*x2,S,balanced,100,100;100;100;100;100;100;100;100,747658.25,1;x3^2;x1^3;x1*x2,1;x3^2;x1^3;x1*x2,,0.0,0.0,0.0,,0,,,,,0.0
cubic_cross,spurious,0.2,100,8,20102,rcsa-spent-diagnostic,1.0,1.0,1.0,4.790887045418794e-05,0.9283882881623419,0.0,1.0,0.0,frozen-v6-anchor,0.9676682465102073,1.5628310374367742,3.8940304490001836,5981515,x1*x2;x1^3;x3^2,0.02432 + 0.5058·x₃² + 0.8034·x₁³ + 1.212·x₁x₂,"RCSA spent-seed diagnostic; anchor=1,x3^2,x1^3,x1*x2; exception=; in_bank=0; in_anchor=0; attempted=0; eligible=; anchor_role_ic=None; augmented_role_ic=None; outside_anchor_sse=None; outside_augmented_sse=None; accepted=0; final=1,x3^2,x1^3,x1*x2; wrapper_overhead_unoptimized=1",1.0,1.0,7,4,1.0,120,0,0,0,1;x3^2;x1^3;x1*x2,S,balanced,100,100;100;100;100;100;100;100;100,747689.375,1;x3^2;x1^3;x1*x2,1;x3^2;x1^3;x1*x2,,0.0,0.0,0.0,,0,,,,,0.0
cubic_cross,spurious,0.2,100,8,20103,rcsa-spent-diagnostic,1.0,1.0,1.0,3.077494106561042e-05,1.036852938345128,0.0,1.0,0.0,frozen-v6-anchor,0.9781687291954408,1.3377552521015825,3.9010881339997923,5981953,x1*x2;x1^3;x3^2,-0.02239 + 0.5178·x₃² + 0.7982·x₁³ + 1.209·x₁x₂,"RCSA spent-seed diagnostic; anchor=1,x3^2,x1^3,x1*x2; exception=; in_bank=0; in_anchor=0; attempted=0; eligible=; anchor_role_ic=None; augmented_role_ic=None; outside_anchor_sse=None; outside_augmented_sse=None; accepted=0; final=1,x3^2,x1^3,x1*x2; wrapper_overhead_unoptimized=1",1.0,1.0,7,4,1.0,120,0,0,0,1;x3^2;x1^3;x1*x2,S,balanced,100,100;100;100;100;100;100;100;100,747744.125,1;x3^2;x1^3;x1*x2,1;x3^2;x1^3;x1*x2,,0.0,0.0,0.0,,0,,,,,0.0
cubic_cross,spurious,0.2,100,8,20104,rcsa-spent-diagnostic,1.0,1.0,1.0,0.0005006535526170036,0.8596863565259656,0.0,1.0,0.0,frozen-v6-anchor,0.9080418670775666,1.59784997502058,3.871583166999926,5972251,x1*x2;x1^3;x3^2,0.03028 + 0.494·x₃² + 0.79·x₁³ + 1.144·x₁x₂,"RCSA spent-seed diagnostic; anchor=1,x3^2,x1^3,x1*x2; exception=; in_bank=0; in_anchor=0; attempted=0; eligible=; anchor_role_ic=None; augmented_role_ic=None; outside_anchor_sse=None; outside_augmented_sse=None; accepted=0; final=1,x3^2,x1^3,x1*x2; wrapper_overhead_unoptimized=1",1.0,1.0,6,3,1.0,63,0,0,0,1;x3^2;x1^3;x1*x2,S,balanced,100,100;100;100;100;100;100;100;100,746531.375,1;x3^2;x1^3;x1*x2,1;x3^2;x1^3;x1*x2,,0.0,0.0,0.0,,0,,,,,0.0
cubic_cross,spurious,0.2,100,8,20105,rcsa-spent-diagnostic,1.0,1.0,1.0,0.0001285113392339917,0.8029763827624395,0.0,1.0,0.0,frozen-v6-anchor,0.8318577078079307,1.551205013206483,3.901682985999969,5981093,x1*x2;x1^3;x3^2,0.032 + 0.467·x₃² + 0.7927·x₁³ + 1.2·x₁x₂,"RCSA spent-seed diagnostic; anchor=1,x3^2,x1^3,x1*x2; exception=; in_bank=0; in_anchor=0; attempted=0; eligible=; anchor_role_ic=None; augmented_role_ic=None; outside_anchor_sse=None; outside_augmented_sse=None; accepted=0; final=1,x3^2,x1^3,x1*x2; wrapper_overhead_unoptimized=1",1.0,1.0,7,4,1.0,120,0,0,0,1;x3^2;x1^3;x1*x2,S,balanced,100,100;100;100;100;100;100;100;100,747636.625,1;x3^2;x1^3;x1*x2,1;x3^2;x1^3;x1*x2,,0.0,0.0,0.0,,0,,,,,0.0
cubic_cross,spurious,0.2,100,8,20101,rcsa-spent-diagnostic,1.0,1.0,1.0,7.0451107333352315e-06,0.8597743909507068,0.0,1.0,0.0,frozen-v6-anchor,0.9253772498289009,1.462775132543591,3.886257832999945,5985285,x1*x2;x1^3;x3^2,-0.0009355 + 0.502·x₃² + 0.8015·x₁³ + 1.206·x₁x₂,"RCSA spent-seed diagnostic; anchor=1,x3^2,x1^3,x1*x2; exception=; in_bank=0; in_anchor=0; attempted=0; eligible=; anchor_role_ic=None; augmented_role_ic=None; outside_anchor_sse=None; outside_augmented_sse=None; accepted=0; final=1,x3^2,x1^3,x1*x2; wrapper_overhead_unoptimized=1",1.0,1.0,7,4,1.0,120,0,0,0,1;x3^2;x1^3;x1*x2,S,imbalanced,100,80;94;110;128;150;71;71;71,748160.625,1;x3^2;x1^3;x1*x2,1;x3^2;x1^3;x1*x2,,0.0,0.0,0.0,,0,,,,,0.0
cubic_cross,spurious,0.2,100,8,20102,rcsa-spent-diagnostic,1.0,1.0,1.0,0.0003431785976583278,0.87431337648879,0.0,1.0,0.0,frozen-v6-anchor,1.0579065989593708,1.3795177017263398,3.881521041000042,5987080,x1*x2;x1^3;x3^2,0.09901 + 0.4525·x₃² + 0.786·x₁³ + 1.196·x₁x₂,"RCSA spent-seed diagnostic; anchor=1,x3^2,x1^3,x1*x2; exception=; in_bank=0; in_anchor=0; attempted=0; eligible=; anchor_role_ic=None; augmented_role_ic=None; outside_anchor_sse=None; outside_augmented_sse=None; accepted=0; final=1,x3^2,x1^3,x1*x2; wrapper_overhead_unoptimized=1",1.0,1.0,7,4,1.0,120,0,0,0,1;x3^2;x1^3;x1*x2,S,imbalanced,100,71;80;94;110;128;150;71;71,748385.0,1;x3^2;x1^3;x1*x2,1;x3^2;x1^3;x1*x2,,0.0,0.0,0.0,,0,,,,,0.0
cubic_cross,spurious,0.2,100,8,20103,rcsa-spent-diagnostic,1.0,1.0,1.0,0.00011007505123159977,0.9645366370449528,0.0,1.0,0.0,frozen-v6-anchor,1.0178721350532631,1.563898324103848,3.8817415430000892,5985285,x1*x2;x1^3;x3^2,0.02577 + 0.5031·x₃² + 0.8036·x₁³ + 1.174·x₁x₂,"RCSA spent-seed diagnostic; anchor=1,x3^2,x1^3,x1*x2; exception=; in_bank=0; in_anchor=0; attempted=0; eligible=; anchor_role_ic=None; augmented_role_ic=None; outside_anchor_sse=None; outside_augmented_sse=None; accepted=0; final=1,x3^2,x1^3,x1*x2; wrapper_overhead_unoptimized=1",1.0,1.0,7,4,1.0,120,0,0,0,1;x3^2;x1^3;x1*x2,S,imbalanced,100,71;71;80;94;110;128;150;71,748160.625,1;x3^2;x1^3;x1*x2,1;x3^2;x1^3;x1*x2,,0.0,0.0,0.0,,0,,,,,0.0
cubic_cross,spurious,0.2,100,8,20104,rcsa-spent-diagnostic,1.0,1.0,1.0,0.00011621877700194795,1.1896131492982351,0.0,1.0,0.0,frozen-v6-anchor,0.8782086411247144,1.96398378209107,3.8493334109998614,5973852,x1*x2;x1^3;x3^2,-0.001997 + 0.4963·x₃² + 0.8023·x₁³ + 1.23·x₁x₂,"RCSA spent-seed diagnostic; anchor=1,x3^2,x1^3,x1*x2; exception=; in_bank=0; in_anchor=0; attempted=0; eligible=; anchor_role_ic=None; augmented_role_ic=None; outside_anchor_sse=None; outside_augmented_sse=None; accepted=0; final=1,x3^2,x1^3,x1*x2; wrapper_overhead_unoptimized=1",1.0,1.0,6,3,1.0,63,0,0,0,1;x3^2;x1^3;x1*x2,S,imbalanced,100,71;71;71;80;94;110;128;150,746731.5,1;x3^2;x1^3;x1*x2,1;x3^2;x1^3;x1*x2,,0.0,0.0,0.0,,0,,,,,0.0
cubic_cross,spurious,0.2,100,8,20105,rcsa-spent-diagnostic,1.0,1.0,1.0,0.00021516077860584778,0.8476625697450955,0.0,1.0,0.0,frozen-v6-anchor,0.7462157522454155,1.1204056322725329,3.839372780999838,5973200,x1*x2;x1^3;x3^2,-0.08804 + 0.557·x₃² + 0.7933·x₁³ + 1.208·x₁x₂,"RCSA spent-seed diagnostic; anchor=1,x3^2,x1^3,x1*x2; exception=; in_bank=0; in_anchor=0; attempted=0; eligible=; anchor_role_ic=None; augmented_role_ic=None; outside_anchor_sse=None; outside_augmented_sse=None; accepted=0; final=1,x3^2,x1^3,x1*x2; wrapper_overhead_unoptimized=1",1.0,1.0,6,3,1.0,63,0,0,0,1;x3^2;x1^3;x1*x2,S,imbalanced,100,150;71;71;71;80;94;110;128,746650.0,1;x3^2;x1^3;x1*x2,1;x3^2;x1^3;x1*x2,,0.0,0.0,0.0,,0,,,,,0.0
cubic_cross,spurious,0.2,100,16,20101,rcsa-spent-diagnostic,1.0,1.0,1.0,1.799330447963677e-05,0.7574428187147976,0.0,1.0,0.0,frozen-v6-anchor,0.7005234746249798,1.2792892535075755,7.644019546999971,11971548,x1*x2;x1^3;x3^2,2.396e-05 + 0.4944·x₃² + 0.7967·x₁³ + 1.198·x₁x₂,"RCSA spent-seed diagnostic; anchor=1,x3^2,x1^3,x1*x2; exception=; in_bank=0; in_anchor=0; attempted=0; eligible=; anchor_role_ic=None; augmented_role_ic=None; outside_anchor_sse=None; outside_augmented_sse=None; accepted=0; final=1,x3^2,x1^3,x1*x2; wrapper_overhead_unoptimized=1",1.0,1.0,7,4,1.0,120,0,0,0,1;x3^2;x1^3;x1*x2,S,balanced,100,100;100;100;100;100;100;100;100;100;100;100;100;100;100;100;100,748221.75,1;x3^2;x1^3;x1*x2,1;x3^2;x1^3;x1*x2,,0.0,0.0,0.0,,0,,,,,0.0
cubic_cross,spurious,0.2,100,16,20102,rcsa-spent-diagnostic,1.0,1.0,1.0,0.00010422134470903455,1.014129595888622,0.0,1.0,0.0,frozen-v6-anchor,1.0505691401156931,1.705520378083321,7.708046680000052,11959110,x1*x2;x1^3;x3^2,-0.03262 + 0.4978·x₃² + 0.7928·x₁³ + 1.214·x₁x₂,"RCSA spent-seed diagnostic; anchor=1,x3^2,x1^3,x1*x2; exception=; in_bank=0; in_anchor=0; attempted=0; eligible=; anchor_role_ic=None; augmented_role_ic=None; outside_anchor_sse=None; outside_augmented_sse=None; accepted=0; final=1,x3^2,x1^3,x1*x2; wrapper_overhead_unoptimized=1",1.0,1.0,7,4,1.0,120,0,0,0,1;x3^2;x1^3;x1*x2,S,balanced,100,100;100;100;100;100;100;100;100;100;100;100;100;100;100;100;100,747444.375,1;x3^2;x1^3;x1*x2,1;x3^2;x1^3;x1*x2,,0.0,0.0,0.0,,0,,,,,0.0
cubic_cross,spurious,0.2,100,16,20103,rcsa-spent-diagnostic,1.0,1.0,1.0,9.24491367584224e-05,0.7583921760776415,0.0,1.0,0.0,frozen-v6-anchor,0.749956660525013,1.1774943736224108,7.70238591500015,11963711,x1*x2;x1^3;x3^2,-0.0075 + 0.4729·x₃² + 0.7969·x₁³ + 1.202·x₁x₂,"RCSA spent-seed diagnostic; anchor=1,x3^2,x1^3,x1*x2; exception=; in_bank=0; in_anchor=0; attempted=0; eligible=; anchor_role_ic=None; augmented_role_ic=None; outside_anchor_sse=None; outside_augmented_sse=None; accepted=0; final=1,x3^2,x1^3,x1*x2; wrapper_overhead_unoptimized=1",1.0,1.0,7,4,1.0,120,0,0,0,1;x3^2;x1^3;x1*x2,S,balanced,100,100;100;100;100;100;100;100;100;100;100;100;100;100;100;100;100,747731.9375,1;x3^2;x1^3;x1*x2,1;x3^2;x1^3;x1*x2,,0.0,0.0,0.0,,0,,,,,0.0
cubic_cross,spurious,0.2,100,16,20104,rcsa-spent-diagnostic,1.0,1.0,1.0,0.0001890441275206696,0.8599985254673683,0.0,1.0,0.0,frozen-v6-anchor,0.7829383150653536,1.6240717457498997,7.6854503469999145,11967429,x1*x2;x1^3;x3^2,0.01204 + 0.4998·x₃² + 0.8103·x₁³ + 1.221·x₁x₂,"RCSA spent-seed diagnostic; anchor=1,x3^2,x1^3,x1*x2; exception=; in_bank=0; in_anchor=0; attempted=0; eligible=; anchor_role_ic=None; augmented_role_ic=None; outside_anchor_sse=None; outside_augmented_sse=None; accepted=0; final=1,x3^2,x1^3,x1*x2; wrapper_overhead_unoptimized=1",1.0,1.0,7,4,1.0,120,0,0,0,1;x3^2;x1^3;x1*x2,S,balanced,100,100;100;100;100;100;100;100;100;100;100;100;100;100;100;100;100,747964.3125,1;x3^2;x1^3;x1*x2,1;x3^2;x1^3;x1*x2,,0.0,0.0,0.0,,0,,,,,0.0
cubic_cross,spurious,0.2,100,16,20105,rcsa-spent-diagnostic,1.0,1.0,1.0,6.34553709572817e-05,0.7748297311381791,0.0,1.0,0.0,frozen-v6-anchor,0.6908654358577931,1.0042126331764356,7.712288527000055,11968486,x1*x2;x1^3;x3^2,0.08542 + 0.4725·x₃² + 0.8027·x₁³ + 1.19·x₁x₂,"RCSA spent-seed diagnostic; anchor=1,x3^2,x1^3,x1*x2; exception=; in_bank=0; in_anchor=0; attempted=0; eligible=; anchor_role_ic=None; augmented_role_ic=None; outside_anchor_sse=None; outside_augmented_sse=None; accepted=0; final=1,x3^2,x1^3,x1*x2; wrapper_overhead_unoptimized=1",1.0,1.0,7,4,1.0,120,0,0,0,1;x3^2;x1^3;x1*x2,S,balanced,100,100;100;100;100;100;100;100;100;100;100;100;100;100;100;100;100,748030.375,1;x3^2;x1^3;x1*x2,1;x3^2;x1^3;x1*x2,,0.0,0.0,0.0,,0,,,,,0.0
cubic_cross,spurious,0.2,100,16,20101,rcsa-spent-diagnostic,1.0,1.0,1.0,9.422789047129202e-05,0.7915720452810814,0.0,1.0,0.0,frozen-v6-anchor,0.933074279769634,2.0974437762517413,7.67470960300011,11959137,x1*x2;x1^3;x3^2,-0.02689 + 0.5085·x₃² + 0.7923·x₁³ + 1.21·x₁x₂,"RCSA spent-seed diagnostic; anchor=1,x3^2,x1^3,x1*x2; exception=; in_bank=0; in_anchor=0; attempted=0; eligible=; anchor_role_ic=None; augmented_role_ic=None; outside_anchor_sse=None; outside_augmented_sse=None; accepted=0; final=1,x3^2,x1^3,x1*x2; wrapper_overhead_unoptimized=1",1.0,1.0,6,3,1.0,63,0,0,0,1;x3^2;x1^3;x1*x2,S,imbalanced,100,112;120;130;139;150;71;71;71;71;71;72;78;83;90;97;104,747446.0625,1;x3^2;x1^3;x1*x2,1;x3^2;x1^3;x1*x2,,0.0,0.0,0.0,,0,,,,,0.0
cubic_cross,spurious,0.2,100,16,20102,rcsa-spent-diagnostic,1.0,1.0,1.0,5.424942751262681e-05,0.8124457951532611,0.0,1.0,0.0,frozen-v6-anchor,0.7054130349839505,1.1120585146202406,7.695247225999992,11964552,x1*x2;x1^3;x3^2,-0.03163 + 0.5055·x₃² + 0.8042·x₁³ + 1.185·x₁x₂,"RCSA spent-seed diagnostic; anchor=1,x3^2,x1^3,x1*x2; exception=; in_bank=0; in_anchor=0; attempted=0; eligible=; anchor_role_ic=None; augmented_role_ic=None; outside_anchor_sse=None; outside_augmented_sse=None; accepted=0; final=1,x3^2,x1^3,x1*x2; wrapper_overhead_unoptimized=1",1.0,1.0,7,4,1.0,120,0,0,0,1;x3^2;x1^3;x1*x2,S,imbalanced,100,104;112;120;130;139;150;71;71;71;71;71;72;78;83;90;97,747784.5,1;x3^2;x1^3;x1*x2,1;x3^2;x1^3;x1*x2,,0.0,0.0,0.0,,0,,,,,0.0
cubic_cross,spurious,0.2,100,16,20103,rcsa-spent-diagnostic,1.0,1.0,1.0,6.457213491773972e-05,0.7235510959615157,0.0,1.0,0.0,frozen-v6-anchor,0.7315508656058554,1.4714227743745483,7.738807968999936,11973288,x1*x2;x1^3;x3^2,-0.03388 + 0.4908·x₃² + 0.7953·x₁³ + 1.199·x₁x₂,"RCSA spent-seed diagnostic; anchor=1,x3^2,x1^3,x1*x2; exception=; in_bank=0; in_anchor=0; attempted=0; eligible=; anchor_role_ic=None; augmented_role_ic=None; outside_anchor_sse=None; outside_augmented_sse=None; accepted=0; final=1,x3^2,x1^3,x1*x2; wrapper_overhead_unoptimized=1",1.0,1.0,7,4,1.0,120,0,0,0,1;x3^2;x1^3;x1*x2,S,imbalanced,100,97;104;112;120;130;139;150;71;71;71;71;71;72;78;83;90,748330.5,1;x3^2;x1^3;x1*x2,1;x3^2;x1^3;x1*x2,,0.0,0.0,0.0,,0,,,,,0.0
cubic_cross,spurious,0.2,100,16,20104,rcsa-spent-diagnostic,1.0,1.0,1.0,2.910270105184439e-05,0.6500466734733286,0.0,1.0,0.0,frozen-v6-anchor,0.6064978788698941,0.8841348089106181,7.755489390000093,11968063,x1*x2;x1^3;x3^2,0.02549 + 0.4886·x₃² + 0.7969·x₁³ + 1.19·x₁x₂,"RCSA spent-seed diagnostic; anchor=1,x3^2,x1^3,x1*x2; exception=; in_bank=0; in_anchor=0; attempted=0; eligible=; anchor_role_ic=None; augmented_role_ic=None; outside_anchor_sse=None; outside_augmented_sse=None; accepted=0; final=1,x3^2,x1^3,x1*x2; wrapper_overhead_unoptimized=1",1.0,1.0,7,4,1.0,120,0,0,0,1;x3^2;x1^3;x1*x2,S,imbalanced,100,90;97;104;112;120;130;139;150;71;71;71;71;71;72;78;83,748003.9375,1;x3^2;x1^3;x1*x2,1;x3^2;x1^3;x1*x2,,0.0,0.0,0.0,,0,,,,,0.0
cubic_cross,spurious,0.2,100,16,20105,rcsa-spent-diagnostic,1.0,1.0,1.0,1.2208883408436557e-05,0.6857804962894822,0.0,1.0,0.0,frozen-v6-anchor,0.6289146920938322,1.0121894022632214,7.713824616000011,11969792,x1*x2;x1^3;x3^2,0.04236 + 0.4899·x₃² + 0.8013·x₁³ + 1.201·x₁x₂,"RCSA spent-seed diagnostic; anchor=1,x3^2,x1^3,x1*x2; exception=; in_bank=0; in_anchor=0; attempted=0; eligible=; anchor_role_ic=None; augmented_role_ic=None; outside_anchor_sse=None; outside_augmented_sse=None; accepted=0; final=1,x3^2,x1^3,x1*x2; wrapper_overhead_unoptimized=1",1.0,1.0,7,4,1.0,120,0,0,0,1;x3^2;x1^3;x1*x2,S,imbalanced,100,83;90;97;104;112;120;130;139;150;71;71;71;71;71;72;78,748112.0,1;x3^2;x1^3;x1*x2,1;x3^2;x1^3;x1*x2,,0.0,0.0,0.0,,0,,,,,0.0
cubic_cross,exception,0.2,100,4,20101,rcsa-spent-diagnostic,1.0,1.0,1.0,0.00029278805746992144,1.7285536458496518,0.0,1.0,0.0,frozen-v6-anchor,1.2401312357663634,1.5732394228041717,2.88226474399994,3524476,I(x3>1)*x3^2;x1*x2;x1^3;x3^2,-0.01643 + 0.5602·x₃² + 0.7262·𝟙[x₃>1]·x₃² + 0.807·x₁³ + 1.186·x₁x₂,"RCSA spent-seed diagnostic; anchor=1,x3^2,I(x3>1)*x3^2,x1^3,x1*x2; exception=I(x3>1)*x3^2; in_bank=1; in_anchor=1; attempted=0; eligible=; anchor_role_ic=None; augmented_role_ic=None; outside_anchor_sse=None; outside_augmented_sse=None; accepted=0; final=1,x3^2,I(x3>1)*x3^2,x1^3,x1*x2; wrapper_overhead_unoptimized=1",1.0,1.0,5,1,0.0,32,1,0,1,1;x3^2;I(x3>1)*x3^2;x1^3;x1*x2,S,balanced,100,100;100;100;100,881119.0,1;x3^2;I(x3>1)*x3^2;x1^3;x1*x2,1;x3^2;I(x3>1)*x3^2;x1^3;x1*x2,I(x3>1)*x3^2,1.0,1.0,0.0,,0,,,,,0.0
cubic_cross,exception,0.2,100,4,20102,rcsa-spent-diagnostic,1.0,1.0,1.0,0.0002445067053687246,1.0958423575369036,0.0,1.0,0.0,frozen-v6-anchor,1.1537144347356039,1.429285837870799,2.6578588479999326,3411056,I(x3>1)*x3^2;x1*x2;x1^3;x3^2,-0.01995 + 0.4967·x₃² + 0.7089·𝟙[x₃>1]·x₃² + 0.7905·x₁³ + 1.186·x₁x₂,"RCSA spent-seed diagnostic; anchor=1,x3^2,I(x3>1)*x3^2,x1^3,x1*x2; exception=I(x3>1)*x3^2; in_bank=1; in_anchor=1; attempted=0; eligible=; anchor_role_ic=None; augmented_role_ic=None; outside_anchor_sse=None; outside_augmented_sse=None; accepted=0; final=1,x3^2,I(x3>1)*x3^2,x1^3,x1*x2; wrapper_overhead_unoptimized=1",1.0,1.0,7,3,1.0,120,0,0,1,1;x3^2;I(x3>1)*x3^2;x1^3;x1*x2,S,balanced,100,100;100;100;100,852764.0,1;x3^2;I(x3>1)*x3^2;x1^3;x1*x2,1;x3^2;I(x3>1)*x3^2;x1^3;x1*x2,I(x3>1)*x3^2,1.0,1.0,0.0,,0,,,,,0.0
cubic_cross,exception,0.2,100,4,20103,rcsa-spent-diagnostic,0.0,0.75,0.75,0.00044809143658113676,1.7113889438671168,0.0,1.0,0.0,frozen-v6-anchor,1.713511440339082,2.42132518042957,2.7001908530000946,3437550,I(x3>1)*x3^2;cos(x3);x1*x2;x1^3,1.313 - 1.334·cos(x₃) + 0.8044·𝟙[x₃>1]·x₃² + 0.8062·x₁³ + 1.186·x₁x₂,"RCSA spent-seed diagnostic; anchor=1,cos(x3),I(x3>1)*x3^2,x1^3,x1*x2; exception=I(x3>1)*x3^2; in_bank=1; in_anchor=1; attempted=0; eligible=; anchor_role_ic=None; augmented_role_ic=None; outside_anchor_sse=None; outside_augmented_sse=None; accepted=0; final=1,cos(x3),I(x3>1)*x3^2,x1^3,x1*x2; wrapper_overhead_unoptimized=1",1.0,1.0,7,3,0.0,120,0,1,1,1;cos(x3);I(x3>1)*x3^2;x1^3;x1*x2,S,balanced,100,100;100;100;100,859387.5,1;cos(x3);I(x3>1)*x3^2;x1^3;x1*x2,1;cos(x3);I(x3>1)*x3^2;x1^3;x1*x2,I(x3>1)*x3^2,1.0,1.0,0.0,,0,,,,,0.0
cubic_cross,exception,0.2,100,4,20104,rcsa-spent-diagnostic,0.0,1.0,0.75,0.007783086776455301,2.117505065175485,0.0,1.0,0.0,frozen-v6-anchor,2.040507468328968,2.71514154636731,2.880295968999917,3529984,I(x3>1)*x3^2;x1*x2;x1^3,0.5398 + 1.111·𝟙[x₃>1]·x₃² + 0.8046·x₁³ + 1.237·x₁x₂,"RCSA spent-seed diagnostic; anchor=1,I(x3>1)*x3^2,x1^3,x1*x2; exception=I(x3>1)*x3^2; in_bank=1; in_anchor=1; attempted=0; eligible=; anchor_role_ic=None; augmented_role_ic=None; outside_anchor_sse=None; outside_augmented_sse=None; accepted=0; final=1,I(x3>1)*x3^2,x1^3,x1*x2; wrapper_overhead_unoptimized=1",1.0,1.0,7,3,1.0,120,0,0,1,1;I(x3>1)*x3^2;x1^3;x1*x2,S,balanced,100,100;100;100;100,882496.0,1;I(x3>1)*x3^2;x1^3;x1*x2,1;I(x3>1)*x3^2;x1^3;x1*x2,I(x3>1)*x3^2,1.0,1.0,0.0,,0,,,,,0.0
cubic_cross,exception,0.2,100,4,20105,rcsa-spent-diagnostic,1.0,1.0,1.0,0.00012271581910503322,1.642547237000742,0.0,1.0,0.0,frozen-v6-anchor,1.2387388401859127,1.7443883424336795,2.7781251070000508,3473258,I(x3>1)*x3^2;x1*x2;x1^3;x3^2,-0.06168 + 0.4895·x₃² + 0.784·𝟙[x₃>1]·x₃² + 0.7988·x₁³ + 1.177·x₁x₂,"RCSA spent-seed diagnostic; anchor=1,x3^2,I(x3>1)*x3^2,x1^3,x1*x2; exception=I(x3>1)*x3^2; in_bank=1; in_anchor=1; attempted=0; eligible=; anchor_role_ic=None; augmented_role_ic=None; outside_anchor_sse=None; outside_augmented_sse=None; accepted=0; final=1,x3^2,I(x3>1)*x3^2,x1^3,x1*x2; wrapper_overhead_unoptimized=1",1.0,1.0,8,4,0.0,219,0,1,1,1;x3^2;I(x3>1)*x3^2;x1^3;x1*x2,S,balanced,100,100;100;100;100,868314.5,1;x3^2;I(x3>1)*x3^2;x1^3;x1*x2,1;x3^2;I(x3>1)*x3^2;x1^3;x1*x2,I(x3>1)*x3^2,1.0,1.0,0.0,,0,,,,,0.0
cubic_cross,exception,0.2,100,4,20101,rcsa-spent-diagnostic,0.0,1.0,0.75,0.01631225486140438,2.464607233922549,0.0,0.0,0.0,frozen-v6-anchor,1.9291674409337745,2.813227668039637,2.6359809499999756,3421446,x1*x2;x1^3;x3^2,-0.08144 + 0.8914·x₃² + 0.85·x₁³ + 1.243·x₁x₂,"RCSA spent-seed diagnostic; anchor=1,x3^2,x1^3,x1*x2; exception=I(x3>1)*x3^2; in_bank=1; in_anchor=0; attempted=1; eligible=client-4; anchor_role_ic=2.0532854911555676; augmented_role_ic=2.838762013637015; outside_anchor_sse=84.31305250033454; outside_augmented_sse=62.94106989752402; accepted=0; final=1,x3^2,x1^3,x1*x2; wrapper_overhead_unoptimized=1",1.0,1.0,6,2,0.0,63,1,1,0,1;x3^2;x1^3;x1*x2,S,imbalanced,100,150;71;72;104,855361.5,1;x3^2;x1^3;x1*x2,1;x3^2;x1^3;x1*x2,I(x3>1)*x3^2,1.0,0.0,1.0,client-4,15,2.0532854911555676,2.838762013637015,84.31305250033454,62.94106989752402,0.0
cubic_cross,exception,0.2,100,4,20102,rcsa-spent-diagnostic,0.0,1.0,0.75,0.018338587210462314,1.754002355988478,0.0,0.0,0.0,frozen-v6-anchor,1.3456516600384365,1.8501927762421502,2.8346040430001267,3518619,x1*x2;x1^3;x3^2,0.05502 + 0.6746·x₃² + 0.8412·x₁³ + 1.224·x₁x₂,"RCSA spent-seed diagnostic; anchor=1,x3^2,x1^3,x1*x2; exception=I(x3>1)*x3^2; in_bank=1; in_anchor=0; attempted=1; eligible=client-4; anchor_role_ic=1.8984849188933233; augmented_role_ic=2.912998772413564; outside_anchor_sse=65.20919501274838; outside_augmented_sse=54.06972915620523; accepted=0; final=1,x3^2,x1^3,x1*x2; wrapper_overhead_unoptimized=1",1.0,1.0,7,3,1.0,120,0,0,0,1;x3^2;x1^3;x1*x2,S,imbalanced,100,104;150;71;72,879654.75,1;x3^2;x1^3;x1*x2,1;x3^2;x1^3;x1*x2,I(x3>1)*x3^2,1.0,0.0,1.0,client-4,11,1.8984849188933233,2.912998772413564,65.20919501274838,54.06972915620523,0.0
cubic_cross,exception,0.2,100,4,20103,rcsa-spent-diagnostic,0.0,0.6666666666666666,0.5,0.01800586764548992,2.1949067840209704,0.0,0.0,0.0,frozen-v6-anchor,1.4649234112656162,1.96848842376044,2.9423346949999996,3576379,cos(x3);x1*x2;x1^3,1.995 - 2.134·cos(x₃) + 0.8297·x₁³ + 1.207·x₁x₂,"RCSA spent-seed diagnostic; anchor=1,cos(x3),x1^3,x1*x2; exception=I(x3>1)*x3^2; in_bank=1; in_anchor=0; attempted=1; eligible=client-4; anchor_role_ic=2.2449924109637864; augmented_role_ic=2.639235754409935; outside_anchor_sse=70.00362105107881; outside_augmented_sse=66.53753332652504; accepted=0; final=1,cos(x3),x1^3,x1*x2; wrapper_overhead_unoptimized=1",0.75,0.0,6,3,1.0,63,0,0,0,1;cos(x3);x1^3;x1*x2,S,imbalanced,100,72;104;150;71,894094.75,1;cos(x3);x1^3;x1*x2,1;cos(x3);x1^3;x1*x2,I(x3>1)*x3^2,1.0,0.0,1.0,client-4,10,2.2449924109637864,2.639235754409935,70.00362105107881,66.53753332652504,0.0
cubic_cross,exception,0.2,100,4,20104,rcsa-spent-diagnostic,0.0,0.5,0.5,0.01862661889404057,2.5690061273959475,0.0,0.0,0.0,frozen-v6-anchor,1.8821576256355286,2.530908953501633,2.7671749969999837,3488937,sin(x1);x1;x1*x2;x3^2,-0.3724 + 7.298·x₁ + 1.035·x₃² - 8.08·sin(x₁) + 1.267·x₁x₂,"RCSA spent-seed diagnostic; anchor=1,x1,x3^2,sin(x1),x1*x2; exception=I(x3>1)*x3^2; in_bank=1; in_anchor=0; attempted=1; eligible=client-4; anchor_role_ic=1.252965858228114; augmented_role_ic=2.0676380233570644; outside_anchor_sse=84.13720045523206; outside_augmented_sse=55.913004860144724; accepted=0; final=1,x1,x3^2,sin(x1),x1*x2; wrapper_overhead_unoptimized=1",1.0,1.0,7,3,0.0,120,0,1,0,1;x1;x3^2;sin(x1);x1*x2,S,imbalanced,100,71;72;104;150,872234.25,1;x1;x3^2;sin(x1);x1*x2,1;x1;x3^2;sin(x1);x1*x2,I(x3>1)*x3^2,1.0,0.0,1.0,client-4,22,1.252965858228114,2.0676380233570644,84.13720045523206,55.913004860144724,0.0
cubic_cross,exception,0.2,100,4,20105,rcsa-spent-diagnostic,0.0,1.0,0.75,0.019245569986420283,2.4158522939101923,0.0,0.0,0.0,frozen-v6-anchor,2.3465473221105047,3.2925296442141727,2.6791224539999803,3433592,x1*x2;x1^3;x3^2,-0.2593 + 0.9348·x₃² + 0.8734·x₁³ + 1.24·x₁x₂,"RCSA spent-seed diagnostic; anchor=1,x3^2,x1^3,x1*x2; exception=I(x3>1)*x3^2; in_bank=1; in_anchor=0; attempted=1; eligible=client-4; anchor_role_ic=2.376216393678983; augmented_role_ic=2.8804956871194793; outside_anchor_sse=98.00893054936779; outside_augmented_sse=78.28944257466611; accepted=0; final=1,x3^2,x1^3,x1*x2; wrapper_overhead_unoptimized=1",1.0,1.0,8,4,1.0,219,0,0,0,1;x3^2;x1^3;x1*x2,S,imbalanced,100,150;71;72;104,858398.0,1;x3^2;x1^3;x1*x2,1;x3^2;x1^3;x1*x2,I(x3>1)*x3^2,1.0,0.0,1.0,client-4,15,2.376216393678983,2.8804956871194793,98.00893054936779,78.28944257466611,0.0
cubic_cross,exception,0.2,100,8,20101,rcsa-spent-diagnostic,1.0,1.0,1.0,0.0002579322203095722,1.1887383770018343,0.0,1.0,0.0,frozen-v6-anchor,1.3000922655076539,1.8708684522013905,5.356431444999998,6867405,I(x3>1)*x3^2;x1*x2;x1^3;x3^2,0.05891 + 0.456·x₃² + 0.7452·𝟙[x₃>1]·x₃² + 0.798·x₁³ + 1.234·x₁x₂,"RCSA spent-seed diagnostic; anchor=1,x3^2,I(x3>1)*x3^2,x1^3,x1*x2; exception=I(x3>1)*x3^2; in_bank=1; in_anchor=1; attempted=0; eligible=; anchor_role_ic=None; augmented_role_ic=None; outside_anchor_sse=None; outside_augmented_sse=None; accepted=0; final=1,x3^2,I(x3>1)*x3^2,x1^3,x1*x2; wrapper_overhead_unoptimized=1",1.0,1.0,7,3,1.0,120,0,0,1,1;x3^2;I(x3>1)*x3^2;x1^3;x1*x2,S,balanced,100,100;100;100;100;100;100;100;100,858425.625,1;x3^2;I(x3>1)*x3^2;x1^3;x1*x2,1;x3^2;I(x3>1)*x3^2;x1^3;x1*x2,I(x3>1)*x3^2,1.0,1.0,0.0,,0,,,,,0.0
cubic_cross,exception,0.2,100,8,20102,rcsa-spent-diagnostic,0.0,0.75,0.75,0.002013147462835294,1.2696482951055443,0.0,0.0,0.0,frozen-v6-anchor,1.357927096923368,2.0535870003082892,5.804940044999967,7162954,x1*x2;x1^3;x3;x3^2,-0.06209 + 0.6309·x₃ + 0.9176·x₃² + 0.7961·x₁³ + 1.135·x₁x₂,"RCSA spent-seed diagnostic; anchor=1,x3,x3^2,x1^3,x1*x2; exception=I(x3>1)*x3^2; in_bank=1; in_anchor=0; attempted=1; eligible=client-8; anchor_role_ic=2.344418141019497; augmented_role_ic=2.8869810633834225; outside_anchor_sse=132.14744662617983; outside_augmented_sse=119.08337602412733; accepted=0; final=1,x3,x3^2,x1^3,x1*x2; wrapper_overhead_unoptimized=1",1.0,1.0,8,4,1.0,219,0,0,0,1;x3;x3^2;x1^3;x1*x2,S,balanced,100,100;100;100;100;100;100;100;100,895369.25,1;x3;x3^2;x1^3;x1*x2,1;x3;x3^2;x1^3;x1*x2,I(x3>1)*x3^2,1.0,0.0,1.0,client-8,15,2.344418141019497,2.8869810633834225,132.14744662617983,119.08337602412733,0.0
cubic_cross,exception,0.2,100,8,20103,rcsa-spent-diagnostic,1.0,1.0,1.0,0.00026695984242439895,1.0978992692405227,0.0,1.0,0.0,frozen-v6-anchor,0.9813460690820556,1.4738598560043519,5.6482117259999995,7061273,I(x3>1)*x3^2;x1*x2;x1^3;x3^2,0.01629 + 0.5215·x₃² + 0.657·𝟙[x₃>1]·x₃² + 0.7966·x₁³ + 1.211·x₁x₂,"RCSA spent-seed diagnostic; anchor=1,x3^2,I(x3>1)*x3^2,x1^3,x1*x2; exception=I(x3>1)*x3^2; in_bank=1; in_anchor=1; attempted=0; eligible=; anchor_role_ic=None; augmented_role_ic=None; outside_anchor_sse=None; outside_augmented_sse=None; accepted=0; final=1,x3^2,I(x3>1)*x3^2,x1^3,x1*x2; wrapper_overhead_unoptimized=1",1.0,1.0,7,3,1.0,120,0,0,1,1;x3^2;I(x3>1)*x3^2;x1^3;x1*x2,S,balanced,100,100;100;100;100;100;100;100;100,882659.125,1;x3^2;I(x3>1)*x3^2;x1^3;x1*x2,1;x3^2;I(x3>1)*x3^2;x1^3;x1*x2,I(x3>1)*x3^2,1.0,1.0,0.0,,0,,,,,0.0
cubic_cross,exception,0.2,100,8,20104,rcsa-spent-diagnostic,1.0,1.0,1.0,5.493807790108278e-05,0.9072346305363734,0.0,1.0,0.0,frozen-v6-anchor,0.7876104912100933,1.1741129124310532,5.803213006000078,7132156,I(x3>1)*x3^2;x1*x2;x1^3;x3^2,-0.04075 + 0.5218·x₃² + 0.7631·𝟙[x₃>1]·x₃² + 0.8026·x₁³ + 1.206·x₁x₂,"RCSA spent-seed diagnostic; anchor=1,x3^2,I(x3>1)*x3^2,x1^3,x1*x2; exception=I(x3>1)*x3^2; in_bank=1; in_anchor=1; attempted=0; eligible=; anchor_role_ic=None; augmented_role_ic=None; outside_anchor_sse=None; outside_augmented_sse=None; accepted=0; final=1,x3^2,I(x3>1)*x3^2,x1^3,x1*x2; wrapper_overhead_unoptimized=1",1.0,1.0,8,4,0.0,219,0,1,1,1;x3^2;I(x3>1)*x3^2;x1^3;x1*x2,S,balanced,100,100;100;100;100;100;100;100;100,891519.5,1;x3^2;I(x3>1)*x3^2;x1^3;x1*x2,1;x3^2;I(x3>1)*x3^2;x1^3;x1*x2,I(x3>1)*x3^2,1.0,1.0,0.0,,0,,,,,0.0
cubic_cross,exception,0.2,100,8,20105,rcsa-spent-diagnostic,0.0,0.75,0.75,0.0018907370753379613,1.1832289126868838,0.0,0.0,0.0,frozen-v6-anchor,0.9401220080295533,1.3147208294385584,5.712691025999902,7097556,x1*x2;x1^3;x3;x3^2,-0.00708 + 0.6196·x₃ + 0.8302·x₃² + 0.7936·x₁³ + 1.232·x₁x₂,"RCSA spent-seed diagnostic; anchor=1,x3,x3^2,x1^3,x1*x2; exception=I(x3>1)*x3^2; in_bank=1; in_anchor=0; attempted=1; eligible=client-8; anchor_role_ic=1.697371817036832; augmented_role_ic=2.264551765720681; outside_anchor_sse=96.68607638352924; outside_augmented_sse=87.4355557429882; accepted=0; final=1,x3,x3^2,x1^3,x1*x2; wrapper_overhead_unoptimized=1",1.0,1.0,8,4,1.0,219,0,0,0,1;x3;x3^2;x1^3;x1*x2,S,balanced,100,100;100;100;100;100;100;100;100,887194.5,1;x3;x3^2;x1^3;x1*x2,1;x3;x3^2;x1^3;x1*x2,I(x3>1)*x3^2,1.0,0.0,1.0,client-8,15,1.697371817036832,2.264551765720681,96.68607638352924,87.4355557429882,0.0
cubic_cross,exception,0.2,100,8,20101,rcsa-spent-diagnostic,0.0,0.75,0.75,0.001827239991353243,1.1083481761734912,0.0,1.0,0.0,frozen-v6-anchor,1.2102884163226255,1.626546356129759,5.332149918999903,6873291,I(x3>1)*x3^2;x1*x2;x1^3;x3,0.2383 - 0.6911·x₃ + 1.518·𝟙[x₃>1]·x₃² + 0.8019·x₁³ + 1.197·x₁x₂,"RCSA spent-seed diagnostic; anchor=1,x3,I(x3>1)*x3^2,x1^3,x1*x2; exception=I(x3>1)*x3^2; in_bank=1; in_anchor=1; attempted=0; eligible=; anchor_role_ic=None; augmented_role_ic=None; outside_anchor_sse=None; outside_augmented_sse=None; accepted=0; final=1,x3,I(x3>1)*x3^2,x1^3,x1*x2; wrapper_overhead_unoptimized=1",0.75,0.0,7,4,0.0,120,0,1,1,1;x3;I(x3>1)*x3^2;x1^3;x1*x2,S,imbalanced,100,80;94;110;128;150;71;71;71,859161.375,1;x3;I(x3>1)*x3^2;x1^3;x1*x2,1;x3;I(x3>1)*x3^2;x1^3;x1*x2,I(x3>1)*x3^2,1.0,1.0,0.0,,0,,,,,0.0
cubic_cross,exception,0.2,100,8,20102,rcsa-spent-diagnostic,1.0,1.0,1.0,5.793539675552535e-05,0.8582325302541414,0.0,1.0,0.0,frozen-v6-anchor,0.7387935878632211,1.3711894058925054,5.525403224999991,7005094,I(x3>1)*x3^2;x1*x2;x1^3;x3^2,0.03809 + 0.5002·x₃² + 0.77·𝟙[x₃>1]·x₃² + 0.8021·x₁³ + 1.2·x₁x₂,"RCSA spent-seed diagnostic; anchor=1,x3^2,I(x3>1)*x3^2,x1^3,x1*x2; exception=I(x3>1)*x3^2; in_bank=1; in_anchor=1; attempted=0; eligible=; anchor_role_ic=None; augmented_role_ic=None; outside_anchor_sse=None; outside_augmented_sse=None; accepted=0; final=1,x3^2,I(x3>1)*x3^2,x1^3,x1*x2; wrapper_overhead_unoptimized=1",1.0,1.0,7,3,1.0,120,0,0,1,1;x3^2;I(x3>1)*x3^2;x1^3;x1*x2,S,imbalanced,100,71;80;94;110;128;150;71;71,875636.75,1;x3^2;I(x3>1)*x3^2;x1^3;x1*x2,1;x3^2;I(x3>1)*x3^2;x1^3;x1*x2,I(x3>1)*x3^2,1.0,1.0,0.0,,0,,,,,0.0
cubic_cross,exception,0.2,100,8,20103,rcsa-spent-diagnostic,1.0,1.0,1.0,0.00022918282981714363,1.3245508284246017,0.0,1.0,0.0,frozen-v6-anchor,1.3470780745877258,2.478548988815338,5.1760443820001,6816419,I(x3>1)*x3^2;x1*x2;x1^3;x3^2,-0.002001 + 0.5271·x₃² + 0.7743·𝟙[x₃>1]·x₃² + 0.8046·x₁³ + 1.179·x₁x₂,"RCSA spent-seed diagnostic; anchor=1,x3^2,I(x3>1)*x3^2,x1^3,x1*x2; exception=I(x3>1)*x3^2; in_bank=1; in_anchor=1; attempted=0; eligible=; anchor_role_ic=None; augmented_role_ic=None; outside_anchor_sse=None; outside_augmented_sse=None; accepted=0; final=1,x3^2,I(x3>1)*x3^2,x1^3,x1*x2; wrapper_overhead_unoptimized=1",1.0,1.0,7,3,1.0,120,0,0,1,1;x3^2;I(x3>1)*x3^2;x1^3;x1*x2,S,imbalanced,100,71;71;80;94;110;128;150;71,852052.375,1;x3^2;I(x3>1)*x3^2;x1^3;x1*x2,1;x3^2;I(x3>1)*x3^2;x1^3;x1*x2,I(x3>1)*x3^2,1.0,1.0,0.0,,0,,,,,0.0
cubic_cross,exception,0.2,100,8,20104,rcsa-spent-diagnostic,1.0,1.0,1.0,0.00016982751527234825,1.5684002140189777,0.0,1.0,0.0,frozen-v6-anchor,1.7553047180116206,2.8467984051738653,4.974565409999968,6682400,I(x3>1)*x3^2;x1*x2;x1^3;x3^2,0.02684 + 0.4954·x₃² + 0.6998·𝟙[x₃>1]·x₃² + 0.8052·x₁³ + 1.214·x₁x₂,"RCSA spent-seed diagnostic; anchor=1,x3^2,I(x3>1)*x3^2,x1^3,x1*x2; exception=I(x3>1)*x3^2; in_bank=1; in_anchor=1; attempted=0; eligible=; anchor_role_ic=None; augmented_role_ic=None; outside_anchor_sse=None; outside_augmented_sse=None; accepted=0; final=1,x3^2,I(x3>1)*x3^2,x1^3,x1*x2; wrapper_overhead_unoptimized=1",1.0,1.0,7,3,1.0,120,0,0,1,1;x3^2;I(x3>1)*x3^2;x1^3;x1*x2,S,imbalanced,100,71;71;71;80;94;110;128;150,835300.0,1;x3^2;I(x3>1)*x3^2;x1^3;x1*x2,1;x3^2;I(x3>1)*x3^2;x1^3;x1*x2,I(x3>1)*x3^2,1.0,1.0,0.0,,0,,,,,0.0
cubic_cross,exception,0.2,100,8,20105,rcsa-spent-diagnostic,0.0,0.6,0.75,0.004211923430752225,1.2227616346882109,0.0,1.0,0.0,frozen-v6-anchor,1.3118045803867213,1.8607252222774222,5.8776399930000025,7179829,I(x3>1)*x3^2;sin(x1);x1;x1*x2;x3^2,-0.0223 + 6.65·x₁ + 0.5375·x₃² - 7.094·sin(x₁) + 0.7487·𝟙[x₃>1]·x₃² + 1.192·x₁x₂,"RCSA spent-seed diagnostic; anchor=1,x1,x3^2,sin(x1),I(x3>1)*x3^2,x1*x2; exception=I(x3>1)*x3^2; in_bank=1; in_anchor=1; attempted=0; eligible=; anchor_role_ic=None; augmented_role_ic=None; outside_anchor_sse=None; outside_augmented_sse=None; accepted=0; final=1,x1,x3^2,sin(x1),I(x3>1)*x3^2,x1*x2; wrapper_overhead_unoptimized=1",1.0,1.0,7,3,0.0,120,0,1,1,1;x1;x3^2;sin(x1);I(x3>1)*x3^2;x1*x2,S,imbalanced,100,150;71;71;71;80;94;110;128,897478.625,1;x1;x3^2;sin(x1);I(x3>1)*x3^2;x1*x2,1;x1;x3^2;sin(x1);I(x3>1)*x3^2;x1*x2,I(x3>1)*x3^2,1.0,1.0,0.0,,0,,,,,0.0
cubic_cross,exception,0.2,100,16,20101,rcsa-spent-diagnostic,1.0,1.0,1.0,2.6432075152366867e-05,0.9417503976601214,0.0,1.0,0.0,frozen-v6-anchor,1.0914965584466192,1.8346343925258073,10.963603059000206,14006094,I(x3>1)*x3^2;x1*x2;x1^3;x3^2,-0.02947 + 0.5218·x₃² + 0.7298·𝟙[x₃>1]·x₃² + 0.8028·x₁³ + 1.204·x₁x₂,"RCSA spent-seed diagnostic; anchor=1,x3^2,I(x3>1)*x3^2,x1^3,x1*x2; exception=I(x3>1)*x3^2; in_bank=1; in_anchor=1; attempted=0; eligible=; anchor_role_ic=None; augmented_role_ic=None; outside_anchor_sse=None; outside_augmented_sse=None; accepted=0; final=1,x3^2,I(x3>1)*x3^2,x1^3,x1*x2; wrapper_overhead_unoptimized=1",1.0,1.0,8,4,1.0,219,0,0,1,1;x3^2;I(x3>1)*x3^2;x1^3;x1*x2,S,balanced,100,100;100;100;100;100;100;100;100;100;100;100;100;100;100;100;100,875380.875,1;x3^2;I(x3>1)*x3^2;x1^3;x1*x2,1;x3^2;I(x3>1)*x3^2;x1^3;x1*x2,I(x3>1)*x3^2,1.0,1.0,0.0,,0,,,,,0.0
cubic_cross,exception,0.2,100,16,20102,rcsa-spent-diagnostic,1.0,1.0,1.0,0.00015032735055773376,1.0088696925281633,0.0,1.0,0.0,frozen-v6-anchor,1.018138595806946,1.4591244738356566,11.509595461000117,14267046,I(x3>1)*x3^2;x1*x2;x1^3;x3^2,-0.02064 + 0.4995·x₃² + 0.7448·𝟙[x₃>1]·x₃² + 0.7946·x₁³ + 1.17·x₁x₂,"RCSA spent-seed diagnostic; anchor=1,x3^2,I(x3>1)*x3^2,x1^3,x1*x2; exception=I(x3>1)*x3^2; in_bank=1; in_anchor=1; attempted=0; eligible=; anchor_role_ic=None; augmented_role_ic=None; outside_anchor_sse=None; outside_augmented_sse=None; accepted=0; final=1,x3^2,I(x3>1)*x3^2,x1^3,x1*x2; wrapper_overhead_unoptimized=1",1.0,1.0,9,5,0.0,382,0,1,1,1;x3^2;I(x3>1)*x3^2;x1^3;x1*x2,S,balanced,100,100;100;100;100;100;100;100;100;100;100;100;100;100;100;100;100,891690.375,1;x3^2;I(x3>1)*x3^2;x1^3;x1*x2,1;x3^2;I(x3>1)*x3^2;x1^3;x1*x2,I(x3>1)*x3^2,1.0,1.0,0.0,,0,,,,,0.0
cubic_cross,exception,0.2,100,16,20103,rcsa-spent-diagnostic,1.0,1.0,1.0,7.377037546156079e-05,0.9841394333559884,0.0,1.0,0.0,frozen-v6-anchor,0.8816423396940718,1.3490080090960248,10.506577760000027,13739755,I(x3>1)*x3^2;x1*x2;x1^3;x3^2,-0.06216 + 0.5054·x₃² + 0.7446·𝟙[x₃>1]·x₃² + 0.8021·x₁³ + 1.216·x₁x₂,"RCSA spent-seed diagnostic; anchor=1,x3^2,I(x3>1)*x3^2,x1^3,x1*x2; exception=I(x3>1)*x3^2; in_bank=1; in_anchor=1; attempted=0; eligible=; anchor_role_ic=None; augmented_role_ic=None; outside_anchor_sse=None; outside_augmented_sse=None; accepted=0; final=1,x3^2,I(x3>1)*x3^2,x1^3,x1*x2; wrapper_overhead_unoptimized=1",1.0,1.0,7,3,1.0,120,0,0,1,1;x3^2;I(x3>1)*x3^2;x1^3;x1*x2,S,balanced,100,100;100;100;100;100;100;100;100;100;100;100;100;100;100;100;100,858734.6875,1;x3^2;I(x3>1)*x3^2;x1^3;x1*x2,1;x3^2;I(x3>1)*x3^2;x1^3;x1*x2,I(x3>1)*x3^2,1.0,1.0,0.0,,0,,,,,0.0
cubic_cross,exception,0.2,100,16,20104,rcsa-spent-diagnostic,0.0,0.75,0.75,0.00196947495107045,1.0233007945210193,0.0,0.0,0.0,frozen-v6-anchor,0.9308969353049854,1.5512063481016678,11.026374689000022,14088830,x1*x2;x1^3;x3;x3^2,-0.01388 + 0.5754·x₃ + 0.8275·x₃² + 0.8008·x₁³ + 1.213·x₁x₂,"RCSA spent-seed diagnostic; anchor=1,x3,x3^2,x1^3,x1*x2; exception=I(x3>1)*x3^2; in_bank=1; in_anchor=0; attempted=1; eligible=client-16; anchor_role_ic=1.5301820559523795; augmented_role_ic=2.706751196875931; outside_anchor_sse=209.76986900489698; outside_augmented_sse=188.48784153846674; accepted=0; final=1,x3,x3^2,x1^3,x1*x2; wrapper_overhead_unoptimized=1",1.0,1.0,8,4,1.0,219,0,0,0,1;x3;x3^2;x1^3;x1*x2,S,balanced,100,100;100;100;100;100;100;100;100;100;100;100;100;100;100;100;100,880551.875,1;x3;x3^2;x1^3;x1*x2,1;x3;x3^2;x1^3;x1*x2,I(x3>1)*x3^2,1.0,0.0,1.0,client-16,15,1.5301820559523795,2.706751196875931,209.76986900489698,188.48784153846674,0.0
cubic_cross,exception,0.2,100,16,20105,rcsa-spent-diagnostic,1.0,1.0,1.0,6.778020137820677e-05,0.9166013453636165,0.0,1.0,0.0,frozen-v6-anchor,0.9123679172419428,1.4259528498441152,10.048743887,13499631,I(x3>1)*x3^2;x1*x2;x1^3;x3^2,0.09168 + 0.4731·x₃² + 0.7714·𝟙[x₃>1]·x₃² + 0.7972·x₁³ + 1.196·x₁x₂,"RCSA spent-seed diagnostic; anchor=1,x3^2,I(x3>1)*x3^2,x1^3,x1*x2; exception=I(x3>1)*x3^2; in_bank=1; in_anchor=1; attempted=0; eligible=; anchor_role_ic=None; augmented_role_ic=None; outside_anchor_sse=None; outside_augmented_sse=None; accepted=0; final=1,x3^2,I(x3>1)*x3^2,x1^3,x1*x2; wrapper_overhead_unoptimized=1",1.0,1.0,7,3,1.0,120,0,0,1,1;x3^2;I(x3>1)*x3^2;x1^3;x1*x2,S,balanced,100,100;100;100;100;100;100;100;100;100;100;100;100;100;100;100;100,843726.9375,1;x3^2;I(x3>1)*x3^2;x1^3;x1*x2,1;x3^2;I(x3>1)*x3^2;x1^3;x1*x2,I(x3>1)*x3^2,1.0,1.0,0.0,,0,,,,,0.0
cubic_cross,exception,0.2,100,16,20101,rcsa-spent-diagnostic,1.0,1.0,1.0,1.3021856856684255e-05,0.830844010928395,0.0,1.0,0.0,frozen-v6-anchor,0.7903409360204634,1.2508940470316245,10.7132049679999,13869530,I(x3>1)*x3^2;x1*x2;x1^3;x3^2,0.001839 + 0.4902·x₃² + 0.7574·𝟙[x₃>1]·x₃² + 0.7983·x₁³ + 1.193·x₁x₂,"RCSA spent-seed diagnostic; anchor=1,x3^2,I(x3>1)*x3^2,x1^3,x1*x2; exception=I(x3>1)*x3^2; in_bank=1; in_anchor=1; attempted=0; eligible=; anchor_role_ic=None; augmented_role_ic=None; outside_anchor_sse=None; outside_augmented_sse=None; accepted=0; final=1,x3^2,I(x3>1)*x3^2,x1^3,x1*x2; wrapper_overhead_unoptimized=1",1.0,1.0,7,3,0.0,120,0,1,1,1;x3^2;I(x3>1)*x3^2;x1^3;x1*x2,S,imbalanced,100,112;120;130;139;150;71;71;71;71;71;72;78;83;90;97;104,866845.625,1;x3^2;I(x3>1)*x3^2;x1^3;x1*x2,1;x3^2;I(x3>1)*x3^2;x1^3;x1*x2,I(x3>1)*x3^2,1.0,1.0,0.0,,0,,,,,0.0
cubic_cross,exception,0.2,100,16,20102,rcsa-spent-diagnostic,1.0,1.0,1.0,4.602513145224086e-05,0.9311024267890006,0.0,1.0,0.0,frozen-v6-anchor,0.9816399823023975,1.6583466412714405,10.576762281000128,13759935,I(x3>1)*x3^2;x1*x2;x1^3;x3^2,-0.03735 + 0.5045·x₃² + 0.7739·𝟙[x₃>1]·x₃² + 0.8041·x₁³ + 1.197·x₁x₂,"RCSA spent-seed diagnostic; anchor=1,x3^2,I(x3>1)*x3^2,x1^3,x1*x2; exception=I(x3>1)*x3^2; in_bank=1; in_anchor=1; attempted=0; eligible=; anchor_role_ic=None; augmented_role_ic=None; outside_anchor_sse=None; outside_augmented_sse=None; accepted=0; final=1,x3^2,I(x3>1)*x3^2,x1^3,x1*x2; wrapper_overhead_unoptimized=1",1.0,1.0,8,4,1.0,219,0,0,1,1;x3^2;I(x3>1)*x3^2;x1^3;x1*x2,S,imbalanced,100,104;112;120;130;139;150;71;71;71;71;71;72;78;83;90;97,859995.9375,1;x3^2;I(x3>1)*x3^2;x1^3;x1*x2,1;x3^2;I(x3>1)*x3^2;x1^3;x1*x2,I(x3>1)*x3^2,1.0,1.0,0.0,,0,,,,,0.0
cubic_cross,exception,0.2,100,16,20103,rcsa-spent-diagnostic,1.0,1.0,1.0,3.6036182829179996e-05,0.7609512543533358,0.0,1.0,0.0,frozen-v6-anchor,0.7765730348416744,1.2506026222449955,11.434702679000111,14258258,I(x3>1)*x3^2;x1*x2;x1^3;x3^2,-0.03724 + 0.4971·x₃² + 0.7495·𝟙[x₃>1]·x₃² + 0.7967·x₁³ + 1.198·x₁x₂,"RCSA spent-seed diagnostic; anchor=1,x3^2,I(x3>1)*x3^2,x1^3,x1*x2; exception=I(x3>1)*x3^2; in_bank=1; in_anchor=1; attempted=0; eligible=; anchor_role_ic=None; augmented_role_ic=None; outside_anchor_sse=None; outside_augmented_sse=None; accepted=0; final=1,x3^2,I(x3>1)*x3^2,x1^3,x1*x2; wrapper_overhead_unoptimized=1",1.0,1.0,8,4,1.0,219,0,0,1,1;x3^2;I(x3>1)*x3^2;x1^3;x1*x2,S,imbalanced,100,97;104;112;120;130;139;150;71;71;71;71;71;72;78;83;90,891141.125,1;x3^2;I(x3>1)*x3^2;x1^3;x1*x2,1;x3^2;I(x3>1)*x3^2;x1^3;x1*x2,I(x3>1)*x3^2,1.0,1.0,0.0,,0,,,,,0.0
cubic_cross,exception,0.2,100,16,20104,rcsa-spent-diagnostic,1.0,1.0,1.0,5.132105130942398e-05,0.86988214474035,0.0,1.0,0.0,frozen-v6-anchor,0.9075001924607831,1.9596390429735053,11.01970189199983,13987416,I(x3>1)*x3^2;x1*x2;x1^3;x3^2,0.08076 + 0.4666·x₃² + 0.7527·𝟙[x₃>1]·x₃² + 0.8012·x₁³ + 1.194·x₁x₂,"RCSA spent-seed diagnostic; anchor=1,x3^2,I(x3>1)*x3^2,x1^3,x1*x2; exception=I(x3>1)*x3^2; in_bank=1; in_anchor=1; attempted=0; eligible=; anchor_role_ic=None; augmented_role_ic=None; outside_anchor_sse=None; outside_augmented_sse=None; accepted=0; final=1,x3^2,I(x3>1)*x3^2,x1^3,x1*x2; wrapper_overhead_unoptimized=1",1.0,1.0,7,3,1.0,120,0,0,1,1;x3^2;I(x3>1)*x3^2;x1^3;x1*x2,S,imbalanced,100,90;97;104;112;120;130;139;150;71;71;71;71;71;72;78;83,874213.5,1;x3^2;I(x3>1)*x3^2;x1^3;x1*x2,1;x3^2;I(x3>1)*x3^2;x1^3;x1*x2,I(x3>1)*x3^2,1.0,1.0,0.0,,0,,,,,0.0
cubic_cross,exception,0.2,100,16,20105,rcsa-spent-diagnostic,0.0,0.75,0.75,0.0031156610114279316,0.8779235638544048,0.0,0.0,0.0,frozen-v6-anchor,0.9732735972938629,1.496784019555517,10.204229432000147,13601045,x1*x2;x1^3;x3;x3^2,0.01929 + 0.5088·x₃ + 0.7905·x₃² + 0.8182·x₁³ + 1.199·x₁x₂,"RCSA spent-seed diagnostic; anchor=1,x3,x3^2,x1^3,x1*x2; exception=I(x3>1)*x3^2; in_bank=1; in_anchor=0; attempted=1; eligible=client-16; anchor_role_ic=2.3652331336225196; augmented_role_ic=3.0999100428530726; outside_anchor_sse=200.57538798142073; outside_augmented_sse=187.48064245544825; accepted=0; final=1,x3,x3^2,x1^3,x1*x2; wrapper_overhead_unoptimized=1",1.0,1.0,8,4,0.0,219,1,1,0,1;x3;x3^2;x1^3;x1*x2,S,imbalanced,100,83;90;97;104;112;120;130;139;150;71;71;71;71;71;72;78,850065.3125,1;x3;x3^2;x1^3;x1*x2,1;x3;x3^2;x1^3;x1*x2,I(x3>1)*x3^2,1.0,0.0,1.0,client-16,11,2.3652331336225196,3.0999100428530726,200.57538798142073,187.48064245544825,0.0
multi_quadratic,complementary,0.2,100,4,20101,rcsa-spent-diagnostic,1.0,1.0,1.0,0.0005342733382170162,0.20783311183847203,0.0,1.0,0.0,frozen-v6-anchor,0.16608440690856174,0.21839796456054045,2.0090600610001275,3017578,x1^2;x2^2;x3^2,0.04244 + 0.5789·x₁² + 0.5054·x₂² + 0.8077·x₃²,"RCSA spent-seed diagnostic; anchor=1,x1^2,x2^2,x3^2; exception=; in_bank=0; in_anchor=0; attempted=0; eligible=; anchor_role_ic=None; augmented_role_ic=None; outside_anchor_sse=None; outside_augmented_sse=None; accepted=0; final=1,x1^2,x2^2,x3^2; wrapper_overhead_unoptimized=1",1.0,1.0,5,2,1.0,32,0,0,0,1;x1^2;x2^2;x3^2,S,balanced,100,100;100;100;100,754394.5,1;x1^2;x2^2;x3^2,1;x1^2;x2^2;x3^2,,0.0,0.0,0.0,,0,,,,,0.0
multi_quadratic,complementary,0.2,100,4,20102,rcsa-spent-diagnostic,1.0,1.0,1.0,0.0002325438001701199,0.1839033870193648,0.0,1.0,0.0,frozen-v6-anchor,0.19952032420972945,0.24196867154853027,1.9697095340000033,2993526,x1^2;x2^2;x3^2,-0.002227 + 0.5954·x₁² + 0.4973·x₂² + 0.7949·x₃²,"RCSA spent-seed diagnostic; anchor=1,x1^2,x2^2,x3^2; exception=; in_bank=0; in_anchor=0; attempted=0; eligible=; anchor_role_ic=None; augmented_role_ic=None; outside_anchor_sse=None; outside_augmented_sse=None; accepted=0; final=1,x1^2,x2^2,x3^2; wrapper_overhead_unoptimized=1",1.0,1.0,6,3,1.0,63,0,0,0,1;x1^2;x2^2;x3^2,S,balanced,100,100;100;100;100,748381.5,1;x1^2;x2^2;x3^2,1;x1^2;x2^2;x3^2,,0.0,0.0,0.0,,0,,,,,0.0
multi_quadratic,complementary,0.2,100,4,20103,rcsa-spent-diagnostic,1.0,1.0,1.0,0.00010502562053242714,0.21808509012354071,0.0,1.0,0.0,frozen-v6-anchor,0.22865008123587482,0.3114517801975126,1.9973012559999006,3020675,x1^2;x2^2;x3^2,-0.02524 + 0.6009·x₁² + 0.5·x₂² + 0.814·x₃²,"RCSA spent-seed diagnostic; anchor=1,x1^2,x2^2,x3^2; exception=; in_bank=0; in_anchor=0; attempted=0; eligible=; anchor_role_ic=None; augmented_role_ic=None; outside_anchor_sse=None; outside_augmented_sse=None; accepted=0; final=1,x1^2,x2^2,x3^2; wrapper_overhead_unoptimized=1",1.0,1.0,6,3,1.0,63,0,0,0,1;x1^2;x2^2;x3^2,S,balanced,100,100;100;100;100,755168.75,1;x1^2;x2^2;x3^2,1;x1^2;x2^2;x3^2,,0.0,0.0,0.0,,0,,,,,0.0
multi_quadratic,complementary,0.2,100,4,20104,rcsa-spent-diagnostic,1.0,1.0,1.0,0.00026861537056955105,0.19763579853378344,0.0,1.0,0.0,frozen-v6-anchor,0.24452920995337687,0.31734733878777777,1.9587038729998767,2988465,x1^2;x2^2;x3^2,-0.05899 + 0.5974·x₁² + 0.5082·x₂² + 0.8025·x₃²,"RCSA spent-seed diagnostic; anchor=1,x1^2,x2^2,x3^2; exception=; in_bank=0; in_anchor=0; attempted=0; eligible=; anchor_role_ic=None; augmented_role_ic=None; outside_anchor_sse=None; outside_augmented_sse=None; accepted=0; final=1,x1^2,x2^2,x3^2; wrapper_overhead_unoptimized=1",1.0,1.0,5,2,1.0,32,0,0,0,1;x1^2;x2^2;x3^2,S,balanced,100,100;100;100;100,747116.25,1;x1^2;x2^2;x3^2,1;x1^2;x2^2;x3^2,,0.0,0.0,0.0,,0,,,,,0.0
multi_quadratic,complementary,0.2,100,4,20105,rcsa-spent-diagnostic,1.0,1.0,1.0,0.00018236424504571727,0.20553539837666024,0.0,1.0,0.0,frozen-v6-anchor,0.14790430225082501,0.21679363576911329,2.0132948850000503,3025578,x1^2;x2^2;x3^2,-0.05207 + 0.6112·x₁² + 0.4982·x₂² + 0.8093·x₃²,"RCSA spent-seed diagnostic; anchor=1,x1^2,x2^2,x3^2; exception=; in_bank=0; in_anchor=0; attempted=0; eligible=; anchor_role_ic=None; augmented_role_ic=None; outside_anchor_sse=None; outside_augmented_sse=None; accepted=0; final=1,x1^2,x2^2,x3^2; wrapper_overhead_unoptimized=1",1.0,1.0,7,4,1.0,120,0,0,0,1;x1^2;x2^2;x3^2,S,balanced,100,100;100;100;100,756394.5,1;x1^2;x2^2;x3^2,1;x1^2;x2^2;x3^2,,0.0,0.0,0.0,,0,,,,,0.0
multi_quadratic,complementary,0.2,100,4,20101,rcsa-spent-diagnostic,1.0,1.0,1.0,0.0001924287087995796,0.19846048993197574,0.0,1.0,0.0,frozen-v6-anchor,0.19093757605342532,0.2430837248918768,1.9953799200000049,3000706,x1^2;x2^2;x3^2,0.01891 + 0.6009·x₁² + 0.5068·x₂² + 0.792·x₃²,"RCSA spent-seed diagnostic; anchor=1,x1^2,x2^2,x3^2; exception=; in_bank=0; in_anchor=0; attempted=0; eligible=; anchor_role_ic=None; augmented_role_ic=None; outside_anchor_sse=None; outside_augmented_sse=None; accepted=0; final=1,x1^2,x2^2,x3^2; wrapper_overhead_unoptimized=1",1.0,1.0,8,5,1.0,219,0,0,0,1;x1^2;x2^2;x3^2,S,imbalanced,100,150;71;72;104,750176.5,1;x1^2;x2^2;x3^2,1;x1^2;x2^2;x3^2,,0.0,0.0,0.0,,0,,,,,0.0
multi_quadratic,complementary,0.2,100,4,20102,rcsa-spent-diagnostic,1.0,1.0,1.0,0.00042692459037230277,0.16739614879141962,0.0,1.0,0.0,frozen-v6-anchor,0.172541629128597,0.21138541236533373,1.9926361349998842,3023027,x1^2;x2^2;x3^2,-0.04006 + 0.5972·x₁² + 0.5167·x₂² + 0.791·x₃²,"RCSA spent-seed diagnostic; anchor=1,x1^2,x2^2,x3^2; exception=; in_bank=0; in_anchor=0; attempted=0; eligible=; anchor_role_ic=None; augmented_role_ic=None; outside_anchor_sse=None; outside_augmented_sse=None; accepted=0; final=1,x1^2,x2^2,x3^2; wrapper_overhead_unoptimized=1",1.0,1.0,6,3,1.0,63,0,0,0,1;x1^2;x2^2;x3^2,S,imbalanced,100,104;150;71;72,755756.75,1;x1^2;x2^2;x3^2,1;x1^2;x2^2;x3^2,,0.0,0.0,0.0,,0,,,,,0.0
multi_quadratic,complementary,0.2,100,4,20103,rcsa-spent-diagnostic,1.0,1.0,1.0,0.0008400828077782013,0.18506780070097487,0.0,1.0,0.0,frozen-v6-anchor,0.14079304649654378,0.19037984301244062,1.953983892999986,2991672,x1^2;x2^2;x3^2,0.0646 + 0.5917·x₁² + 0.4918·x₂² + 0.7721·x₃²,"RCSA spent-seed diagnostic; anchor=1,x1^2,x2^2,x3^2; exception=; in_bank=0; in_anchor=0; attempted=0; eligible=; anchor_role_ic=None; augmented_role_ic=None; outside_anchor_sse=None; outside_augmented_sse=None; accepted=0; final=1,x1^2,x2^2,x3^2; wrapper_overhead_unoptimized=1",1.0,1.0,5,2,1.0,32,0,0,0,1;x1^2;x2^2;x3^2,S,imbalanced,100,72;104;150;71,747918.0,1;x1^2;x2^2;x3^2,1;x1^2;x2^2;x3^2,,0.0,0.0,0.0,,0,,,,,0.0
multi_quadratic,complementary,0.2,100,4,20104,rcsa-spent-diagnostic,1.0,1.0,1.0,0.0008553336584771293,0.19404468461916038,0.0,1.0,0.0,frozen-v6-anchor,0.1681926107241767,0.1745454358520836,2.040207598000052,3052980,x1^2;x2^2;x3^2,-0.08953 + 0.6135·x₁² + 0.4909·x₂² + 0.8313·x₃²,"RCSA spent-seed diagnostic; anchor=1,x1^2,x2^2,x3^2; exception=; in_bank=0; in_anchor=0; attempted=0; eligible=; anchor_role_ic=None; augmented_role_ic=None; outside_anchor_sse=None; outside_augmented_sse=None; accepted=0; final=1,x1^2,x2^2,x3^2; wrapper_overhead_unoptimized=1",1.0,1.0,6,3,1.0,63,0,0,0,1;x1^2;x2^2;x3^2,S,imbalanced,100,71;72;104;150,763245.0,1;x1^2;x2^2;x3^2,1;x1^2;x2^2;x3^2,,0.0,0.0,0.0,,0,,,,,0.0
multi_quadratic,complementary,0.2,100,4,20105,rcsa-spent-diagnostic,1.0,1.0,1.0,0.0005940330993031548,0.20024315571158882,0.0,1.0,0.0,frozen-v6-anchor,0.22180832504467637,0.26902330730734486,1.9646427239999866,2993435,x1^2;x2^2;x3^2,-0.07436 + 0.6214·x₁² + 0.4996·x₂² + 0.8126·x₃²,"RCSA spent-seed diagnostic; anchor=1,x1^2,x2^2,x3^2; exception=; in_bank=0; in_anchor=0; attempted=0; eligible=; anchor_role_ic=None; augmented_role_ic=None; outside_anchor_sse=None; outside_augmented_sse=None; accepted=0; final=1,x1^2,x2^2,x3^2; wrapper_overhead_unoptimized=1",1.0,1.0,6,3,1.0,63,0,0,0,1;x1^2;x2^2;x3^2,S,imbalanced,100,150;71;72;104,748358.75,1;x1^2;x2^2;x3^2,1;x1^2;x2^2;x3^2,,0.0,0.0,0.0,,0,,,,,0.0
multi_quadratic,complementary,0.2,100,8,20101,rcsa-spent-diagnostic,1.0,1.0,1.0,0.0003013390218717477,0.15727393456557204,0.0,1.0,0.0,frozen-v6-anchor,0.16699598756334227,0.24337532143463061,3.852236316000017,5986068,x1^2;x2^2;x3^2,0.008719 + 0.6126·x₁² + 0.4929·x₂² + 0.7872·x₃²,"RCSA spent-seed diagnostic; anchor=1,x1^2,x2^2,x3^2; exception=; in_bank=0; in_anchor=0; attempted=0; eligible=; anchor_role_ic=None; augmented_role_ic=None; outside_anchor_sse=None; outside_augmented_sse=None; accepted=0; final=1,x1^2,x2^2,x3^2; wrapper_overhead_unoptimized=1",1.0,1.0,6,3,1.0,63,0,0,0,1;x1^2;x2^2;x3^2,S,balanced,100,100;100;100;100;100;100;100;100,748258.5,1;x1^2;x2^2;x3^2,1;x1^2;x2^2;x3^2,,0.0,0.0,0.0,,0,,,,,0.0
multi_quadratic,complementary,0.2,100,8,20102,rcsa-spent-diagnostic,1.0,1.0,1.0,0.00014074582036710612,0.16951582285348113,0.0,1.0,0.0,frozen-v6-anchor,0.17740028460873986,0.2609380105896359,3.933546329000137,6043857,x1^2;x2^2;x3^2,0.002664 + 0.5957·x₁² + 0.5028·x₂² + 0.8101·x₃²,"RCSA spent-seed diagnostic; anchor=1,x1^2,x2^2,x3^2; exception=; in_bank=0; in_anchor=0; attempted=0; eligible=; anchor_role_ic=None; augmented_role_ic=None; outside_anchor_sse=None; outside_augmented_sse=None; accepted=0; final=1,x1^2,x2^2,x3^2; wrapper_overhead_unoptimized=1",1.0,1.0,6,3,1.0,63,0,0,0,1;x1^2;x2^2;x3^2,S,balanced,100,100;100;100;100;100;100;100;100,755482.125,1;x1^2;x2^2;x3^2,1;x1^2;x2^2;x3^2,,0.0,0.0,0.0,,0,,,,,0.0
multi_quadratic,complementary,0.2,100,8,20103,rcsa-spent-diagnostic,1.0,1.0,1.0,0.00016919359236212004,0.16876329284769437,0.0,1.0,0.0,frozen-v6-anchor,0.15229686982485618,0.22093750482076757,3.8569402979999268,5978107,x1^2;x2^2;x3^2,0.009948 + 0.5918·x₁² + 0.5085·x₂² + 0.7953·x₃²,"RCSA spent-seed diagnostic; anchor=1,x1^2,x2^2,x3^2; exception=; in_bank=0; in_anchor=0; attempted=0; eligible=; anchor_role_ic=None; augmented_role_ic=None; outside_anchor_sse=None; outside_augmented_sse=None; accepted=0; final=1,x1^2,x2^2,x3^2; wrapper_overhead_unoptimized=1",1.0,1.0,5,2,1.0,32,0,0,0,1;x1^2;x2^2;x3^2,S,balanced,100,100;100;100;100;100;100;100;100,747263.375,1;x1^2;x2^2;x3^2,1;x1^2;x2^2;x3^2,,0.0,0.0,0.0,,0,,,,,0.0
multi_quadratic,complementary,0.2,100,8,20104,rcsa-spent-diagnostic,1.0,1.0,1.0,0.00039394503615748465,0.1428999762567504,0.0,1.0,0.0,frozen-v6-anchor,0.12367592250237003,0.19114466126492288,3.971164865999981,6052180,x1^2;x2^2;x3^2,-0.03204 + 0.5958·x₁² + 0.516·x₂² + 0.8042·x₃²,"RCSA spent-seed diagnostic; anchor=1,x1^2,x2^2,x3^2; exception=; in_bank=0; in_anchor=0; attempted=0; eligible=; anchor_role_ic=None; augmented_role_ic=None; outside_anchor_sse=None; outside_augmented_sse=None; accepted=0; final=1,x1^2,x2^2,x3^2; wrapper_overhead_unoptimized=1",1.0,1.0,7,4,1.0,120,0,0,0,1;x1^2;x2^2;x3^2,S,balanced,100,100;100;100;100;100;100;100;100,756522.5,1;x1^2;x2^2;x3^2,1;x1^2;x2^2;x3^2,,0.0,0.0,0.0,,0,,,,,0.0
multi_quadratic,complementary,0.2,100,8,20105,rcsa-spent-diagnostic,1.0,1.0,1.0,4.983809118615293e-05,0.14258491624872596,0.0,1.0,0.0,frozen-v6-anchor,0.11410656983564162,0.1358926049893398,3.8907132049998836,5986446,x1^2;x2^2;x3^2,0.01247 + 0.6028·x₁² + 0.4946·x₂² + 0.7973·x₃²,"RCSA spent-seed diagnostic; anchor=1,x1^2,x2^2,x3^2; exception=; in_bank=0; in_anchor=0; attempted=0; eligible=; anchor_role_ic=None; augmented_role_ic=None; outside_anchor_sse=None; outside_augmented_sse=None; accepted=0; final=1,x1^2,x2^2,x3^2; wrapper_overhead_unoptimized=1",1.0,1.0,6,3,1.0,63,0,0,0,1;x1^2;x2^2;x3^2,S,balanced,100,100;100;100;100;100;100;100;100,748305.75,1;x1^2;x2^2;x3^2,1;x1^2;x2^2;x3^2,,0.0,0.0,0.0,,0,,,,,0.0
multi_quadratic,complementary,0.2,100,8,20101,rcsa-spent-diagnostic,1.0,1.0,1.0,0.000932668609049788,0.14136933208471789,0.0,1.0,0.0,frozen-v6-anchor,0.15397583584012825,0.24153656205831858,3.8836736050000127,5991095,x1^2;x2^2;x3^2,0.06329 + 0.5995·x₁² + 0.501·x₂² + 0.7579·x₃²,"RCSA spent-seed diagnostic; anchor=1,x1^2,x2^2,x3^2; exception=; in_bank=0; in_anchor=0; attempted=0; eligible=; anchor_role_ic=None; augmented_role_ic=None; outside_anchor_sse=None; outside_augmented_sse=None; accepted=0; final=1,x1^2,x2^2,x3^2; wrapper_overhead_unoptimized=1",1.0,1.0,6,3,1.0,63,0,0,0,1;x1^2;x2^2;x3^2,S,imbalanced,100,80;94;110;128;150;71;71;71,748886.875,1;x1^2;x2^2;x3^2,1;x1^2;x2^2;x3^2,,0.0,0.0,0.0,,0,,,,,0.0
multi_quadratic,complementary,0.2,100,8,20102,rcsa-spent-diagnostic,1.0,1.0,1.0,0.00026114941261372825,0.1513128670133287,0.0,1.0,0.0,frozen-v6-anchor,0.12727820153684474,0.2227445937877434,3.8786236650000774,5989223,x1^2;x2^2;x3^2,0.01189 + 0.5928·x₁² + 0.4971·x₂² + 0.8172·x₃²,"RCSA spent-seed diagnostic; anchor=1,x1^2,x2^2,x3^2; exception=; in_bank=0; in_anchor=0; attempted=0; eligible=; anchor_role_ic=None; augmented_role_ic=None; outside_anchor_sse=None; outside_augmented_sse=None; accepted=0; final=1,x1^2,x2^2,x3^2; wrapper_overhead_unoptimized=1",1.0,1.0,6,3,1.0,63,0,0,0,1;x1^2;x2^2;x3^2,S,imbalanced,100,71;80;94;110;128;150;71;71,748652.875,1;x1^2;x2^2;x3^2,1;x1^2;x2^2;x3^2,,0.0,0.0,0.0,,0,,,,,0.0
multi_quadratic,complementary,0.2,100,8,20103,rcsa-spent-diagnostic,1.0,1.0,1.0,8.374895159317345e-05,0.16341085823894602,0.0,1.0,0.0,frozen-v6-anchor,0.1687377975404347,0.3109280956076331,3.857910287000095,5980000,x1^2;x2^2;x3^2,0.006881 + 0.5967·x₁² + 0.5042·x₂² + 0.8036·x₃²,"RCSA spent-seed diagnostic; anchor=1,x1^2,x2^2,x3^2; exception=; in_bank=0; in_anchor=0; attempted=0; eligible=; anchor_role_ic=None; augmented_role_ic=None; outside_anchor_sse=None; outside_augmented_sse=None; accepted=0; final=1,x1^2,x2^2,x3^2; wrapper_overhead_unoptimized=1",1.0,1.0,5,2,1.0,32,0,0,0,1;x1^2;x2^2;x3^2,S,imbalanced,100,71;71;80;94;110;128;150;71,747500.0,1;x1^2;x2^2;x3^2,1;x1^2;x2^2;x3^2,,0.0,0.0,0.0,,0,,,,,0.0
multi_quadratic,complementary,0.2,100,8,20104,rcsa-spent-diagnostic,1.0,1.0,1.0,0.00020345515468478406,0.17213651177297012,0.0,1.0,0.0,frozen-v6-anchor,0.18996280750306974,0.30936616596499816,3.8857337599999937,5992111,x1^2;x2^2;x3^2,-0.003012 + 0.6092·x₁² + 0.491·x₂² + 0.8032·x₃²,"RCSA spent-seed diagnostic; anchor=1,x1^2,x2^2,x3^2; exception=; in_bank=0; in_anchor=0; attempted=0; eligible=; anchor_role_ic=None; augmented_role_ic=None; outside_anchor_sse=None; outside_augmented_sse=None; accepted=0; final=1,x1^2,x2^2,x3^2; wrapper_overhead_unoptimized=1",1.0,1.0,7,4,1.0,120,0,0,0,1;x1^2;x2^2;x3^2,S,imbalanced,100,71;71;71;80;94;110;128;150,749013.875,1;x1^2;x2^2;x3^2,1;x1^2;x2^2;x3^2,,0.0,0.0,0.0,,0,,,,,0.0
multi_quadratic,complementary,0.2,100,8,20105,rcsa-spent-diagnostic,1.0,1.0,1.0,0.00025824435792747697,0.1460848121802298,0.0,1.0,0.0,frozen-v6-anchor,0.17678908713032648,0.2434193491876096,3.8499789810000493,5990751,x1^2;x2^2;x3^2,-0.02071 + 0.6065·x₁² + 0.499·x₂² + 0.8147·x₃²,"RCSA spent-seed diagnostic; anchor=1,x1^2,x2^2,x3^2; exception=; in_bank=0; in_anchor=0; attempted=0; eligible=; anchor_role_ic=None; augmented_role_ic=None; outside_anchor_sse=None; outside_augmented_sse=None; accepted=0; final=1,x1^2,x2^2,x3^2; wrapper_overhead_unoptimized=1",1.0,1.0,6,3,1.0,63,0,0,0,1;x1^2;x2^2;x3^2,S,imbalanced,100,150;71;71;71;80;94;110;128,748843.875,1;x1^2;x2^2;x3^2,1;x1^2;x2^2;x3^2,,0.0,0.0,0.0,,0,,,,,0.0
multi_quadratic,complementary,0.2,100,16,20101,rcsa-spent-diagnostic,1.0,1.0,1.0,0.00016762405633152742,0.14874657587787343,0.0,1.0,0.0,frozen-v6-anchor,0.17249331776006085,0.2875308822036914,7.683717204000004,11993774,x1^2;x2^2;x3^2,-0.03238 + 0.6051·x₁² + 0.5067·x₂² + 0.8075·x₃²,"RCSA spent-seed diagnostic; anchor=1,x1^2,x2^2,x3^2; exception=; in_bank=0; in_anchor=0; attempted=0; eligible=; anchor_role_ic=None; augmented_role_ic=None; outside_anchor_sse=None; outside_augmented_sse=None; accepted=0; final=1,x1^2,x2^2,x3^2; wrapper_overhead_unoptimized=1",1.0,1.0,7,4,1.0,120,0,0,0,1;x1^2;x2^2;x3^2,S,balanced,100,100;100;100;100;100;100;100;100;100;100;100;100;100;100;100;100,749610.875,1;x1^2;x2^2;x3^2,1;x1^2;x2^2;x3^2,,0.0,0.0,0.0,,0,,,,,0.0
multi_quadratic,complementary,0.2,100,16,20102,rcsa-spent-diagnostic,1.0,1.0,1.0,5.3362224636778005e-05,0.1638630882882327,0.0,1.0,0.0,frozen-v6-anchor,0.16638603215009623,0.23903345126736136,7.662622503999955,11992944,x1^2;x2^2;x3^2,-0.00844 + 0.5985·x₁² + 0.5018·x₂² + 0.7957·x₃²,"RCSA spent-seed diagnostic; anchor=1,x1^2,x2^2,x3^2; exception=; in_bank=0; in_anchor=0; attempted=0; eligible=; anchor_role_ic=None; augmented_role_ic=None; outside_anchor_sse=None; outside_augmented_sse=None; accepted=0; final=1,x1^2,x2^2,x3^2; wrapper_overhead_unoptimized=1",1.0,1.0,7,4,1.0,120,0,0,0,1;x1^2;x2^2;x3^2,S,balanced,100,100;100;100;100;100;100;100;100;100;100;100;100;100;100;100;100,749559.0,1;x1^2;x2^2;x3^2,1;x1^2;x2^2;x3^2,,0.0,0.0,0.0,,0,,,,,0.0
multi_quadratic,complementary,0.2,100,16,20103,rcsa-spent-diagnostic,1.0,1.0,1.0,0.00013204206037044586,0.14237639881436515,0.0,1.0,0.0,frozen-v6-anchor,0.1270503111143989,0.1957825933208407,7.657305810000025,11956931,x1^2;x2^2;x3^2,-0.04934 + 0.5994·x₁² + 0.5068·x₂² + 0.8123·x₃²,"RCSA spent-seed diagnostic; anchor=1,x1^2,x2^2,x3^2; exception=; in_bank=0; in_anchor=0; attempted=0; eligible=; anchor_role_ic=None; augmented_role_ic=None; outside_anchor_sse=None; outside_augmented_sse=None; accepted=0; final=1,x1^2,x2^2,x3^2; wrapper_overhead_unoptimized=1",1.0,1.0,5,2,1.0,32,0,0,0,1;x1^2;x2^2;x3^2,S,balanced,100,100;100;100;100;100;100;100;100;100;100;100;100;100;100;100;100,747308.1875,1;x1^2;x2^2;x3^2,1;x1^2;x2^2;x3^2,,0.0,0.0,0.0,,0,,,,,0.0
multi_quadratic,complementary,0.2,100,16,20104,rcsa-spent-diagnostic,1.0,1.0,1.0,1.3837967380284984e-05,0.147488145960222,0.0,1.0,0.0,frozen-v6-anchor,0.13684693419388977,0.1913825366699219,7.6608531020001465,11960828,x1^2;x2^2;x3^2,0.004558 + 0.6004·x₁² + 0.5018·x₂² + 0.7973·x₃²,"RCSA spent-seed diagnostic; anchor=1,x1^2,x2^2,x3^2; exception=; in_bank=0; in_anchor=0; attempted=0; eligible=; anchor_role_ic=None; augmented_role_ic=None; outside_anchor_sse=None; outside_augmented_sse=None; accepted=0; final=1,x1^2,x2^2,x3^2; wrapper_overhead_unoptimized=1",1.0,1.0,5,2,1.0,32,0,0,0,1;x1^2;x2^2;x3^2,S,balanced,100,100;100;100;100;100;100;100;100;100;100;100;100;100;100;100;100,747551.75,1;x1^2;x2^2;x3^2,1;x1^2;x2^2;x3^2,,0.0,0.0,0.0,,0,,,,,0.0
multi_quadratic,complementary,0.2,100,16,20105,rcsa-spent-diagnostic,1.0,1.0,1.0,0.00016542331598730793,0.14035223261679572,0.0,1.0,0.0,frozen-v6-anchor,0.14100158166899798,0.2096855691648519,7.651060173999895,11974159,x1^2;x2^2;x3^2,0.03591 + 0.5882·x₁² + 0.5007·x₂² + 0.8032·x₃²,"RCSA spent-seed diagnostic; anchor=1,x1^2,x2^2,x3^2; exception=; in_bank=0; in_anchor=0; attempted=0; eligible=; anchor_role_ic=None; augmented_role_ic=None; outside_anchor_sse=None; outside_augmented_sse=None; accepted=0; final=1,x1^2,x2^2,x3^2; wrapper_overhead_unoptimized=1",1.0,1.0,6,3,1.0,63,0,0,0,1;x1^2;x2^2;x3^2,S,balanced,100,100;100;100;100;100;100;100;100;100;100;100;100;100;100;100;100,748384.9375,1;x1^2;x2^2;x3^2,1;x1^2;x2^2;x3^2,,0.0,0.0,0.0,,0,,,,,0.0
multi_quadratic,complementary,0.2,100,16,20101,rcsa-spent-diagnostic,1.0,1.0,1.0,5.234456424475058e-05,0.15853877933024474,0.0,1.0,0.0,frozen-v6-anchor,0.15012853963052147,0.24087689726142839,7.648432100999798,11961959,x1^2;x2^2;x3^2,0.006859 + 0.5957·x₁² + 0.4987·x₂² + 0.798·x₃²,"RCSA spent-seed diagnostic; anchor=1,x1^2,x2^2,x3^2; exception=; in_bank=0; in_anchor=0; attempted=0; eligible=; anchor_role_ic=None; augmented_role_ic=None; outside_anchor_sse=None; outside_augmented_sse=None; accepted=0; final=1,x1^2,x2^2,x3^2; wrapper_overhead_unoptimized=1",1.0,1.0,5,2,1.0,32,0,0,0,1;x1^2;x2^2;x3^2,S,imbalanced,100,112;120;130;139;150;71;71;71;71;71;72;78;83;90;97;104,747622.4375,1;x1^2;x2^2;x3^2,1;x1^2;x2^2;x3^2,,0.0,0.0,0.0,,0,,,,,0.0
multi_quadratic,complementary,0.2,100,16,20102,rcsa-spent-diagnostic,1.0,1.0,1.0,0.0001265095356057222,0.15381621888387637,0.0,1.0,0.0,frozen-v6-anchor,0.16216833616605986,0.2751113129865601,7.640844414999947,11975228,x1^2;x2^2;x3^2,0.005531 + 0.6035·x₁² + 0.4949·x₂² + 0.7918·x₃²,"RCSA spent-seed diagnostic; anchor=1,x1^2,x2^2,x3^2; exception=; in_bank=0; in_anchor=0; attempted=0; eligible=; anchor_role_ic=None; augmented_role_ic=None; outside_anchor_sse=None; outside_augmented_sse=None; accepted=0; final=1,x1^2,x2^2,x3^2; wrapper_overhead_unoptimized=1",1.0,1.0,6,3,1.0,63,0,0,0,1;x1^2;x2^2;x3^2,S,imbalanced,100,104;112;120;130;139;150;71;71;71;71;71;72;78;83;90;97,748451.75,1;x1^2;x2^2;x3^2,1;x1^2;x2^2;x3^2,,0.0,0.0,0.0,,0,,,,,0.0
multi_quadratic,complementary,0.2,100,16,20103,rcsa-spent-diagnostic,1.0,1.0,1.0,0.00010252019207294833,0.14261014175407102,0.0,1.0,0.0,frozen-v6-anchor,0.1461155816763267,0.23420911625952007,7.685008831999994,11963220,x1^2;x2^2;x3^2,-0.03415 + 0.5962·x₁² + 0.5038·x₂² + 0.81·x₃²,"RCSA spent-seed diagnostic; anchor=1,x1^2,x2^2,x3^2; exception=; in_bank=0; in_anchor=0; attempted=0; eligible=; anchor_role_ic=None; augmented_role_ic=None; outside_anchor_sse=None; outside_augmented_sse=None; accepted=0; final=1,x1^2,x2^2,x3^2; wrapper_overhead_unoptimized=1",1.0,1.0,5,2,1.0,32,0,0,0,1;x1^2;x2^2;x3^2,S,imbalanced,100,97;104;112;120;130;139;150;71;71;71;71;71;72;78;83;90,747701.25,1;x1^2;x2^2;x3^2,1;x1^2;x2^2;x3^2,,0.0,0.0,0.0,,0,,,,,0.0
multi_quadratic,complementary,0.2,100,16,20104,rcsa-spent-diagnostic,1.0,1.0,1.0,1.509972493486221e-05,0.14483590242576844,0.0,1.0,0.0,frozen-v6-anchor,0.15050340026078016,0.3058702404036495,7.6672917670000515,11975204,x1^2;x2^2;x3^2,0.01831 + 0.5998·x₁² + 0.499·x₂² + 0.7967·x₃²,"RCSA spent-seed diagnostic; anchor=1,x1^2,x2^2,x3^2; exception=; in_bank=0; in_anchor=0; attempted=0; eligible=; anchor_role_ic=None; augmented_role_ic=None; outside_anchor_sse=None; outside_augmented_sse=None; accepted=0; final=1,x1^2,x2^2,x3^2; wrapper_overhead_unoptimized=1",1.0,1.0,6,3,1.0,63,0,0,0,1;x1^2;x2^2;x3^2,S,imbalanced,100,90;97;104;112;120;130;139;150;71;71;71;71;71;72;78;83,748450.25,1;x1^2;x2^2;x3^2,1;x1^2;x2^2;x3^2,,0.0,0.0,0.0,,0,,,,,0.0
multi_quadratic,complementary,0.2,100,16,20105,rcsa-spent-diagnostic,1.0,1.0,1.0,2.0712539217906563e-05,0.13636801623420963,0.0,1.0,0.0,frozen-v6-anchor,0.15487691193485303,0.22032001746100469,7.701986517000023,11990014,x1^2;x2^2;x3^2,0.01871 + 0.6009·x₁² + 0.498·x₂² + 0.7968·x₃²,"RCSA spent-seed diagnostic; anchor=1,x1^2,x2^2,x3^2; exception=; in_bank=0; in_anchor=0; attempted=0; eligible=; anchor_role_ic=None; augmented_role_ic=None; outside_anchor_sse=None; outside_augmented_sse=None; accepted=0; final=1,x1^2,x2^2,x3^2; wrapper_overhead_unoptimized=1",1.0,1.0,7,4,1.0,120,0,0,0,1;x1^2;x2^2;x3^2,S,imbalanced,100,83;90;97;104;112;120;130;139;150;71;71;71;71;71;72;78,749375.875,1;x1^2;x2^2;x3^2,1;x1^2;x2^2;x3^2,,0.0,0.0,0.0,,0,,,,,0.0
multi_quadratic,spurious,0.2,100,4,20101,rcsa-spent-diagnostic,1.0,1.0,1.0,0.0005539114387685412,0.1720467874433826,0.0,1.0,0.0,frozen-v6-anchor,0.14774182287227736,0.26800191626870173,2.041449737999983,3050755,x1^2;x2^2;x3^2,0.01599 + 0.5816·x₁² + 0.4961·x₂² + 0.8183·x₃²,"RCSA spent-seed diagnostic; anchor=1,x1^2,x2^2,x3^2; exception=; in_bank=0; in_anchor=0; attempted=0; eligible=; anchor_role_ic=None; augmented_role_ic=None; outside_anchor_sse=None; outside_augmented_sse=None; accepted=0; final=1,x1^2,x2^2,x3^2; wrapper_overhead_unoptimized=1",1.0,1.0,6,3,1.0,63,0,0,0,1;x1^2;x2^2;x3^2,S,balanced,100,100;100;100;100,762688.75,1;x1^2;x2^2;x3^2,1;x1^2;x2^2;x3^2,,0.0,0.0,0.0,,0,,,,,0.0
multi_quadratic,spurious,0.2,100,4,20102,rcsa-spent-diagnostic,1.0,1.0,1.0,0.00015156236966395995,0.15142767109743688,0.0,1.0,0.0,frozen-v6-anchor,0.1645099073508073,0.22331157016140915,2.0055886800000735,3023649,x1^2;x2^2;x3^2,-0.01425 + 0.5937·x₁² + 0.4981·x₂² + 0.8098·x₃²,"RCSA spent-seed diagnostic; anchor=1,x1^2,x2^2,x3^2; exception=; in_bank=0; in_anchor=0; attempted=0; eligible=; anchor_role_ic=None; augmented_role_ic=None; outside_anchor_sse=None; outside_augmented_sse=None; accepted=0; final=1,x1^2,x2^2,x3^2; wrapper_overhead_unoptimized=1",1.0,1.0,6,3,1.0,63,0,0,0,1;x1^2;x2^2;x3^2,S,balanced,100,100;100;100;100,755912.25,1;x1^2;x2^2;x3^2,1;x1^2;x2^2;x3^2,,0.0,0.0,0.0,,0,,,,,0.0
multi_quadratic,spurious,0.2,100,4,20103,rcsa-spent-diagnostic,1.0,1.0,1.0,0.0004313107394320593,0.21484229252249698,0.0,1.0,0.0,frozen-v6-anchor,0.261474426061803,0.41950930250490803,1.9550446170001123,2991523,x1^2;x2^2;x3^2,-0.03035 + 0.5907·x₁² + 0.5082·x₂² + 0.8219·x₃²,"RCSA spent-seed diagnostic; anchor=1,x1^2,x2^2,x3^2; exception=; in_bank=0; in_anchor=0; attempted=0; eligible=; anchor_role_ic=None; augmented_role_ic=None; outside_anchor_sse=None; outside_augmented_sse=None; accepted=0; final=1,x1^2,x2^2,x3^2; wrapper_overhead_unoptimized=1",1.0,1.0,6,3,1.0,63,0,0,0,1;x1^2;x2^2;x3^2,S,balanced,100,100;100;100;100,747880.75,1;x1^2;x2^2;x3^2,1;x1^2;x2^2;x3^2,,0.0,0.0,0.0,,0,,,,,0.0
multi_quadratic,spurious,0.2,100,4,20104,rcsa-spent-diagnostic,1.0,1.0,1.0,0.0010501703717711094,0.20391086892331692,0.0,1.0,0.0,frozen-v6-anchor,0.16452418717469233,0.21598661455169577,2.018399360000103,3020990,x1^2;x2^2;x3^2,0.006571 + 0.5833·x₁² + 0.4928·x₂² + 0.7982·x₃²,"RCSA spent-seed diagnostic; anchor=1,x1^2,x2^2,x3^2; exception=; in_bank=0; in_anchor=0; attempted=0; eligible=; anchor_role_ic=None; augmented_role_ic=None; outside_anchor_sse=None; outside_augmented_sse=None; accepted=0; final=1,x1^2,x2^2,x3^2; wrapper_overhead_unoptimized=1",1.0,1.0,6,3,0.0,63,0,1,0,1;x1^2;x2^2;x3^2,S,balanced,100,100;100;100;100,755247.5,1;x1^2;x2^2;x3^2,1;x1^2;x2^2;x3^2,,0.0,0.0,0.0,,0,,,,,0.0
multi_quadratic,spurious,0.2,100,4,20105,rcsa-spent-diagnostic,1.0,1.0,1.0,0.0009165987880422636,0.19208101746020106,0.0,1.0,0.0,frozen-v6-anchor,0.24775067920218702,0.29757536558273806,2.004562902999851,3021521,x1^2;x2^2;x3^2,-0.06033 + 0.5897·x₁² + 0.5247·x₂² + 0.8016·x₃²,"RCSA spent-seed diagnostic; anchor=1,x1^2,x2^2,x3^2; exception=; in_bank=0; in_anchor=0; attempted=0; eligible=; anchor_role_ic=None; augmented_role_ic=None; outside_anchor_sse=None; outside_augmented_sse=None; accepted=0; final=1,x1^2,x2^2,x3^2; wrapper_overhead_unoptimized=1",1.0,1.0,6,3,1.0,63,0,0,0,1;x1^2;x2^2;x3^2,S,balanced,100,100;100;100;100,755380.25,1;x1^2;x2^2;x3^2,1;x1^2;x2^2;x3^2,,0.0,0.0,0.0,,0,,,,,0.0
multi_quadratic,spurious,0.2,100,4,20101,rcsa-spent-diagnostic,1.0,1.0,1.0,0.0002100989965392318,0.17958693364501432,0.0,1.0,0.0,frozen-v6-anchor,0.23892126473417877,0.552275324200356,1.9502582949999123,2990589,x1^2;x2^2;x3^2,-0.00439 + 0.5894·x₁² + 0.5082·x₂² + 0.7992·x₃²,"RCSA spent-seed diagnostic; anchor=1,x1^2,x2^2,x3^2; exception=; in_bank=0; in_anchor=0; attempted=0; eligible=; anchor_role_ic=None; augmented_role_ic=None; outside_anchor_sse=None; outside_augmented_sse=None; accepted=0; final=1,x1^2,x2^2,x3^2; wrapper_overhead_unoptimized=1",1.0,1.0,5,2,1.0,32,0,0,0,1;x1^2;x2^2;x3^2,S,imbalanced,100,150;71;72;104,747647.25,1;x1^2;x2^2;x3^2,1;x1^2;x2^2;x3^2,,0.0,0.0,0.0,,0,,,,,0.0
multi_quadratic,spurious,0.2,100,4,20102,rcsa-spent-diagnostic,1.0,1.0,1.0,0.00014332115040053257,0.15535008024100025,0.0,1.0,0.0,frozen-v6-anchor,0.1556995131064916,0.19160294123842428,2.0858002279999255,3080567,x1^2;x2^2;x3^2,-0.05607 + 0.6037·x₁² + 0.5096·x₂² + 0.8041·x₃²,"RCSA spent-seed diagnostic; anchor=1,x1^2,x2^2,x3^2; exception=; in_bank=0; in_anchor=0; attempted=0; eligible=; anchor_role_ic=None; augmented_role_ic=None; outside_anchor_sse=None; outside_augmented_sse=None; accepted=0; final=1,x1^2,x2^2,x3^2; wrapper_overhead_unoptimized=1",1.0,1.0,6,3,1.0,63,0,0,0,1;x1^2;x2^2;x3^2,S,imbalanced,100,104;150;71;72,770141.75,1;x1^2;x2^2;x3^2,1;x1^2;x2^2;x3^2,,0.0,0.0,0.0,,0,,,,,0.0
multi_quadratic,spurious,0.2,100,4,20103,rcsa-spent-diagnostic,1.0,1.0,1.0,0.0003232109630250997,0.18932539924126768,0.0,1.0,0.0,frozen-v6-anchor,0.23797939312098723,0.26137066346499105,2.0019413540001096,3025011,x1^2;x2^2;x3^2,0.04866 + 0.5839·x₁² + 0.4951·x₂² + 0.8012·x₃²,"RCSA spent-seed diagnostic; anchor=1,x1^2,x2^2,x3^2; exception=; in_bank=0; in_anchor=0; attempted=0; eligible=; anchor_role_ic=None; augmented_role_ic=None; outside_anchor_sse=None; outside_augmented_sse=None; accepted=0; final=1,x1^2,x2^2,x3^2; wrapper_overhead_unoptimized=1",1.0,1.0,6,3,1.0,63,0,0,0,1;x1^2;x2^2;x3^2,S,imbalanced,100,72;104;150;71,756252.75,1;x1^2;x2^2;x3^2,1;x1^2;x2^2;x3^2,,0.0,0.0,0.0,,0,,,,,0.0
multi_quadratic,spurious,0.2,100,4,20104,rcsa-spent-diagnostic,1.0,1.0,1.0,0.00019465492257958017,0.1949722410503864,0.0,1.0,0.0,frozen-v6-anchor,0.19591898806734456,0.31015836675623615,2.1258456059999844,3111680,x1^2;x2^2;x3^2,-0.06467 + 0.6088·x₁² + 0.5001·x₂² + 0.8065·x₃²,"RCSA spent-seed diagnostic; anchor=1,x1^2,x2^2,x3^2; exception=; in_bank=0; in_anchor=0; attempted=0; eligible=; anchor_role_ic=None; augmented_role_ic=None; outside_anchor_sse=None; outside_augmented_sse=None; accepted=0; final=1,x1^2,x2^2,x3^2; wrapper_overhead_unoptimized=1",1.0,1.0,6,3,1.0,63,0,0,0,1;x1^2;x2^2;x3^2,S,imbalanced,100,71;72;104;150,777920.0,1;x1^2;x2^2;x3^2,1;x1^2;x2^2;x3^2,,0.0,0.0,0.0,,0,,,,,0.0
multi_quadratic,spurious,0.2,100,4,20105,rcsa-spent-diagnostic,1.0,1.0,1.0,0.000346359909971061,0.18731630602764107,0.0,1.0,0.0,frozen-v6-anchor,0.19965476455944386,0.27911268811545115,1.9936800670000139,3021889,x1^2;x2^2;x3^2,0.006177 + 0.6038·x₁² + 0.4918·x₂² + 0.7878·x₃²,"RCSA spent-seed diagnostic; anchor=1,x1^2,x2^2,x3^2; exception=; in_bank=0; in_anchor=0; attempted=0; eligible=; anchor_role_ic=None; augmented_role_ic=None; outside_anchor_sse=None; outside_augmented_sse=None; accepted=0; final=1,x1^2,x2^2,x3^2; wrapper_overhead_unoptimized=1",1.0,1.0,6,3,1.0,63,0,0,0,1;x1^2;x2^2;x3^2,S,imbalanced,100,150;71;72;104,755472.25,1;x1^2;x2^2;x3^2,1;x1^2;x2^2;x3^2,,0.0,0.0,0.0,,0,,,,,0.0
multi_quadratic,spurious,0.2,100,8,20101,rcsa-spent-diagnostic,1.0,1.0,1.0,0.00017836230594812602,0.1656182698627174,0.0,1.0,0.0,frozen-v6-anchor,0.14833407440952726,0.23040425470487283,3.8980112889998964,5998676,x1^2;x2^2;x3^2,0.03134 + 0.594·x₁² + 0.4992·x₂² + 0.7861·x₃²,"RCSA spent-seed diagnostic; anchor=1,x1^2,x2^2,x3^2; exception=; in_bank=0; in_anchor=0; attempted=0; eligible=; anchor_role_ic=None; augmented_role_ic=None; outside_anchor_sse=None; outside_augmented_sse=None; accepted=0; final=1,x1^2,x2^2,x3^2; wrapper_overhead_unoptimized=1",1.0,1.0,8,5,1.0,219,0,0,0,1;x1^2;x2^2;x3^2,S,balanced,100,100;100;100;100;100;100;100;100,749834.5,1;x1^2;x2^2;x3^2,1;x1^2;x2^2;x3^2,,0.0,0.0,0.0,,0,,,,,0.0
multi_quadratic,spurious,0.2,100,8,20102,rcsa-spent-diagnostic,1.0,1.0,1.0,0.0001224931329791917,0.16389389727629144,0.0,1.0,0.0,frozen-v6-anchor,0.17213660389113603,0.2798982308650598,3.897769853,5993867,x1^2;x2^2;x3^2,0.009256 + 0.6063·x₁² + 0.496·x₂² + 0.8026·x₃²,"RCSA spent-seed diagnostic; anchor=1,x1^2,x2^2,x3^2; exception=; in_bank=0; in_anchor=0; attempted=0; eligible=; anchor_role_ic=None; augmented_role_ic=None; outside_anchor_sse=None; outside_augmented_sse=None; accepted=0; final=1,x1^2,x2^2,x3^2; wrapper_overhead_unoptimized=1",1.0,1.0,7,4,1.0,120,0,0,0,1;x1^2;x2^2;x3^2,S,balanced,100,100;100;100;100;100;100;100;100,749233.375,1;x1^2;x2^2;x3^2,1;x1^2;x2^2;x3^2,,0.0,0.0,0.0,,0,,,,,0.0
multi_quadratic,spurious,0.2,100,8,20103,rcsa-spent-diagnostic,1.0,1.0,1.0,0.00011251506539470796,0.168114863154899,0.0,1.0,0.0,frozen-v6-anchor,0.1583547446776978,0.22861882262652292,3.9133000760000414,5986106,x1^2;x2^2;x3^2,0.009616 + 0.5916·x₁² + 0.498·x₂² + 0.8081·x₃²,"RCSA spent-seed diagnostic; anchor=1,x1^2,x2^2,x3^2; exception=; in_bank=0; in_anchor=0; attempted=0; eligible=; anchor_role_ic=None; augmented_role_ic=None; outside_anchor_sse=None; outside_augmented_sse=None; accepted=0; final=1,x1^2,x2^2,x3^2; wrapper_overhead_unoptimized=1",1.0,1.0,6,3,1.0,63,0,0,0,1;x1^2;x2^2;x3^2,S,balanced,100,100;100;100;100;100;100;100;100,748263.25,1;x1^2;x2^2;x3^2,1;x1^2;x2^2;x3^2,,0.0,0.0,0.0,,0,,,,,0.0
multi_quadratic,spurious,0.2,100,8,20104,rcsa-spent-diagnostic,1.0,1.0,1.0,0.0001735149763386897,0.14724183320705214,0.0,1.0,0.0,frozen-v6-anchor,0.1517525398866334,0.2694199671216798,3.8712262419999206,5980778,x1^2;x2^2;x3^2,0.02816 + 0.5945·x₁² + 0.4915·x₂² + 0.7983·x₃²,"RCSA spent-seed diagnostic; anchor=1,x1^2,x2^2,x3^2; exception=; in_bank=0; in_anchor=0; attempted=0; eligible=; anchor_role_ic=None; augmented_role_ic=None; outside_anchor_sse=None; outside_augmented_sse=None; accepted=0; final=1,x1^2,x2^2,x3^2; wrapper_overhead_unoptimized=1",1.0,1.0,5,2,1.0,32,0,0,0,1;x1^2;x2^2;x3^2,S,balanced,100,100;100;100;100;100;100;100;100,747597.25,1;x1^2;x2^2;x3^2,1;x1^2;x2^2;x3^2,,0.0,0.0,0.0,,0,,,,,0.0
multi_quadratic,spurious,0.2,100,8,20105,rcsa-spent-diagnostic,1.0,1.0,1.0,0.00020701622283212314,0.14329172197874004,0.0,1.0,0.0,frozen-v6-anchor,0.14819015771190416,0.27755170320012323,3.9083214109998607,5986293,x1^2;x2^2;x3^2,0.009215 + 0.596·x₁² + 0.5058·x₂² + 0.7852·x₃²,"RCSA spent-seed diagnostic; anchor=1,x1^2,x2^2,x3^2; exception=; in_bank=0; in_anchor=0; attempted=0; eligible=; anchor_role_ic=None; augmented_role_ic=None; outside_anchor_sse=None; outside_augmented_sse=None; accepted=0; final=1,x1^2,x2^2,x3^2; wrapper_overhead_unoptimized=1",1.0,1.0,6,3,1.0,63,0,0,0,1;x1^2;x2^2;x3^2,S,balanced,100,100;100;100;100;100;100;100;100,748286.625,1;x1^2;x2^2;x3^2,1;x1^2;x2^2;x3^2,,0.0,0.0,0.0,,0,,,,,0.0
multi_quadratic,spurious,0.2,100,8,20101,rcsa-spent-diagnostic,1.0,1.0,1.0,0.00013310318964879081,0.15812668083737336,0.0,1.0,0.0,frozen-v6-anchor,0.17054396942094338,0.2681761843192838,3.89100180499986,5989208,x1^2;x2^2;x3^2,0.01334 + 0.6035·x₁² + 0.4902·x₂² + 0.8008·x₃²,"RCSA spent-seed diagnostic; anchor=1,x1^2,x2^2,x3^2; exception=; in_bank=0; in_anchor=0; attempted=0; eligible=; anchor_role_ic=None; augmented_role_ic=None; outside_anchor_sse=None; outside_augmented_sse=None; accepted=0; final=1,x1^2,x2^2,x3^2; wrapper_overhead_unoptimized=1",1.0,1.0,6,3,1.0,63,0,0,0,1;x1^2;x2^2;x3^2,S,imbalanced,100,80;94;110;128;150;71;71;71,748651.0,1;x1^2;x2^2;x3^2,1;x1^2;x2^2;x3^2,,0.0,0.0,0.0,,0,,,,,0.0
multi_quadratic,spurious,0.2,100,8,20102,rcsa-spent-diagnostic,1.0,1.0,1.0,0.0003488711664586728,0.14471706814078059,0.0,1.0,0.0,frozen-v6-anchor,0.1676432744394324,0.21977140889139754,3.8656721909999305,5984147,x1^2;x2^2;x3^2,0.02187 + 0.5996·x₁² + 0.5098·x₂² + 0.7802·x₃²,"RCSA spent-seed diagnostic; anchor=1,x1^2,x2^2,x3^2; exception=; in_bank=0; in_anchor=0; attempted=0; eligible=; anchor_role_ic=None; augmented_role_ic=None; outside_anchor_sse=None; outside_augmented_sse=None; accepted=0; final=1,x1^2,x2^2,x3^2; wrapper_overhead_unoptimized=1",1.0,1.0,5,2,1.0,32,0,0,0,1;x1^2;x2^2;x3^2,S,imbalanced,100,71;80;94;110;128;150;71;71,748018.375,1;x1^2;x2^2;x3^2,1;x1^2;x2^2;x3^2,,0.0,0.0,0.0,,0,,,,,0.0
multi_quadratic,spurious,0.2,100,8,20103,rcsa-spent-diagnostic,1.0,1.0,1.0,0.00020713499744070226,0.15695025315145592,0.0,1.0,0.0,frozen-v6-anchor,0.16654383869057185,0.2467063958253338,3.8800872900001195,5993631,x1^2;x2^2;x3^2,0.03143 + 0.5862·x₁² + 0.4993·x₂² + 0.8024·x₃²,"RCSA spent-seed diagnostic; anchor=1,x1^2,x2^2,x3^2; exception=; in_bank=0; in_anchor=0; attempted=0; eligible=; anchor_role_ic=None; augmented_role_ic=None; outside_anchor_sse=None; outside_augmented_sse=None; accepted=0; final=1,x1^2,x2^2,x3^2; wrapper_overhead_unoptimized=1",1.0,1.0,7,4,1.0,120,0,0,0,1;x1^2;x2^2;x3^2,S,imbalanced,100,71;71;80;94;110;128;150;71,749203.875,1;x1^2;x2^2;x3^2,1;x1^2;x2^2;x3^2,,0.0,0.0,0.0,,0,,,,,0.0
multi_quadratic,spurious,0.2,100,8,20104,rcsa-spent-diagnostic,1.0,1.0,1.0,3.891175317672766e-05,0.1678931283257291,0.0,1.0,0.0,frozen-v6-anchor,0.1269536101210559,0.27307487928103846,3.9645481420000124,6036189,x1^2;x2^2;x3^2,-0.002711 + 0.5975·x₁² + 0.5046·x₂² + 0.8001·x₃²,"RCSA spent-seed diagnostic; anchor=1,x1^2,x2^2,x3^2; exception=; in_bank=0; in_anchor=0; attempted=0; eligible=; anchor_role_ic=None; augmented_role_ic=None; outside_anchor_sse=None; outside_augmented_sse=None; accepted=0; final=1,x1^2,x2^2,x3^2; wrapper_overhead_unoptimized=1",1.0,1.0,5,2,1.0,32,0,0,0,1;x1^2;x2^2;x3^2,S,imbalanced,100,71;71;71;80;94;110;128;150,754523.625,1;x1^2;x2^2;x3^2,1;x1^2;x2^2;x3^2,,0.0,0.0,0.0,,0,,,,,0.0
multi_quadratic,spurious,0.2,100,8,20105,rcsa-spent-diagnostic,1.0,1.0,1.0,0.0004211860161105341,0.13474006476497366,0.0,1.0,0.0,frozen-v6-anchor,0.12233635905821828,0.1821540823253276,3.8724296129998947,5977369,x1^2;x2^2;x3^2,-0.0562 + 0.6028·x₁² + 0.5072·x₂² + 0.8231·x₃²,"RCSA spent-seed diagnostic; anchor=1,x1^2,x2^2,x3^2; exception=; in_bank=0; in_anchor=0; attempted=0; eligible=; anchor_role_ic=None; augmented_role_ic=None; outside_anchor_sse=None; outside_augmented_sse=None; accepted=0; final=1,x1^2,x2^2,x3^2; wrapper_overhead_unoptimized=1",1.0,1.0,5,2,1.0,32,0,0,0,1;x1^2;x2^2;x3^2,S,imbalanced,100,150;71;71;71;80;94;110;128,747171.125,1;x1^2;x2^2;x3^2,1;x1^2;x2^2;x3^2,,0.0,0.0,0.0,,0,,,,,0.0
multi_quadratic,spurious,0.2,100,16,20101,rcsa-spent-diagnostic,1.0,1.0,1.0,1.4130543808555053e-05,0.1476529125032935,0.0,1.0,0.0,frozen-v6-anchor,0.13657701470059233,0.2493369124114603,7.7088109220001115,12011371,x1^2;x2^2;x3^2,0.001279 + 0.598·x₁² + 0.501·x₂² + 0.7975·x₃²,"RCSA spent-seed diagnostic; anchor=1,x1^2,x2^2,x3^2; exception=; in_bank=0; in_anchor=0; attempted=0; eligible=; anchor_role_ic=None; augmented_role_ic=None; outside_anchor_sse=None; outside_augmented_sse=None; accepted=0; final=1,x1^2,x2^2,x3^2; wrapper_overhead_unoptimized=1",1.0,1.0,8,5,1.0,219,0,0,0,1;x1^2;x2^2;x3^2,S,balanced,100,100;100;100;100;100;100;100;100;100;100;100;100;100;100;100;100,750710.6875,1;x1^2;x2^2;x3^2,1;x1^2;x2^2;x3^2,,0.0,0.0,0.0,,0,,,,,0.0
multi_quadratic,spurious,0.2,100,16,20102,rcsa-spent-diagnostic,1.0,1.0,1.0,8.852344237522148e-05,0.1583400572684689,0.0,1.0,0.0,frozen-v6-anchor,0.16348057819203027,0.2613248175223816,7.630135669999845,11972849,x1^2;x2^2;x3^2,-0.03362 + 0.6074·x₁² + 0.5046·x₂² + 0.7995·x₃²,"RCSA spent-seed diagnostic; anchor=1,x1^2,x2^2,x3^2; exception=; in_bank=0; in_anchor=0; attempted=0; eligible=; anchor_role_ic=None; augmented_role_ic=None; outside_anchor_sse=None; outside_augmented_sse=None; accepted=0; final=1,x1^2,x2^2,x3^2; wrapper_overhead_unoptimized=1",1.0,1.0,6,3,1.0,63,0,0,0,1;x1^2;x2^2;x3^2,S,balanced,100,100;100;100;100;100;100;100;100;100;100;100;100;100;100;100;100,748303.0625,1;x1^2;x2^2;x3^2,1;x1^2;x2^2;x3^2,,0.0,0.0,0.0,,0,,,,,0.0
multi_quadratic,spurious,0.2,100,16,20103,rcsa-spent-diagnostic,1.0,1.0,1.0,0.00024981229400452057,0.14130843384128117,0.0,1.0,0.0,frozen-v6-anchor,0.1401913168047302,0.2197297129876953,7.649033932000066,11973230,x1^2;x2^2;x3^2,0.0009087 + 0.5943·x₁² + 0.5027·x₂² + 0.7884·x₃²,"RCSA spent-seed diagnostic; anchor=1,x1^2,x2^2,x3^2; exception=; in_bank=0; in_anchor=0; attempted=0; eligible=; anchor_role_ic=None; augmented_role_ic=None; outside_anchor_sse=None; outside_augmented_sse=None; accepted=0; final=1,x1^2,x2^2,x3^2; wrapper_overhead_unoptimized=1",1.0,1.0,6,3,1.0,63,0,0,0,1;x1^2;x2^2;x3^2,S,balanced,100,100;100;100;100;100;100;100;100;100;100;100;100;100;100;100;100,748326.875,1;x1^2;x2^2;x3^2,1;x1^2;x2^2;x3^2,,0.0,0.0,0.0,,0,,,,,0.0
multi_quadratic,spurious,0.2,100,16,20104,rcsa-spent-diagnostic,1.0,1.0,1.0,0.00017055225839871657,0.1483429069970961,0.0,1.0,0.0,frozen-v6-anchor,0.1314186870802203,0.2653836253013689,7.640647104999971,11975838,x1^2;x2^2;x3^2,-0.01586 + 0.6035·x₁² + 0.5082·x₂² + 0.8007·x₃²,"RCSA spent-seed diagnostic; anchor=1,x1^2,x2^2,x3^2; exception=; in_bank=0; in_anchor=0; attempted=0; eligible=; anchor_role_ic=None; augmented_role_ic=None; outside_anchor_sse=None; outside_augmented_sse=None; accepted=0; final=1,x1^2,x2^2,x3^2; wrapper_overhead_unoptimized=1",1.0,1.0,6,3,1.0,63,0,0,0,1;x1^2;x2^2;x3^2,S,balanced,100,100;100;100;100;100;100;100;100;100;100;100;100;100;100;100;100,748489.875,1;x1^2;x2^2;x3^2,1;x1^2;x2^2;x3^2,,0.0,0.0,0.0,,0,,,,,0.0
multi_quadratic,spurious,0.2,100,16,20105,rcsa-spent-diagnostic,1.0,1.0,1.0,0.00010930708359488061,0.14043654687880805,0.0,1.0,0.0,frozen-v6-anchor,0.12433147583427975,0.1905920850615189,7.67154405600013,11975523,x1^2;x2^2;x3^2,0.04529 + 0.6006·x₁² + 0.4943·x₂² + 0.7886·x₃²,"RCSA spent-seed diagnostic; anchor=1,x1^2,x2^2,x3^2; exception=; in_bank=0; in_anchor=0; attempted=0; eligible=; anchor_role_ic=None; augmented_role_ic=None; outside_anchor_sse=None; outside_augmented_sse=None; accepted=0; final=1,x1^2,x2^2,x3^2; wrapper_overhead_unoptimized=1",1.0,1.0,6,3,1.0,63,0,0,0,1;x1^2;x2^2;x3^2,S,balanced,100,100;100;100;100;100;100;100;100;100;100;100;100;100;100;100;100,748470.1875,1;x1^2;x2^2;x3^2,1;x1^2;x2^2;x3^2,,0.0,0.0,0.0,,0,,,,,0.0
multi_quadratic,spurious,0.2,100,16,20101,rcsa-spent-diagnostic,1.0,1.0,1.0,1.9877806963465426e-05,0.15290299161014304,0.0,1.0,0.0,frozen-v6-anchor,0.18087613571191152,0.4109076336585161,7.640283402000023,11984281,x1^2;x2^2;x3^2,-0.01612 + 0.6027·x₁² + 0.5011·x₂² + 0.8041·x₃²,"RCSA spent-seed diagnostic; anchor=1,x1^2,x2^2,x3^2; exception=; in_bank=0; in_anchor=0; attempted=0; eligible=; anchor_role_ic=None; augmented_role_ic=None; outside_anchor_sse=None; outside_augmented_sse=None; accepted=0; final=1,x1^2,x2^2,x3^2; wrapper_overhead_unoptimized=1",1.0,1.0,6,3,1.0,63,0,0,0,1;x1^2;x2^2;x3^2,S,imbalanced,100,112;120;130;139;150;71;71;71;71;71;72;78;83;90;97;104,749017.5625,1;x1^2;x2^2;x3^2,1;x1^2;x2^2;x3^2,,0.0,0.0,0.0,,0,,,,,0.0
multi_quadratic,spurious,0.2,100,16,20102,rcsa-spent-diagnostic,1.0,1.0,1.0,0.0002796122399254167,0.15989555925714358,0.0,1.0,0.0,frozen-v6-anchor,0.13966294375739993,0.21850649760506108,7.645192869000084,11976580,x1^2;x2^2;x3^2,0.01294 + 0.5958·x₁² + 0.4898·x₂² + 0.8022·x₃²,"RCSA spent-seed diagnostic; anchor=1,x1^2,x2^2,x3^2; exception=; in_bank=0; in_anchor=0; attempted=0; eligible=; anchor_role_ic=None; augmented_role_ic=None; outside_anchor_sse=None; outside_augmented_sse=None; accepted=0; final=1,x1^2,x2^2,x3^2; wrapper_overhead_unoptimized=1",1.0,1.0,6,3,1.0,63,0,0,0,1;x1^2;x2^2;x3^2,S,imbalanced,100,104;112;120;130;139;150;71;71;71;71;71;72;78;83;90;97,748536.25,1;x1^2;x2^2;x3^2,1;x1^2;x2^2;x3^2,,0.0,0.0,0.0,,0,,,,,0.0
multi_quadratic,spurious,0.2,100,16,20103,rcsa-spent-diagnostic,1.0,1.0,1.0,0.00017610108432371865,0.1426811659284691,0.0,1.0,0.0,frozen-v6-anchor,0.14515770580998302,0.2973574832553439,7.652238905000104,11976970,x1^2;x2^2;x3^2,-0.006849 + 0.5933·x₁² + 0.5017·x₂² + 0.7964·x₃²,"RCSA spent-seed diagnostic; anchor=1,x1^2,x2^2,x3^2; exception=; in_bank=0; in_anchor=0; attempted=0; eligible=; anchor_role_ic=None; augmented_role_ic=None; outside_anchor_sse=None; outside_augmented_sse=None; accepted=0; final=1,x1^2,x2^2,x3^2; wrapper_overhead_unoptimized=1",1.0,1.0,6,3,1.0,63,0,0,0,1;x1^2;x2^2;x3^2,S,imbalanced,100,97;104;112;120;130;139;150;71;71;71;71;71;72;78;83;90,748560.625,1;x1^2;x2^2;x3^2,1;x1^2;x2^2;x3^2,,0.0,0.0,0.0,,0,,,,,0.0
multi_quadratic,spurious,0.2,100,16,20104,rcsa-spent-diagnostic,1.0,1.0,1.0,0.00020852608242369716,0.1430341810883219,0.0,1.0,0.0,frozen-v6-anchor,0.13533237723912084,0.2002812089213176,7.642552453999997,11963353,x1^2;x2^2;x3^2,0.03713 + 0.5898·x₁² + 0.4949·x₂² + 0.7952·x₃²,"RCSA spent-seed diagnostic; anchor=1,x1^2,x2^2,x3^2; exception=; in_bank=0; in_anchor=0; attempted=0; eligible=; anchor_role_ic=None; augmented_role_ic=None; outside_anchor_sse=None; outside_augmented_sse=None; accepted=0; final=1,x1^2,x2^2,x3^2; wrapper_overhead_unoptimized=1",1.0,1.0,5,2,1.0,32,0,0,0,1;x1^2;x2^2;x3^2,S,imbalanced,100,90;97;104;112;120;130;139;150;71;71;71;71;71;72;78;83,747709.5625,1;x1^2;x2^2;x3^2,1;x1^2;x2^2;x3^2,,0.0,0.0,0.0,,0,,,,,0.0
multi_quadratic,spurious,0.2,100,16,20105,rcsa-spent-diagnostic,1.0,1.0,1.0,4.740283067061448e-05,0.13671454439402803,0.0,1.0,0.0,frozen-v6-anchor,0.12590394027106042,0.1986912519746976,7.655892882999979,11977172,x1^2;x2^2;x3^2,0.0194 + 0.6032·x₁² + 0.4971·x₂² + 0.7952·x₃²,"RCSA spent-seed diagnostic; anchor=1,x1^2,x2^2,x3^2; exception=; in_bank=0; in_anchor=0; attempted=0; eligible=; anchor_role_ic=None; augmented_role_ic=None; outside_anchor_sse=None; outside_augmented_sse=None; accepted=0; final=1,x1^2,x2^2,x3^2; wrapper_overhead_unoptimized=1",1.0,1.0,6,3,1.0,63,0,0,0,1;x1^2;x2^2;x3^2,S,imbalanced,100,83;90;97;104;112;120;130;139;150;71;71;71;71;71;72;78,748573.25,1;x1^2;x2^2;x3^2,1;x1^2;x2^2;x3^2,,0.0,0.0,0.0,,0,,,,,0.0
multi_quadratic,exception,0.2,100,4,20101,rcsa-spent-diagnostic,1.0,1.0,1.0,0.0009695892615972831,0.4259919136840928,0.0,1.0,0.0,frozen-v6-anchor,0.32272844708720927,0.42290211186161364,2.916406244999962,3523161,I(x3>1)*x3^2;x1^2;x2^2;x3^2,0.02908 + 0.568·x₁² + 0.5063·x₂² + 0.8297·x₃² + 0.7479·𝟙[x₃>1]·x₃²,"RCSA spent-seed diagnostic; anchor=1,x1^2,x2^2,x3^2,I(x3>1)*x3^2; exception=I(x3>1)*x3^2; in_bank=1; in_anchor=1; attempted=0; eligible=; anchor_role_ic=None; augmented_role_ic=None; outside_anchor_sse=None; outside_augmented_sse=None; accepted=0; final=1,x1^2,x2^2,x3^2,I(x3>1)*x3^2; wrapper_overhead_unoptimized=1",1.0,1.0,6,2,0.0,63,0,1,1,1;x1^2;x2^2;x3^2;I(x3>1)*x3^2,S,balanced,100,100;100;100;100,880790.25,1;x1^2;x2^2;x3^2;I(x3>1)*x3^2,1;x1^2;x2^2;x3^2;I(x3>1)*x3^2,I(x3>1)*x3^2,1.0,1.0,0.0,,0,,,,,0.0
multi_quadratic,exception,0.2,100,4,20102,rcsa-spent-diagnostic,1.0,1.0,1.0,0.0005509334781444431,0.36961038081827086,0.0,1.0,0.0,frozen-v6-anchor,0.39374089611068164,0.47008575863403623,2.8278849859998445,3508065,I(x3>1)*x3^2;x1^2;x2^2;x3^2,0.01069 + 0.5921·x₁² + 0.4977·x₂² + 0.8·x₃² + 0.7194·𝟙[x₃>1]·x₃²,"RCSA spent-seed diagnostic; anchor=1,x1^2,x2^2,x3^2,I(x3>1)*x3^2; exception=I(x3>1)*x3^2; in_bank=1; in_anchor=1; attempted=0; eligible=; anchor_role_ic=None; augmented_role_ic=None; outside_anchor_sse=None; outside_augmented_sse=None; accepted=0; final=1,x1^2,x2^2,x3^2,I(x3>1)*x3^2; wrapper_overhead_unoptimized=1",1.0,1.0,6,2,1.0,63,0,0,1,1;x1^2;x2^2;x3^2;I(x3>1)*x3^2,S,balanced,100,100;100;100;100,877016.25,1;x1^2;x2^2;x3^2;I(x3>1)*x3^2,1;x1^2;x2^2;x3^2;I(x3>1)*x3^2,I(x3>1)*x3^2,1.0,1.0,0.0,,0,,,,,0.0
multi_quadratic,exception,0.2,100,4,20103,rcsa-spent-diagnostic,0.0,0.75,0.75,0.0056607500201694555,0.519326337121218,0.0,1.0,0.0,frozen-v6-anchor,0.45216033024262337,0.6157460760187405,3.0465387340000234,3623268,I(x3>1)*x3^2;cos(x3);x1^2;x2^2,2.148 + 0.607·x₁² + 0.5051·x₂² - 2.311·cos(x₃) + 0.8051·𝟙[x₃>1]·x₃²,"RCSA spent-seed diagnostic; anchor=1,x1^2,x2^2,cos(x3),I(x3>1)*x3^2; exception=I(x3>1)*x3^2; in_bank=1; in_anchor=1; attempted=0; eligible=; anchor_role_ic=None; augmented_role_ic=None; outside_anchor_sse=None; outside_augmented_sse=None; accepted=0; final=1,x1^2,x2^2,cos(x3),I(x3>1)*x3^2; wrapper_overhead_unoptimized=1",1.0,1.0,5,1,0.0,32,0,1,1,1;x1^2;x2^2;cos(x3);I(x3>1)*x3^2,S,balanced,100,100;100;100;100,905817.0,1;x1^2;x2^2;cos(x3);I(x3>1)*x3^2,1;x1^2;x2^2;cos(x3);I(x3>1)*x3^2,I(x3>1)*x3^2,1.0,1.0,0.0,,0,,,,,0.0
multi_quadratic,exception,0.2,100,4,20104,rcsa-spent-diagnostic,0.0,0.75,0.75,0.011531351151960169,0.5524062393351794,0.0,0.0,0.0,frozen-v6-anchor,0.5819160388647509,0.8117162996312042,2.9055599529999654,3556621,x1^2;x2^2;x3;x3^2,-0.2395 + 0.6612·x₃ + 0.6005·x₁² + 0.5156·x₂² + 1.228·x₃²,"RCSA spent-seed diagnostic; anchor=1,x3,x1^2,x2^2,x3^2; exception=I(x3>1)*x3^2; in_bank=1; in_anchor=0; attempted=1; eligible=client-4; anchor_role_ic=0.3179116281046035; augmented_role_ic=1.2072033638085113; outside_anchor_sse=30.05189980693254; outside_augmented_sse=26.536234078810807; accepted=0; final=1,x3,x1^2,x2^2,x3^2; wrapper_overhead_unoptimized=1",1.0,1.0,7,3,0.0,120,1,2,0,1;x3;x1^2;x2^2;x3^2,S,balanced,100,100;100;100;100,889155.25,1;x3;x1^2;x2^2;x3^2,1;x3;x1^2;x2^2;x3^2,I(x3>1)*x3^2,1.0,0.0,1.0,client-4,15,0.3179116281046035,1.2072033638085113,30.05189980693254,26.536234078810807,0.0
multi_quadratic,exception,0.2,100,4,20105,rcsa-spent-diagnostic,1.0,1.0,1.0,0.00021829276989159593,0.4517201651447654,0.0,1.0,0.0,frozen-v6-anchor,0.33075998955119557,0.475716883270267,3.137044242999991,3648594,I(x3>1)*x3^2;x1^2;x2^2;x3^2,-0.06077 + 0.6148·x₁² + 0.4984·x₂² + 0.796·x₃² + 0.7652·𝟙[x₃>1]·x₃²,"RCSA spent-seed diagnostic; anchor=1,x1^2,x2^2,x3^2,I(x3>1)*x3^2; exception=I(x3>1)*x3^2; in_bank=1; in_anchor=1; attempted=0; eligible=; anchor_role_ic=None; augmented_role_ic=None; outside_anchor_sse=None; outside_augmented_sse=None; accepted=0; final=1,x1^2,x2^2,x3^2,I(x3>1)*x3^2; wrapper_overhead_unoptimized=1",1.0,1.0,6,2,1.0,63,0,0,1,1;x1^2;x2^2;x3^2;I(x3>1)*x3^2,S,balanced,100,100;100;100;100,912148.5,1;x1^2;x2^2;x3^2;I(x3>1)*x3^2,1;x1^2;x2^2;x3^2;I(x3>1)*x3^2,I(x3>1)*x3^2,1.0,1.0,0.0,,0,,,,,0.0
multi_quadratic,exception,0.2,100,4,20101,rcsa-spent-diagnostic,1.0,1.0,1.0,0.00046853942982646573,0.41273328900014533,0.0,1.0,0.0,frozen-v6-anchor,0.3999870733005898,0.5130813496715746,2.8896490239999366,3537375,I(x3>1)*x3^2;x1^2;x2^2;x3^2,-0.03533 + 0.5994·x₁² + 0.5081·x₂² + 0.8323·x₃² + 0.7378·𝟙[x₃>1]·x₃²,"RCSA spent-seed diagnostic; anchor=1,x1^2,x2^2,x3^2,I(x3>1)*x3^2; exception=I(x3>1)*x3^2; in_bank=1; in_anchor=1; attempted=0; eligible=; anchor_role_ic=None; augmented_role_ic=None; outside_anchor_sse=None; outside_augmented_sse=None; accepted=0; final=1,x1^2,x2^2,x3^2,I(x3>1)*x3^2; wrapper_overhead_unoptimized=1",1.0,1.0,6,2,1.0,63,0,0,1,1;x1^2;x2^2;x3^2;I(x3>1)*x3^2,S,imbalanced,100,150;71;72;104,884343.75,1;x1^2;x2^2;x3^2;I(x3>1)*x3^2,1;x1^2;x2^2;x3^2;I(x3>1)*x3^2,I(x3>1)*x3^2,1.0,1.0,0.0,,0,,,,,0.0
multi_quadratic,exception,0.2,100,4,20102,rcsa-spent-diagnostic,1.0,1.0,1.0,0.0006090561495940474,0.27472185743179867,0.0,1.0,0.0,frozen-v6-anchor,0.28833898660809537,0.3587346049880683,2.958960829000034,3570232,I(x3>1)*x3^2;x1^2;x2^2;x3^2,-0.04652 + 0.5975·x₁² + 0.5219·x₂² + 0.7915·x₃² + 0.7316·𝟙[x₃>1]·x₃²,"RCSA spent-seed diagnostic; anchor=1,x1^2,x2^2,x3^2,I(x3>1)*x3^2; exception=I(x3>1)*x3^2; in_bank=1; in_anchor=1; attempted=0; eligible=; anchor_role_ic=None; augmented_role_ic=None; outside_anchor_sse=None; outside_augmented_sse=None; accepted=0; final=1,x1^2,x2^2,x3^2,I(x3>1)*x3^2; wrapper_overhead_unoptimized=1",1.0,1.0,6,2,1.0,63,0,0,1,1;x1^2;x2^2;x3^2;I(x3>1)*x3^2,S,imbalanced,100,104;150;71;72,892558.0,1;x1^2;x2^2;x3^2;I(x3>1)*x3^2,1;x1^2;x2^2;x3^2;I(x3>1)*x3^2,I(x3>1)*x3^2,1.0,1.0,0.0,,0,,,,,0.0
multi_quadratic,exception,0.2,100,4,20103,rcsa-spent-diagnostic,1.0,1.0,1.0,0.0005437653118494886,0.33733344301703844,0.0,1.0,0.0,frozen-v6-anchor,0.27404752843570374,0.3674879550782748,2.959603322999783,3577932,I(x3>1)*x3^2;x1^2;x2^2;x3^2,0.07834 + 0.5891·x₁² + 0.4887·x₂² + 0.7727·x₃² + 0.7555·𝟙[x₃>1]·x₃²,"RCSA spent-seed diagnostic; anchor=1,x1^2,x2^2,x3^2,I(x3>1)*x3^2; exception=I(x3>1)*x3^2; in_bank=1; in_anchor=1; attempted=0; eligible=; anchor_role_ic=None; augmented_role_ic=None; outside_anchor_sse=None; outside_augmented_sse=None; accepted=0; final=1,x1^2,x2^2,x3^2,I(x3>1)*x3^2; wrapper_overhead_unoptimized=1",1.0,1.0,7,3,1.0,120,0,0,1,1;x1^2;x2^2;x3^2;I(x3>1)*x3^2,S,imbalanced,100,72;104;150;71,894483.0,1;x1^2;x2^2;x3^2;I(x3>1)*x3^2,1;x1^2;x2^2;x3^2;I(x3>1)*x3^2,I(x3>1)*x3^2,1.0,1.0,0.0,,0,,,,,0.0
multi_quadratic,exception,0.2,100,4,20104,rcsa-spent-diagnostic,1.0,1.0,1.0,0.001140637377570831,0.4230913388886348,0.0,1.0,0.0,frozen-v6-anchor,0.36793162784877365,0.39051138222255305,3.0301838630000475,3592127,I(x3>1)*x3^2;x1^2;x2^2;x3^2,-0.1184 + 0.6203·x₁² + 0.4883·x₂² + 0.8492·x₃² + 0.707·𝟙[x₃>1]·x₃²,"RCSA spent-seed diagnostic; anchor=1,x1^2,x2^2,x3^2,I(x3>1)*x3^2; exception=I(x3>1)*x3^2; in_bank=1; in_anchor=1; attempted=0; eligible=; anchor_role_ic=None; augmented_role_ic=None; outside_anchor_sse=None; outside_augmented_sse=None; accepted=0; final=1,x1^2,x2^2,x3^2,I(x3>1)*x3^2; wrapper_overhead_unoptimized=1",1.0,1.0,6,2,1.0,63,0,0,1,1;x1^2;x2^2;x3^2;I(x3>1)*x3^2,S,imbalanced,100,71;72;104;150,898031.75,1;x1^2;x2^2;x3^2;I(x3>1)*x3^2,1;x1^2;x2^2;x3^2;I(x3>1)*x3^2,I(x3>1)*x3^2,1.0,1.0,0.0,,0,,,,,0.0
multi_quadratic,exception,0.2,100,4,20105,rcsa-spent-diagnostic,1.0,1.0,1.0,0.0011056667342405056,0.42221914871162275,0.0,1.0,0.0,frozen-v6-anchor,0.46802489248938317,0.5716752637222116,3.1701742459999878,3681160,I(x3>1)*x3^2;x1^2;x2^2;x3^2,-0.1437 + 0.6322·x₁² + 0.4985·x₂² + 0.8432·x₃² + 0.7243·𝟙[x₃>1]·x₃²,"RCSA spent-seed diagnostic; anchor=1,x1^2,x2^2,x3^2,I(x3>1)*x3^2; exception=I(x3>1)*x3^2; in_bank=1; in_anchor=1; attempted=0; eligible=; anchor_role_ic=None; augmented_role_ic=None; outside_anchor_sse=None; outside_augmented_sse=None; accepted=0; final=1,x1^2,x2^2,x3^2,I(x3>1)*x3^2; wrapper_overhead_unoptimized=1",1.0,1.0,6,2,1.0,63,0,0,1,1;x1^2;x2^2;x3^2;I(x3>1)*x3^2,S,imbalanced,100,150;71;72;104,920290.0,1;x1^2;x2^2;x3^2;I(x3>1)*x3^2,1;x1^2;x2^2;x3^2;I(x3>1)*x3^2,I(x3>1)*x3^2,1.0,1.0,0.0,,0,,,,,0.0
multi_quadratic,exception,0.2,100,8,20101,rcsa-spent-diagnostic,1.0,1.0,1.0,0.00045518335666015856,0.28936671413505666,0.0,1.0,0.0,frozen-v6-anchor,0.3068412873536677,0.44909223292263506,5.4262606080001206,6949411,I(x3>1)*x3^2;x1^2;x2^2;x3^2,0.02072 + 0.618·x₁² + 0.4914·x₂² + 0.7794·x₃² + 0.7438·𝟙[x₃>1]·x₃²,"RCSA spent-seed diagnostic; anchor=1,x1^2,x2^2,x3^2,I(x3>1)*x3^2; exception=I(x3>1)*x3^2; in_bank=1; in_anchor=1; attempted=0; eligible=; anchor_role_ic=None; augmented_role_ic=None; outside_anchor_sse=None; outside_augmented_sse=None; accepted=0; final=1,x1^2,x2^2,x3^2,I(x3>1)*x3^2; wrapper_overhead_unoptimized=1",1.0,1.0,7,3,1.0,120,0,0,1,1;x1^2;x2^2;x3^2;I(x3>1)*x3^2,S,balanced,100,100;100;100;100;100;100;100;100,868676.375,1;x1^2;x2^2;x3^2;I(x3>1)*x3^2,1;x1^2;x2^2;x3^2;I(x3>1)*x3^2,I(x3>1)*x3^2,1.0,1.0,0.0,,0,,,,,0.0
multi_quadratic,exception,0.2,100,8,20102,rcsa-spent-diagnostic,1.0,1.0,1.0,0.0002943889578825447,0.29714020945660435,0.0,1.0,0.0,frozen-v6-anchor,0.3093807624475534,0.45473227426862955,5.313628613999981,6838848,I(x3>1)*x3^2;x1^2;x2^2;x3^2,-0.008621 + 0.593·x₁² + 0.5027·x₂² + 0.8201·x₃² + 0.7561·𝟙[x₃>1]·x₃²,"RCSA spent-seed diagnostic; anchor=1,x1^2,x2^2,x3^2,I(x3>1)*x3^2; exception=I(x3>1)*x3^2; in_bank=1; in_anchor=1; attempted=0; eligible=; anchor_role_ic=None; augmented_role_ic=None; outside_anchor_sse=None; outside_augmented_sse=None; accepted=0; final=1,x1^2,x2^2,x3^2,I(x3>1)*x3^2; wrapper_overhead_unoptimized=1",1.0,1.0,9,5,1.0,382,0,0,1,1;x1^2;x2^2;x3^2;I(x3>1)*x3^2,S,balanced,100,100;100;100;100;100;100;100;100,854856.0,1;x1^2;x2^2;x3^2;I(x3>1)*x3^2,1;x1^2;x2^2;x3^2;I(x3>1)*x3^2,I(x3>1)*x3^2,1.0,1.0,0.0,,0,,,,,0.0
multi_quadratic,exception,0.2,100,8,20103,rcsa-spent-diagnostic,1.0,1.0,1.0,0.0006344086541466314,0.28730259885259046,0.0,1.0,0.0,frozen-v6-anchor,0.2559714887988582,0.37477271166994325,5.377755664999995,6885906,I(x3>1)*x3^2;x1^2;x2^2;x3^2,0.002446 + 0.5918·x₁² + 0.5108·x₂² + 0.8108·x₃² + 0.7016·𝟙[x₃>1]·x₃²,"RCSA spent-seed diagnostic; anchor=1,x1^2,x2^2,x3^2,I(x3>1)*x3^2; exception=I(x3>1)*x3^2; in_bank=1; in_anchor=1; attempted=0; eligible=; anchor_role_ic=None; augmented_role_ic=None; outside_anchor_sse=None; outside_augmented_sse=None; accepted=0; final=1,x1^2,x2^2,x3^2,I(x3>1)*x3^2; wrapper_overhead_unoptimized=1",1.0,1.0,7,3,1.0,120,0,0,1,1;x1^2;x2^2;x3^2;I(x3>1)*x3^2,S,balanced,100,100;100;100;100;100;100;100;100,860738.25,1;x1^2;x2^2;x3^2;I(x3>1)*x3^2,1;x1^2;x2^2;x3^2;I(x3>1)*x3^2,I(x3>1)*x3^2,1.0,1.0,0.0,,0,,,,,0.0
multi_quadratic,exception,0.2,100,8,20104,rcsa-spent-diagnostic,1.0,1.0,1.0,0.0005161649580752664,0.2504114302702898,0.0,1.0,0.0,frozen-v6-anchor,0.21949616506172884,0.3328637198810232,5.223753382000041,6825107,I(x3>1)*x3^2;x1^2;x2^2;x3^2,-0.05451 + 0.5941·x₁² + 0.5208·x₂² + 0.8116·x₃² + 0.7557·𝟙[x₃>1]·x₃²,"RCSA spent-seed diagnostic; anchor=1,x1^2,x2^2,x3^2,I(x3>1)*x3^2; exception=I(x3>1)*x3^2; in_bank=1; in_anchor=1; attempted=0; eligible=; anchor_role_ic=None; augmented_role_ic=None; outside_anchor_sse=None; outside_augmented_sse=None; accepted=0; final=1,x1^2,x2^2,x3^2,I(x3>1)*x3^2; wrapper_overhead_unoptimized=1",1.0,1.0,7,3,1.0,120,0,0,1,1;x1^2;x2^2;x3^2;I(x3>1)*x3^2,S,balanced,100,100;100;100;100;100;100;100;100,853138.375,1;x1^2;x2^2;x3^2;I(x3>1)*x3^2,1;x1^2;x2^2;x3^2;I(x3>1)*x3^2,I(x3>1)*x3^2,1.0,1.0,0.0,,0,,,,,0.0
multi_quadratic,exception,0.2,100,8,20105,rcsa-spent-diagnostic,1.0,1.0,1.0,0.00019464245568673452,0.25441079058990984,0.0,1.0,0.0,frozen-v6-anchor,0.20206946499252645,0.2366869902793648,5.479789213000004,6953681,I(x3>1)*x3^2;x1^2;x2^2;x3^2,0.04036 + 0.6039·x₁² + 0.4951·x₂² + 0.7792·x₃² + 0.7478·𝟙[x₃>1]·x₃²,"RCSA spent-seed diagnostic; anchor=1,x1^2,x2^2,x3^2,I(x3>1)*x3^2; exception=I(x3>1)*x3^2; in_bank=1; in_anchor=1; attempted=0; eligible=; anchor_role_ic=None; augmented_role_ic=None; outside_anchor_sse=None; outside_augmented_sse=None; accepted=0; final=1,x1^2,x2^2,x3^2,I(x3>1)*x3^2; wrapper_overhead_unoptimized=1",1.0,1.0,8,4,1.0,219,0,0,1,1;x1^2;x2^2;x3^2;I(x3>1)*x3^2,S,balanced,100,100;100;100;100;100;100;100;100,869210.125,1;x1^2;x2^2;x3^2;I(x3>1)*x3^2,1;x1^2;x2^2;x3^2;I(x3>1)*x3^2,I(x3>1)*x3^2,1.0,1.0,0.0,,0,,,,,0.0
multi_quadratic,exception,0.2,100,8,20101,rcsa-spent-diagnostic,1.0,1.0,1.0,0.00025536435933800353,0.2644558238375411,0.0,1.0,0.0,frozen-v6-anchor,0.29419075587154914,0.4689952276923443,5.448724414000026,6945735,I(x3>1)*x3^2;x1^2;x2^2;x3^2,0.04917 + 0.601·x₁² + 0.5036·x₂² + 0.7666·x₃² + 0.7654·𝟙[x₃>1]·x₃²,"RCSA spent-seed diagnostic; anchor=1,x1^2,x2^2,x3^2,I(x3>1)*x3^2; exception=I(x3>1)*x3^2; in_bank=1; in_anchor=1; attempted=0; eligible=; anchor_role_ic=None; augmented_role_ic=None; outside_anchor_sse=None; outside_augmented_sse=None; accepted=0; final=1,x1^2,x2^2,x3^2,I(x3>1)*x3^2; wrapper_overhead_unoptimized=1",1.0,1.0,6,2,1.0,63,0,0,1,1;x1^2;x2^2;x3^2;I(x3>1)*x3^2,S,imbalanced,100,80;94;110;128;150;71;71;71,868216.875,1;x1^2;x2^2;x3^2;I(x3>1)*x3^2,1;x1^2;x2^2;x3^2;I(x3>1)*x3^2,I(x3>1)*x3^2,1.0,1.0,0.0,,0,,,,,0.0
multi_quadratic,exception,0.2,100,8,20102,rcsa-spent-diagnostic,1.0,1.0,1.0,0.00015204265785311852,0.2464569420405714,0.0,1.0,0.0,frozen-v6-anchor,0.20981413755811545,0.3780690001930225,5.220668904000149,6820812,I(x3>1)*x3^2;x1^2;x2^2;x3^2,0.04249 + 0.5899·x₁² + 0.4967·x₂² + 0.8002·x₃² + 0.7633·𝟙[x₃>1]·x₃²,"RCSA spent-seed diagnostic; anchor=1,x1^2,x2^2,x3^2,I(x3>1)*x3^2; exception=I(x3>1)*x3^2; in_bank=1; in_anchor=1; attempted=0; eligible=; anchor_role_ic=None; augmented_role_ic=None; outside_anchor_sse=None; outside_augmented_sse=None; accepted=0; final=1,x1^2,x2^2,x3^2,I(x3>1)*x3^2; wrapper_overhead_unoptimized=1",1.0,1.0,6,2,1.0,63,0,0,1,1;x1^2;x2^2;x3^2;I(x3>1)*x3^2,S,imbalanced,100,71;80;94;110;128;150;71;71,852601.5,1;x1^2;x2^2;x3^2;I(x3>1)*x3^2,1;x1^2;x2^2;x3^2;I(x3>1)*x3^2,I(x3>1)*x3^2,1.0,1.0,0.0,,0,,,,,0.0
multi_quadratic,exception,0.2,100,8,20103,rcsa-spent-diagnostic,1.0,1.0,1.0,0.0002751014835338732,0.25830425161998716,0.0,1.0,0.0,frozen-v6-anchor,0.2605235113219394,0.48019935448383566,5.206945168999937,6825300,I(x3>1)*x3^2;x1^2;x2^2;x3^2,-0.00606 + 0.5953·x₁² + 0.5052·x₂² + 0.8119·x₃² + 0.7627·𝟙[x₃>1]·x₃²,"RCSA spent-seed diagnostic; anchor=1,x1^2,x2^2,x3^2,I(x3>1)*x3^2; exception=I(x3>1)*x3^2; in_bank=1; in_anchor=1; attempted=0; eligible=; anchor_role_ic=None; augmented_role_ic=None; outside_anchor_sse=None; outside_augmented_sse=None; accepted=0; final=1,x1^2,x2^2,x3^2,I(x3>1)*x3^2; wrapper_overhead_unoptimized=1",1.0,1.0,7,3,1.0,120,0,0,1,1;x1^2;x2^2;x3^2;I(x3>1)*x3^2,S,imbalanced,100,71;71;80;94;110;128;150;71,853162.5,1;x1^2;x2^2;x3^2;I(x3>1)*x3^2,1;x1^2;x2^2;x3^2;I(x3>1)*x3^2,I(x3>1)*x3^2,1.0,1.0,0.0,,0,,,,,0.0
multi_quadratic,exception,0.2,100,8,20104,rcsa-spent-diagnostic,1.0,1.0,1.0,0.0005462351447945974,0.33073672932722026,0.0,1.0,0.0,frozen-v6-anchor,0.36895653598816924,0.6017639793201205,5.24210567199998,6794632,I(x3>1)*x3^2;x1^2;x2^2;x3^2,0.01292 + 0.6172·x₁² + 0.4869·x₂² + 0.7986·x₃² + 0.7249·𝟙[x₃>1]·x₃²,"RCSA spent-seed diagnostic; anchor=1,x1^2,x2^2,x3^2,I(x3>1)*x3^2; exception=I(x3>1)*x3^2; in_bank=1; in_anchor=1; attempted=0; eligible=; anchor_role_ic=None; augmented_role_ic=None; outside_anchor_sse=None; outside_augmented_sse=None; accepted=0; final=1,x1^2,x2^2,x3^2,I(x3>1)*x3^2; wrapper_overhead_unoptimized=1",1.0,1.0,6,2,1.0,63,0,0,1,1;x1^2;x2^2;x3^2;I(x3>1)*x3^2,S,imbalanced,100,71;71;71;80;94;110;128;150,849329.0,1;x1^2;x2^2;x3^2;I(x3>1)*x3^2,1;x1^2;x2^2;x3^2;I(x3>1)*x3^2,I(x3>1)*x3^2,1.0,1.0,0.0,,0,,,,,0.0
multi_quadratic,exception,0.2,100,8,20105,rcsa-spent-diagnostic,0.0,0.75,0.75,0.011506176035555673,0.39851300997436384,0.0,0.0,0.0,frozen-v6-anchor,0.3884655307789694,0.5663585258035368,5.672776587000044,7108580,x1^2;x2^2;x3;x3^2,-0.1023 + 0.6422·x₃ + 0.6155·x₁² + 0.4953·x₂² + 1.202·x₃²,"RCSA spent-seed diagnostic; anchor=1,x3,x1^2,x2^2,x3^2; exception=I(x3>1)*x3^2; in_bank=1; in_anchor=0; attempted=1; eligible=client-8; anchor_role_ic=0.5132142322959697; augmented_role_ic=1.0709313496508046; outside_anchor_sse=34.70868632882273; outside_augmented_sse=31.07263688817293; accepted=0; final=1,x3,x1^2,x2^2,x3^2; wrapper_overhead_unoptimized=1",1.0,1.0,7,3,1.0,120,0,0,0,1;x3;x1^2;x2^2;x3^2,S,imbalanced,100,150;71;71;71;80;94;110;128,888572.5,1;x3;x1^2;x2^2;x3^2,1;x3;x1^2;x2^2;x3^2,I(x3>1)*x3^2,1.0,0.0,1.0,client-8,19,0.5132142322959697,1.0709313496508046,34.70868632882273,31.07263688817293,0.0
multi_quadratic,exception,0.2,100,16,20101,rcsa-spent-diagnostic,1.0,1.0,1.0,0.00013118197641128092,0.21605959606256658,0.0,1.0,0.0,frozen-v6-anchor,0.2498779587377245,0.4207732597060688,10.266998463999926,13646182,I(x3>1)*x3^2;x1^2;x2^2;x3^2,-0.04078 + 0.6065·x₁² + 0.508·x₂² + 0.8103·x₃² + 0.7407·𝟙[x₃>1]·x₃²,"RCSA spent-seed diagnostic; anchor=1,x1^2,x2^2,x3^2,I(x3>1)*x3^2; exception=I(x3>1)*x3^2; in_bank=1; in_anchor=1; attempted=0; eligible=; anchor_role_ic=None; augmented_role_ic=None; outside_anchor_sse=None; outside_augmented_sse=None; accepted=0; final=1,x1^2,x2^2,x3^2,I(x3>1)*x3^2; wrapper_overhead_unoptimized=1",1.0,1.0,7,3,1.0,120,0,0,1,1;x1^2;x2^2;x3^2;I(x3>1)*x3^2,S,balanced,100,100;100;100;100;100;100;100;100;100;100;100;100;100;100;100;100,852886.375,1;x1^2;x2^2;x3^2;I(x3>1)*x3^2,1;x1^2;x2^2;x3^2;I(x3>1)*x3^2,I(x3>1)*x3^2,1.0,1.0,0.0,,0,,,,,0.0
multi_quadratic,exception,0.2,100,16,20102,rcsa-spent-diagnostic,1.0,1.0,1.0,6.433168454033027e-05,0.2484568379202727,0.0,1.0,0.0,frozen-v6-anchor,0.2531416997508376,0.3655774920545885,10.344006361000083,13642733,I(x3>1)*x3^2;x1^2;x2^2;x3^2,-0.0157 + 0.5982·x₁² + 0.5023·x₂² + 0.799·x₃² + 0.7438·𝟙[x₃>1]·x₃²,"RCSA spent-seed diagnostic; anchor=1,x1^2,x2^2,x3^2,I(x3>1)*x3^2; exception=I(x3>1)*x3^2; in_bank=1; in_anchor=1; attempted=0; eligible=; anchor_role_ic=None; augmented_role_ic=None; outside_anchor_sse=None; outside_augmented_sse=None; accepted=0; final=1,x1^2,x2^2,x3^2,I(x3>1)*x3^2; wrapper_overhead_unoptimized=1",1.0,1.0,7,3,1.0,120,0,0,1,1;x1^2;x2^2;x3^2;I(x3>1)*x3^2,S,balanced,100,100;100;100;100;100;100;100;100;100;100;100;100;100;100;100;100,852670.8125,1;x1^2;x2^2;x3^2;I(x3>1)*x3^2,1;x1^2;x2^2;x3^2;I(x3>1)*x3^2,I(x3>1)*x3^2,1.0,1.0,0.0,,0,,,,,0.0
multi_quadratic,exception,0.2,100,16,20103,rcsa-spent-diagnostic,1.0,1.0,1.0,7.051652284113562e-05,0.21442570902220986,0.0,1.0,0.0,frozen-v6-anchor,0.1927838623350087,0.3011036326721713,10.467020236000053,13745558,I(x3>1)*x3^2;x1^2;x2^2;x3^2,-0.0413 + 0.5992·x₁² + 0.5083·x₂² + 0.802·x₃² + 0.7488·𝟙[x₃>1]·x₃²,"RCSA spent-seed diagnostic; anchor=1,x1^2,x2^2,x3^2,I(x3>1)*x3^2; exception=I(x3>1)*x3^2; in_bank=1; in_anchor=1; attempted=0; eligible=; anchor_role_ic=None; augmented_role_ic=None; outside_anchor_sse=None; outside_augmented_sse=None; accepted=0; final=1,x1^2,x2^2,x3^2,I(x3>1)*x3^2; wrapper_overhead_unoptimized=1",1.0,1.0,6,2,1.0,63,0,0,1,1;x1^2;x2^2;x3^2;I(x3>1)*x3^2,S,balanced,100,100;100;100;100;100;100;100;100;100;100;100;100;100;100;100;100,859097.375,1;x1^2;x2^2;x3^2;I(x3>1)*x3^2,1;x1^2;x2^2;x3^2;I(x3>1)*x3^2,I(x3>1)*x3^2,1.0,1.0,0.0,,0,,,,,0.0
multi_quadratic,exception,0.2,100,16,20104,rcsa-spent-diagnostic,1.0,1.0,1.0,0.00014329074109341146,0.2272486181777814,0.0,1.0,0.0,frozen-v6-anchor,0.21486664541836162,0.3559382052960397,10.305883891999883,13644017,I(x3>1)*x3^2;x1^2;x2^2;x3^2,0.005065 + 0.5993·x₁² + 0.5018·x₂² + 0.7965·x₃² + 0.7706·𝟙[x₃>1]·x₃²,"RCSA spent-seed diagnostic; anchor=1,x1^2,x2^2,x3^2,I(x3>1)*x3^2; exception=I(x3>1)*x3^2; in_bank=1; in_anchor=1; attempted=0; eligible=; anchor_role_ic=None; augmented_role_ic=None; outside_anchor_sse=None; outside_augmented_sse=None; accepted=0; final=1,x1^2,x2^2,x3^2,I(x3>1)*x3^2; wrapper_overhead_unoptimized=1",1.0,1.0,7,3,1.0,120,0,0,1,1;x1^2;x2^2;x3^2;I(x3>1)*x3^2,S,balanced,100,100;100;100;100;100;100;100;100;100;100;100;100;100;100;100;100,852751.0625,1;x1^2;x2^2;x3^2;I(x3>1)*x3^2,1;x1^2;x2^2;x3^2;I(x3>1)*x3^2,I(x3>1)*x3^2,1.0,1.0,0.0,,0,,,,,0.0
multi_quadratic,exception,0.2,100,16,20105,rcsa-spent-diagnostic,1.0,1.0,1.0,0.00019168671713887974,0.20225105569087196,0.0,1.0,0.0,frozen-v6-anchor,0.2024363126777666,0.3140531108700808,10.327171744999987,13644522,I(x3>1)*x3^2;x1^2;x2^2;x3^2,0.06521 + 0.5854·x₁² + 0.5014·x₂² + 0.7867·x₃² + 0.7614·𝟙[x₃>1]·x₃²,"RCSA spent-seed diagnostic; anchor=1,x1^2,x2^2,x3^2,I(x3>1)*x3^2; exception=I(x3>1)*x3^2; in_bank=1; in_anchor=1; attempted=0; eligible=; anchor_role_ic=None; augmented_role_ic=None; outside_anchor_sse=None; outside_augmented_sse=None; accepted=0; final=1,x1^2,x2^2,x3^2,I(x3>1)*x3^2; wrapper_overhead_unoptimized=1",1.0,1.0,7,3,1.0,120,0,0,1,1;x1^2;x2^2;x3^2;I(x3>1)*x3^2,S,balanced,100,100;100;100;100;100;100;100;100;100;100;100;100;100;100;100;100,852782.625,1;x1^2;x2^2;x3^2;I(x3>1)*x3^2,1;x1^2;x2^2;x3^2;I(x3>1)*x3^2,I(x3>1)*x3^2,1.0,1.0,0.0,,0,,,,,0.0
multi_quadratic,exception,0.2,100,16,20101,rcsa-spent-diagnostic,1.0,1.0,1.0,4.984578581974861e-05,0.24074814030228173,0.0,1.0,0.0,frozen-v6-anchor,0.227921240271921,0.35972246653026796,10.384367627000074,13657070,I(x3>1)*x3^2;x1^2;x2^2;x3^2,0.0119 + 0.5947·x₁² + 0.4984·x₂² + 0.795·x₃² + 0.7535·𝟙[x₃>1]·x₃²,"RCSA spent-seed diagnostic; anchor=1,x1^2,x2^2,x3^2,I(x3>1)*x3^2; exception=I(x3>1)*x3^2; in_bank=1; in_anchor=1; attempted=0; eligible=; anchor_role_ic=None; augmented_role_ic=None; outside_anchor_sse=None; outside_augmented_sse=None; accepted=0; final=1,x1^2,x2^2,x3^2,I(x3>1)*x3^2; wrapper_overhead_unoptimized=1",1.0,1.0,8,4,1.0,219,0,0,1,1;x1^2;x2^2;x3^2;I(x3>1)*x3^2,S,imbalanced,100,112;120;130;139;150;71;71;71;71;71;72;78;83;90;97;104,853566.875,1;x1^2;x2^2;x3^2;I(x3>1)*x3^2,1;x1^2;x2^2;x3^2;I(x3>1)*x3^2,I(x3>1)*x3^2,1.0,1.0,0.0,,0,,,,,0.0
multi_quadratic,exception,0.2,100,16,20102,rcsa-spent-diagnostic,1.0,1.0,1.0,0.0001110417341134985,0.2253691340983729,0.0,1.0,0.0,frozen-v6-anchor,0.2374515455757698,0.402832545658768,10.313831618999984,13640668,I(x3>1)*x3^2;x1^2;x2^2;x3^2,-0.01353 + 0.6039·x₁² + 0.4938·x₂² + 0.8019·x₃² + 0.7641·𝟙[x₃>1]·x₃²,"RCSA spent-seed diagnostic; anchor=1,x1^2,x2^2,x3^2,I(x3>1)*x3^2; exception=I(x3>1)*x3^2; in_bank=1; in_anchor=1; attempted=0; eligible=; anchor_role_ic=None; augmented_role_ic=None; outside_anchor_sse=None; outside_augmented_sse=None; accepted=0; final=1,x1^2,x2^2,x3^2,I(x3>1)*x3^2; wrapper_overhead_unoptimized=1",1.0,1.0,7,3,1.0,120,0,0,1,1;x1^2;x2^2;x3^2;I(x3>1)*x3^2,S,imbalanced,100,104;112;120;130;139;150;71;71;71;71;71;72;78;83;90;97,852541.75,1;x1^2;x2^2;x3^2;I(x3>1)*x3^2,1;x1^2;x2^2;x3^2;I(x3>1)*x3^2,I(x3>1)*x3^2,1.0,1.0,0.0,,0,,,,,0.0
multi_quadratic,exception,0.2,100,16,20103,rcsa-spent-diagnostic,1.0,1.0,1.0,8.695970638441181e-05,0.21666596738833818,0.0,1.0,0.0,frozen-v6-anchor,0.2215083749734202,0.3532188790657339,10.294874601999936,13631616,I(x3>1)*x3^2;x1^2;x2^2;x3^2,-0.02251 + 0.5957·x₁² + 0.5046·x₂² + 0.799·x₃² + 0.7477·𝟙[x₃>1]·x₃²,"RCSA spent-seed diagnostic; anchor=1,x1^2,x2^2,x3^2,I(x3>1)*x3^2; exception=I(x3>1)*x3^2; in_bank=1; in_anchor=1; attempted=0; eligible=; anchor_role_ic=None; augmented_role_ic=None; outside_anchor_sse=None; outside_augmented_sse=None; accepted=0; final=1,x1^2,x2^2,x3^2,I(x3>1)*x3^2; wrapper_overhead_unoptimized=1",1.0,1.0,6,2,1.0,63,0,0,1,1;x1^2;x2^2;x3^2;I(x3>1)*x3^2,S,imbalanced,100,97;104;112;120;130;139;150;71;71;71;71;71;72;78;83;90,851976.0,1;x1^2;x2^2;x3^2;I(x3>1)*x3^2,1;x1^2;x2^2;x3^2;I(x3>1)*x3^2,I(x3>1)*x3^2,1.0,1.0,0.0,,0,,,,,0.0
multi_quadratic,exception,0.2,100,16,20104,rcsa-spent-diagnostic,1.0,1.0,1.0,8.808742718719687e-05,0.22740058030979743,0.0,1.0,0.0,frozen-v6-anchor,0.23633515059815788,0.5022886797163864,10.774572972999977,13886181,I(x3>1)*x3^2;x1^2;x2^2;x3^2,0.04165 + 0.6003·x₁² + 0.4989·x₂² + 0.7828·x₃² + 0.7523·𝟙[x₃>1]·x₃²,"RCSA spent-seed diagnostic; anchor=1,x1^2,x2^2,x3^2,I(x3>1)*x3^2; exception=I(x3>1)*x3^2; in_bank=1; in_anchor=1; attempted=0; eligible=; anchor_role_ic=None; augmented_role_ic=None; outside_anchor_sse=None; outside_augmented_sse=None; accepted=0; final=1,x1^2,x2^2,x3^2,I(x3>1)*x3^2; wrapper_overhead_unoptimized=1",1.0,1.0,7,3,1.0,120,0,0,1,1;x1^2;x2^2;x3^2;I(x3>1)*x3^2,S,imbalanced,100,90;97;104;112;120;130;139;150;71;71;71;71;71;72;78;83,867886.3125,1;x1^2;x2^2;x3^2;I(x3>1)*x3^2,1;x1^2;x2^2;x3^2;I(x3>1)*x3^2,I(x3>1)*x3^2,1.0,1.0,0.0,,0,,,,,0.0
multi_quadratic,exception,0.2,100,16,20105,rcsa-spent-diagnostic,1.0,1.0,1.0,2.9047426371967065e-05,0.1931808145898542,0.0,1.0,0.0,frozen-v6-anchor,0.2197089301242599,0.3144514650505037,10.983614049999915,14001538,I(x3>1)*x3^2;x1^2;x2^2;x3^2,0.02562 + 0.6009·x₁² + 0.4974·x₂² + 0.7939·x₃² + 0.7554·𝟙[x₃>1]·x₃²,"RCSA spent-seed diagnostic; anchor=1,x1^2,x2^2,x3^2,I(x3>1)*x3^2; exception=I(x3>1)*x3^2; in_bank=1; in_anchor=1; attempted=0; eligible=; anchor_role_ic=None; augmented_role_ic=None; outside_anchor_sse=None; outside_augmented_sse=None; accepted=0; final=1,x1^2,x2^2,x3^2,I(x3>1)*x3^2; wrapper_overhead_unoptimized=1",1.0,1.0,6,2,1.0,63,0,0,1,1;x1^2;x2^2;x3^2;I(x3>1)*x3^2,S,imbalanced,100,83;90;97;104;112;120;130;139;150;71;71;71;71;71;72;78,875096.125,1;x1^2;x2^2;x3^2;I(x3>1)*x3^2,1;x1^2;x2^2;x3^2;I(x3>1)*x3^2,I(x3>1)*x3^2,1.0,1.0,0.0,,0,,,,,0.0
trig_cross,complementary,0.2,100,4,20101,rcsa-spent-diagnostic,1.0,1.0,1.0,0.0004048705091842283,0.04953246223404267,0.0,1.0,0.0,frozen-v6-anchor,0.03863941431535688,0.050721769221344935,1.9822083819999534,3008029,cos(x3);sin(x1)*cos(x2);x1,0.01624 + 0.5094·x₁ + 0.6917·cos(x₃) + 1.196·sin(x₁)cos(x₂),"RCSA spent-seed diagnostic; anchor=1,x1,cos(x3),sin(x1)*cos(x2); exception=; in_bank=0; in_anchor=0; attempted=0; eligible=; anchor_role_ic=None; augmented_role_ic=None; outside_anchor_sse=None; outside_augmented_sse=None; accepted=0; final=1,x1,cos(x3),sin(x1)*cos(x2); wrapper_overhead_unoptimized=1",1.0,1.0,7,4,0.0,120,0,1,0,1;x1;cos(x3);sin(x1)*cos(x2),S,balanced,100,100;100;100;100,752007.25,1;x1;cos(x3);sin(x1)*cos(x2),1;x1;cos(x3);sin(x1)*cos(x2),,0.0,0.0,0.0,,0,,,,,0.0
trig_cross,complementary,0.2,100,4,20102,rcsa-spent-diagnostic,1.0,1.0,1.0,0.0004059567844789693,0.04714140775910227,0.0,1.0,0.0,frozen-v6-anchor,0.05078735583362472,0.06456540961519343,1.9820158909999464,3002835,cos(x3);sin(x1)*cos(x2);x1,-0.01715 + 0.4908·x₁ + 0.7067·cos(x₃) + 1.202·sin(x₁)cos(x₂),"RCSA spent-seed diagnostic; anchor=1,x1,cos(x3),sin(x1)*cos(x2); exception=; in_bank=0; in_anchor=0; attempted=0; eligible=; anchor_role_ic=None; augmented_role_ic=None; outside_anchor_sse=None; outside_augmented_sse=None; accepted=0; final=1,x1,cos(x3),sin(x1)*cos(x2); wrapper_overhead_unoptimized=1",1.0,1.0,6,3,1.0,63,0,0,0,1;x1;cos(x3);sin(x1)*cos(x2),S,balanced,100,100;100;100;100,750708.75,1;x1;cos(x3);sin(x1)*cos(x2),1;x1;cos(x3);sin(x1)*cos(x2),,0.0,0.0,0.0,,0,,,,,0.0
trig_cross,complementary,0.2,100,4,20103,rcsa-spent-diagnostic,1.0,1.0,1.0,0.0004534716176454941,0.05129110320898123,0.0,1.0,0.0,frozen-v6-anchor,0.05355691060883408,0.07157821320990104,2.051449014999889,3037151,cos(x3);sin(x1)*cos(x2);x1,0.007607 + 0.5113·x₁ + 0.6789·cos(x₃) + 1.188·sin(x₁)cos(x₂),"RCSA spent-seed diagnostic; anchor=1,x1,cos(x3),sin(x1)*cos(x2); exception=; in_bank=0; in_anchor=0; attempted=0; eligible=; anchor_role_ic=None; augmented_role_ic=None; outside_anchor_sse=None; outside_augmented_sse=None; accepted=0; final=1,x1,cos(x3),sin(x1)*cos(x2); wrapper_overhead_unoptimized=1",1.0,1.0,7,4,0.0,120,0,1,0,1;x1;cos(x3);sin(x1)*cos(x2),S,balanced,100,100;100;100;100,759287.75,1;x1;cos(x3);sin(x1)*cos(x2),1;x1;cos(x3);sin(x1)*cos(x2),,0.0,0.0,0.0,,0,,,,,0.0
trig_cross,complementary,0.2,100,4,20104,rcsa-spent-diagnostic,1.0,1.0,1.0,0.0004623140583446854,0.04961889466376015,0.0,1.0,0.0,frozen-v6-anchor,0.06057204132168835,0.07798114271961971,1.987783448000073,3000753,cos(x3);sin(x1)*cos(x2);x1,-0.01907 + 0.5053·x₁ + 0.6978·cos(x₃) + 1.176·sin(x₁)cos(x₂),"RCSA spent-seed diagnostic; anchor=1,x1,cos(x3),sin(x1)*cos(x2); exception=; in_bank=0; in_anchor=0; attempted=0; eligible=; anchor_role_ic=None; augmented_role_ic=None; outside_anchor_sse=None; outside_augmented_sse=None; accepted=0; final=1,x1,cos(x3),sin(x1)*cos(x2); wrapper_overhead_unoptimized=1",1.0,1.0,6,3,1.0,63,0,0,0,1;x1;cos(x3);sin(x1)*cos(x2),S,balanced,100,100;100;100;100,750188.25,1;x1;cos(x3);sin(x1)*cos(x2),1;x1;cos(x3);sin(x1)*cos(x2),,0.0,0.0,0.0,,0,,,,,0.0
trig_cross,complementary,0.2,100,4,20105,rcsa-spent-diagnostic,0.0,0.6666666666666666,0.6666666666666666,0.004006227607399868,0.050573670151608546,0.0,1.0,0.0,frozen-v6-anchor,0.03459724074110602,0.04747894309982641,2.0379260680001607,3034798,sin(x1)*cos(x2);x1;x3^2,0.6273 + 0.5065·x₁ - 0.2304·x₃² + 1.221·sin(x₁)cos(x₂),"RCSA spent-seed diagnostic; anchor=1,x1,x3^2,sin(x1)*cos(x2); exception=; in_bank=0; in_anchor=0; attempted=0; eligible=; anchor_role_ic=None; augmented_role_ic=None; outside_anchor_sse=None; outside_augmented_sse=None; accepted=0; final=1,x1,x3^2,sin(x1)*cos(x2); wrapper_overhead_unoptimized=1",1.0,1.0,7,4,0.0,120,0,1,0,1;x1;x3^2;sin(x1)*cos(x2),S,balanced,100,100;100;100;100,758699.5,1;x1;x3^2;sin(x1)*cos(x2),1;x1;x3^2;sin(x1)*cos(x2),,0.0,0.0,0.0,,0,,,,,0.0
trig_cross,complementary,0.2,100,4,20101,rcsa-spent-diagnostic,1.0,1.0,1.0,0.0002707485622980369,0.047443891107328516,0.0,1.0,0.0,frozen-v6-anchor,0.04584898258147555,0.05758801236359782,2.063334151000163,3061180,cos(x3);sin(x1)*cos(x2);x1,0.00391 + 0.4934·x₁ + 0.7159·cos(x₃) + 1.184·sin(x₁)cos(x₂),"RCSA spent-seed diagnostic; anchor=1,x1,cos(x3),sin(x1)*cos(x2); exception=; in_bank=0; in_anchor=0; attempted=0; eligible=; anchor_role_ic=None; augmented_role_ic=None; outside_anchor_sse=None; outside_augmented_sse=None; accepted=0; final=1,x1,cos(x3),sin(x1)*cos(x2); wrapper_overhead_unoptimized=1",1.0,1.0,6,3,1.0,63,0,0,0,1;x1;cos(x3);sin(x1)*cos(x2),S,imbalanced,100,150;71;72;104,765295.0,1;x1;cos(x3);sin(x1)*cos(x2),1;x1;cos(x3);sin(x1)*cos(x2),,0.0,0.0,0.0,,0,,,,,0.0
trig_cross,complementary,0.2,100,4,20102,rcsa-spent-diagnostic,1.0,1.0,1.0,0.0002706443649019358,0.04665884840218404,0.0,1.0,0.0,frozen-v6-anchor,0.046881093180054886,0.056449314323793326,2.061126366000053,3062272,cos(x3);sin(x1)*cos(x2);x1,-0.01838 + 0.4997·x₁ + 0.719·cos(x₃) + 1.19·sin(x₁)cos(x₂),"RCSA spent-seed diagnostic; anchor=1,x1,cos(x3),sin(x1)*cos(x2); exception=; in_bank=0; in_anchor=0; attempted=0; eligible=; anchor_role_ic=None; augmented_role_ic=None; outside_anchor_sse=None; outside_augmented_sse=None; accepted=0; final=1,x1,cos(x3),sin(x1)*cos(x2); wrapper_overhead_unoptimized=1",1.0,1.0,6,3,1.0,63,0,0,0,1;x1;cos(x3);sin(x1)*cos(x2),S,imbalanced,100,104;150;71;72,765568.0,1;x1;cos(x3);sin(x1)*cos(x2),1;x1;cos(x3);sin(x1)*cos(x2),,0.0,0.0,0.0,,0,,,,,0.0
trig_cross,complementary,0.2,100,4,20103,rcsa-spent-diagnostic,0.0,0.6666666666666666,0.6666666666666666,0.008936949220960513,0.05939371919199766,0.0,1.0,0.0,frozen-v6-anchor,0.04420281600174632,0.061180013150809266,2.000326284000039,3004522,sin(x1)*cos(x2);x1;x3^2,0.6689 + 0.504·x₁ - 0.2575·x₃² + 1.19·sin(x₁)cos(x₂),"RCSA spent-seed diagnostic; anchor=1,x1,x3^2,sin(x1)*cos(x2); exception=; in_bank=0; in_anchor=0; attempted=0; eligible=; anchor_role_ic=None; augmented_role_ic=None; outside_anchor_sse=None; outside_augmented_sse=None; accepted=0; final=1,x1,x3^2,sin(x1)*cos(x2); wrapper_overhead_unoptimized=1",1.0,1.0,6,3,0.0,63,0,1,0,1;x1;x3^2;sin(x1)*cos(x2),S,imbalanced,100,72;104;150;71,751130.5,1;x1;x3^2;sin(x1)*cos(x2),1;x1;x3^2;sin(x1)*cos(x2),,0.0,0.0,0.0,,0,,,,,0.0
trig_cross,complementary,0.2,100,4,20104,rcsa-spent-diagnostic,1.0,1.0,1.0,0.0008549936737573089,0.0548637213211826,0.0,1.0,0.0,frozen-v6-anchor,0.04716905829479363,0.05303752637817164,1.936017050999908,2975531,cos(x3);sin(x1)*cos(x2);x1,0.002203 + 0.5023·x₁ + 0.6481·cos(x₃) + 1.183·sin(x₁)cos(x₂),"RCSA spent-seed diagnostic; anchor=1,x1,cos(x3),sin(x1)*cos(x2); exception=; in_bank=0; in_anchor=0; attempted=0; eligible=; anchor_role_ic=None; augmented_role_ic=None; outside_anchor_sse=None; outside_augmented_sse=None; accepted=0; final=1,x1,cos(x3),sin(x1)*cos(x2); wrapper_overhead_unoptimized=1",1.0,1.0,6,3,1.0,63,0,0,0,1;x1;cos(x3);sin(x1)*cos(x2),S,imbalanced,100,71;72;104;150,743882.75,1;x1;cos(x3);sin(x1)*cos(x2),1;x1;cos(x3);sin(x1)*cos(x2),,0.0,0.0,0.0,,0,,,,,0.0
trig_cross,complementary,0.2,100,4,20105,rcsa-spent-diagnostic,1.0,1.0,1.0,0.0010808210364976105,0.05192665183801977,0.0,1.0,0.0,frozen-v6-anchor,0.059288970748686116,0.07165386903500638,1.9778885929999888,3005510,cos(x3);sin(x1)*cos(x2);x1,0.001821 + 0.5205·x₁ + 0.6814·cos(x₃) + 1.181·sin(x₁)cos(x₂),"RCSA spent-seed diagnostic; anchor=1,x1,cos(x3),sin(x1)*cos(x2); exception=; in_bank=0; in_anchor=0; attempted=0; eligible=; anchor_role_ic=None; augmented_role_ic=None; outside_anchor_sse=None; outside_augmented_sse=None; accepted=0; final=1,x1,cos(x3),sin(x1)*cos(x2); wrapper_overhead_unoptimized=1",1.0,1.0,6,3,1.0,63,0,0,0,1;x1;cos(x3);sin(x1)*cos(x2),S,imbalanced,100,150;71;72;104,751377.5,1;x1;cos(x3);sin(x1)*cos(x2),1;x1;cos(x3);sin(x1)*cos(x2),,0.0,0.0,0.0,,0,,,,,0.0
trig_cross,complementary,0.2,100,8,20101,rcsa-spent-diagnostic,1.0,1.0,1.0,0.0005808679748461283,0.050758549679322265,0.0,1.0,0.0,frozen-v6-anchor,0.05400797053876517,0.07879282492392765,3.868276473999913,6004781,cos(x3);sin(x1)*cos(x2);x1,-0.01102 + 0.4934·x₁ + 0.7218·cos(x₃) + 1.239·sin(x₁)cos(x₂),"RCSA spent-seed diagnostic; anchor=1,x1,cos(x3),sin(x1)*cos(x2); exception=; in_bank=0; in_anchor=0; attempted=0; eligible=; anchor_role_ic=None; augmented_role_ic=None; outside_anchor_sse=None; outside_augmented_sse=None; accepted=0; final=1,x1,cos(x3),sin(x1)*cos(x2); wrapper_overhead_unoptimized=1",1.0,1.0,6,3,1.0,63,0,0,0,1;x1;cos(x3);sin(x1)*cos(x2),S,balanced,100,100;100;100;100;100;100;100;100,750597.625,1;x1;cos(x3);sin(x1)*cos(x2),1;x1;cos(x3);sin(x1)*cos(x2),,0.0,0.0,0.0,,0,,,,,0.0
trig_cross,complementary,0.2,100,8,20102,rcsa-spent-diagnostic,1.0,1.0,1.0,0.00026603489311612745,0.051818195887801316,0.0,1.0,0.0,frozen-v6-anchor,0.05468842918247128,0.08529563270959646,3.8786266920001253,6006710,cos(x3);sin(x1)*cos(x2);x1,0.01674 + 0.5012·x₁ + 0.6823·cos(x₃) + 1.184·sin(x₁)cos(x₂),"RCSA spent-seed diagnostic; anchor=1,x1,cos(x3),sin(x1)*cos(x2); exception=; in_bank=0; in_anchor=0; attempted=0; eligible=; anchor_role_ic=None; augmented_role_ic=None; outside_anchor_sse=None; outside_augmented_sse=None; accepted=0; final=1,x1,cos(x3),sin(x1)*cos(x2); wrapper_overhead_unoptimized=1",1.0,1.0,6,3,0.0,63,0,1,0,1;x1;cos(x3);sin(x1)*cos(x2),S,balanced,100,100;100;100;100;100;100;100;100,750838.75,1;x1;cos(x3);sin(x1)*cos(x2),1;x1;cos(x3);sin(x1)*cos(x2),,0.0,0.0,0.0,,0,,,,,0.0
trig_cross,complementary,0.2,100,8,20103,rcsa-spent-diagnostic,1.0,1.0,1.0,0.00019250510165365475,0.05177437063543229,0.0,1.0,0.0,frozen-v6-anchor,0.04634447823899186,0.06961459002623324,3.8751718979999623,6005287,cos(x3);sin(x1)*cos(x2);x1,0.001328 + 0.4932·x₁ + 0.7041·cos(x₃) + 1.18·sin(x₁)cos(x₂),"RCSA spent-seed diagnostic; anchor=1,x1,cos(x3),sin(x1)*cos(x2); exception=; in_bank=0; in_anchor=0; attempted=0; eligible=; anchor_role_ic=None; augmented_role_ic=None; outside_anchor_sse=None; outside_augmented_sse=None; accepted=0; final=1,x1,cos(x3),sin(x1)*cos(x2); wrapper_overhead_unoptimized=1",1.0,1.0,6,3,0.0,63,0,1,0,1;x1;cos(x3);sin(x1)*cos(x2),S,balanced,100,100;100;100;100;100;100;100;100,750660.875,1;x1;cos(x3);sin(x1)*cos(x2),1;x1;cos(x3);sin(x1)*cos(x2),,0.0,0.0,0.0,,0,,,,,0.0
trig_cross,complementary,0.2,100,8,20104,rcsa-spent-diagnostic,1.0,1.0,1.0,0.00016800082848306936,0.042790693190901105,0.0,1.0,0.0,frozen-v6-anchor,0.03646439456506927,0.05599296429393093,3.890268722999963,6005638,cos(x3);sin(x1)*cos(x2);x1,0.002235 + 0.5056·x₁ + 0.6967·cos(x₃) + 1.178·sin(x₁)cos(x₂),"RCSA spent-seed diagnostic; anchor=1,x1,cos(x3),sin(x1)*cos(x2); exception=; in_bank=0; in_anchor=0; attempted=0; eligible=; anchor_role_ic=None; augmented_role_ic=None; outside_anchor_sse=None; outside_augmented_sse=None; accepted=0; final=1,x1,cos(x3),sin(x1)*cos(x2); wrapper_overhead_unoptimized=1",1.0,1.0,6,3,1.0,63,0,0,0,1;x1;cos(x3);sin(x1)*cos(x2),S,balanced,100,100;100;100;100;100;100;100;100,750704.75,1;x1;cos(x3);sin(x1)*cos(x2),1;x1;cos(x3);sin(x1)*cos(x2),,0.0,0.0,0.0,,0,,,,,0.0
trig_cross,complementary,0.2,100,8,20105,rcsa-spent-diagnostic,1.0,1.0,1.0,0.0006297083718707897,0.04313084267906803,0.0,1.0,0.0,frozen-v6-anchor,0.034775638849011484,0.04443297527414743,3.878916884000091,5998809,cos(x3);sin(x1)*cos(x2);x1,0.0002834 + 0.4863·x₁ + 0.7033·cos(x₃) + 1.234·sin(x₁)cos(x₂),"RCSA spent-seed diagnostic; anchor=1,x1,cos(x3),sin(x1)*cos(x2); exception=; in_bank=0; in_anchor=0; attempted=0; eligible=; anchor_role_ic=None; augmented_role_ic=None; outside_anchor_sse=None; outside_augmented_sse=None; accepted=0; final=1,x1,cos(x3),sin(x1)*cos(x2); wrapper_overhead_unoptimized=1",1.0,1.0,5,2,1.0,32,0,0,0,1;x1;cos(x3);sin(x1)*cos(x2),S,balanced,100,100;100;100;100;100;100;100;100,749851.125,1;x1;cos(x3);sin(x1)*cos(x2),1;x1;cos(x3);sin(x1)*cos(x2),,0.0,0.0,0.0,,0,,,,,0.0
trig_cross,complementary,0.2,100,8,20101,rcsa-spent-diagnostic,1.0,1.0,1.0,0.0014800613956362908,0.046736252516149546,0.0,1.0,0.0,frozen-v6-anchor,0.05088081152713741,0.07810553129046914,3.8803389989998323,6010625,cos(x3);sin(x1)*cos(x2);x1,-0.02797 + 0.5039·x₁ + 0.7709·cos(x₃) + 1.199·sin(x₁)cos(x₂),"RCSA spent-seed diagnostic; anchor=1,x1,cos(x3),sin(x1)*cos(x2); exception=; in_bank=0; in_anchor=0; attempted=0; eligible=; anchor_role_ic=None; augmented_role_ic=None; outside_anchor_sse=None; outside_augmented_sse=None; accepted=0; final=1,x1,cos(x3),sin(x1)*cos(x2); wrapper_overhead_unoptimized=1",1.0,1.0,6,3,1.0,63,0,0,0,1;x1;cos(x3);sin(x1)*cos(x2),S,imbalanced,100,80;94;110;128;150;71;71;71,751328.125,1;x1;cos(x3);sin(x1)*cos(x2),1;x1;cos(x3);sin(x1)*cos(x2),,0.0,0.0,0.0,,0,,,,,0.0
trig_cross,complementary,0.2,100,8,20102,rcsa-spent-diagnostic,1.0,1.0,1.0,0.00036924520937830433,0.047490225432666955,0.0,1.0,0.0,frozen-v6-anchor,0.04048761809473121,0.07229327568122805,3.888126783999951,6008476,cos(x3);sin(x1)*cos(x2);x1,0.02093 + 0.5007·x₁ + 0.6757·cos(x₃) + 1.211·sin(x₁)cos(x₂),"RCSA spent-seed diagnostic; anchor=1,x1,cos(x3),sin(x1)*cos(x2); exception=; in_bank=0; in_anchor=0; attempted=0; eligible=; anchor_role_ic=None; augmented_role_ic=None; outside_anchor_sse=None; outside_augmented_sse=None; accepted=0; final=1,x1,cos(x3),sin(x1)*cos(x2); wrapper_overhead_unoptimized=1",1.0,1.0,6,3,1.0,63,0,0,0,1;x1;cos(x3);sin(x1)*cos(x2),S,imbalanced,100,71;80;94;110;128;150;71;71,751059.5,1;x1;cos(x3);sin(x1)*cos(x2),1;x1;cos(x3);sin(x1)*cos(x2),,0.0,0.0,0.0,,0,,,,,0.0
trig_cross,complementary,0.2,100,8,20103,rcsa-spent-diagnostic,1.0,1.0,1.0,0.0001444452330277032,0.052031134364036065,0.0,1.0,0.0,frozen-v6-anchor,0.054141546509841126,0.09904614207557852,3.8955534619999526,6008428,cos(x3);sin(x1)*cos(x2);x1,0.01099 + 0.5052·x₁ + 0.6927·cos(x₃) + 1.197·sin(x₁)cos(x₂),"RCSA spent-seed diagnostic; anchor=1,x1,cos(x3),sin(x1)*cos(x2); exception=; in_bank=0; in_anchor=0; attempted=0; eligible=; anchor_role_ic=None; augmented_role_ic=None; outside_anchor_sse=None; outside_augmented_sse=None; accepted=0; final=1,x1,cos(x3),sin(x1)*cos(x2); wrapper_overhead_unoptimized=1",1.0,1.0,6,3,1.0,63,0,0,0,1;x1;cos(x3);sin(x1)*cos(x2),S,imbalanced,100,71;71;80;94;110;128;150;71,751053.5,1;x1;cos(x3);sin(x1)*cos(x2),1;x1;cos(x3);sin(x1)*cos(x2),,0.0,0.0,0.0,,0,,,,,0.0
trig_cross,complementary,0.2,100,8,20104,rcsa-spent-diagnostic,1.0,1.0,1.0,9.322148064848895e-05,0.04569828542505071,0.0,1.0,0.0,frozen-v6-anchor,0.051259843195076496,0.08349389495997812,3.9015412430001106,6003999,cos(x3);sin(x1)*cos(x2);x1,0.003695 + 0.4954·x₁ + 0.6943·cos(x₃) + 1.187·sin(x₁)cos(x₂),"RCSA spent-seed diagnostic; anchor=1,x1,cos(x3),sin(x1)*cos(x2); exception=; in_bank=0; in_anchor=0; attempted=0; eligible=; anchor_role_ic=None; augmented_role_ic=None; outside_anchor_sse=None; outside_augmented_sse=None; accepted=0; final=1,x1,cos(x3),sin(x1)*cos(x2); wrapper_overhead_unoptimized=1",1.0,1.0,6,3,1.0,63,0,0,0,1;x1;cos(x3);sin(x1)*cos(x2),S,imbalanced,100,71;71;71;80;94;110;128;150,750499.875,1;x1;cos(x3);sin(x1)*cos(x2),1;x1;cos(x3);sin(x1)*cos(x2),,0.0,0.0,0.0,,0,,,,,0.0
trig_cross,complementary,0.2,100,8,20105,rcsa-spent-diagnostic,1.0,1.0,1.0,0.0001875195524034576,0.04569062291258346,0.0,1.0,0.0,frozen-v6-anchor,0.05539000143374542,0.07650698117858115,3.8717750860000706,6001377,cos(x3);sin(x1)*cos(x2);x1,0.01343 + 0.5037·x₁ + 0.6811·cos(x₃) + 1.206·sin(x₁)cos(x₂),"RCSA spent-seed diagnostic; anchor=1,x1,cos(x3),sin(x1)*cos(x2); exception=; in_bank=0; in_anchor=0; attempted=0; eligible=; anchor_role_ic=None; augmented_role_ic=None; outside_anchor_sse=None; outside_augmented_sse=None; accepted=0; final=1,x1,cos(x3),sin(x1)*cos(x2); wrapper_overhead_unoptimized=1",1.0,1.0,5,2,1.0,32,0,0,0,1;x1;cos(x3);sin(x1)*cos(x2),S,imbalanced,100,150;71;71;71;80;94;110;128,750172.125,1;x1;cos(x3);sin(x1)*cos(x2),1;x1;cos(x3);sin(x1)*cos(x2),,0.0,0.0,0.0,,0,,,,,0.0
trig_cross,complementary,0.2,100,16,20101,rcsa-spent-diagnostic,1.0,1.0,1.0,8.724515533107784e-05,0.05311162877002246,0.0,1.0,0.0,frozen-v6-anchor,0.061390032756603784,0.10291140371940699,7.69166144299993,12009729,cos(x3);sin(x1)*cos(x2);x1,0.005521 + 0.4987·x₁ + 0.6869·cos(x₃) + 1.213·sin(x₁)cos(x₂),"RCSA spent-seed diagnostic; anchor=1,x1,cos(x3),sin(x1)*cos(x2); exception=; in_bank=0; in_anchor=0; attempted=0; eligible=; anchor_role_ic=None; augmented_role_ic=None; outside_anchor_sse=None; outside_augmented_sse=None; accepted=0; final=1,x1,cos(x3),sin(x1)*cos(x2); wrapper_overhead_unoptimized=1",1.0,1.0,6,3,1.0,63,0,0,0,1;x1;cos(x3);sin(x1)*cos(x2),S,balanced,100,100;100;100;100;100;100;100;100;100;100;100;100;100;100;100;100,750608.0625,1;x1;cos(x3);sin(x1)*cos(x2),1;x1;cos(x3);sin(x1)*cos(x2),,0.0,0.0,0.0,,0,,,,,0.0
trig_cross,complementary,0.2,100,16,20102,rcsa-spent-diagnostic,1.0,1.0,1.0,0.00024272356547878584,0.051083389215241866,0.0,1.0,0.0,frozen-v6-anchor,0.05188556198717266,0.07399303794079065,7.66205137399993,12011814,cos(x3);sin(x1)*cos(x2);x1,-0.01094 + 0.498·x₁ + 0.7062·cos(x₃) + 1.173·sin(x₁)cos(x₂),"RCSA spent-seed diagnostic; anchor=1,x1,cos(x3),sin(x1)*cos(x2); exception=; in_bank=0; in_anchor=0; attempted=0; eligible=; anchor_role_ic=None; augmented_role_ic=None; outside_anchor_sse=None; outside_augmented_sse=None; accepted=0; final=1,x1,cos(x3),sin(x1)*cos(x2); wrapper_overhead_unoptimized=1",1.0,1.0,6,3,0.0,63,0,1,0,1;x1;cos(x3);sin(x1)*cos(x2),S,balanced,100,100;100;100;100;100;100;100;100;100;100;100;100;100;100;100;100,750738.375,1;x1;cos(x3);sin(x1)*cos(x2),1;x1;cos(x3);sin(x1)*cos(x2),,0.0,0.0,0.0,,0,,,,,0.0
trig_cross,complementary,0.2,100,16,20103,rcsa-spent-diagnostic,1.0,1.0,1.0,0.00023156998492874944,0.046480479616805376,0.0,1.0,0.0,frozen-v6-anchor,0.04117629378636503,0.06396637642166673,7.645861685999989,12027767,cos(x3);sin(x1)*cos(x2);x1,-0.002145 + 0.4965·x₁ + 0.6803·cos(x₃) + 1.216·sin(x₁)cos(x₂),"RCSA spent-seed diagnostic; anchor=1,x1,cos(x3),sin(x1)*cos(x2); exception=; in_bank=0; in_anchor=0; attempted=0; eligible=; anchor_role_ic=None; augmented_role_ic=None; outside_anchor_sse=None; outside_augmented_sse=None; accepted=0; final=1,x1,cos(x3),sin(x1)*cos(x2); wrapper_overhead_unoptimized=1",1.0,1.0,7,4,1.0,120,0,0,0,1;x1;cos(x3);sin(x1)*cos(x2),S,balanced,100,100;100;100;100;100;100;100;100;100;100;100;100;100;100;100;100,751735.4375,1;x1;cos(x3);sin(x1)*cos(x2),1;x1;cos(x3);sin(x1)*cos(x2),,0.0,0.0,0.0,,0,,,,,0.0
trig_cross,complementary,0.2,100,16,20104,rcsa-spent-diagnostic,1.0,1.0,1.0,8.246217273132108e-05,0.046437615616354115,0.0,1.0,0.0,frozen-v6-anchor,0.042963577533517615,0.05720186249818748,7.649055638999926,12009748,cos(x3);sin(x1)*cos(x2);x1,0.0002347 + 0.4946·x₁ + 0.7054·cos(x₃) + 1.194·sin(x₁)cos(x₂),"RCSA spent-seed diagnostic; anchor=1,x1,cos(x3),sin(x1)*cos(x2); exception=; in_bank=0; in_anchor=0; attempted=0; eligible=; anchor_role_ic=None; augmented_role_ic=None; outside_anchor_sse=None; outside_augmented_sse=None; accepted=0; final=1,x1,cos(x3),sin(x1)*cos(x2); wrapper_overhead_unoptimized=1",1.0,1.0,6,3,1.0,63,0,0,0,1;x1;cos(x3);sin(x1)*cos(x2),S,balanced,100,100;100;100;100;100;100;100;100;100;100;100;100;100;100;100;100,750609.25,1;x1;cos(x3);sin(x1)*cos(x2),1;x1;cos(x3);sin(x1)*cos(x2),,0.0,0.0,0.0,,0,,,,,0.0
trig_cross,complementary,0.2,100,16,20105,rcsa-spent-diagnostic,1.0,1.0,1.0,0.00020319545179353686,0.048283238757155844,0.0,1.0,0.0,frozen-v6-anchor,0.04816202510716654,0.07280622947234848,7.638094901000159,12024658,cos(x3);sin(x1)*cos(x2);x1,0.01395 + 0.4953·x₁ + 0.6974·cos(x₃) + 1.211·sin(x₁)cos(x₂),"RCSA spent-seed diagnostic; anchor=1,x1,cos(x3),sin(x1)*cos(x2); exception=; in_bank=0; in_anchor=0; attempted=0; eligible=; anchor_role_ic=None; augmented_role_ic=None; outside_anchor_sse=None; outside_augmented_sse=None; accepted=0; final=1,x1,cos(x3),sin(x1)*cos(x2); wrapper_overhead_unoptimized=1",1.0,1.0,7,4,1.0,120,0,0,0,1;x1;cos(x3);sin(x1)*cos(x2),S,balanced,100,100;100;100;100;100;100;100;100;100;100;100;100;100;100;100;100,751541.125,1;x1;cos(x3);sin(x1)*cos(x2),1;x1;cos(x3);sin(x1)*cos(x2),,0.0,0.0,0.0,,0,,,,,0.0
trig_cross,complementary,0.2,100,16,20101,rcsa-spent-diagnostic,1.0,1.0,1.0,9.313721394171455e-05,0.049020570274138385,0.0,1.0,0.0,frozen-v6-anchor,0.04682859834613819,0.07559475409551229,7.683458520000158,12012271,cos(x3);sin(x1)*cos(x2);x1,-0.005014 + 0.5009·x₁ + 0.7028·cos(x₃) + 1.181·sin(x₁)cos(x₂),"RCSA spent-seed diagnostic; anchor=1,x1,cos(x3),sin(x1)*cos(x2); exception=; in_bank=0; in_anchor=0; attempted=0; eligible=; anchor_role_ic=None; augmented_role_ic=None; outside_anchor_sse=None; outside_augmented_sse=None; accepted=0; final=1,x1,cos(x3),sin(x1)*cos(x2); wrapper_overhead_unoptimized=1",1.0,1.0,6,3,1.0,63,0,0,0,1;x1;cos(x3);sin(x1)*cos(x2),S,imbalanced,100,112;120;130;139;150;71;71;71;71;71;72;78;83;90;97;104,750766.9375,1;x1;cos(x3);sin(x1)*cos(x2),1;x1;cos(x3);sin(x1)*cos(x2),,0.0,0.0,0.0,,0,,,,,0.0
trig_cross,complementary,0.2,100,16,20102,rcsa-spent-diagnostic,1.0,1.0,1.0,0.00013969868392980545,0.05124840514330753,0.0,1.0,0.0,frozen-v6-anchor,0.05411331752935133,0.09021576493167771,7.670662646999972,11994505,cos(x3);sin(x1)*cos(x2);x1,-0.009154 + 0.5059·x₁ + 0.7081·cos(x₃) + 1.2·sin(x₁)cos(x₂),"RCSA spent-seed diagnostic; anchor=1,x1,cos(x3),sin(x1)*cos(x2); exception=; in_bank=0; in_anchor=0; attempted=0; eligible=; anchor_role_ic=None; augmented_role_ic=None; outside_anchor_sse=None; outside_augmented_sse=None; accepted=0; final=1,x1,cos(x3),sin(x1)*cos(x2); wrapper_overhead_unoptimized=1",1.0,1.0,5,2,1.0,32,0,0,0,1;x1;cos(x3);sin(x1)*cos(x2),S,imbalanced,100,104;112;120;130;139;150;71;71;71;71;71;72;78;83;90;97,749656.5625,1;x1;cos(x3);sin(x1)*cos(x2),1;x1;cos(x3);sin(x1)*cos(x2),,0.0,0.0,0.0,,0,,,,,0.0
trig_cross,complementary,0.2,100,16,20103,rcsa-spent-diagnostic,1.0,1.0,1.0,0.0001505032469838258,0.04656265063694425,0.0,1.0,0.0,frozen-v6-anchor,0.047266073078886556,0.07685999686928126,7.7238426119999986,11997458,cos(x3);sin(x1)*cos(x2);x1,-0.005759 + 0.4954·x₁ + 0.6878·cos(x₃) + 1.196·sin(x₁)cos(x₂),"RCSA spent-seed diagnostic; anchor=1,x1,cos(x3),sin(x1)*cos(x2); exception=; in_bank=0; in_anchor=0; attempted=0; eligible=; anchor_role_ic=None; augmented_role_ic=None; outside_anchor_sse=None; outside_augmented_sse=None; accepted=0; final=1,x1,cos(x3),sin(x1)*cos(x2); wrapper_overhead_unoptimized=1",1.0,1.0,5,2,1.0,32,0,0,0,1;x1;cos(x3);sin(x1)*cos(x2),S,imbalanced,100,97;104;112;120;130;139;150;71;71;71;71;71;72;78;83;90,749841.125,1;x1;cos(x3);sin(x1)*cos(x2),1;x1;cos(x3);sin(x1)*cos(x2),,0.0,0.0,0.0,,0,,,,,0.0
trig_cross,complementary,0.2,100,16,20104,rcsa-spent-diagnostic,1.0,1.0,1.0,0.00011588914693214436,0.0474907368186896,0.0,1.0,0.0,frozen-v6-anchor,0.04909018072447055,0.10210726995880855,7.676632470999948,12005863,cos(x3);sin(x1)*cos(x2);x1,0.004043 + 0.4968·x₁ + 0.7057·cos(x₃) + 1.218·sin(x₁)cos(x₂),"RCSA spent-seed diagnostic; anchor=1,x1,cos(x3),sin(x1)*cos(x2); exception=; in_bank=0; in_anchor=0; attempted=0; eligible=; anchor_role_ic=None; augmented_role_ic=None; outside_anchor_sse=None; outside_augmented_sse=None; accepted=0; final=1,x1,cos(x3),sin(x1)*cos(x2); wrapper_overhead_unoptimized=1",1.0,1.0,6,3,1.0,63,0,0,0,1;x1;cos(x3);sin(x1)*cos(x2),S,imbalanced,100,90;97;104;112;120;130;139;150;71;71;71;71;71;72;78;83,750366.4375,1;x1;cos(x3);sin(x1)*cos(x2),1;x1;cos(x3);sin(x1)*cos(x2),,0.0,0.0,0.0,,0,,,,,0.0
trig_cross,complementary,0.2,100,16,20105,rcsa-spent-diagnostic,1.0,1.0,1.0,0.00022313761477665186,0.04473151368285088,0.0,1.0,0.0,frozen-v6-anchor,0.05074226795955267,0.07264676869378274,7.759443444999988,12011735,cos(x3);sin(x1)*cos(x2);x1,0.004772 + 0.5078·x₁ + 0.7051·cos(x₃) + 1.216·sin(x₁)cos(x₂),"RCSA spent-seed diagnostic; anchor=1,x1,cos(x3),sin(x1)*cos(x2); exception=; in_bank=0; in_anchor=0; attempted=0; eligible=; anchor_role_ic=None; augmented_role_ic=None; outside_anchor_sse=None; outside_augmented_sse=None; accepted=0; final=1,x1,cos(x3),sin(x1)*cos(x2); wrapper_overhead_unoptimized=1",1.0,1.0,6,3,1.0,63,0,0,0,1;x1;cos(x3);sin(x1)*cos(x2),S,imbalanced,100,83;90;97;104;112;120;130;139;150;71;71;71;71;71;72;78,750733.4375,1;x1;cos(x3);sin(x1)*cos(x2),1;x1;cos(x3);sin(x1)*cos(x2),,0.0,0.0,0.0,,0,,,,,0.0
trig_cross,spurious,0.2,100,4,20101,rcsa-spent-diagnostic,1.0,1.0,1.0,0.000501787202934655,0.04378031270731496,0.0,1.0,0.0,frozen-v6-anchor,0.036709535765931216,0.065990820498043,2.050245356000005,3056787,cos(x3);sin(x1)*cos(x2);x1,0.009664 + 0.491·x₁ + 0.6732·cos(x₃) + 1.224·sin(x₁)cos(x₂),"RCSA spent-seed diagnostic; anchor=1,x1,cos(x3),sin(x1)*cos(x2); exception=; in_bank=0; in_anchor=0; attempted=0; eligible=; anchor_role_ic=None; augmented_role_ic=None; outside_anchor_sse=None; outside_augmented_sse=None; accepted=0; final=1,x1,cos(x3),sin(x1)*cos(x2); wrapper_overhead_unoptimized=1",1.0,1.0,5,2,1.0,32,0,0,0,1;x1;cos(x3);sin(x1)*cos(x2),S,balanced,100,100;100;100;100,764196.75,1;x1;cos(x3);sin(x1)*cos(x2),1;x1;cos(x3);sin(x1)*cos(x2),,0.0,0.0,0.0,,0,,,,,0.0
trig_cross,spurious,0.2,100,4,20102,rcsa-spent-diagnostic,1.0,1.0,1.0,6.975682746233067e-05,0.04192206986972766,0.0,1.0,0.0,frozen-v6-anchor,0.04472780538556697,0.060185370800159885,2.0022248749999108,3027533,cos(x3);sin(x1)*cos(x2);x1,-0.003755 + 0.4999·x₁ + 0.6885·cos(x₃) + 1.199·sin(x₁)cos(x₂),"RCSA spent-seed diagnostic; anchor=1,x1,cos(x3),sin(x1)*cos(x2); exception=; in_bank=0; in_anchor=0; attempted=0; eligible=; anchor_role_ic=None; augmented_role_ic=None; outside_anchor_sse=None; outside_augmented_sse=None; accepted=0; final=1,x1,cos(x3),sin(x1)*cos(x2); wrapper_overhead_unoptimized=1",1.0,1.0,5,2,0.0,32,0,1,0,1;x1;cos(x3);sin(x1)*cos(x2),S,balanced,100,100;100;100;100,756883.25,1;x1;cos(x3);sin(x1)*cos(x2),1;x1;cos(x3);sin(x1)*cos(x2),,0.0,0.0,0.0,,0,,,,,0.0
trig_cross,spurious,0.2,100,4,20103,rcsa-spent-diagnostic,1.0,1.0,1.0,0.0005579450324296298,0.0516630225845876,0.0,1.0,0.0,frozen-v6-anchor,0.06388665230168945,0.1012091644647782,1.9831248580001102,3001771,cos(x3);sin(x1)*cos(x2);x1,0.01466 + 0.4902·x₁ + 0.6681·cos(x₃) + 1.203·sin(x₁)cos(x₂),"RCSA spent-seed diagnostic; anchor=1,x1,cos(x3),sin(x1)*cos(x2); exception=; in_bank=0; in_anchor=0; attempted=0; eligible=; anchor_role_ic=None; augmented_role_ic=None; outside_anchor_sse=None; outside_augmented_sse=None; accepted=0; final=1,x1,cos(x3),sin(x1)*cos(x2); wrapper_overhead_unoptimized=1",1.0,1.0,6,3,1.0,63,0,0,0,1;x1;cos(x3);sin(x1)*cos(x2),S,balanced,100,100;100;100;100,750442.75,1;x1;cos(x3);sin(x1)*cos(x2),1;x1;cos(x3);sin(x1)*cos(x2),,0.0,0.0,0.0,,0,,,,,0.0
trig_cross,spurious,0.2,100,4,20104,rcsa-spent-diagnostic,1.0,1.0,1.0,0.0005337315315108201,0.05343397952293372,0.0,1.0,0.0,frozen-v6-anchor,0.04406873141489266,0.06081353623496568,2.025079840999979,3034546,cos(x3);sin(x1)*cos(x2);x1,-0.0222 + 0.5061·x₁ + 0.7012·cos(x₃) + 1.221·sin(x₁)cos(x₂),"RCSA spent-seed diagnostic; anchor=1,x1,cos(x3),sin(x1)*cos(x2); exception=; in_bank=0; in_anchor=0; attempted=0; eligible=; anchor_role_ic=None; augmented_role_ic=None; outside_anchor_sse=None; outside_augmented_sse=None; accepted=0; final=1,x1,cos(x3),sin(x1)*cos(x2); wrapper_overhead_unoptimized=1",1.0,1.0,7,4,0.0,120,0,1,0,1;x1;cos(x3);sin(x1)*cos(x2),S,balanced,100,100;100;100;100,758636.5,1;x1;cos(x3);sin(x1)*cos(x2),1;x1;cos(x3);sin(x1)*cos(x2),,0.0,0.0,0.0,,0,,,,,0.0
trig_cross,spurious,0.2,100,4,20105,rcsa-spent-diagnostic,1.0,1.0,1.0,0.0001288468786548321,0.05179278262492801,0.0,1.0,0.0,frozen-v6-anchor,0.07023814027553353,0.08368112548943879,2.0101840359998278,3030988,cos(x3);sin(x1)*cos(x2);x1,-0.007649 + 0.498·x₁ + 0.6888·cos(x₃) + 1.193·sin(x₁)cos(x₂),"RCSA spent-seed diagnostic; anchor=1,x1,cos(x3),sin(x1)*cos(x2); exception=; in_bank=0; in_anchor=0; attempted=0; eligible=; anchor_role_ic=None; augmented_role_ic=None; outside_anchor_sse=None; outside_augmented_sse=None; accepted=0; final=1,x1,cos(x3),sin(x1)*cos(x2); wrapper_overhead_unoptimized=1",1.0,1.0,6,3,0.0,63,0,1,0,1;x1;cos(x3);sin(x1)*cos(x2),S,balanced,100,100;100;100;100,757747.0,1;x1;cos(x3);sin(x1)*cos(x2),1;x1;cos(x3);sin(x1)*cos(x2),,0.0,0.0,0.0,,0,,,,,0.0
trig_cross,spurious,0.2,100,4,20101,rcsa-spent-diagnostic,1.0,1.0,1.0,3.166826762033381e-05,0.047195764944269324,0.0,1.0,0.0,frozen-v6-anchor,0.06163011257351408,0.13718758241537615,1.9650258329997996,2999411,cos(x3);sin(x1)*cos(x2);x1,-0.004514 + 0.5026·x₁ + 0.7·cos(x₃) + 1.201·sin(x₁)cos(x₂),"RCSA spent-seed diagnostic; anchor=1,x1,cos(x3),sin(x1)*cos(x2); exception=; in_bank=0; in_anchor=0; attempted=0; eligible=; anchor_role_ic=None; augmented_role_ic=None; outside_anchor_sse=None; outside_augmented_sse=None; accepted=0; final=1,x1,cos(x3),sin(x1)*cos(x2); wrapper_overhead_unoptimized=1",1.0,1.0,5,2,1.0,32,0,0,0,1;x1;cos(x3);sin(x1)*cos(x2),S,imbalanced,100,150;71;72;104,749852.75,1;x1;cos(x3);sin(x1)*cos(x2),1;x1;cos(x3);sin(x1)*cos(x2),,0.0,0.0,0.0,,0,,,,,0.0
trig_cross,spurious,0.2,100,4,20102,rcsa-spent-diagnostic,0.0,0.6666666666666666,0.6666666666666666,0.004300043263320215,0.050898078871056025,0.0,1.0,0.0,frozen-v6-anchor,0.04390621465386651,0.05798469841316774,2.0662872790001074,3066133,sin(x1)*cos(x2);x1;x3^2,0.6218 + 0.4912·x₁ - 0.2302·x₃² + 1.197·sin(x₁)cos(x₂),"RCSA spent-seed diagnostic; anchor=1,x1,x3^2,sin(x1)*cos(x2); exception=; in_bank=0; in_anchor=0; attempted=0; eligible=; anchor_role_ic=None; augmented_role_ic=None; outside_anchor_sse=None; outside_augmented_sse=None; accepted=0; final=1,x1,x3^2,sin(x1)*cos(x2); wrapper_overhead_unoptimized=1",1.0,1.0,7,4,0.0,120,0,1,0,1;x1;x3^2;sin(x1)*cos(x2),S,imbalanced,100,104;150;71;72,766533.25,1;x1;x3^2;sin(x1)*cos(x2),1;x1;x3^2;sin(x1)*cos(x2),,0.0,0.0,0.0,,0,,,,,0.0
trig_cross,spurious,0.2,100,4,20103,rcsa-spent-diagnostic,1.0,1.0,1.0,0.0002877746332330495,0.04723549531944833,0.0,1.0,0.0,frozen-v6-anchor,0.05780694894834501,0.06131237599523975,2.056059256000026,3064322,cos(x3);sin(x1)*cos(x2);x1,0.006851 + 0.4975·x₁ + 0.6956·cos(x₃) + 1.165·sin(x₁)cos(x₂),"RCSA spent-seed diagnostic; anchor=1,x1,cos(x3),sin(x1)*cos(x2); exception=; in_bank=0; in_anchor=0; attempted=0; eligible=; anchor_role_ic=None; augmented_role_ic=None; outside_anchor_sse=None; outside_augmented_sse=None; accepted=0; final=1,x1,cos(x3),sin(x1)*cos(x2); wrapper_overhead_unoptimized=1",1.0,1.0,6,3,1.0,63,0,0,0,1;x1;cos(x3);sin(x1)*cos(x2),S,imbalanced,100,72;104;150;71,766080.5,1;x1;cos(x3);sin(x1)*cos(x2),1;x1;cos(x3);sin(x1)*cos(x2),,0.0,0.0,0.0,,0,,,,,0.0
trig_cross,spurious,0.2,100,4,20104,rcsa-spent-diagnostic,1.0,1.0,1.0,0.0005025118838465077,0.05726156991105603,0.0,1.0,0.0,frozen-v6-anchor,0.05747240693832049,0.09114427238342036,1.9726320219999707,3005923,cos(x3);sin(x1)*cos(x2);x1,-0.01569 + 0.5083·x₁ + 0.686·cos(x₃) + 1.186·sin(x₁)cos(x₂),"RCSA spent-seed diagnostic; anchor=1,x1,cos(x3),sin(x1)*cos(x2); exception=; in_bank=0; in_anchor=0; attempted=0; eligible=; anchor_role_ic=None; augmented_role_ic=None; outside_anchor_sse=None; outside_augmented_sse=None; accepted=0; final=1,x1,cos(x3),sin(x1)*cos(x2); wrapper_overhead_unoptimized=1",1.0,1.0,6,3,1.0,63,0,0,0,1;x1;cos(x3);sin(x1)*cos(x2),S,imbalanced,100,71;72;104;150,751480.75,1;x1;cos(x3);sin(x1)*cos(x2),1;x1;cos(x3);sin(x1)*cos(x2),,0.0,0.0,0.0,,0,,,,,0.0
trig_cross,spurious,0.2,100,4,20105,rcsa-spent-diagnostic,1.0,1.0,1.0,0.0004951436116110209,0.04890628531864847,0.0,1.0,0.0,frozen-v6-anchor,0.050590393905712794,0.06879376459435829,2.0619210800000474,3058126,cos(x3);sin(x1)*cos(x2);x1,-0.02333 + 0.4984·x₁ + 0.722·cos(x₃) + 1.175·sin(x₁)cos(x₂),"RCSA spent-seed diagnostic; anchor=1,x1,cos(x3),sin(x1)*cos(x2); exception=; in_bank=0; in_anchor=0; attempted=0; eligible=; anchor_role_ic=None; augmented_role_ic=None; outside_anchor_sse=None; outside_augmented_sse=None; accepted=0; final=1,x1,cos(x3),sin(x1)*cos(x2); wrapper_overhead_unoptimized=1",1.0,1.0,5,2,1.0,32,0,0,0,1;x1;cos(x3);sin(x1)*cos(x2),S,imbalanced,100,150;71;72;104,764531.5,1;x1;cos(x3);sin(x1)*cos(x2),1;x1;cos(x3);sin(x1)*cos(x2),,0.0,0.0,0.0,,0,,,,,0.0
trig_cross,spurious,0.2,100,8,20101,rcsa-spent-diagnostic,1.0,1.0,1.0,0.00029204778602098455,0.047339168077612,0.0,1.0,0.0,frozen-v6-anchor,0.042284188060354624,0.06506177930010822,3.8614327800000865,6005760,cos(x3);sin(x1)*cos(x2);x1,-0.01055 + 0.4965·x₁ + 0.7242·cos(x₃) + 1.22·sin(x₁)cos(x₂),"RCSA spent-seed diagnostic; anchor=1,x1,cos(x3),sin(x1)*cos(x2); exception=; in_bank=0; in_anchor=0; attempted=0; eligible=; anchor_role_ic=None; augmented_role_ic=None; outside_anchor_sse=None; outside_augmented_sse=None; accepted=0; final=1,x1,cos(x3),sin(x1)*cos(x2); wrapper_overhead_unoptimized=1",1.0,1.0,6,3,1.0,63,0,0,0,1;x1;cos(x3);sin(x1)*cos(x2),S,balanced,100,100;100;100;100;100;100;100;100,750720.0,1;x1;cos(x3);sin(x1)*cos(x2),1;x1;cos(x3);sin(x1)*cos(x2),,0.0,0.0,0.0,,0,,,,,0.0
trig_cross,spurious,0.2,100,8,20102,rcsa-spent-diagnostic,0.0,0.6666666666666666,0.6666666666666666,0.004320585204517038,0.048075913564513593,0.0,1.0,0.0,frozen-v6-anchor,0.047195741300939946,0.07233736128310563,3.8715424070001063,6005831,sin(x1)*cos(x2);x1;x3^2,0.6531 + 0.501·x₁ - 0.2376·x₃² + 1.214·sin(x₁)cos(x₂),"RCSA spent-seed diagnostic; anchor=1,x1,x3^2,sin(x1)*cos(x2); exception=; in_bank=0; in_anchor=0; attempted=0; eligible=; anchor_role_ic=None; augmented_role_ic=None; outside_anchor_sse=None; outside_augmented_sse=None; accepted=0; final=1,x1,x3^2,sin(x1)*cos(x2); wrapper_overhead_unoptimized=1",1.0,1.0,6,3,0.0,63,0,1,0,1;x1;x3^2;sin(x1)*cos(x2),S,balanced,100,100;100;100;100;100;100;100;100,750728.875,1;x1;x3^2;sin(x1)*cos(x2),1;x1;x3^2;sin(x1)*cos(x2),,0.0,0.0,0.0,,0,,,,,0.0
trig_cross,spurious,0.2,100,8,20103,rcsa-spent-diagnostic,1.0,1.0,1.0,0.00016607648577498044,0.05141696071757302,0.0,1.0,0.0,frozen-v6-anchor,0.04961369639741265,0.06835926271561021,3.8713916400001835,6006908,cos(x3);sin(x1)*cos(x2);x1,0.005526 + 0.4986·x₁ + 0.6895·cos(x₃) + 1.175·sin(x₁)cos(x₂),"RCSA spent-seed diagnostic; anchor=1,x1,cos(x3),sin(x1)*cos(x2); exception=; in_bank=0; in_anchor=0; attempted=0; eligible=; anchor_role_ic=None; augmented_role_ic=None; outside_anchor_sse=None; outside_augmented_sse=None; accepted=0; final=1,x1,cos(x3),sin(x1)*cos(x2); wrapper_overhead_unoptimized=1",1.0,1.0,6,3,1.0,63,0,0,0,1;x1;cos(x3);sin(x1)*cos(x2),S,balanced,100,100;100;100;100;100;100;100;100,750863.5,1;x1;cos(x3);sin(x1)*cos(x2),1;x1;cos(x3);sin(x1)*cos(x2),,0.0,0.0,0.0,,0,,,,,0.0
trig_cross,spurious,0.2,100,8,20104,rcsa-spent-diagnostic,1.0,1.0,1.0,8.009359843373808e-06,0.04374205743723978,0.0,1.0,0.0,frozen-v6-anchor,0.04509361694189714,0.08001814025408649,3.9273897870000383,6061847,cos(x3);sin(x1)*cos(x2);x1,-0.001276 + 0.4984·x₁ + 0.7004·cos(x₃) + 1.202·sin(x₁)cos(x₂),"RCSA spent-seed diagnostic; anchor=1,x1,cos(x3),sin(x1)*cos(x2); exception=; in_bank=0; in_anchor=0; attempted=0; eligible=; anchor_role_ic=None; augmented_role_ic=None; outside_anchor_sse=None; outside_augmented_sse=None; accepted=0; final=1,x1,cos(x3),sin(x1)*cos(x2); wrapper_overhead_unoptimized=1",1.0,1.0,6,3,1.0,63,0,0,0,1;x1;cos(x3);sin(x1)*cos(x2),S,balanced,100,100;100;100;100;100;100;100;100,757730.875,1;x1;cos(x3);sin(x1)*cos(x2),1;x1;cos(x3);sin(x1)*cos(x2),,0.0,0.0,0.0,,0,,,,,0.0
trig_cross,spurious,0.2,100,8,20105,rcsa-spent-diagnostic,1.0,1.0,1.0,0.00034698885578449075,0.042801641080290255,0.0,1.0,0.0,frozen-v6-anchor,0.044774026232882756,0.08803375795630757,3.8938545259998136,6004491,cos(x3);sin(x1)*cos(x2);x1,-0.01392 + 0.494·x₁ + 0.7231·cos(x₃) + 1.221·sin(x₁)cos(x₂),"RCSA spent-seed diagnostic; anchor=1,x1,cos(x3),sin(x1)*cos(x2); exception=; in_bank=0; in_anchor=0; attempted=0; eligible=; anchor_role_ic=None; augmented_role_ic=None; outside_anchor_sse=None; outside_augmented_sse=None; accepted=0; final=1,x1,cos(x3),sin(x1)*cos(x2); wrapper_overhead_unoptimized=1",1.0,1.0,6,3,1.0,63,0,0,0,1;x1;cos(x3);sin(x1)*cos(x2),S,balanced,100,100;100;100;100;100;100;100;100,750561.375,1;x1;cos(x3);sin(x1)*cos(x2),1;x1;cos(x3);sin(x1)*cos(x2),,0.0,0.0,0.0,,0,,,,,0.0
trig_cross,spurious,0.2,100,8,20101,rcsa-spent-diagnostic,1.0,1.0,1.0,4.476799107566232e-05,0.04728055935286501,0.0,1.0,0.0,frozen-v6-anchor,0.05089137738801503,0.08041030808699356,3.8734919959999843,6010669,cos(x3);sin(x1)*cos(x2);x1,0.001581 + 0.5038·x₁ + 0.6989·cos(x₃) + 1.207·sin(x₁)cos(x₂),"RCSA spent-seed diagnostic; anchor=1,x1,cos(x3),sin(x1)*cos(x2); exception=; in_bank=0; in_anchor=0; attempted=0; eligible=; anchor_role_ic=None; augmented_role_ic=None; outside_anchor_sse=None; outside_augmented_sse=None; accepted=0; final=1,x1,cos(x3),sin(x1)*cos(x2); wrapper_overhead_unoptimized=1",1.0,1.0,6,3,1.0,63,0,0,0,1;x1;cos(x3);sin(x1)*cos(x2),S,imbalanced,100,80;94;110;128;150;71;71;71,751333.625,1;x1;cos(x3);sin(x1)*cos(x2),1;x1;cos(x3);sin(x1)*cos(x2),,0.0,0.0,0.0,,0,,,,,0.0
trig_cross,spurious,0.2,100,8,20102,rcsa-spent-diagnostic,1.0,1.0,1.0,0.0008585470894216033,0.04601858423759824,0.0,1.0,0.0,frozen-v6-anchor,0.05614884922225524,0.07759932762758014,3.8751579949998813,6010349,cos(x3);sin(x1)*cos(x2);x1,-0.008658 + 0.4872·x₁ + 0.7325·cos(x₃) + 1.17·sin(x₁)cos(x₂),"RCSA spent-seed diagnostic; anchor=1,x1,cos(x3),sin(x1)*cos(x2); exception=; in_bank=0; in_anchor=0; attempted=0; eligible=; anchor_role_ic=None; augmented_role_ic=None; outside_anchor_sse=None; outside_augmented_sse=None; accepted=0; final=1,x1,cos(x3),sin(x1)*cos(x2); wrapper_overhead_unoptimized=1",1.0,1.0,6,3,1.0,63,0,0,0,1;x1;cos(x3);sin(x1)*cos(x2),S,imbalanced,100,71;80;94;110;128;150;71;71,751293.625,1;x1;cos(x3);sin(x1)*cos(x2),1;x1;cos(x3);sin(x1)*cos(x2),,0.0,0.0,0.0,,0,,,,,0.0
trig_cross,spurious,0.2,100,8,20103,rcsa-spent-diagnostic,1.0,1.0,1.0,0.0003583225369591673,0.055622319568774045,0.0,1.0,0.0,frozen-v6-anchor,0.05900589197832095,0.09049820564224476,3.9004350379998414,6007399,cos(x3);sin(x1)*cos(x2);x1,0.007274 + 0.5102·x₁ + 0.6962·cos(x₃) + 1.181·sin(x₁)cos(x₂),"RCSA spent-seed diagnostic; anchor=1,x1,cos(x3),sin(x1)*cos(x2); exception=; in_bank=0; in_anchor=0; attempted=0; eligible=; anchor_role_ic=None; augmented_role_ic=None; outside_anchor_sse=None; outside_augmented_sse=None; accepted=0; final=1,x1,cos(x3),sin(x1)*cos(x2); wrapper_overhead_unoptimized=1",1.0,1.0,6,3,1.0,63,0,0,0,1;x1;cos(x3);sin(x1)*cos(x2),S,imbalanced,100,71;71;80;94;110;128;150;71,750924.875,1;x1;cos(x3);sin(x1)*cos(x2),1;x1;cos(x3);sin(x1)*cos(x2),,0.0,0.0,0.0,,0,,,,,0.0
trig_cross,spurious,0.2,100,8,20104,rcsa-spent-diagnostic,1.0,1.0,1.0,3.852570659920593e-05,0.04725345853290367,0.0,1.0,0.0,frozen-v6-anchor,0.03495310502896374,0.07793344045562556,3.9686516849997133,6063293,cos(x3);sin(x1)*cos(x2);x1,0.0005557 + 0.5032·x₁ + 0.7003·cos(x₃) + 1.209·sin(x₁)cos(x₂),"RCSA spent-seed diagnostic; anchor=1,x1,cos(x3),sin(x1)*cos(x2); exception=; in_bank=0; in_anchor=0; attempted=0; eligible=; anchor_role_ic=None; augmented_role_ic=None; outside_anchor_sse=None; outside_augmented_sse=None; accepted=0; final=1,x1,cos(x3),sin(x1)*cos(x2); wrapper_overhead_unoptimized=1",1.0,1.0,6,3,1.0,63,0,0,0,1;x1;cos(x3);sin(x1)*cos(x2),S,imbalanced,100,71;71;71;80;94;110;128;150,757911.625,1;x1;cos(x3);sin(x1)*cos(x2),1;x1;cos(x3);sin(x1)*cos(x2),,0.0,0.0,0.0,,0,,,,,0.0
trig_cross,spurious,0.2,100,8,20105,rcsa-spent-diagnostic,1.0,1.0,1.0,0.0004290814686358778,0.04289564065308462,0.0,1.0,0.0,frozen-v6-anchor,0.037961821390042436,0.05809582428312665,3.8827701280001747,6004523,cos(x3);sin(x1)*cos(x2);x1,0.01388 + 0.4988·x₁ + 0.6641·cos(x₃) + 1.181·sin(x₁)cos(x₂),"RCSA spent-seed diagnostic; anchor=1,x1,cos(x3),sin(x1)*cos(x2); exception=; in_bank=0; in_anchor=0; attempted=0; eligible=; anchor_role_ic=None; augmented_role_ic=None; outside_anchor_sse=None; outside_augmented_sse=None; accepted=0; final=1,x1,cos(x3),sin(x1)*cos(x2); wrapper_overhead_unoptimized=1",1.0,1.0,6,3,0.0,63,0,1,0,1;x1;cos(x3);sin(x1)*cos(x2),S,imbalanced,100,150;71;71;71;80;94;110;128,750565.375,1;x1;cos(x3);sin(x1)*cos(x2),1;x1;cos(x3);sin(x1)*cos(x2),,0.0,0.0,0.0,,0,,,,,0.0
trig_cross,spurious,0.2,100,16,20101,rcsa-spent-diagnostic,1.0,1.0,1.0,0.0001461700590157067,0.04881157306235948,0.0,1.0,0.0,frozen-v6-anchor,0.045216241546847884,0.08293925650181724,7.63059043200019,12012170,cos(x3);sin(x1)*cos(x2);x1,-0.004856 + 0.4931·x₁ + 0.7053·cos(x₃) + 1.208·sin(x₁)cos(x₂),"RCSA spent-seed diagnostic; anchor=1,x1,cos(x3),sin(x1)*cos(x2); exception=; in_bank=0; in_anchor=0; attempted=0; eligible=; anchor_role_ic=None; augmented_role_ic=None; outside_anchor_sse=None; outside_augmented_sse=None; accepted=0; final=1,x1,cos(x3),sin(x1)*cos(x2); wrapper_overhead_unoptimized=1",1.0,1.0,6,3,0.0,63,0,1,0,1;x1;cos(x3);sin(x1)*cos(x2),S,balanced,100,100;100;100;100;100;100;100;100;100;100;100;100;100;100;100;100,750760.625,1;x1;cos(x3);sin(x1)*cos(x2),1;x1;cos(x3);sin(x1)*cos(x2),,0.0,0.0,0.0,,0,,,,,0.0
trig_cross,spurious,0.2,100,16,20102,rcsa-spent-diagnostic,1.0,1.0,1.0,0.00031851735682509284,0.04889536594750075,0.0,1.0,0.0,frozen-v6-anchor,0.05072119586980471,0.08286470520223167,7.62645046300031,12009767,cos(x3);sin(x1)*cos(x2);x1,-0.00741 + 0.491·x₁ + 0.7021·cos(x₃) + 1.22·sin(x₁)cos(x₂),"RCSA spent-seed diagnostic; anchor=1,x1,cos(x3),sin(x1)*cos(x2); exception=; in_bank=0; in_anchor=0; attempted=0; eligible=; anchor_role_ic=None; augmented_role_ic=None; outside_anchor_sse=None; outside_augmented_sse=None; accepted=0; final=1,x1,cos(x3),sin(x1)*cos(x2); wrapper_overhead_unoptimized=1",1.0,1.0,6,3,1.0,63,0,0,0,1;x1;cos(x3);sin(x1)*cos(x2),S,balanced,100,100;100;100;100;100;100;100;100;100;100;100;100;100;100;100;100,750610.4375,1;x1;cos(x3);sin(x1)*cos(x2),1;x1;cos(x3);sin(x1)*cos(x2),,0.0,0.0,0.0,,0,,,,,0.0
trig_cross,spurious,0.2,100,16,20103,rcsa-spent-diagnostic,1.0,1.0,1.0,0.0004773954420803479,0.04755463666429325,0.0,1.0,0.0,frozen-v6-anchor,0.04685196494031924,0.07151246254620437,7.645300249999764,12009352,cos(x3);sin(x1)*cos(x2);x1,-0.02076 + 0.4943·x₁ + 0.7208·cos(x₃) + 1.221·sin(x₁)cos(x₂),"RCSA spent-seed diagnostic; anchor=1,x1,cos(x3),sin(x1)*cos(x2); exception=; in_bank=0; in_anchor=0; attempted=0; eligible=; anchor_role_ic=None; augmented_role_ic=None; outside_anchor_sse=None; outside_augmented_sse=None; accepted=0; final=1,x1,cos(x3),sin(x1)*cos(x2); wrapper_overhead_unoptimized=1",1.0,1.0,6,3,1.0,63,0,0,0,1;x1;cos(x3);sin(x1)*cos(x2),S,balanced,100,100;100;100;100;100;100;100;100;100;100;100;100;100;100;100;100,750584.5,1;x1;cos(x3);sin(x1)*cos(x2),1;x1;cos(x3);sin(x1)*cos(x2),,0.0,0.0,0.0,,0,,,,,0.0
trig_cross,spurious,0.2,100,16,20104,rcsa-spent-diagnostic,1.0,1.0,1.0,0.00038422905293929096,0.04604560814995258,0.0,1.0,0.0,frozen-v6-anchor,0.041427264888133634,0.08080772869652494,7.635769213999993,12014276,cos(x3);sin(x1)*cos(x2);x1,0.004549 + 0.5086·x₁ + 0.7017·cos(x₃) + 1.168·sin(x₁)cos(x₂),"RCSA spent-seed diagnostic; anchor=1,x1,cos(x3),sin(x1)*cos(x2); exception=; in_bank=0; in_anchor=0; attempted=0; eligible=; anchor_role_ic=None; augmented_role_ic=None; outside_anchor_sse=None; outside_augmented_sse=None; accepted=0; final=1,x1,cos(x3),sin(x1)*cos(x2); wrapper_overhead_unoptimized=1",1.0,1.0,6,3,1.0,63,0,0,0,1;x1;cos(x3);sin(x1)*cos(x2),S,balanced,100,100;100;100;100;100;100;100;100;100;100;100;100;100;100;100;100,750892.25,1;x1;cos(x3);sin(x1)*cos(x2),1;x1;cos(x3);sin(x1)*cos(x2),,0.0,0.0,0.0,,0,,,,,0.0
trig_cross,spurious,0.2,100,16,20105,rcsa-spent-diagnostic,1.0,1.0,1.0,0.00016681680756007182,0.04542372579826977,0.0,1.0,0.0,frozen-v6-anchor,0.04150694684156459,0.061129433806028526,7.630694654999843,12012017,cos(x3);sin(x1)*cos(x2);x1,0.001689 + 0.5012·x₁ + 0.72·cos(x₃) + 1.212·sin(x₁)cos(x₂),"RCSA spent-seed diagnostic; anchor=1,x1,cos(x3),sin(x1)*cos(x2); exception=; in_bank=0; in_anchor=0; attempted=0; eligible=; anchor_role_ic=None; augmented_role_ic=None; outside_anchor_sse=None; outside_augmented_sse=None; accepted=0; final=1,x1,cos(x3),sin(x1)*cos(x2); wrapper_overhead_unoptimized=1",1.0,1.0,6,3,0.0,63,0,1,0,1;x1;cos(x3);sin(x1)*cos(x2),S,balanced,100,100;100;100;100;100;100;100;100;100;100;100;100;100;100;100;100,750751.0625,1;x1;cos(x3);sin(x1)*cos(x2),1;x1;cos(x3);sin(x1)*cos(x2),,0.0,0.0,0.0,,0,,,,,0.0
trig_cross,spurious,0.2,100,16,20101,rcsa-spent-diagnostic,1.0,1.0,1.0,0.0002074704554612202,0.04992639486846454,0.0,1.0,0.0,frozen-v6-anchor,0.05890076063445485,0.1322739904139862,7.706921722000061,12031183,cos(x3);sin(x1)*cos(x2);x1,-2.674e-05 + 0.4913·x₁ + 0.6938·cos(x₃) + 1.209·sin(x₁)cos(x₂),"RCSA spent-seed diagnostic; anchor=1,x1,cos(x3),sin(x1)*cos(x2); exception=; in_bank=0; in_anchor=0; attempted=0; eligible=; anchor_role_ic=None; augmented_role_ic=None; outside_anchor_sse=None; outside_augmented_sse=None; accepted=0; final=1,x1,cos(x3),sin(x1)*cos(x2); wrapper_overhead_unoptimized=1",1.0,1.0,7,4,1.0,120,0,0,0,1;x1;cos(x3);sin(x1)*cos(x2),S,imbalanced,100,112;120;130;139;150;71;71;71;71;71;72;78;83;90;97;104,751948.9375,1;x1;cos(x3);sin(x1)*cos(x2),1;x1;cos(x3);sin(x1)*cos(x2),,0.0,0.0,0.0,,0,,,,,0.0
trig_cross,spurious,0.2,100,16,20102,rcsa-spent-diagnostic,1.0,1.0,1.0,6.417256585791132e-05,0.04877289544201753,0.0,1.0,0.0,frozen-v6-anchor,0.04265682995878305,0.06770139309532147,7.657409872999779,12010993,cos(x3);sin(x1)*cos(x2);x1,-0.005865 + 0.5031·x₁ + 0.6963·cos(x₃) + 1.199·sin(x₁)cos(x₂),"RCSA spent-seed diagnostic; anchor=1,x1,cos(x3),sin(x1)*cos(x2); exception=; in_bank=0; in_anchor=0; attempted=0; eligible=; anchor_role_ic=None; augmented_role_ic=None; outside_anchor_sse=None; outside_augmented_sse=None; accepted=0; final=1,x1,cos(x3),sin(x1)*cos(x2); wrapper_overhead_unoptimized=1",1.0,1.0,6,3,1.0,63,0,0,0,1;x1;cos(x3);sin(x1)*cos(x2),S,imbalanced,100,104;112;120;130;139;150;71;71;71;71;71;72;78;83;90;97,750687.0625,1;x1;cos(x3);sin(x1)*cos(x2),1;x1;cos(x3);sin(x1)*cos(x2),,0.0,0.0,0.0,,0,,,,,0.0
trig_cross,spurious,0.2,100,16,20103,rcsa-spent-diagnostic,1.0,1.0,1.0,0.00022985182589589726,0.04931581332701435,0.0,1.0,0.0,frozen-v6-anchor,0.049603829636445794,0.10017652605014363,7.761655128000257,12012304,cos(x3);sin(x1)*cos(x2);x1,-0.01473 + 0.4943·x₁ + 0.7053·cos(x₃) + 1.206·sin(x₁)cos(x₂),"RCSA spent-seed diagnostic; anchor=1,x1,cos(x3),sin(x1)*cos(x2); exception=; in_bank=0; in_anchor=0; attempted=0; eligible=; anchor_role_ic=None; augmented_role_ic=None; outside_anchor_sse=None; outside_augmented_sse=None; accepted=0; final=1,x1,cos(x3),sin(x1)*cos(x2); wrapper_overhead_unoptimized=1",1.0,1.0,6,3,0.0,63,0,1,0,1;x1;cos(x3);sin(x1)*cos(x2),S,imbalanced,100,97;104;112;120;130;139;150;71;71;71;71;71;72;78;83;90,750769.0,1;x1;cos(x3);sin(x1)*cos(x2),1;x1;cos(x3);sin(x1)*cos(x2),,0.0,0.0,0.0,,0,,,,,0.0
trig_cross,spurious,0.2,100,16,20104,rcsa-spent-diagnostic,1.0,1.0,1.0,0.0001519078798158365,0.04468872684657884,0.0,1.0,0.0,frozen-v6-anchor,0.042074296224736685,0.06343998440640924,7.744829865000156,12008023,cos(x3);sin(x1)*cos(x2);x1,-0.003667 + 0.4934·x₁ + 0.7105·cos(x₃) + 1.212·sin(x₁)cos(x₂),"RCSA spent-seed diagnostic; anchor=1,x1,cos(x3),sin(x1)*cos(x2); exception=; in_bank=0; in_anchor=0; attempted=0; eligible=; anchor_role_ic=None; augmented_role_ic=None; outside_anchor_sse=None; outside_augmented_sse=None; accepted=0; final=1,x1,cos(x3),sin(x1)*cos(x2); wrapper_overhead_unoptimized=1",1.0,1.0,6,3,1.0,63,0,0,0,1;x1;cos(x3);sin(x1)*cos(x2),S,imbalanced,100,90;97;104;112;120;130;139;150;71;71;71;71;71;72;78;83,750501.4375,1;x1;cos(x3);sin(x1)*cos(x2),1;x1;cos(x3);sin(x1)*cos(x2),,0.0,0.0,0.0,,0,,,,,0.0
trig_cross,spurious,0.2,100,16,20105,rcsa-spent-diagnostic,1.0,1.0,1.0,0.00013880746970233954,0.04733919804279809,0.0,1.0,0.0,frozen-v6-anchor,0.043711499659384964,0.06742989989686983,7.786069327000405,12030082,cos(x3);sin(x1)*cos(x2);x1,0.003837 + 0.4981·x₁ + 0.7068·cos(x₃) + 1.223·sin(x₁)cos(x₂),"RCSA spent-seed diagnostic; anchor=1,x1,cos(x3),sin(x1)*cos(x2); exception=; in_bank=0; in_anchor=0; attempted=0; eligible=; anchor_role_ic=None; augmented_role_ic=None; outside_anchor_sse=None; outside_augmented_sse=None; accepted=0; final=1,x1,cos(x3),sin(x1)*cos(x2); wrapper_overhead_unoptimized=1",1.0,1.0,7,4,1.0,120,0,0,0,1;x1;cos(x3);sin(x1)*cos(x2),S,imbalanced,100,83;90;97;104;112;120;130;139;150;71;71;71;71;71;72;78,751880.125,1;x1;cos(x3);sin(x1)*cos(x2),1;x1;cos(x3);sin(x1)*cos(x2),,0.0,0.0,0.0,,0,,,,,0.0
trig_cross,exception,0.2,100,4,20101,rcsa-spent-diagnostic,1.0,1.0,1.0,0.0006738158185045421,0.11342109787108681,0.0,1.0,0.0,frozen-v6-anchor,0.08552166075066948,0.10908762782306666,2.703606379000121,3414014,I(x3>1)*x3^2;cos(x3);sin(x1)*cos(x2);x1,0.03708 + 0.5137·x₁ + 0.6558·cos(x₃) + 0.7443·𝟙[x₃>1]·x₃² + 1.193·sin(x₁)cos(x₂),"RCSA spent-seed diagnostic; anchor=1,x1,cos(x3),I(x3>1)*x3^2,sin(x1)*cos(x2); exception=I(x3>1)*x3^2; in_bank=1; in_anchor=1; attempted=0; eligible=; anchor_role_ic=None; augmented_role_ic=None; outside_anchor_sse=None; outside_augmented_sse=None; accepted=0; final=1,x1,cos(x3),I(x3>1)*x3^2,sin(x1)*cos(x2); wrapper_overhead_unoptimized=1",1.0,1.0,7,3,1.0,120,0,0,1,1;x1;cos(x3);I(x3>1)*x3^2;sin(x1)*cos(x2),S,balanced,100,100;100;100;100,853503.5,1;x1;cos(x3);I(x3>1)*x3^2;sin(x1)*cos(x2),1;x1;cos(x3);I(x3>1)*x3^2;sin(x1)*cos(x2),I(x3>1)*x3^2,1.0,1.0,0.0,,0,,,,,0.0
trig_cross,exception,0.2,100,4,20102,rcsa-spent-diagnostic,1.0,1.0,1.0,0.0005973744501319128,0.11071795471390512,0.0,1.0,0.0,frozen-v6-anchor,0.11755162618366341,0.14686235244688958,2.5211313969998628,3317692,I(x3>1)*x3^2;cos(x3);sin(x1)*cos(x2);x1,-0.008918 + 0.4918·x₁ + 0.7013·cos(x₃) + 0.7355·𝟙[x₃>1]·x₃² + 1.202·sin(x₁)cos(x₂),"RCSA spent-seed diagnostic; anchor=1,x1,cos(x3),I(x3>1)*x3^2,sin(x1)*cos(x2); exception=I(x3>1)*x3^2; in_bank=1; in_anchor=1; attempted=0; eligible=; anchor_role_ic=None; augmented_role_ic=None; outside_anchor_sse=None; outside_augmented_sse=None; accepted=0; final=1,x1,cos(x3),I(x3>1)*x3^2,sin(x1)*cos(x2); wrapper_overhead_unoptimized=1",1.0,1.0,6,2,1.0,63,0,0,1,1;x1;cos(x3);I(x3>1)*x3^2;sin(x1)*cos(x2),S,balanced,100,100;100;100;100,829423.0,1;x1;cos(x3);I(x3>1)*x3^2;sin(x1)*cos(x2),1;x1;cos(x3);I(x3>1)*x3^2;sin(x1)*cos(x2),I(x3>1)*x3^2,1.0,1.0,0.0,,0,,,,,0.0
trig_cross,exception,0.2,100,4,20103,rcsa-spent-diagnostic,0.0,0.75,0.75,0.002635421308249151,0.11687451468019751,0.0,1.0,0.0,frozen-v6-anchor,0.10693974758594722,0.14365719997125007,2.808267944000363,3473252,I(x3>1)*x3^2;sin(x1)*cos(x2);x1;x3^2,0.6527 + 0.5146·x₁ - 0.2381·x₃² + 0.762·𝟙[x₃>1]·x₃² + 1.171·sin(x₁)cos(x₂),"RCSA spent-seed diagnostic; anchor=1,x1,x3^2,I(x3>1)*x3^2,sin(x1)*cos(x2); exception=I(x3>1)*x3^2; in_bank=1; in_anchor=1; attempted=0; eligible=; anchor_role_ic=None; augmented_role_ic=None; outside_anchor_sse=None; outside_augmented_sse=None; accepted=0; final=1,x1,x3^2,I(x3>1)*x3^2,sin(x1)*cos(x2); wrapper_overhead_unoptimized=1",1.0,1.0,6,2,0.0,63,0,1,1,1;x1;x3^2;I(x3>1)*x3^2;sin(x1)*cos(x2),S,balanced,100,100;100;100;100,868313.0,1;x1;x3^2;I(x3>1)*x3^2;sin(x1)*cos(x2),1;x1;x3^2;I(x3>1)*x3^2;sin(x1)*cos(x2),I(x3>1)*x3^2,1.0,1.0,0.0,,0,,,,,0.0
trig_cross,exception,0.2,100,4,20104,rcsa-spent-diagnostic,1.0,1.0,1.0,0.0009013087968837343,0.11674530518937487,0.0,1.0,0.0,frozen-v6-anchor,0.14550709686622124,0.18691214173435283,2.5362770329998057,3315364,I(x3>1)*x3^2;cos(x3);sin(x1)*cos(x2);x1,-0.0237 + 0.5013·x₁ + 0.6577·cos(x₃) + 0.7545·𝟙[x₃>1]·x₃² + 1.165·sin(x₁)cos(x₂),"RCSA spent-seed diagnostic; anchor=1,x1,cos(x3),I(x3>1)*x3^2,sin(x1)*cos(x2); exception=I(x3>1)*x3^2; in_bank=1; in_anchor=1; attempted=0; eligible=; anchor_role_ic=None; augmented_role_ic=None; outside_anchor_sse=None; outside_augmented_sse=None; accepted=0; final=1,x1,cos(x3),I(x3>1)*x3^2,sin(x1)*cos(x2); wrapper_overhead_unoptimized=1",1.0,1.0,6,2,0.0,63,1,1,1,1;x1;cos(x3);I(x3>1)*x3^2;sin(x1)*cos(x2),S,balanced,100,100;100;100;100,828841.0,1;x1;cos(x3);I(x3>1)*x3^2;sin(x1)*cos(x2),1;x1;cos(x3);I(x3>1)*x3^2;sin(x1)*cos(x2),I(x3>1)*x3^2,1.0,1.0,0.0,,0,,,,,0.0
trig_cross,exception,0.2,100,4,20105,rcsa-spent-diagnostic,1.0,1.0,1.0,0.0002597021742666164,0.10981554883178316,0.0,1.0,0.0,frozen-v6-anchor,0.08251754398388869,0.10849197454887,2.816423281000425,3472401,I(x3>1)*x3^2;cos(x3);sin(x1)*cos(x2);x1,-0.0277 + 0.5077·x₁ + 0.7174·cos(x₃) + 0.7587·𝟙[x₃>1]·x₃² + 1.215·sin(x₁)cos(x₂),"RCSA spent-seed diagnostic; anchor=1,x1,cos(x3),I(x3>1)*x3^2,sin(x1)*cos(x2); exception=I(x3>1)*x3^2; in_bank=1; in_anchor=1; attempted=0; eligible=; anchor_role_ic=None; augmented_role_ic=None; outside_anchor_sse=None; outside_augmented_sse=None; accepted=0; final=1,x1,cos(x3),I(x3>1)*x3^2,sin(x1)*cos(x2); wrapper_overhead_unoptimized=1",1.0,1.0,7,3,1.0,120,0,0,1,1;x1;cos(x3);I(x3>1)*x3^2;sin(x1)*cos(x2),S,balanced,100,100;100;100;100,868100.25,1;x1;cos(x3);I(x3>1)*x3^2;sin(x1)*cos(x2),1;x1;cos(x3);I(x3>1)*x3^2;sin(x1)*cos(x2),I(x3>1)*x3^2,1.0,1.0,0.0,,0,,,,,0.0
trig_cross,exception,0.2,100,4,20101,rcsa-spent-diagnostic,1.0,1.0,1.0,0.0008355875995117829,0.11007963178379909,0.0,1.0,0.0,frozen-v6-anchor,0.11033169345553837,0.14926243652493365,2.7436911150002743,3436861,I(x3>1)*x3^2;cos(x3);sin(x1)*cos(x2);x1,0.02842 + 0.4858·x₁ + 0.6494·cos(x₃) + 0.751·𝟙[x₃>1]·x₃² + 1.179·sin(x₁)cos(x₂),"RCSA spent-seed diagnostic; anchor=1,x1,cos(x3),I(x3>1)*x3^2,sin(x1)*cos(x2); exception=I(x3>1)*x3^2; in_bank=1; in_anchor=1; attempted=0; eligible=; anchor_role_ic=None; augmented_role_ic=None; outside_anchor_sse=None; outside_augmented_sse=None; accepted=0; final=1,x1,cos(x3),I(x3>1)*x3^2,sin(x1)*cos(x2); wrapper_overhead_unoptimized=1",1.0,1.0,5,1,1.0,32,0,0,1,1;x1;cos(x3);I(x3>1)*x3^2;sin(x1)*cos(x2),S,imbalanced,100,150;71;72;104,859215.25,1;x1;cos(x3);I(x3>1)*x3^2;sin(x1)*cos(x2),1;x1;cos(x3);I(x3>1)*x3^2;sin(x1)*cos(x2),I(x3>1)*x3^2,1.0,1.0,0.0,,0,,,,,0.0
trig_cross,exception,0.2,100,4,20102,rcsa-spent-diagnostic,1.0,1.0,1.0,0.0004637372425368625,0.08450665199189264,0.0,1.0,0.0,frozen-v6-anchor,0.08783658648695614,0.11288751228144633,2.7746465079999325,3481000,I(x3>1)*x3^2;cos(x3);sin(x1)*cos(x2);x1,-0.01616 + 0.5036·x₁ + 0.724·cos(x₃) + 0.7419·𝟙[x₃>1]·x₃² + 1.186·sin(x₁)cos(x₂),"RCSA spent-seed diagnostic; anchor=1,x1,cos(x3),I(x3>1)*x3^2,sin(x1)*cos(x2); exception=I(x3>1)*x3^2; in_bank=1; in_anchor=1; attempted=0; eligible=; anchor_role_ic=None; augmented_role_ic=None; outside_anchor_sse=None; outside_augmented_sse=None; accepted=0; final=1,x1,cos(x3),I(x3>1)*x3^2,sin(x1)*cos(x2); wrapper_overhead_unoptimized=1",1.0,1.0,6,2,1.0,63,0,0,1,1;x1;cos(x3);I(x3>1)*x3^2;sin(x1)*cos(x2),S,imbalanced,100,104;150;71;72,870250.0,1;x1;cos(x3);I(x3>1)*x3^2;sin(x1)*cos(x2),1;x1;cos(x3);I(x3>1)*x3^2;sin(x1)*cos(x2),I(x3>1)*x3^2,1.0,1.0,0.0,,0,,,,,0.0
trig_cross,exception,0.2,100,4,20103,rcsa-spent-diagnostic,1.0,1.0,1.0,0.00042070373428169846,0.09611249397563877,0.0,1.0,0.0,frozen-v6-anchor,0.07795905035279964,0.10486208462929056,3.0030597290001424,3610911,I(x3>1)*x3^2;cos(x3);sin(x1)*cos(x2);x1,-0.01737 + 0.5072·x₁ + 0.7387·cos(x₃) + 0.7474·𝟙[x₃>1]·x₃² + 1.189·sin(x₁)cos(x₂),"RCSA spent-seed diagnostic; anchor=1,x1,cos(x3),I(x3>1)*x3^2,sin(x1)*cos(x2); exception=I(x3>1)*x3^2; in_bank=1; in_anchor=1; attempted=0; eligible=; anchor_role_ic=None; augmented_role_ic=None; outside_anchor_sse=None; outside_augmented_sse=None; accepted=0; final=1,x1,cos(x3),I(x3>1)*x3^2,sin(x1)*cos(x2); wrapper_overhead_unoptimized=1",1.0,1.0,6,2,1.0,63,0,0,1,1;x1;cos(x3);I(x3>1)*x3^2;sin(x1)*cos(x2),S,imbalanced,100,72;104;150;71,902727.75,1;x1;cos(x3);I(x3>1)*x3^2;sin(x1)*cos(x2),1;x1;cos(x3);I(x3>1)*x3^2;sin(x1)*cos(x2),I(x3>1)*x3^2,1.0,1.0,0.0,,0,,,,,0.0
trig_cross,exception,0.2,100,4,20104,rcsa-spent-diagnostic,1.0,1.0,1.0,0.0009683742520598339,0.1243480828941582,0.0,1.0,0.0,frozen-v6-anchor,0.10649622438703908,0.11578494998612877,2.6634714050001094,3418484,I(x3>1)*x3^2;cos(x3);sin(x1)*cos(x2);x1,0.01211 + 0.5048·x₁ + 0.628·cos(x₃) + 0.7293·𝟙[x₃>1]·x₃² + 1.173·sin(x₁)cos(x₂),"RCSA spent-seed diagnostic; anchor=1,x1,cos(x3),I(x3>1)*x3^2,sin(x1)*cos(x2); exception=I(x3>1)*x3^2; in_bank=1; in_anchor=1; attempted=0; eligible=; anchor_role_ic=None; augmented_role_ic=None; outside_anchor_sse=None; outside_augmented_sse=None; accepted=0; final=1,x1,cos(x3),I(x3>1)*x3^2,sin(x1)*cos(x2); wrapper_overhead_unoptimized=1",1.0,1.0,7,3,1.0,120,0,0,1,1;x1;cos(x3);I(x3>1)*x3^2;sin(x1)*cos(x2),S,imbalanced,100,71;72;104;150,854621.0,1;x1;cos(x3);I(x3>1)*x3^2;sin(x1)*cos(x2),1;x1;cos(x3);I(x3>1)*x3^2;sin(x1)*cos(x2),I(x3>1)*x3^2,1.0,1.0,0.0,,0,,,,,0.0
trig_cross,exception,0.2,100,4,20105,rcsa-spent-diagnostic,1.0,1.0,1.0,0.0020365295668952877,0.11715983686184656,0.0,1.0,0.0,frozen-v6-anchor,0.1333253870418589,0.16438161764095097,2.668752734000009,3413236,I(x3>1)*x3^2;cos(x3);sin(x1)*cos(x2);x1,0.0291 + 0.5343·x₁ + 0.6255·cos(x₃) + 0.7303·𝟙[x₃>1]·x₃² + 1.171·sin(x₁)cos(x₂),"RCSA spent-seed diagnostic; anchor=1,x1,cos(x3),I(x3>1)*x3^2,sin(x1)*cos(x2); exception=I(x3>1)*x3^2; in_bank=1; in_anchor=1; attempted=0; eligible=; anchor_role_ic=None; augmented_role_ic=None; outside_anchor_sse=None; outside_augmented_sse=None; accepted=0; final=1,x1,cos(x3),I(x3>1)*x3^2,sin(x1)*cos(x2); wrapper_overhead_unoptimized=1",1.0,1.0,6,2,0.0,63,1,1,1,1;x1;cos(x3);I(x3>1)*x3^2;sin(x1)*cos(x2),S,imbalanced,100,150;71;72;104,853309.0,1;x1;cos(x3);I(x3>1)*x3^2;sin(x1)*cos(x2),1;x1;cos(x3);I(x3>1)*x3^2;sin(x1)*cos(x2),I(x3>1)*x3^2,1.0,1.0,0.0,,0,,,,,0.0
trig_cross,exception,0.2,100,8,20101,rcsa-spent-diagnostic,1.0,1.0,1.0,0.0005947310483174662,0.087197889257631,0.0,1.0,0.0,frozen-v6-anchor,0.09256904832704946,0.13595555104979554,5.390345543999956,6873633,I(x3>1)*x3^2;cos(x3);sin(x1)*cos(x2);x1,-0.01275 + 0.4937·x₁ + 0.7334·cos(x₃) + 0.7469·𝟙[x₃>1]·x₃² + 1.249·sin(x₁)cos(x₂),"RCSA spent-seed diagnostic; anchor=1,x1,cos(x3),I(x3>1)*x3^2,sin(x1)*cos(x2); exception=I(x3>1)*x3^2; in_bank=1; in_anchor=1; attempted=0; eligible=; anchor_role_ic=None; augmented_role_ic=None; outside_anchor_sse=None; outside_augmented_sse=None; accepted=0; final=1,x1,cos(x3),I(x3>1)*x3^2,sin(x1)*cos(x2); wrapper_overhead_unoptimized=1",1.0,1.0,6,2,1.0,63,0,0,1,1;x1;cos(x3);I(x3>1)*x3^2;sin(x1)*cos(x2),S,balanced,100,100;100;100;100;100;100;100;100,859204.125,1;x1;cos(x3);I(x3>1)*x3^2;sin(x1)*cos(x2),1;x1;cos(x3);I(x3>1)*x3^2;sin(x1)*cos(x2),I(x3>1)*x3^2,1.0,1.0,0.0,,0,,,,,0.0
trig_cross,exception,0.2,100,8,20102,rcsa-spent-diagnostic,1.0,1.0,1.0,0.00042427337129456554,0.08527806356392346,0.0,1.0,0.0,frozen-v6-anchor,0.08939751983902781,0.1397985403311471,5.425584841999807,6882119,I(x3>1)*x3^2;cos(x3);sin(x1)*cos(x2);x1,0.02117 + 0.4996·x₁ + 0.6688·cos(x₃) + 0.7542·𝟙[x₃>1]·x₃² + 1.179·sin(x₁)cos(x₂),"RCSA spent-seed diagnostic; anchor=1,x1,cos(x3),I(x3>1)*x3^2,sin(x1)*cos(x2); exception=I(x3>1)*x3^2; in_bank=1; in_anchor=1; attempted=0; eligible=; anchor_role_ic=None; augmented_role_ic=None; outside_anchor_sse=None; outside_augmented_sse=None; accepted=0; final=1,x1,cos(x3),I(x3>1)*x3^2,sin(x1)*cos(x2); wrapper_overhead_unoptimized=1",1.0,1.0,7,3,1.0,120,0,0,1,1;x1;cos(x3);I(x3>1)*x3^2;sin(x1)*cos(x2),S,balanced,100,100;100;100;100;100;100;100;100,860264.875,1;x1;cos(x3);I(x3>1)*x3^2;sin(x1)*cos(x2),1;x1;cos(x3);I(x3>1)*x3^2;sin(x1)*cos(x2),I(x3>1)*x3^2,1.0,1.0,0.0,,0,,,,,0.0
trig_cross,exception,0.2,100,8,20103,rcsa-spent-diagnostic,1.0,1.0,1.0,0.0007615153810500166,0.08572779858382798,0.0,1.0,0.0,frozen-v6-anchor,0.07618720895718999,0.11369045889790286,5.286792074999994,6814854,I(x3>1)*x3^2;cos(x3);sin(x1)*cos(x2);x1,0.02181 + 0.4957·x₁ + 0.6815·cos(x₃) + 0.7247·𝟙[x₃>1]·x₃² + 1.173·sin(x₁)cos(x₂),"RCSA spent-seed diagnostic; anchor=1,x1,cos(x3),I(x3>1)*x3^2,sin(x1)*cos(x2); exception=I(x3>1)*x3^2; in_bank=1; in_anchor=1; attempted=0; eligible=; anchor_role_ic=None; augmented_role_ic=None; outside_anchor_sse=None; outside_augmented_sse=None; accepted=0; final=1,x1,cos(x3),I(x3>1)*x3^2,sin(x1)*cos(x2); wrapper_overhead_unoptimized=1",1.0,1.0,7,3,1.0,120,0,0,1,1;x1;cos(x3);I(x3>1)*x3^2;sin(x1)*cos(x2),S,balanced,100,100;100;100;100;100;100;100;100,851856.75,1;x1;cos(x3);I(x3>1)*x3^2;sin(x1)*cos(x2),1;x1;cos(x3);I(x3>1)*x3^2;sin(x1)*cos(x2),I(x3>1)*x3^2,1.0,1.0,0.0,,0,,,,,0.0
trig_cross,exception,0.2,100,8,20104,rcsa-spent-diagnostic,1.0,1.0,1.0,0.00025309751338404825,0.07244403924616877,0.0,1.0,0.0,frozen-v6-anchor,0.06284046093725149,0.09768509610093119,5.346765909999704,6880602,I(x3>1)*x3^2;cos(x3);sin(x1)*cos(x2);x1,0.006936 + 0.506·x₁ + 0.6804·cos(x₃) + 0.7536·𝟙[x₃>1]·x₃² + 1.172·sin(x₁)cos(x₂),"RCSA spent-seed diagnostic; anchor=1,x1,cos(x3),I(x3>1)*x3^2,sin(x1)*cos(x2); exception=I(x3>1)*x3^2; in_bank=1; in_anchor=1; attempted=0; eligible=; anchor_role_ic=None; augmented_role_ic=None; outside_anchor_sse=None; outside_augmented_sse=None; accepted=0; final=1,x1,cos(x3),I(x3>1)*x3^2,sin(x1)*cos(x2); wrapper_overhead_unoptimized=1",1.0,1.0,7,3,1.0,120,0,0,1,1;x1;cos(x3);I(x3>1)*x3^2;sin(x1)*cos(x2),S,balanced,100,100;100;100;100;100;100;100;100,860075.25,1;x1;cos(x3);I(x3>1)*x3^2;sin(x1)*cos(x2),1;x1;cos(x3);I(x3>1)*x3^2;sin(x1)*cos(x2),I(x3>1)*x3^2,1.0,1.0,0.0,,0,,,,,0.0
trig_cross,exception,0.2,100,8,20105,rcsa-spent-diagnostic,1.0,1.0,1.0,0.0007351119689639099,0.07015691705915787,0.0,1.0,0.0,frozen-v6-anchor,0.056034452046057455,0.06811488675789311,5.225752589999956,6818772,I(x3>1)*x3^2;cos(x3);sin(x1)*cos(x2);x1,-0.01517 + 0.4828·x₁ + 0.7393·cos(x₃) + 0.7536·𝟙[x₃>1]·x₃² + 1.246·sin(x₁)cos(x₂),"RCSA spent-seed diagnostic; anchor=1,x1,cos(x3),I(x3>1)*x3^2,sin(x1)*cos(x2); exception=I(x3>1)*x3^2; in_bank=1; in_anchor=1; attempted=0; eligible=; anchor_role_ic=None; augmented_role_ic=None; outside_anchor_sse=None; outside_augmented_sse=None; accepted=0; final=1,x1,cos(x3),I(x3>1)*x3^2,sin(x1)*cos(x2); wrapper_overhead_unoptimized=1",1.0,1.0,7,3,1.0,120,0,0,1,1;x1;cos(x3);I(x3>1)*x3^2;sin(x1)*cos(x2),S,balanced,100,100;100;100;100;100;100;100;100,852346.5,1;x1;cos(x3);I(x3>1)*x3^2;sin(x1)*cos(x2),1;x1;cos(x3);I(x3>1)*x3^2;sin(x1)*cos(x2),I(x3>1)*x3^2,1.0,1.0,0.0,,0,,,,,0.0
trig_cross,exception,0.2,100,8,20101,rcsa-spent-diagnostic,1.0,1.0,1.0,0.00031686281165240165,0.07578295888290802,0.0,1.0,0.0,frozen-v6-anchor,0.08367173512275296,0.13142449952994234,5.481658143000004,6944902,I(x3>1)*x3^2;cos(x3);sin(x1)*cos(x2);x1,-0.01474 + 0.5066·x₁ + 0.7484·cos(x₃) + 0.7548·𝟙[x₃>1]·x₃² + 1.197·sin(x₁)cos(x₂),"RCSA spent-seed diagnostic; anchor=1,x1,cos(x3),I(x3>1)*x3^2,sin(x1)*cos(x2); exception=I(x3>1)*x3^2; in_bank=1; in_anchor=1; attempted=0; eligible=; anchor_role_ic=None; augmented_role_ic=None; outside_anchor_sse=None; outside_augmented_sse=None; accepted=0; final=1,x1,cos(x3),I(x3>1)*x3^2,sin(x1)*cos(x2); wrapper_overhead_unoptimized=1",1.0,1.0,7,3,1.0,120,0,0,1,1;x1;cos(x3);I(x3>1)*x3^2;sin(x1)*cos(x2),S,imbalanced,100,80;94;110;128;150;71;71;71,868112.75,1;x1;cos(x3);I(x3>1)*x3^2;sin(x1)*cos(x2),1;x1;cos(x3);I(x3>1)*x3^2;sin(x1)*cos(x2),I(x3>1)*x3^2,1.0,1.0,0.0,,0,,,,,0.0
trig_cross,exception,0.2,100,8,20102,rcsa-spent-diagnostic,1.0,1.0,1.0,0.0001992174279338366,0.07202303003793879,0.0,1.0,0.0,frozen-v6-anchor,0.06222577010501685,0.11358190312720211,5.110959730000104,6770852,I(x3>1)*x3^2;cos(x3);sin(x1)*cos(x2);x1,0.01081 + 0.5002·x₁ + 0.7001·cos(x₃) + 0.7562·𝟙[x₃>1]·x₃² + 1.213·sin(x₁)cos(x₂),"RCSA spent-seed diagnostic; anchor=1,x1,cos(x3),I(x3>1)*x3^2,sin(x1)*cos(x2); exception=I(x3>1)*x3^2; in_bank=1; in_anchor=1; attempted=0; eligible=; anchor_role_ic=None; augmented_role_ic=None; outside_anchor_sse=None; outside_augmented_sse=None; accepted=0; final=1,x1,cos(x3),I(x3>1)*x3^2,sin(x1)*cos(x2); wrapper_overhead_unoptimized=1",1.0,1.0,6,2,1.0,63,0,0,1,1;x1;cos(x3);I(x3>1)*x3^2;sin(x1)*cos(x2),S,imbalanced,100,71;80;94;110;128;150;71;71,846356.5,1;x1;cos(x3);I(x3>1)*x3^2;sin(x1)*cos(x2),1;x1;cos(x3);I(x3>1)*x3^2;sin(x1)*cos(x2),I(x3>1)*x3^2,1.0,1.0,0.0,,0,,,,,0.0
trig_cross,exception,0.2,100,8,20103,rcsa-spent-diagnostic,1.0,1.0,1.0,0.00032657437414603983,0.07865360690073818,0.0,1.0,0.0,frozen-v6-anchor,0.07982926402470748,0.14567750559402945,5.338209327000186,6893413,I(x3>1)*x3^2;cos(x3);sin(x1)*cos(x2);x1,0.01636 + 0.5052·x₁ + 0.6793·cos(x₃) + 0.7559·𝟙[x₃>1]·x₃² + 1.198·sin(x₁)cos(x₂),"RCSA spent-seed diagnostic; anchor=1,x1,cos(x3),I(x3>1)*x3^2,sin(x1)*cos(x2); exception=I(x3>1)*x3^2; in_bank=1; in_anchor=1; attempted=0; eligible=; anchor_role_ic=None; augmented_role_ic=None; outside_anchor_sse=None; outside_augmented_sse=None; accepted=0; final=1,x1,cos(x3),I(x3>1)*x3^2,sin(x1)*cos(x2); wrapper_overhead_unoptimized=1",1.0,1.0,6,2,1.0,63,0,0,1,1;x1;cos(x3);I(x3>1)*x3^2;sin(x1)*cos(x2),S,imbalanced,100,71;71;80;94;110;128;150;71,861676.625,1;x1;cos(x3);I(x3>1)*x3^2;sin(x1)*cos(x2),1;x1;cos(x3);I(x3>1)*x3^2;sin(x1)*cos(x2),I(x3>1)*x3^2,1.0,1.0,0.0,,0,,,,,0.0
trig_cross,exception,0.2,100,8,20104,rcsa-spent-diagnostic,1.0,1.0,1.0,0.00015937283352389586,0.09157315175129417,0.0,1.0,0.0,frozen-v6-anchor,0.10339440644194745,0.1686757578311912,4.821605525999985,6570319,I(x3>1)*x3^2;cos(x3);sin(x1)*cos(x2);x1,0.003967 + 0.4964·x₁ + 0.705·cos(x₃) + 0.7421·𝟙[x₃>1]·x₃² + 1.181·sin(x₁)cos(x₂),"RCSA spent-seed diagnostic; anchor=1,x1,cos(x3),I(x3>1)*x3^2,sin(x1)*cos(x2); exception=I(x3>1)*x3^2; in_bank=1; in_anchor=1; attempted=0; eligible=; anchor_role_ic=None; augmented_role_ic=None; outside_anchor_sse=None; outside_augmented_sse=None; accepted=0; final=1,x1,cos(x3),I(x3>1)*x3^2,sin(x1)*cos(x2); wrapper_overhead_unoptimized=1",1.0,1.0,7,3,1.0,120,0,0,1,1;x1;cos(x3);I(x3>1)*x3^2;sin(x1)*cos(x2),S,imbalanced,100,71;71;71;80;94;110;128;150,821289.875,1;x1;cos(x3);I(x3>1)*x3^2;sin(x1)*cos(x2),1;x1;cos(x3);I(x3>1)*x3^2;sin(x1)*cos(x2),I(x3>1)*x3^2,1.0,1.0,0.0,,0,,,,,0.0
trig_cross,exception,0.2,100,8,20105,rcsa-spent-diagnostic,1.0,1.0,1.0,0.00010822383139923782,0.08621722242900025,0.0,1.0,0.0,frozen-v6-anchor,0.10516005373762398,0.1450599004143425,4.996793745999639,6689466,I(x3>1)*x3^2;cos(x3);sin(x1)*cos(x2);x1,0.01668 + 0.505·x₁ + 0.6799·cos(x₃) + 0.7467·𝟙[x₃>1]·x₃² + 1.208·sin(x₁)cos(x₂),"RCSA spent-seed diagnostic; anchor=1,x1,cos(x3),I(x3>1)*x3^2,sin(x1)*cos(x2); exception=I(x3>1)*x3^2; in_bank=1; in_anchor=1; attempted=0; eligible=; anchor_role_ic=None; augmented_role_ic=None; outside_anchor_sse=None; outside_augmented_sse=None; accepted=0; final=1,x1,cos(x3),I(x3>1)*x3^2,sin(x1)*cos(x2); wrapper_overhead_unoptimized=1",1.0,1.0,6,2,1.0,63,0,0,1,1;x1;cos(x3);I(x3>1)*x3^2;sin(x1)*cos(x2),S,imbalanced,100,150;71;71;71;80;94;110;128,836183.25,1;x1;cos(x3);I(x3>1)*x3^2;sin(x1)*cos(x2),1;x1;cos(x3);I(x3>1)*x3^2;sin(x1)*cos(x2),I(x3>1)*x3^2,1.0,1.0,0.0,,0,,,,,0.0
trig_cross,exception,0.2,100,16,20101,rcsa-spent-diagnostic,1.0,1.0,1.0,5.8716866356952004e-05,0.07176666471935031,0.0,1.0,0.0,frozen-v6-anchor,0.08274266187538369,0.14007323842966102,10.489778847999787,13769094,I(x3>1)*x3^2;cos(x3);sin(x1)*cos(x2);x1,0.008008 + 0.4988·x₁ + 0.6826·cos(x₃) + 0.7455·𝟙[x₃>1]·x₃² + 1.215·sin(x₁)cos(x₂),"RCSA spent-seed diagnostic; anchor=1,x1,cos(x3),I(x3>1)*x3^2,sin(x1)*cos(x2); exception=I(x3>1)*x3^2; in_bank=1; in_anchor=1; attempted=0; eligible=; anchor_role_ic=None; augmented_role_ic=None; outside_anchor_sse=None; outside_augmented_sse=None; accepted=0; final=1,x1,cos(x3),I(x3>1)*x3^2,sin(x1)*cos(x2); wrapper_overhead_unoptimized=1",1.0,1.0,6,2,1.0,63,0,0,1,1;x1;cos(x3);I(x3>1)*x3^2;sin(x1)*cos(x2),S,balanced,100,100;100;100;100;100;100;100;100;100;100;100;100;100;100;100;100,860568.375,1;x1;cos(x3);I(x3>1)*x3^2;sin(x1)*cos(x2),1;x1;cos(x3);I(x3>1)*x3^2;sin(x1)*cos(x2),I(x3>1)*x3^2,1.0,1.0,0.0,,0,,,,,0.0
trig_cross,exception,0.2,100,16,20102,rcsa-spent-diagnostic,1.0,1.0,1.0,0.00020636110313252773,0.06965096212643943,0.0,1.0,0.0,frozen-v6-anchor,0.07111875211162579,0.10266865281553142,10.779704791000313,13869927,I(x3>1)*x3^2;cos(x3);sin(x1)*cos(x2);x1,-0.00839 + 0.4981·x₁ + 0.6988·cos(x₃) + 0.7463·𝟙[x₃>1]·x₃² + 1.168·sin(x₁)cos(x₂),"RCSA spent-seed diagnostic; anchor=1,x1,cos(x3),I(x3>1)*x3^2,sin(x1)*cos(x2); exception=I(x3>1)*x3^2; in_bank=1; in_anchor=1; attempted=0; eligible=; anchor_role_ic=None; augmented_role_ic=None; outside_anchor_sse=None; outside_augmented_sse=None; accepted=0; final=1,x1,cos(x3),I(x3>1)*x3^2,sin(x1)*cos(x2); wrapper_overhead_unoptimized=1",1.0,1.0,7,3,1.0,120,0,0,1,1;x1;cos(x3);I(x3>1)*x3^2;sin(x1)*cos(x2),S,balanced,100,100;100;100;100;100;100;100;100;100;100;100;100;100;100;100;100,866870.4375,1;x1;cos(x3);I(x3>1)*x3^2;sin(x1)*cos(x2),1;x1;cos(x3);I(x3>1)*x3^2;sin(x1)*cos(x2),I(x3>1)*x3^2,1.0,1.0,0.0,,0,,,,,0.0
trig_cross,exception,0.2,100,16,20103,rcsa-spent-diagnostic,1.0,1.0,1.0,0.00013043991945211068,0.06341870232086837,0.0,1.0,0.0,frozen-v6-anchor,0.05656973716413258,0.08724383736833184,10.251686011999936,13649527,I(x3>1)*x3^2;cos(x3);sin(x1)*cos(x2);x1,-0.01156 + 0.4956·x₁ + 0.6979·cos(x₃) + 0.7503·𝟙[x₃>1]·x₃² + 1.22·sin(x₁)cos(x₂),"RCSA spent-seed diagnostic; anchor=1,x1,cos(x3),I(x3>1)*x3^2,sin(x1)*cos(x2); exception=I(x3>1)*x3^2; in_bank=1; in_anchor=1; attempted=0; eligible=; anchor_role_ic=None; augmented_role_ic=None; outside_anchor_sse=None; outside_augmented_sse=None; accepted=0; final=1,x1,cos(x3),I(x3>1)*x3^2,sin(x1)*cos(x2); wrapper_overhead_unoptimized=1",1.0,1.0,6,2,1.0,63,0,0,1,1;x1;cos(x3);I(x3>1)*x3^2;sin(x1)*cos(x2),S,balanced,100,100;100;100;100;100;100;100;100;100;100;100;100;100;100;100;100,853095.4375,1;x1;cos(x3);I(x3>1)*x3^2;sin(x1)*cos(x2),1;x1;cos(x3);I(x3>1)*x3^2;sin(x1)*cos(x2),I(x3>1)*x3^2,1.0,1.0,0.0,,0,,,,,0.0
trig_cross,exception,0.2,100,16,20104,rcsa-spent-diagnostic,1.0,1.0,1.0,0.0003567954830869317,0.06493320645964412,0.0,1.0,0.0,frozen-v6-anchor,0.06183989381160402,0.10310687687486961,10.717543836000004,13888288,I(x3>1)*x3^2;cos(x3);sin(x1)*cos(x2);x1,-0.002782 + 0.492·x₁ + 0.7072·cos(x₃) + 0.7638·𝟙[x₃>1]·x₃² + 1.193·sin(x₁)cos(x₂),"RCSA spent-seed diagnostic; anchor=1,x1,cos(x3),I(x3>1)*x3^2,sin(x1)*cos(x2); exception=I(x3>1)*x3^2; in_bank=1; in_anchor=1; attempted=0; eligible=; anchor_role_ic=None; augmented_role_ic=None; outside_anchor_sse=None; outside_augmented_sse=None; accepted=0; final=1,x1,cos(x3),I(x3>1)*x3^2,sin(x1)*cos(x2); wrapper_overhead_unoptimized=1",1.0,1.0,6,2,1.0,63,0,0,1,1;x1;cos(x3);I(x3>1)*x3^2;sin(x1)*cos(x2),S,balanced,100,100;100;100;100;100;100;100;100;100;100;100;100;100;100;100;100,868018.0,1;x1;cos(x3);I(x3>1)*x3^2;sin(x1)*cos(x2),1;x1;cos(x3);I(x3>1)*x3^2;sin(x1)*cos(x2),I(x3>1)*x3^2,1.0,1.0,0.0,,0,,,,,0.0
trig_cross,exception,0.2,100,16,20105,rcsa-spent-diagnostic,1.0,1.0,1.0,0.00018285311711479607,0.06310248911119551,0.0,1.0,0.0,frozen-v6-anchor,0.06255364953683833,0.09713962402909206,10.283815870000126,13639656,I(x3>1)*x3^2;cos(x3);sin(x1)*cos(x2);x1,0.004679 + 0.4942·x₁ + 0.7201·cos(x₃) + 0.7551·𝟙[x₃>1]·x₃² + 1.215·sin(x₁)cos(x₂),"RCSA spent-seed diagnostic; anchor=1,x1,cos(x3),I(x3>1)*x3^2,sin(x1)*cos(x2); exception=I(x3>1)*x3^2; in_bank=1; in_anchor=1; attempted=0; eligible=; anchor_role_ic=None; augmented_role_ic=None; outside_anchor_sse=None; outside_augmented_sse=None; accepted=0; final=1,x1,cos(x3),I(x3>1)*x3^2,sin(x1)*cos(x2); wrapper_overhead_unoptimized=1",1.0,1.0,6,2,1.0,63,0,0,1,1;x1;cos(x3);I(x3>1)*x3^2;sin(x1)*cos(x2),S,balanced,100,100;100;100;100;100;100;100;100;100;100;100;100;100;100;100;100,852478.5,1;x1;cos(x3);I(x3>1)*x3^2;sin(x1)*cos(x2),1;x1;cos(x3);I(x3>1)*x3^2;sin(x1)*cos(x2),I(x3>1)*x3^2,1.0,1.0,0.0,,0,,,,,0.0
trig_cross,exception,0.2,100,16,20101,rcsa-spent-diagnostic,1.0,1.0,1.0,7.449243572853896e-05,0.06975464157995308,0.0,1.0,0.0,frozen-v6-anchor,0.06668409862981359,0.10532030510435432,10.994806836999942,13993080,I(x3>1)*x3^2;cos(x3);sin(x1)*cos(x2);x1,-0.008716 + 0.5009·x₁ + 0.709·cos(x₃) + 0.752·𝟙[x₃>1]·x₃² + 1.178·sin(x₁)cos(x₂),"RCSA spent-seed diagnostic; anchor=1,x1,cos(x3),I(x3>1)*x3^2,sin(x1)*cos(x2); exception=I(x3>1)*x3^2; in_bank=1; in_anchor=1; attempted=0; eligible=; anchor_role_ic=None; augmented_role_ic=None; outside_anchor_sse=None; outside_augmented_sse=None; accepted=0; final=1,x1,cos(x3),I(x3>1)*x3^2,sin(x1)*cos(x2); wrapper_overhead_unoptimized=1",1.0,1.0,7,3,1.0,120,0,0,1,1;x1;cos(x3);I(x3>1)*x3^2;sin(x1)*cos(x2),S,imbalanced,100,112;120;130;139;150;71;71;71;71;71;72;78;83;90;97;104,874567.5,1;x1;cos(x3);I(x3>1)*x3^2;sin(x1)*cos(x2),1;x1;cos(x3);I(x3>1)*x3^2;sin(x1)*cos(x2),I(x3>1)*x3^2,1.0,1.0,0.0,,0,,,,,0.0
trig_cross,exception,0.2,100,16,20102,rcsa-spent-diagnostic,1.0,1.0,1.0,0.00012546054038430266,0.06923886436982604,0.0,1.0,0.0,frozen-v6-anchor,0.07304799270541394,0.12302232073801884,10.298292865999883,13641206,I(x3>1)*x3^2;cos(x3);sin(x1)*cos(x2);x1,-0.005427 + 0.5063·x₁ + 0.693·cos(x₃) + 0.7558·𝟙[x₃>1]·x₃² + 1.2·sin(x₁)cos(x₂),"RCSA spent-seed diagnostic; anchor=1,x1,cos(x3),I(x3>1)*x3^2,sin(x1)*cos(x2); exception=I(x3>1)*x3^2; in_bank=1; in_anchor=1; attempted=0; eligible=; anchor_role_ic=None; augmented_role_ic=None; outside_anchor_sse=None; outside_augmented_sse=None; accepted=0; final=1,x1,cos(x3),I(x3>1)*x3^2,sin(x1)*cos(x2); wrapper_overhead_unoptimized=1",1.0,1.0,6,2,1.0,63,0,0,1,1;x1;cos(x3);I(x3>1)*x3^2;sin(x1)*cos(x2),S,imbalanced,100,104;112;120;130;139;150;71;71;71;71;71;72;78;83;90;97,852575.375,1;x1;cos(x3);I(x3>1)*x3^2;sin(x1)*cos(x2),1;x1;cos(x3);I(x3>1)*x3^2;sin(x1)*cos(x2),I(x3>1)*x3^2,1.0,1.0,0.0,,0,,,,,0.0
trig_cross,exception,0.2,100,16,20103,rcsa-spent-diagnostic,1.0,1.0,1.0,0.00012266545109930295,0.06510166993794105,0.0,1.0,0.0,frozen-v6-anchor,0.0659658013369887,0.1067720710710411,10.768462527999873,13898177,I(x3>1)*x3^2;cos(x3);sin(x1)*cos(x2);x1,-0.01675 + 0.4946·x₁ + 0.7092·cos(x₃) + 0.7514·𝟙[x₃>1]·x₃² + 1.195·sin(x₁)cos(x₂),"RCSA spent-seed diagnostic; anchor=1,x1,cos(x3),I(x3>1)*x3^2,sin(x1)*cos(x2); exception=I(x3>1)*x3^2; in_bank=1; in_anchor=1; attempted=0; eligible=; anchor_role_ic=None; augmented_role_ic=None; outside_anchor_sse=None; outside_augmented_sse=None; accepted=0; final=1,x1,cos(x3),I(x3>1)*x3^2,sin(x1)*cos(x2); wrapper_overhead_unoptimized=1",1.0,1.0,6,2,1.0,63,0,0,1,1;x1;cos(x3);I(x3>1)*x3^2;sin(x1)*cos(x2),S,imbalanced,100,97;104;112;120;130;139;150;71;71;71;71;71;72;78;83;90,868636.0625,1;x1;cos(x3);I(x3>1)*x3^2;sin(x1)*cos(x2),1;x1;cos(x3);I(x3>1)*x3^2;sin(x1)*cos(x2),I(x3>1)*x3^2,1.0,1.0,0.0,,0,,,,,0.0
trig_cross,exception,0.2,100,16,20104,rcsa-spent-diagnostic,1.0,1.0,1.0,0.00017393528066362738,0.0665048641560668,0.0,1.0,0.0,frozen-v6-anchor,0.06888819213420896,0.15096615599543634,9.89397506799969,13405849,I(x3>1)*x3^2;cos(x3);sin(x1)*cos(x2);x1,-0.00477 + 0.4964·x₁ + 0.7288·cos(x₃) + 0.7518·𝟙[x₃>1]·x₃² + 1.221·sin(x₁)cos(x₂),"RCSA spent-seed diagnostic; anchor=1,x1,cos(x3),I(x3>1)*x3^2,sin(x1)*cos(x2); exception=I(x3>1)*x3^2; in_bank=1; in_anchor=1; attempted=0; eligible=; anchor_role_ic=None; augmented_role_ic=None; outside_anchor_sse=None; outside_augmented_sse=None; accepted=0; final=1,x1,cos(x3),I(x3>1)*x3^2,sin(x1)*cos(x2); wrapper_overhead_unoptimized=1",1.0,1.0,6,2,1.0,63,0,0,1,1;x1;cos(x3);I(x3>1)*x3^2;sin(x1)*cos(x2),S,imbalanced,100,90;97;104;112;120;130;139;150;71;71;71;71;71;72;78;83,837865.5625,1;x1;cos(x3);I(x3>1)*x3^2;sin(x1)*cos(x2),1;x1;cos(x3);I(x3>1)*x3^2;sin(x1)*cos(x2),I(x3>1)*x3^2,1.0,1.0,0.0,,0,,,,,0.0
trig_cross,exception,0.2,100,16,20105,rcsa-spent-diagnostic,1.0,1.0,1.0,0.0001654454460005061,0.05826410025039289,0.0,1.0,0.0,frozen-v6-anchor,0.0661531027253171,0.09674421932684978,10.365576646000136,13653347,I(x3>1)*x3^2;cos(x3);sin(x1)*cos(x2);x1,0.004432 + 0.5089·x₁ + 0.7083·cos(x₃) + 0.7498·𝟙[x₃>1]·x₃² + 1.218·sin(x₁)cos(x₂),"RCSA spent-seed diagnostic; anchor=1,x1,cos(x3),I(x3>1)*x3^2,sin(x1)*cos(x2); exception=I(x3>1)*x3^2; in_bank=1; in_anchor=1; attempted=0; eligible=; anchor_role_ic=None; augmented_role_ic=None; outside_anchor_sse=None; outside_augmented_sse=None; accepted=0; final=1,x1,cos(x3),I(x3>1)*x3^2,sin(x1)*cos(x2); wrapper_overhead_unoptimized=1",1.0,1.0,6,2,1.0,63,0,0,1,1;x1;cos(x3);I(x3>1)*x3^2;sin(x1)*cos(x2),S,imbalanced,100,83;90;97;104;112;120;130;139;150;71;71;71;71;71;72;78,853334.1875,1;x1;cos(x3);I(x3>1)*x3^2;sin(x1)*cos(x2),1;x1;cos(x3);I(x3>1)*x3^2;sin(x1)*cos(x2),I(x3>1)*x3^2,1.0,1.0,0.0,,0,,,,,0.0
multi_quadratic,complementary,0.2,100,32,20101,rcsa-spent-diagnostic,1.0,1.0,1.0,0.00012682935335060685,0.15168637093157727,0.0,1.0,0.0,frozen-v6-anchor,0.15036227954605638,0.3403129444378275,15.183311513000262,23944834,x1^2;x2^2;x3^2,-0.02633 + 0.5986·x₁² + 0.5068·x₂² + 0.8098·x₃²,"RCSA spent-seed diagnostic; anchor=1,x1^2,x2^2,x3^2; exception=; in_bank=0; in_anchor=0; attempted=0; eligible=; anchor_role_ic=None; augmented_role_ic=None; outside_anchor_sse=None; outside_augmented_sse=None; accepted=0; final=1,x1^2,x2^2,x3^2; wrapper_overhead_unoptimized=1",1.0,1.0,6,3,1.0,63,0,0,0,1;x1^2;x2^2;x3^2,S32,balanced,100,100;100;100;100;100;100;100;100;100;100;100;100;100;100;100;100;100;100;100;100;100;100;100;100;100;100;100;100;100;100;100;100,748276.0625,1;x1^2;x2^2;x3^2,1;x1^2;x2^2;x3^2,,0.0,0.0,0.0,,0,,,,,0.0
multi_quadratic,complementary,0.2,100,32,20102,rcsa-spent-diagnostic,1.0,1.0,1.0,5.278462552093856e-06,0.1446102276320376,0.0,1.0,0.0,frozen-v6-anchor,0.14147522455185177,0.2100312864470387,15.282521697999982,23947998,x1^2;x2^2;x3^2,-0.009049 + 0.5995·x₁² + 0.5011·x₂² + 0.8025·x₃²,"RCSA spent-seed diagnostic; anchor=1,x1^2,x2^2,x3^2; exception=; in_bank=0; in_anchor=0; attempted=0; eligible=; anchor_role_ic=None; augmented_role_ic=None; outside_anchor_sse=None; outside_augmented_sse=None; accepted=0; final=1,x1^2,x2^2,x3^2; wrapper_overhead_unoptimized=1",1.0,1.0,6,3,1.0,63,0,0,0,1;x1^2;x2^2;x3^2,S32,balanced,100,100;100;100;100;100;100;100;100;100;100;100;100;100;100;100;100;100;100;100;100;100;100;100;100;100;100;100;100;100;100;100;100,748374.9375,1;x1^2;x2^2;x3^2,1;x1^2;x2^2;x3^2,,0.0,0.0,0.0,,0,,,,,0.0
multi_quadratic,complementary,0.2,100,32,20103,rcsa-spent-diagnostic,1.0,1.0,1.0,8.659041884649881e-05,0.14517473146873403,0.0,1.0,0.0,frozen-v6-anchor,0.13706880977603653,0.2793336001502837,15.278948847000265,23950899,x1^2;x2^2;x3^2,-0.01034 + 0.5938·x₁² + 0.5056·x₂² + 0.8041·x₃²,"RCSA spent-seed diagnostic; anchor=1,x1^2,x2^2,x3^2; exception=; in_bank=0; in_anchor=0; attempted=0; eligible=; anchor_role_ic=None; augmented_role_ic=None; outside_anchor_sse=None; outside_augmented_sse=None; accepted=0; final=1,x1^2,x2^2,x3^2; wrapper_overhead_unoptimized=1",1.0,1.0,6,3,1.0,63,0,0,0,1;x1^2;x2^2;x3^2,S32,balanced,100,100;100;100;100;100;100;100;100;100;100;100;100;100;100;100;100;100;100;100;100;100;100;100;100;100;100;100;100;100;100;100;100,748465.59375,1;x1^2;x2^2;x3^2,1;x1^2;x2^2;x3^2,,0.0,0.0,0.0,,0,,,,,0.0
multi_quadratic,complementary,0.2,100,32,20104,rcsa-spent-diagnostic,1.0,1.0,1.0,7.557241262725584e-05,0.15170186834513139,0.0,1.0,0.0,frozen-v6-anchor,0.14083654485555944,0.31335600997881935,15.325817247000032,23950887,x1^2;x2^2;x3^2,0.001393 + 0.5927·x₁² + 0.502·x₂² + 0.8055·x₃²,"RCSA spent-seed diagnostic; anchor=1,x1^2,x2^2,x3^2; exception=; in_bank=0; in_anchor=0; attempted=0; eligible=; anchor_role_ic=None; augmented_role_ic=None; outside_anchor_sse=None; outside_augmented_sse=None; accepted=0; final=1,x1^2,x2^2,x3^2; wrapper_overhead_unoptimized=1",1.0,1.0,6,3,1.0,63,0,0,0,1;x1^2;x2^2;x3^2,S32,balanced,100,100;100;100;100;100;100;100;100;100;100;100;100;100;100;100;100;100;100;100;100;100;100;100;100;100;100;100;100;100;100;100;100,748465.21875,1;x1^2;x2^2;x3^2,1;x1^2;x2^2;x3^2,,0.0,0.0,0.0,,0,,,,,0.0
multi_quadratic,complementary,0.2,100,32,20105,rcsa-spent-diagnostic,1.0,1.0,1.0,0.00010510485392150008,0.14473721013983565,0.0,1.0,0.0,frozen-v6-anchor,0.13866424401972044,0.2219103508291236,15.345730458000162,23952392,x1^2;x2^2;x3^2,-0.009207 + 0.6063·x₁² + 0.4945·x₂² + 0.7981·x₃²,"RCSA spent-seed diagnostic; anchor=1,x1^2,x2^2,x3^2; exception=; in_bank=0; in_anchor=0; attempted=0; eligible=; anchor_role_ic=None; augmented_role_ic=None; outside_anchor_sse=None; outside_augmented_sse=None; accepted=0; final=1,x1^2,x2^2,x3^2; wrapper_overhead_unoptimized=1",1.0,1.0,6,3,1.0,63,0,0,0,1;x1^2;x2^2;x3^2,S32,balanced,100,100;100;100;100;100;100;100;100;100;100;100;100;100;100;100;100;100;100;100;100;100;100;100;100;100;100;100;100;100;100;100;100,748512.25,1;x1^2;x2^2;x3^2,1;x1^2;x2^2;x3^2,,0.0,0.0,0.0,,0,,,,,0.0
multi_quadratic,complementary,0.2,100,32,20101,rcsa-spent-diagnostic,1.0,1.0,1.0,2.321067044046473e-05,0.16482636463974326,0.0,1.0,0.0,frozen-v6-anchor,0.1531855404861236,0.25969809614839645,15.186106046000077,23947479,x1^2;x2^2;x3^2,0.0006383 + 0.6004·x₁² + 0.5033·x₂² + 0.796·x₃²,"RCSA spent-seed diagnostic; anchor=1,x1^2,x2^2,x3^2; exception=; in_bank=0; in_anchor=0; attempted=0; eligible=; anchor_role_ic=None; augmented_role_ic=None; outside_anchor_sse=None; outside_augmented_sse=None; accepted=0; final=1,x1^2,x2^2,x3^2; wrapper_overhead_unoptimized=1",1.0,1.0,6,3,1.0,63,0,0,0,1;x1^2;x2^2;x3^2,S32,imbalanced,100,130;135;140;145;150;71;71;71;71;71;71;71;71;71;71;71;74;77;79;82;85;88;91;95;98;102;105;109;113;117;121;126,748358.71875,1;x1^2;x2^2;x3^2,1;x1^2;x2^2;x3^2,,0.0,0.0,0.0,,0,,,,,0.0
multi_quadratic,complementary,0.2,100,32,20102,rcsa-spent-diagnostic,1.0,1.0,1.0,0.00013596839086432174,0.1512889934904704,0.0,1.0,0.0,frozen-v6-anchor,0.16484805087547755,0.3427206809753415,15.243617363999874,23985099,x1^2;x2^2;x3^2,0.02694 + 0.5972·x₁² + 0.4968·x₂² + 0.7879·x₃²,"RCSA spent-seed diagnostic; anchor=1,x1^2,x2^2,x3^2; exception=; in_bank=0; in_anchor=0; attempted=0; eligible=; anchor_role_ic=None; augmented_role_ic=None; outside_anchor_sse=None; outside_augmented_sse=None; accepted=0; final=1,x1^2,x2^2,x3^2; wrapper_overhead_unoptimized=1",1.0,1.0,7,4,1.0,120,0,0,0,1;x1^2;x2^2;x3^2,S32,imbalanced,100,126;130;135;140;145;150;71;71;71;71;71;71;71;71;71;71;71;74;77;79;82;85;88;91;95;98;102;105;109;113;117;121,749534.34375,1;x1^2;x2^2;x3^2,1;x1^2;x2^2;x3^2,,0.0,0.0,0.0,,0,,,,,0.0
multi_quadratic,complementary,0.2,100,32,20103,rcsa-spent-diagnostic,1.0,1.0,1.0,7.2616658474907384e-06,0.15208797959409692,0.0,1.0,0.0,frozen-v6-anchor,0.1555882036933339,0.3090083206159207,15.191473189000135,23921936,x1^2;x2^2;x3^2,-0.0007295 + 0.601·x₁² + 0.4987·x₂² + 0.7987·x₃²,"RCSA spent-seed diagnostic; anchor=1,x1^2,x2^2,x3^2; exception=; in_bank=0; in_anchor=0; attempted=0; eligible=; anchor_role_ic=None; augmented_role_ic=None; outside_anchor_sse=None; outside_augmented_sse=None; accepted=0; final=1,x1^2,x2^2,x3^2; wrapper_overhead_unoptimized=1",1.0,1.0,5,2,1.0,32,0,0,0,1;x1^2;x2^2;x3^2,S32,imbalanced,100,121;126;130;135;140;145;150;71;71;71;71;71;71;71;71;71;71;71;74;77;79;82;85;88;91;95;98;102;105;109;113;117,747560.5,1;x1^2;x2^2;x3^2,1;x1^2;x2^2;x3^2,,0.0,0.0,0.0,,0,,,,,0.0
multi_quadratic,complementary,0.2,100,32,20104,rcsa-spent-diagnostic,1.0,1.0,1.0,4.7588982551210436e-05,0.15227897838491739,0.0,1.0,0.0,frozen-v6-anchor,0.15807668375321937,0.2608118275698969,15.227822326000023,23981985,x1^2;x2^2;x3^2,0.01053 + 0.594·x₁² + 0.5022·x₂² + 0.8016·x₃²,"RCSA spent-seed diagnostic; anchor=1,x1^2,x2^2,x3^2; exception=; in_bank=0; in_anchor=0; attempted=0; eligible=; anchor_role_ic=None; augmented_role_ic=None; outside_anchor_sse=None; outside_augmented_sse=None; accepted=0; final=1,x1^2,x2^2,x3^2; wrapper_overhead_unoptimized=1",1.0,1.0,7,4,1.0,120,0,0,0,1;x1^2;x2^2;x3^2,S32,imbalanced,100,117;121;126;130;135;140;145;150;71;71;71;71;71;71;71;71;71;71;71;74;77;79;82;85;88;91;95;98;102;105;109;113,749437.03125,1;x1^2;x2^2;x3^2,1;x1^2;x2^2;x3^2,,0.0,0.0,0.0,,0,,,,,0.0
multi_quadratic,complementary,0.2,100,32,20105,rcsa-spent-diagnostic,1.0,1.0,1.0,5.759648377728658e-05,0.15033025851337511,0.0,1.0,0.0,frozen-v6-anchor,0.1492037063209914,0.3094810407481063,15.150801310999668,23923801,x1^2;x2^2;x3^2,-0.00377 + 0.5957·x₁² + 0.5012·x₂² + 0.7987·x₃²,"RCSA spent-seed diagnostic; anchor=1,x1^2,x2^2,x3^2; exception=; in_bank=0; in_anchor=0; attempted=0; eligible=; anchor_role_ic=None; augmented_role_ic=None; outside_anchor_sse=None; outside_augmented_sse=None; accepted=0; final=1,x1^2,x2^2,x3^2; wrapper_overhead_unoptimized=1",1.0,1.0,5,2,1.0,32,0,0,0,1;x1^2;x2^2;x3^2,S32,imbalanced,100,113;117;121;126;130;135;140;145;150;71;71;71;71;71;71;71;71;71;71;71;74;77;79;82;85;88;91;95;98;102;105;109,747618.78125,1;x1^2;x2^2;x3^2,1;x1^2;x2^2;x3^2,,0.0,0.0,0.0,,0,,,,,0.0
multi_quadratic,exception,0.2,100,32,20101,rcsa-spent-diagnostic,1.0,1.0,1.0,6.200036571996218e-05,0.19833075477279075,0.0,1.0,0.0,frozen-v6-anchor,0.19618089028551772,0.43739937442497684,20.5434199729998,27268254,I(x3>1)*x3^2;x1^2;x2^2;x3^2,-0.02342 + 0.5987·x₁² + 0.508·x₂² + 0.8059·x₃² + 0.7452·𝟙[x₃>1]·x₃²,"RCSA spent-seed diagnostic; anchor=1,x1^2,x2^2,x3^2,I(x3>1)*x3^2; exception=I(x3>1)*x3^2; in_bank=1; in_anchor=1; attempted=0; eligible=; anchor_role_ic=None; augmented_role_ic=None; outside_anchor_sse=None; outside_augmented_sse=None; accepted=0; final=1,x1^2,x2^2,x3^2,I(x3>1)*x3^2; wrapper_overhead_unoptimized=1",1.0,1.0,7,3,1.0,120,0,0,1,1;x1^2;x2^2;x3^2;I(x3>1)*x3^2,S32,balanced,100,100;100;100;100;100;100;100;100;100;100;100;100;100;100;100;100;100;100;100;100;100;100;100;100;100;100;100;100;100;100;100;100,852132.9375,1;x1^2;x2^2;x3^2;I(x3>1)*x3^2,1;x1^2;x2^2;x3^2;I(x3>1)*x3^2,I(x3>1)*x3^2,1.0,1.0,0.0,,0,,,,,0.0
multi_quadratic,exception,0.2,100,32,20102,rcsa-spent-diagnostic,1.0,1.0,1.0,0.00019986249804276968,0.1877580831503424,0.0,1.0,0.0,frozen-v6-anchor,0.1836697771746633,0.27269026048522466,20.596303101999638,27275475,I(x3>1)*x3^2;x1^2;x2^2;x3^2,-0.003997 + 0.5992·x₁² + 0.501·x₂² + 0.7971·x₃² + 0.7765·𝟙[x₃>1]·x₃²,"RCSA spent-seed diagnostic; anchor=1,x1^2,x2^2,x3^2,I(x3>1)*x3^2; exception=I(x3>1)*x3^2; in_bank=1; in_anchor=1; attempted=0; eligible=; anchor_role_ic=None; augmented_role_ic=None; outside_anchor_sse=None; outside_augmented_sse=None; accepted=0; final=1,x1^2,x2^2,x3^2,I(x3>1)*x3^2; wrapper_overhead_unoptimized=1",1.0,1.0,7,3,1.0,120,0,0,1,1;x1^2;x2^2;x3^2;I(x3>1)*x3^2,S32,balanced,100,100;100;100;100;100;100;100;100;100;100;100;100;100;100;100;100;100;100;100;100;100;100;100;100;100;100;100;100;100;100;100;100,852358.59375,1;x1^2;x2^2;x3^2;I(x3>1)*x3^2,1;x1^2;x2^2;x3^2;I(x3>1)*x3^2,I(x3>1)*x3^2,1.0,1.0,0.0,,0,,,,,0.0
multi_quadratic,exception,0.2,100,32,20103,rcsa-spent-diagnostic,1.0,1.0,1.0,0.0002851674573744105,0.19589517306432142,0.0,1.0,0.0,frozen-v6-anchor,0.18597946491682882,0.3816499906394578,20.641685241000232,27278092,I(x3>1)*x3^2;x1^2;x2^2;x3^2,-0.007824 + 0.5924·x₁² + 0.5062·x₂² + 0.8007·x₃² + 0.7766·𝟙[x₃>1]·x₃²,"RCSA spent-seed diagnostic; anchor=1,x1^2,x2^2,x3^2,I(x3>1)*x3^2; exception=I(x3>1)*x3^2; in_bank=1; in_anchor=1; attempted=0; eligible=; anchor_role_ic=None; augmented_role_ic=None; outside_anchor_sse=None; outside_augmented_sse=None; accepted=0; final=1,x1^2,x2^2,x3^2,I(x3>1)*x3^2; wrapper_overhead_unoptimized=1",1.0,1.0,7,3,1.0,120,0,0,1,1;x1^2;x2^2;x3^2;I(x3>1)*x3^2,S32,balanced,100,100;100;100;100;100;100;100;100;100;100;100;100;100;100;100;100;100;100;100;100;100;100;100;100;100;100;100;100;100;100;100;100,852440.375,1;x1^2;x2^2;x3^2;I(x3>1)*x3^2,1;x1^2;x2^2;x3^2;I(x3>1)*x3^2,I(x3>1)*x3^2,1.0,1.0,0.0,,0,,,,,0.0
multi_quadratic,exception,0.2,100,32,20104,rcsa-spent-diagnostic,1.0,1.0,1.0,5.484804702817157e-05,0.20000727358630271,0.0,1.0,0.0,frozen-v6-anchor,0.187042185407294,0.4252010842586022,20.63392934500007,27273394,I(x3>1)*x3^2;x1^2;x2^2;x3^2,0.01282 + 0.5918·x₁² + 0.5023·x₂² + 0.7981·x₃² + 0.7517·𝟙[x₃>1]·x₃²,"RCSA spent-seed diagnostic; anchor=1,x1^2,x2^2,x3^2,I(x3>1)*x3^2; exception=I(x3>1)*x3^2; in_bank=1; in_anchor=1; attempted=0; eligible=; anchor_role_ic=None; augmented_role_ic=None; outside_anchor_sse=None; outside_augmented_sse=None; accepted=0; final=1,x1^2,x2^2,x3^2,I(x3>1)*x3^2; wrapper_overhead_unoptimized=1",1.0,1.0,7,3,1.0,120,0,0,1,1;x1^2;x2^2;x3^2;I(x3>1)*x3^2,S32,balanced,100,100;100;100;100;100;100;100;100;100;100;100;100;100;100;100;100;100;100;100;100;100;100;100;100;100;100;100;100;100;100;100;100,852293.5625,1;x1^2;x2^2;x3^2;I(x3>1)*x3^2,1;x1^2;x2^2;x3^2;I(x3>1)*x3^2,I(x3>1)*x3^2,1.0,1.0,0.0,,0,,,,,0.0
multi_quadratic,exception,0.2,100,32,20105,rcsa-spent-diagnostic,1.0,1.0,1.0,0.00015462652970428553,0.19132371941571877,0.0,1.0,0.0,frozen-v6-anchor,0.1836072144836425,0.29209232461699725,20.48196096699985,27255864,I(x3>1)*x3^2;x1^2;x2^2;x3^2,-0.01507 + 0.6067·x₁² + 0.4931·x₂² + 0.8012·x₃² + 0.7664·𝟙[x₃>1]·x₃²,"RCSA spent-seed diagnostic; anchor=1,x1^2,x2^2,x3^2,I(x3>1)*x3^2; exception=I(x3>1)*x3^2; in_bank=1; in_anchor=1; attempted=0; eligible=; anchor_role_ic=None; augmented_role_ic=None; outside_anchor_sse=None; outside_augmented_sse=None; accepted=0; final=1,x1^2,x2^2,x3^2,I(x3>1)*x3^2; wrapper_overhead_unoptimized=1",1.0,1.0,6,2,1.0,63,0,0,1,1;x1^2;x2^2;x3^2;I(x3>1)*x3^2,S32,balanced,100,100;100;100;100;100;100;100;100;100;100;100;100;100;100;100;100;100;100;100;100;100;100;100;100;100;100;100;100;100;100;100;100,851745.75,1;x1^2;x2^2;x3^2;I(x3>1)*x3^2,1;x1^2;x2^2;x3^2;I(x3>1)*x3^2,I(x3>1)*x3^2,1.0,1.0,0.0,,0,,,,,0.0
multi_quadratic,exception,0.2,100,32,20101,rcsa-spent-diagnostic,1.0,1.0,1.0,6.681845904878519e-05,0.2068053009811036,0.0,1.0,0.0,frozen-v6-anchor,0.1923219157815114,0.3261711718411874,20.54394159399999,27245207,I(x3>1)*x3^2;x1^2;x2^2;x3^2,0.002337 + 0.6002·x₁² + 0.5035·x₂² + 0.7938·x₃² + 0.7641·𝟙[x₃>1]·x₃²,"RCSA spent-seed diagnostic; anchor=1,x1^2,x2^2,x3^2,I(x3>1)*x3^2; exception=I(x3>1)*x3^2; in_bank=1; in_anchor=1; attempted=0; eligible=; anchor_role_ic=None; augmented_role_ic=None; outside_anchor_sse=None; outside_augmented_sse=None; accepted=0; final=1,x1^2,x2^2,x3^2,I(x3>1)*x3^2; wrapper_overhead_unoptimized=1",1.0,1.0,6,2,1.0,63,0,0,1,1;x1^2;x2^2;x3^2;I(x3>1)*x3^2,S32,imbalanced,100,130;135;140;145;150;71;71;71;71;71;71;71;71;71;71;71;74;77;79;82;85;88;91;95;98;102;105;109;113;117;121;126,851412.71875,1;x1^2;x2^2;x3^2;I(x3>1)*x3^2,1;x1^2;x2^2;x3^2;I(x3>1)*x3^2,I(x3>1)*x3^2,1.0,1.0,0.0,,0,,,,,0.0
multi_quadratic,exception,0.2,100,32,20102,rcsa-spent-diagnostic,1.0,1.0,1.0,0.0004853953731498089,0.19614121098944604,0.0,1.0,0.0,frozen-v6-anchor,0.21347777821628527,0.45849170260163136,20.980763097999898,27523225,I(x3>1)*x3^2;x1^2;x2^2;x3^2,0.01776 + 0.5974·x₁² + 0.4965·x₂² + 0.7973·x₃² + 0.7175·𝟙[x₃>1]·x₃²,"RCSA spent-seed diagnostic; anchor=1,x1^2,x2^2,x3^2,I(x3>1)*x3^2; exception=I(x3>1)*x3^2; in_bank=1; in_anchor=1; attempted=0; eligible=; anchor_role_ic=None; augmented_role_ic=None; outside_anchor_sse=None; outside_augmented_sse=None; accepted=0; final=1,x1^2,x2^2,x3^2,I(x3>1)*x3^2; wrapper_overhead_unoptimized=1",1.0,1.0,7,3,1.0,120,0,0,1,1;x1^2;x2^2;x3^2;I(x3>1)*x3^2,S32,imbalanced,100,126;130;135;140;145;150;71;71;71;71;71;71;71;71;71;71;71;74;77;79;82;85;88;91;95;98;102;105;109;113;117;121,860100.78125,1;x1^2;x2^2;x3^2;I(x3>1)*x3^2,1;x1^2;x2^2;x3^2;I(x3>1)*x3^2,I(x3>1)*x3^2,1.0,1.0,0.0,,0,,,,,0.0
multi_quadratic,exception,0.2,100,32,20103,rcsa-spent-diagnostic,1.0,1.0,1.0,4.4914673312674194e-05,0.19381076294435715,0.0,1.0,0.0,frozen-v6-anchor,0.19876323907595014,0.39316088721153475,20.534123501000067,27254582,I(x3>1)*x3^2;x1^2;x2^2;x3^2,-0.005462 + 0.6013·x₁² + 0.4985·x₂² + 0.8025·x₃² + 0.7384·𝟙[x₃>1]·x₃²,"RCSA spent-seed diagnostic; anchor=1,x1^2,x2^2,x3^2,I(x3>1)*x3^2; exception=I(x3>1)*x3^2; in_bank=1; in_anchor=1; attempted=0; eligible=; anchor_role_ic=None; augmented_role_ic=None; outside_anchor_sse=None; outside_augmented_sse=None; accepted=0; final=1,x1^2,x2^2,x3^2,I(x3>1)*x3^2; wrapper_overhead_unoptimized=1",1.0,1.0,6,2,1.0,63,0,0,1,1;x1^2;x2^2;x3^2;I(x3>1)*x3^2,S32,imbalanced,100,121;126;130;135;140;145;150;71;71;71;71;71;71;71;71;71;71;71;74;77;79;82;85;88;91;95;98;102;105;109;113;117,851705.6875,1;x1^2;x2^2;x3^2;I(x3>1)*x3^2,1;x1^2;x2^2;x3^2;I(x3>1)*x3^2,I(x3>1)*x3^2,1.0,1.0,0.0,,0,,,,,0.0
multi_quadratic,exception,0.2,100,32,20104,rcsa-spent-diagnostic,1.0,1.0,1.0,9.822393618128051e-05,0.20769247906397023,0.0,1.0,0.0,frozen-v6-anchor,0.21591669814183168,0.3572446693437337,20.475251885000034,27244769,I(x3>1)*x3^2;x1^2;x2^2;x3^2,0.01012 + 0.5934·x₁² + 0.5027·x₂² + 0.8042·x₃² + 0.7333·𝟙[x₃>1]·x₃²,"RCSA spent-seed diagnostic; anchor=1,x1^2,x2^2,x3^2,I(x3>1)*x3^2; exception=I(x3>1)*x3^2; in_bank=1; in_anchor=1; attempted=0; eligible=; anchor_role_ic=None; augmented_role_ic=None; outside_anchor_sse=None; outside_augmented_sse=None; accepted=0; final=1,x1^2,x2^2,x3^2,I(x3>1)*x3^2; wrapper_overhead_unoptimized=1",1.0,1.0,6,2,1.0,63,0,0,1,1;x1^2;x2^2;x3^2;I(x3>1)*x3^2,S32,imbalanced,100,117;121;126;130;135;140;145;150;71;71;71;71;71;71;71;71;71;71;71;74;77;79;82;85;88;91;95;98;102;105;109;113,851399.03125,1;x1^2;x2^2;x3^2;I(x3>1)*x3^2,1;x1^2;x2^2;x3^2;I(x3>1)*x3^2,I(x3>1)*x3^2,1.0,1.0,0.0,,0,,,,,0.0
multi_quadratic,exception,0.2,100,32,20105,rcsa-spent-diagnostic,1.0,1.0,1.0,4.945788833321648e-05,0.18886044548023614,0.0,1.0,0.0,frozen-v6-anchor,0.18741973752863725,0.3888594034762377,20.594846695000342,27280890,I(x3>1)*x3^2;x1^2;x2^2;x3^2,0.002014 + 0.5951·x₁² + 0.5014·x₂² + 0.7939·x₃² + 0.7554·𝟙[x₃>1]·x₃²,"RCSA spent-seed diagnostic; anchor=1,x1^2,x2^2,x3^2,I(x3>1)*x3^2; exception=I(x3>1)*x3^2; in_bank=1; in_anchor=1; attempted=0; eligible=; anchor_role_ic=None; augmented_role_ic=None; outside_anchor_sse=None; outside_augmented_sse=None; accepted=0; final=1,x1^2,x2^2,x3^2,I(x3>1)*x3^2; wrapper_overhead_unoptimized=1",1.0,1.0,7,3,1.0,120,0,0,1,1;x1^2;x2^2;x3^2;I(x3>1)*x3^2,S32,imbalanced,100,113;117;121;126;130;135;140;145;150;71;71;71;71;71;71;71;71;71;71;71;74;77;79;82;85;88;91;95;98;102;105;109,852527.8125,1;x1^2;x2^2;x3^2;I(x3>1)*x3^2,1;x1^2;x2^2;x3^2;I(x3>1)*x3^2,I(x3>1)*x3^2,1.0,1.0,0.0,,0,,,,,0.0
