benchmark,scenario,noise_ratio,samples_per_client,num_clients,seed,method,exact_recovery,term_precision,term_recall,test_nmse,train_mse,spurious_accepted,exception_recovered,runtime_seconds,communication_bytes,search_evaluations,discovered_terms,expression,stop_reason
base,complementary,0.03,300,4,9001,fedfalsify-v05,1.0,1.0,1.0,7.520194842177324e-07,0.0078045897239101825,0.0,1.0,0.5018141859999332,238605,5,sin(x2);x1;x3^2,2·x₁ + 0.4989·x₃² + 1.001·sin(x₂),target federated MSE reached; no replacement passed the federated certificate
base,complementary,0.03,300,4,9001,centralized-tree-gp,0.0,0.3333333333333333,0.3333333333333333,7.520194821938257e-07,0.007804589723910184,0.0,1.0,3.432584600000041,0,1589,"expr:add(sin(x2),x1);expr:add(square(x3),x1);x1",-4.228e-06 + 1.001*(sin(x2)+x1) + 0.4989*((x3)^2+x1) + 0.4995*x1,generation budget reached
base,complementary,0.03,300,4,9001,federated-tree-gp-style,0.0,0.3333333333333333,0.3333333333333333,7.520194821937714e-07,0.0078045897239101825,0.0,1.0,3.0905224929999804,633344,1589,"expr:add(sin(x2),x1);expr:add(square(x3),x1);x1",-4.228e-06 + 1.001*(sin(x2)+x1) + 0.4989*((x3)^2+x1) + 0.4995*x1,generation budget reached
base,complementary,0.03,300,4,9001,centralized-residual-counterexample-gp,0.0,0.0,0.0,0.0024631333820681915,0.033463624168906476,0.0,1.0,0.9855969730000425,0,1642,"expr:add(sin(x1),square(x3));expr:add(sin(x1),x1);expr:add(sin(x2),x1);expr:sin(add(sin(x1),sin(x2)))",0.000534 + 0.4969*(sin(x1)+(x3)^2) + 0.2864*(sin(x1)+x1) + 1.591*(sin(x2)+x1) - 0.8497*sin((sin(x1)+sin(x2))),generation budget reached
base,complementary,0.03,300,4,9002,fedfalsify-v05,1.0,1.0,1.0,1.282087336781059e-06,0.008295233899165609,0.0,1.0,0.3099166160000095,238728,5,sin(x2);x1;x3^2,0.003983 + 1.999·x₁ + 0.4991·x₃² + 1.003·sin(x₂),target federated MSE reached; no replacement passed the federated certificate
base,complementary,0.03,300,4,9002,centralized-tree-gp,0.0,0.0,0.0,0.0013416596894051426,0.01785850565717693,0.0,1.0,0.8913365079999949,0,1590,"cos(x3);expr:add(cos(x3),x1);expr:add(sin(x1),square(x3));expr:add(sin(x2),x1)",0.8904 + 0.9082*(cos(x3)+x1) + 0.1745*(sin(x1)+(x3)^2) + 1.007*(sin(x2)+x1) - 1.857*cos(x3),generation budget reached
base,complementary,0.03,300,4,9002,federated-tree-gp-style,0.0,0.0,0.0,0.0013416596894051437,0.01785850565717693,0.0,1.0,1.1495743610000773,636672,1590,"cos(x3);expr:add(cos(x3),x1);expr:add(sin(x1),square(x3));expr:add(sin(x2),x1)",0.8904 + 0.9082*(cos(x3)+x1) + 0.1745*(sin(x1)+(x3)^2) + 1.007*(sin(x2)+x1) - 1.857*cos(x3),generation budget reached
base,complementary,0.03,300,4,9002,centralized-residual-counterexample-gp,0.0,0.25,0.3333333333333333,0.0011332848270732582,0.013916360354322296,0.0,1.0,0.9664715069999374,0,1619,"expr:add(sin(x1),square(x3));expr:add(sin(x2),x1);expr:sin(add(sin(x1),x1));x1",0.02312 + 0.4938*(sin(x1)+(x3)^2) + 1.002*(sin(x2)+x1) - 0.2713*sin((sin(x1)+x1)) + 0.8416*x1,generation budget reached
base,complementary,0.03,300,4,9003,fedfalsify-v05,1.0,1.0,1.0,1.270468025365394e-06,0.008003496401867071,0.0,1.0,0.31894344199997704,238420,5,sin(x2);x1;x3^2,0.004857 + 2.001·x₁ + 0.498·x₃² + 0.998·sin(x₂),target federated MSE reached; no replacement passed the federated certificate
base,complementary,0.03,300,4,9003,centralized-tree-gp,0.0,0.0,0.0,0.00011112174023195526,0.008374995076279826,0.0,1.0,0.9143229830000337,0,1624,"expr:add(sin(x1),square(x3));expr:add(sin(x2),sin(x2));expr:add(sin(x2),x1);x1^3",0.003926 + 0.4978*(sin(x1)+(x3)^2) - 0.2708*(sin(x2)+sin(x2)) + 1.542*(sin(x2)+x1) + 0.05437*((x1)^2*x1),generation budget reached
base,complementary,0.03,300,4,9003,federated-tree-gp-style,0.0,0.0,0.0,0.00011112174023195875,0.008374995076279828,0.0,1.0,1.1847153390000358,661440,1624,"expr:add(sin(x1),square(x3));expr:add(sin(x2),sin(x2));expr:add(sin(x2),x1);x1^3",0.003926 + 0.4978*(sin(x1)+(x3)^2) - 0.2708*(sin(x2)+sin(x2)) + 1.542*(sin(x2)+x1) + 0.05437*((x1)^2*x1),generation budget reached
base,complementary,0.03,300,4,9003,centralized-residual-counterexample-gp,0.0,0.0,0.0,2.040679676129235e-06,0.008000742344301481,0.0,1.0,0.9400847609999801,0,1598,"expr:add(sin(x1),sin(x2));expr:add(sin(x1),square(x3));expr:add(sin(x2),x1);expr:add(x1,x1)",0.004731 - 0.5032*(sin(x1)+sin(x2)) + 0.4979*(sin(x1)+(x3)^2) + 1.501*(sin(x2)+x1) + 0.2511*(x1+x1),generation budget reached
base,complementary,0.03,300,4,9004,fedfalsify-v05,1.0,1.0,1.0,2.318316474532753e-06,0.008802359492981965,0.0,1.0,0.4105565379999234,238434,5,sin(x2);x1;x3^2,-0.00635 + 2.002·x₁ + 0.502·x₃² + 0.9979·sin(x₂),target federated MSE reached; no replacement passed the federated certificate
base,complementary,0.03,300,4,9004,centralized-tree-gp,0.0,0.25,0.3333333333333333,2.2284443204522495e-06,0.00880128726089242,0.0,1.0,1.4104247550000082,0,1610,"expr:add(cos(x3),cos(x3));expr:add(cos(x3),x1);expr:add(sin(x2),x1);x3^2",0.005226 - 0.5083*(cos(x3)+cos(x3)) + 1.004*(cos(x3)+x1) + 0.9979*(sin(x2)+x1) + 0.4978*(x3)^2,generation budget reached
base,complementary,0.03,300,4,9004,federated-tree-gp-style,0.0,0.25,0.3333333333333333,2.228444320449648e-06,0.008801287260892418,0.0,1.0,1.8865874130000293,650560,1610,"expr:add(cos(x3),cos(x3));expr:add(cos(x3),x1);expr:add(sin(x2),x1);x3^2",0.005226 - 0.5083*(cos(x3)+cos(x3)) + 1.004*(cos(x3)+x1) + 0.9979*(sin(x2)+x1) + 0.4978*(x3)^2,generation budget reached
base,complementary,0.03,300,4,9004,centralized-residual-counterexample-gp,0.0,0.0,0.0,0.00024133875396610416,0.011318630616492008,0.0,1.0,1.3278804100000343,0,1581,"expr:add(sin(x1),x1);expr:add(sin(x2),x1);expr:add(square(x3),x1);expr:sin(add(sin(x1),sin(x2)))",-0.0117 + 0.2569*(sin(x1)+x1) + 1.207*(sin(x2)+x1) + 0.5052*((x3)^2+x1) - 0.3017*sin((sin(x1)+sin(x2))),generation budget reached
base,complementary,0.03,300,4,9005,fedfalsify-v05,1.0,1.0,1.0,8.302592519671647e-07,0.007450110399601983,0.0,1.0,0.29392513100003725,238322,5,sin(x2);x1;x3^2,-0.001747 + 2.002·x₁ + 0.501·x₃² + 1·sin(x₂),target federated MSE reached; no replacement passed the federated certificate
base,complementary,0.03,300,4,9005,centralized-tree-gp,0.0,0.0,0.0,8.302592591190484e-07,0.007450110399601981,0.0,1.0,0.7683296690000816,0,1523,"expr:add(sin(x2),x1);expr:add(square(x3),x1);expr:add(x1,x1)",-0.001747 + 1*(sin(x2)+x1) + 0.501*((x3)^2+x1) + 0.2502*(x1+x1),generation budget reached
base,complementary,0.03,300,4,9005,federated-tree-gp-style,0.0,0.0,0.0,8.302592591215146e-07,0.007450110399601983,0.0,1.0,1.056309515999942,558400,1523,"expr:add(sin(x2),x1);expr:add(square(x3),x1);expr:add(x1,x1)",-0.001747 + 1*(sin(x2)+x1) + 0.501*((x3)^2+x1) + 0.2502*(x1+x1),generation budget reached
base,complementary,0.03,300,4,9005,centralized-residual-counterexample-gp,0.0,0.0,0.0,8.302592591190484e-07,0.007450110399601981,0.0,1.0,0.8858895909999092,0,1544,"expr:add(sin(x2),x1);expr:add(square(x3),x1);expr:add(x1,x1)",-0.001747 + 1*(sin(x2)+x1) + 0.501*((x3)^2+x1) + 0.2502*(x1+x1),generation budget reached
base,complementary,0.1,300,4,9001,fedfalsify-v05,1.0,1.0,1.0,8.355772031635638e-06,0.08671766359900206,0.0,1.0,0.3098127770000474,237878,5,sin(x2);x1;x3^2,-1.409e-05 + 1.999·x₁ + 0.4964·x₃² + 1.004·sin(x₂),target federated MSE reached; no replacement passed the federated certificate
base,complementary,0.1,300,4,9001,centralized-tree-gp,0.0,0.3333333333333333,0.3333333333333333,8.355772024899657e-06,0.08671766359900204,0.0,1.0,0.8395425790000672,0,1613,"expr:add(sin(x2),x1);expr:add(square(x3),x1);x1",-1.409e-05 + 1.004*(sin(x2)+x1) + 0.4964*((x3)^2+x1) + 0.4985*x1,generation budget reached
base,complementary,0.1,300,4,9001,federated-tree-gp-style,0.0,0.3333333333333333,0.3333333333333333,8.355772024893474e-06,0.08671766359900204,0.0,1.0,1.1042994289999797,650688,1613,"expr:add(sin(x2),x1);expr:add(square(x3),x1);x1",-1.409e-05 + 1.004*(sin(x2)+x1) + 0.4964*((x3)^2+x1) + 0.4985*x1,generation budget reached
base,complementary,0.1,300,4,9001,centralized-residual-counterexample-gp,0.0,0.0,0.0,0.020798419761250485,0.24072843332853827,0.0,1.0,0.7565546590000167,0,1499,"expr:add(square(x3),x2);expr:add(x1,x1)",0.06868 + 0.4447*((x3)^2+x2) + 0.9873*(x1+x1),generation budget reached
base,complementary,0.1,300,4,9002,fedfalsify-v05,1.0,1.0,1.0,1.4245414843355602e-05,0.09216926554628456,0.0,1.0,0.3069147129999692,238191,5,sin(x2);x1;x3^2,0.01328 + 1.996·x₁ + 0.497·x₃² + 1.009·sin(x₂),target federated MSE reached; no replacement passed the federated certificate
base,complementary,0.1,300,4,9002,centralized-tree-gp,0.0,0.25,0.3333333333333333,0.004888443903933534,0.1467099190603569,0.0,1.0,0.8414698060000774,0,1586,"expr:add(cos(x2),square(x3));expr:add(sin(x2),x1);expr:sin(add(cos(x3),square(x3)));x1",0.6255 + 0.2818*(cos(x2)+(x3)^2) + 0.9753*(sin(x2)+x1) - 0.5479*sin((cos(x3)+(x3)^2)) + 1.026*x1,generation budget reached
base,complementary,0.1,300,4,9002,federated-tree-gp-style,0.0,0.25,0.3333333333333333,0.004888443903933579,0.1467099190603569,0.0,1.0,1.0916639360000318,624256,1586,"expr:add(cos(x2),square(x3));expr:add(sin(x2),x1);expr:sin(add(cos(x3),square(x3)));x1",0.6255 + 0.2818*(cos(x2)+(x3)^2) + 0.9753*(sin(x2)+x1) - 0.5479*sin((cos(x3)+(x3)^2)) + 1.026*x1,generation budget reached
base,complementary,0.1,300,4,9002,centralized-residual-counterexample-gp,0.0,0.5,0.3333333333333333,0.020276158008720582,0.2438108426403922,0.0,1.0,0.855912031999992,0,1561,"expr:add(square(x3),x2);x1",0.07183 + 0.4543*((x3)^2+x2) + 1.978*x1,generation budget reached
base,complementary,0.1,300,4,9003,fedfalsify-v05,1.0,1.0,1.0,1.4116311383587526e-05,0.08892773779852306,0.0,1.0,0.30609893099995134,237805,5,sin(x2);x1;x3^2,0.01619 + 2.002·x₁ + 0.4933·x₃² + 0.9935·sin(x₂),target federated MSE reached; no replacement passed the federated certificate
base,complementary,0.1,300,4,9003,centralized-tree-gp,0.0,0.0,0.0,0.0020233353113898594,0.09919430737715283,0.0,1.0,1.249410796999996,0,1598,"expr:add(cos(x3),x1);expr:add(sin(x2),x1);expr:add(x1,x1)",1.351 - 1.435*(cos(x3)+x1) + 0.9926*(sin(x2)+x1) + 1.222*(x1+x1),generation budget reached
base,complementary,0.1,300,4,9003,federated-tree-gp-style,0.0,0.0,0.0,0.0020233353113897207,0.09919430737715283,0.0,1.0,1.795792874999961,646784,1598,"expr:add(cos(x3),x1);expr:add(sin(x2),x1);expr:add(x1,x1)",1.351 - 1.435*(cos(x3)+x1) + 0.9926*(sin(x2)+x1) + 1.222*(x1+x1),generation budget reached
base,complementary,0.1,300,4,9003,centralized-residual-counterexample-gp,0.0,0.0,0.0,3.301102323202055e-05,0.08885642444797594,0.0,1.0,1.4127070569999205,0,1564,"expr:add(sin(x2),x1);expr:add(square(x3),square(x3));expr:add(x1,x1)",0.007579 + 0.9933*(sin(x2)+x1) + 0.2549*((x3)^2+(x3)^2) + 0.5043*(x1+x1) - 0.0008999*(((x3)^2+(x3)^2))^2,generation budget reached
base,complementary,0.1,300,4,9004,fedfalsify-v05,1.0,1.0,1.0,2.575907197868184e-05,0.09780399436646631,0.0,1.0,0.4942527790000213,237884,5,sin(x2);x1;x3^2,-0.02117 + 2.006·x₁ + 0.5068·x₃² + 0.9929·sin(x₂),target federated MSE reached; no replacement passed the federated certificate
base,complementary,0.1,300,4,9004,centralized-tree-gp,0.0,0.25,0.3333333333333333,7.360346880852657e-05,0.09730419092321557,0.0,1.0,0.918473027999994,0,1619,"cos(x1);expr:add(sin(x2),x1);expr:add(square(x3),x1);x3^2",-0.007699 + 0.9924*(sin(x2)+x1) + 1.013*((x3)^2+x1) - 0.0383*cos(x1) - 0.5071*(x3*x3),generation budget reached
base,complementary,0.1,300,4,9004,federated-tree-gp-style,0.0,0.25,0.3333333333333333,7.360346880852793e-05,0.09730419092321556,0.0,1.0,1.1396240099999204,650816,1619,"cos(x1);expr:add(sin(x2),x1);expr:add(square(x3),x1);x3^2",-0.007699 + 0.9924*(sin(x2)+x1) + 1.013*((x3)^2+x1) - 0.0383*cos(x1) - 0.5071*(x3*x3),generation budget reached
base,complementary,0.1,300,4,9004,centralized-residual-counterexample-gp,0.0,0.3333333333333333,0.3333333333333333,2.575907199616337e-05,0.09780399436646628,0.0,1.0,0.815471443999968,0,1522,"expr:add(sin(x2),x1);expr:add(square(x3),x1);x1",-0.02117 + 0.9929*(sin(x2)+x1) + 0.5068*((x3)^2+x1) + 0.5063*x1,generation budget reached
base,complementary,0.1,300,4,9005,fedfalsify-v05,1.0,1.0,1.0,9.225102858051827e-06,0.08277900444002204,0.0,1.0,0.29668448699999317,237787,5,sin(x2);x1;x3^2,-0.005824 + 2.005·x₁ + 0.5034·x₃² + 1·sin(x₂),target federated MSE reached; no replacement passed the federated certificate
base,complementary,0.1,300,4,9005,centralized-tree-gp,0.0,0.3333333333333333,0.3333333333333333,9.225102878840664e-06,0.08277900444002205,0.0,1.0,0.8764133079999965,0,1606,"expr:add(sin(x2),x1);expr:add(square(x3),x1);x1",-0.005824 + 1*(sin(x2)+x1) + 0.5034*((x3)^2+x1) + 0.5014*x1,generation budget reached
base,complementary,0.1,300,4,9005,federated-tree-gp-style,0.0,0.3333333333333333,0.3333333333333333,9.225102878840086e-06,0.08277900444002205,0.0,1.0,1.1667065189999448,629760,1606,"expr:add(sin(x2),x1);expr:add(square(x3),x1);x1",-0.005824 + 1*(sin(x2)+x1) + 0.5034*((x3)^2+x1) + 0.5014*x1,generation budget reached
base,complementary,0.1,300,4,9005,centralized-residual-counterexample-gp,0.0,0.0,0.0,0.002303489081495017,0.10406805796425536,0.0,1.0,0.9796373049999829,0,1630,"expr:add(sin(x2),x1);expr:add(square(x3),x1);expr:sin(add(cos(x3),cos(x3)))",-0.9571 + 1.099*(sin(x2)+x1) + 0.8741*((x3)^2+x1) + 0.8464*sin((cos(x3)+cos(x3))),generation budget reached
base,spurious,0.03,300,4,9001,fedfalsify-v05,1.0,1.0,1.0,4.3528017871408766e-07,0.008048545868525867,0.0,1.0,0.2977766530000281,238408,5,sin(x2);x1;x3^2,-0.001257 + 1.999·x₁ + 0.5004·x₃² + 1.001·sin(x₂),target federated MSE reached; no replacement passed the federated certificate
base,spurious,0.03,300,4,9001,centralized-tree-gp,0.0,0.3333333333333333,0.3333333333333333,4.35280175492941e-07,0.008048545868525867,0.0,1.0,0.8768112430000201,0,1609,"expr:add(sin(x2),x1);expr:add(square(x3),x1);x1",-0.001257 + 1.001*(sin(x2)+x1) + 0.5004*((x3)^2+x1) + 0.4977*x1,generation budget reached
base,spurious,0.03,300,4,9001,federated-tree-gp-style,0.0,0.3333333333333333,0.3333333333333333,4.352801754947656e-07,0.008048545868525865,0.0,1.0,1.146184930000004,657152,1609,"expr:add(sin(x2),x1);expr:add(square(x3),x1);x1",-0.001257 + 1.001*(sin(x2)+x1) + 0.5004*((x3)^2+x1) + 0.4977*x1,generation budget reached
base,spurious,0.03,300,4,9001,centralized-residual-counterexample-gp,0.0,0.3333333333333333,0.3333333333333333,4.35280175492941e-07,0.008048545868525867,0.0,1.0,0.9110573320000412,0,1628,"expr:add(sin(x2),x1);expr:add(square(x3),x1);x1",-0.001257 + 1.001*(sin(x2)+x1) + 0.5004*((x3)^2+x1) + 0.4977*x1,generation budget reached
base,spurious,0.03,300,4,9002,fedfalsify-v05,1.0,1.0,1.0,5.339818494044509e-06,0.008010614575465943,0.0,1.0,0.4845843509999668,506491,5,sin(x2);x1;x3^2,-0.001567 + 1.995·x₁ + 0.5009·x₃² + 0.9989·sin(x₂),target federated MSE reached; no replacement passed the federated certificate
base,spurious,0.03,300,4,9002,centralized-tree-gp,0.0,0.0,0.0,0.016810828644684254,0.05124282590362561,0.0,1.0,1.2962497009999652,0,1573,"expr:add(sin(x1),square(x3));expr:add(sin(x1),x1);expr:add(sin(x2),x1);expr:mul(sin(x1),square(x1))",0.05409 + 0.4863*(sin(x1)+(x3)^2) + 0.1817*(sin(x1)+x1) + 1.07*(sin(x2)+x1) + 0.2729*(sin(x1)*(x1)^2),generation budget reached
base,spurious,0.03,300,4,9002,federated-tree-gp-style,0.0,0.0,0.0,0.016810828644684153,0.051242825903625625,0.0,1.0,1.7995466669999587,614720,1573,"expr:add(sin(x1),square(x3));expr:add(sin(x1),x1);expr:add(sin(x2),x1);expr:mul(sin(x1),square(x1))",0.05409 + 0.4863*(sin(x1)+(x3)^2) + 0.1817*(sin(x1)+x1) + 1.07*(sin(x2)+x1) + 0.2729*(sin(x1)*(x1)^2),generation budget reached
base,spurious,0.03,300,4,9002,centralized-residual-counterexample-gp,0.0,0.0,0.0,0.017074446465062777,0.08659602054773949,0.0,1.0,1.439364454999918,0,1592,"expr:add(sin(x1),square(x3));expr:add(sin(x1),x1);expr:add(sin(x2),x1)",0.07472 + 0.4754*(sin(x1)+(x3)^2) + 0.3864*(sin(x1)+x1) + 1.14*(sin(x2)+x1),generation budget reached
base,spurious,0.03,300,4,9003,fedfalsify-v05,1.0,1.0,1.0,4.468983494479233e-06,0.008050453712914326,0.0,1.0,0.3625048080000397,238519,5,sin(x2);x1;x3^2,0.00153 + 1.996·x₁ + 0.4986·x₃² + 1.005·sin(x₂),target federated MSE reached; no replacement passed the federated certificate
base,spurious,0.03,300,4,9003,centralized-tree-gp,0.0,0.0,0.0,0.0019250818655936143,0.019658174205551108,0.0,1.0,0.8020739400000139,0,1531,"expr:add(cos(x3),x1);expr:add(sin(x2),sin(x2));expr:add(x1,x1)",1.353 - 1.454*(cos(x3)+x1) + 0.5008*(sin(x2)+sin(x2)) + 1.727*(x1+x1),generation budget reached
base,spurious,0.03,300,4,9003,federated-tree-gp-style,0.0,0.0,0.0,0.0019250818655936306,0.019658174205551108,0.0,1.0,1.0265428000000156,561792,1531,"expr:add(cos(x3),x1);expr:add(sin(x2),sin(x2));expr:add(x1,x1)",1.353 - 1.454*(cos(x3)+x1) + 0.5008*(sin(x2)+sin(x2)) + 1.727*(x1+x1),generation budget reached
base,spurious,0.03,300,4,9003,centralized-residual-counterexample-gp,0.0,0.0,0.0,4.0154817077788304e-06,0.008049829905805321,0.0,1.0,0.8880689449999863,0,1573,"expr:add(sin(x1),sin(x2));expr:add(sin(x1),square(x3));expr:add(sin(x2),x1);expr:add(x1,x1)",0.001472 - 0.501*(sin(x1)+sin(x2)) + 0.4985*(sin(x1)+(x3)^2) + 1.506*(sin(x2)+x1) + 0.2457*(x1+x1),generation budget reached
base,spurious,0.03,300,4,9004,fedfalsify-v05,1.0,1.0,1.0,6.983426197936253e-07,0.008805064425125167,0.0,1.0,0.7158293940000249,775143,5,sin(x2);x1;x3^2,-0.0009822 + 2·x₁ + 0.4994·x₃² + 0.9981·sin(x₂),target federated MSE reached; no replacement passed the federated certificate
base,spurious,0.03,300,4,9004,centralized-tree-gp,0.0,0.6666666666666666,0.6666666666666666,7.150183020343284e-07,0.00880473451073475,0.0,1.0,0.8078124810000418,0,1572,"expr:add(sin(x2),x1);x1;x3^2",-0.0008302 + 0.9982*(sin(x2)+x1) - 0.0008041*sin((cos(x2)+x3)) + 0.4993*(x3)^2 + 1.001*x1,generation budget reached
base,spurious,0.03,300,4,9004,federated-tree-gp-style,0.0,0.6666666666666666,0.6666666666666666,7.150183020345636e-07,0.00880473451073475,0.0,1.0,1.073826060999977,609984,1572,"expr:add(sin(x2),x1);x1;x3^2",-0.0008302 + 0.9982*(sin(x2)+x1) - 0.0008041*sin((cos(x2)+x3)) + 0.4993*(x3)^2 + 1.001*x1,generation budget reached
base,spurious,0.03,300,4,9004,centralized-residual-counterexample-gp,0.0,0.3333333333333333,0.3333333333333333,0.002100200050618774,0.02335900183400465,0.0,1.0,0.8368060369999739,0,1560,"expr:add(cos(x3),cos(x3));expr:add(sin(x2),x1);x1",1.354 - 0.7306*(cos(x3)+cos(x3)) + 0.9993*(sin(x2)+x1) + 0.9977*x1,generation budget reached
base,spurious,0.03,300,4,9005,fedfalsify-v05,1.0,1.0,1.0,7.714659250768961e-07,0.007527004536516913,0.0,1.0,0.2977977609999698,238650,5,sin(x2);x1;x3^2,-0.0009211 + 1.999·x₁ + 0.501·x₃² + 0.9975·sin(x₂),target federated MSE reached; no replacement passed the federated certificate
base,spurious,0.03,300,4,9005,centralized-tree-gp,0.0,0.0,0.0,7.686983573409572e-07,0.007525765927427619,0.0,1.0,0.9043770299999778,0,1623,"expr:add(sin(x1),sin(x2));expr:add(sin(x1),square(x3));expr:add(sin(x2),x1);expr:add(x1,x1)",-0.0009518 - 0.5045*(sin(x1)+sin(x2)) + 0.5009*(sin(x1)+(x3)^2) + 1.502*(sin(x2)+x1) + 0.2495*(x1+x1),generation budget reached
base,spurious,0.03,300,4,9005,federated-tree-gp-style,0.0,0.0,0.0,7.686983573400038e-07,0.007525765927427619,0.0,1.0,1.5259020099999816,674432,1623,"expr:add(sin(x1),sin(x2));expr:add(sin(x1),square(x3));expr:add(sin(x2),x1);expr:add(x1,x1)",-0.0009518 - 0.5045*(sin(x1)+sin(x2)) + 0.5009*(sin(x1)+(x3)^2) + 1.502*(sin(x2)+x1) + 0.2495*(x1+x1),generation budget reached
base,spurious,0.03,300,4,9005,centralized-residual-counterexample-gp,0.0,0.0,0.0,0.0005324788731171847,0.010448176213525954,0.0,1.0,0.9732938920000151,0,1625,"expr:add(cos(x3),square(x3));expr:add(sin(x2),x1);expr:add(x1,x1)",-0.6972 + 0.7577*(cos(x3)+(x3)^2) + 0.9967*(sin(x2)+x1) + 0.5008*(x1+x1),generation budget reached
base,spurious,0.1,300,4,9001,fedfalsify-v05,1.0,1.0,1.0,4.836446399485759e-06,0.08942828742806519,0.0,1.0,0.44319282699996165,237839,5,sin(x2);x1;x3^2,-0.00419 + 1.996·x₁ + 0.5012·x₃² + 1.002·sin(x₂),target federated MSE reached; no replacement passed the federated certificate
base,spurious,0.1,300,4,9001,centralized-tree-gp,0.0,0.3333333333333333,0.3333333333333333,4.836446388694421e-06,0.0894282874280652,0.0,1.0,1.3591010949999145,0,1583,"expr:add(sin(x2),x1);expr:add(square(x3),x1);x1",-0.00419 + 1.002*(sin(x2)+x1) + 0.5012*((x3)^2+x1) + 0.4925*x1,generation budget reached
base,spurious,0.1,300,4,9001,federated-tree-gp-style,0.0,0.3333333333333333,0.3333333333333333,4.836446388698586e-06,0.0894282874280652,0.0,1.0,1.7023718479999843,614272,1583,"expr:add(sin(x2),x1);expr:add(square(x3),x1);x1",-0.00419 + 1.002*(sin(x2)+x1) + 0.5012*((x3)^2+x1) + 0.4925*x1,generation budget reached
base,spurious,0.1,300,4,9001,centralized-residual-counterexample-gp,0.0,0.0,0.0,0.0028986212921678026,0.11609672867887,0.0,1.0,1.310926393999921,0,1559,"expr:add(sin(x2),x1);expr:add(x1,x1);expr:square(mul(sin(x3),square(x3)))",0.2288 + 1.007*(sin(x2)+x1) + 0.4945*(x1+x1) + 0.1512*((sin(x3)*(x3)^2))^2,generation budget reached
base,spurious,0.1,300,4,9002,fedfalsify-v05,1.0,1.0,1.0,5.9331316464775485e-05,0.08900682861628831,0.0,1.0,0.4902107599999681,505762,5,sin(x2);x1;x3^2,-0.005224 + 1.984·x₁ + 0.5029·x₃² + 0.9962·sin(x₂),target federated MSE reached; no replacement passed the federated certificate
base,spurious,0.1,300,4,9002,centralized-tree-gp,0.0,0.25,0.3333333333333333,8.084330453518647e-05,0.08875259399808277,1.0,1.0,0.8351028339999402,0,1588,"expr:add(sin(x2),x1);expr:add(square(x3),square(x4));expr:add(square(x4),x1);x1",0.005823 + 0.9957*(sin(x2)+x1) + 0.5038*((x3)^2+(x4)^2) - 0.516*((x4)^2+x1) + 1.505*x1,generation budget reached
base,spurious,0.1,300,4,9002,federated-tree-gp-style,0.0,0.25,0.3333333333333333,8.08433045351914e-05,0.08875259399808277,1.0,1.0,1.1100248870000087,638272,1588,"expr:add(sin(x2),x1);expr:add(square(x3),square(x4));expr:add(square(x4),x1);x1",0.005823 + 0.9957*(sin(x2)+x1) + 0.5038*((x3)^2+(x4)^2) - 0.516*((x4)^2+x1) + 1.505*x1,generation budget reached
base,spurious,0.1,300,4,9002,centralized-residual-counterexample-gp,0.0,0.0,0.0,0.015504843707800486,0.17114596266035736,0.0,1.0,0.9364050659999066,0,1624,"expr:add(sin(x1),x1);expr:add(sin(x2),x1);expr:cos(mul(sin(x3),sin(x3)));expr:square(add(sin(x1),square(x3)))",1.726 + 0.4934*(sin(x1)+x1) + 1.112*(sin(x2)+x1) - 1.686*cos((sin(x3)*sin(x3))) + 0.07493*((sin(x1)+(x3)^2))^2,generation budget reached
base,spurious,0.1,300,4,9003,fedfalsify-v05,1.0,1.0,1.0,4.965537208906195e-05,0.08944948569904809,0.0,1.0,0.31579221499998766,237960,5,sin(x2);x1;x3^2,0.005102 + 1.988·x₁ + 0.4952·x₃² + 1.018·sin(x₂),target federated MSE reached; no replacement passed the federated certificate
base,spurious,0.1,300,4,9003,centralized-tree-gp,0.0,0.0,0.0,6.951003552439961e-05,0.0893564498142883,0.0,1.0,0.7850252810000029,0,1554,"expr:add(cos(x3),x1);expr:add(sin(x2),x1);expr:add(square(x3),square(x3));expr:add(x1,x1)",0.1228 - 0.1281*(cos(x3)+x1) + 1.017*(sin(x2)+x1) + 0.2261*((x3)^2+(x3)^2) + 0.5496*(x1+x1),generation budget reached
base,spurious,0.1,300,4,9003,federated-tree-gp-style,0.0,0.0,0.0,6.951003552421237e-05,0.08935644981428828,0.0,1.0,1.009978865999983,588864,1554,"expr:add(cos(x3),x1);expr:add(sin(x2),x1);expr:add(square(x3),square(x3));expr:add(x1,x1)",0.1228 - 0.1281*(cos(x3)+x1) + 1.017*(sin(x2)+x1) + 0.2261*((x3)^2+(x3)^2) + 0.5496*(x1+x1),generation budget reached
base,spurious,0.1,300,4,9003,centralized-residual-counterexample-gp,0.0,0.0,0.0,0.0020070708043579415,0.09942869050298273,0.0,1.0,0.8291325440000037,0,1558,"expr:add(cos(x3),x1);expr:add(sin(x2),x1);expr:add(x1,x1)",1.349 - 1.446*(cos(x3)+x1) + 1.014*(sin(x2)+x1) + 1.212*(x1+x1),generation budget reached
base,spurious,0.1,300,4,9004,fedfalsify-v05,1.0,1.0,1.0,7.75936239709359e-06,0.09783404916805741,0.0,1.0,0.6873731310000721,774875,5,sin(x2);x1;x3^2,-0.003274 + 1.999·x₁ + 0.4978·x₃² + 0.9938·sin(x₂),target federated MSE reached; no replacement passed the federated certificate
base,spurious,0.1,300,4,9004,centralized-tree-gp,0.0,0.0,0.0,0.006445352325815971,0.14610683847495495,0.0,1.0,0.9162504429999672,0,1624,"expr:add(cos(x3),sin(x1));expr:add(sin(x2),x1);expr:add(x1,x1);expr:square(add(sin(x1),square(x3)))",0.712 - 0.6094*(cos(x3)+sin(x1)) + 0.9788*(sin(x2)+x1) + 0.6216*(x1+x1) + 0.05556*((sin(x1)+(x3)^2))^2,generation budget reached
base,spurious,0.1,300,4,9004,federated-tree-gp-style,0.0,0.0,0.0,0.006445352325816039,0.14610683847495495,0.0,1.0,1.1927236270000776,653568,1624,"expr:add(cos(x3),sin(x1));expr:add(sin(x2),x1);expr:add(x1,x1);expr:square(add(sin(x1),square(x3)))",0.712 - 0.6094*(cos(x3)+sin(x1)) + 0.9788*(sin(x2)+x1) + 0.6216*(x1+x1) + 0.05556*((sin(x1)+(x3)^2))^2,generation budget reached
base,spurious,0.1,300,4,9004,centralized-residual-counterexample-gp,0.0,0.0,0.0,0.0018327704486382503,0.10982273514418418,0.0,1.0,1.0834085510000477,0,1600,"expr:add(sin(x1),sin(x3));expr:add(sin(x1),x1);expr:add(sin(x2),x1);expr:add(sin(x3),square(x3))",-0.004494 - 0.5351*(sin(x1)+sin(x3)) + 0.7999*(sin(x1)+x1) + 1.051*(sin(x2)+x1) + 0.5071*(sin(x3)+(x3)^2),generation budget reached
base,spurious,0.1,300,4,9005,fedfalsify-v05,1.0,1.0,1.0,8.571843577259278e-06,0.08363338373907682,0.0,1.0,0.4061376500000051,238031,5,sin(x2);x1;x3^2,-0.00307 + 1.997·x₁ + 0.5032·x₃² + 0.9915·sin(x₂),target federated MSE reached; no replacement passed the federated certificate
base,spurious,0.1,300,4,9005,centralized-tree-gp,0.0,0.3333333333333333,0.3333333333333333,8.571843550523395e-06,0.08363338373907683,0.0,1.0,1.4073681479999323,0,1601,"expr:add(sin(x2),square(x3));expr:add(sin(x2),x1);x1",-0.00307 + 0.5032*(sin(x2)+(x3)^2) + 0.4883*(sin(x2)+x1) + 1.508*x1,generation budget reached
base,spurious,0.1,300,4,9005,federated-tree-gp-style,0.0,0.3333333333333333,0.3333333333333333,8.57184355052342e-06,0.0836333837390768,0.0,1.0,1.7791372350000074,643200,1601,"expr:add(sin(x2),square(x3));expr:add(sin(x2),x1);x1",-0.00307 + 0.5032*(sin(x2)+(x3)^2) + 0.4883*(sin(x2)+x1) + 1.508*x1,generation budget reached
base,spurious,0.1,300,4,9005,centralized-residual-counterexample-gp,0.0,0.3333333333333333,0.3333333333333333,8.571843550523395e-06,0.08363338373907683,0.0,1.0,1.1401451500000803,0,1577,"expr:add(sin(x2),square(x3));expr:add(sin(x2),x1);x1",-0.00307 + 0.5032*(sin(x2)+(x3)^2) + 0.4883*(sin(x2)+x1) + 1.508*x1,generation budget reached
base,exception,0.03,300,4,9001,fedfalsify-v05,1.0,1.0,1.0,3.197636875545379e-06,0.013252114494284428,0.0,1.0,1.3246711460000142,1424641,8,I(x3>1)*x3^2;sin(x2);x1;x3^2,0.0007762 + 1.999·x₁ + 0.7545·𝟙[x₃>1]·x₃² + 1.001·sin(x₂) + 0.4964·x₃²,target federated MSE reached; no replacement passed the federated certificate
base,exception,0.03,300,4,9001,centralized-tree-gp,0.0,0.25,0.25,0.0074677452740110825,0.10830508897404817,0.0,0.0,0.8872612919999483,0,1604,"expr:add(sin(x2),square(x3));expr:add(sin(x2),x3);expr:square(add(sin(x3),square(x3)));x1",0.07261 + 0.5995*(sin(x2)+(x3)^2) + 0.4685*(sin(x2)+x3) + 0.05654*((sin(x3)+(x3)^2))^2 + 2.017*x1,generation budget reached
base,exception,0.03,300,4,9001,federated-tree-gp-style,0.0,0.25,0.25,0.007467745274011104,0.10830508897404817,0.0,0.0,1.1651692909999838,673856,1604,"expr:add(sin(x2),square(x3));expr:add(sin(x2),x3);expr:square(add(sin(x3),square(x3)));x1",0.07261 + 0.5995*(sin(x2)+(x3)^2) + 0.4685*(sin(x2)+x3) + 0.05654*((sin(x3)+(x3)^2))^2 + 2.017*x1,generation budget reached
base,exception,0.03,300,4,9001,centralized-residual-counterexample-gp,0.0,0.25,0.25,0.019047089277585732,0.2134730391101143,0.0,0.0,0.9310537840000279,0,1599,"expr:add(sin(x1),sin(x2));expr:square(add(sin(x3),square(x3)));expr:square(mul(sin(x3),sin(x3)));x1",-0.1198 + 0.8803*(sin(x1)+sin(x2)) + 0.1676*((sin(x3)+(x3)^2))^2 + 1.07*((sin(x3)*sin(x3)))^2 + 1.586*x1,generation budget reached
base,exception,0.03,300,4,9002,fedfalsify-v05,1.0,1.0,1.0,2.4431127496100475e-06,0.014931567298211898,0.0,1.0,0.4119603870000219,308068,7,I(x3>1)*x3^2;sin(x2);x1;x3^2,0.006457 + 1.999·x₁ + 0.7486·𝟙[x₃>1]·x₃² + 0.4992·x₃² + 1.005·sin(x₂),target federated MSE reached; no replacement passed the federated certificate
base,exception,0.03,300,4,9002,centralized-tree-gp,0.0,0.0,0.0,0.018357488359893172,0.21203766734841822,0.0,0.0,0.8513437139999951,0,1559,"expr:add(cos(x3),square(x3));expr:add(sin(x1),sin(x2));expr:add(square(x3),x3);expr:add(x1,x1)",-0.3638 + 0.2762*(cos(x3)+(x3)^2) + 0.8252*(sin(x1)+sin(x2)) + 0.732*((x3)^2+x3) + 0.7962*(x1+x1),generation budget reached
base,exception,0.03,300,4,9002,federated-tree-gp-style,0.0,0.0,0.0,0.018357488359892978,0.21203766734841825,0.0,0.0,1.0767355599999746,617600,1559,"expr:add(cos(x3),square(x3));expr:add(sin(x1),sin(x2));expr:add(square(x3),x3);expr:add(x1,x1)",-0.3638 + 0.2762*(cos(x3)+(x3)^2) + 0.8252*(sin(x1)+sin(x2)) + 0.732*((x3)^2+x3) + 0.7962*(x1+x1),generation budget reached
base,exception,0.03,300,4,9002,centralized-residual-counterexample-gp,0.0,0.0,0.0,0.018357488359893172,0.21203766734841822,0.0,0.0,0.874700293999922,0,1559,"expr:add(cos(x3),square(x3));expr:add(sin(x1),sin(x2));expr:add(square(x3),x3);expr:add(x1,x1)",-0.3638 + 0.2762*(cos(x3)+(x3)^2) + 0.8252*(sin(x1)+sin(x2)) + 0.732*((x3)^2+x3) + 0.7962*(x1+x1),generation budget reached
base,exception,0.03,300,4,9003,fedfalsify-v05,1.0,1.0,1.0,1.879644940404333e-06,0.013957665751909243,0.0,1.0,0.8242678799999794,862239,7,I(x3>1)*x3^2;sin(x2);x1;x3^2,0.004322 + 2.002·x₁ + 0.7475·𝟙[x₃>1]·x₃² + 0.9982·sin(x₂) + 0.5002·x₃²,target federated MSE reached; no replacement passed the federated certificate
base,exception,0.03,300,4,9003,centralized-tree-gp,0.0,0.25,0.25,0.0042524445371035745,0.06951354636308335,0.0,0.0,0.8649667290000025,0,1620,"expr:add(sin(x2),x3);expr:add(square(x3),x1);expr:square(add(cos(x3),sin(x3)));x3^2",0.2617 + 0.7202*(sin(x2)+x3) + 2.01*((x3)^2+x1) - 0.3994*((cos(x3)+sin(x3)))^2 - 1.099*(x3)^2,generation budget reached
base,exception,0.03,300,4,9003,federated-tree-gp-style,0.0,0.25,0.25,0.004252444537103576,0.06951354636308338,0.0,0.0,1.6980948239998952,662656,1620,"expr:add(sin(x2),x3);expr:add(square(x3),x1);expr:square(add(cos(x3),sin(x3)));x3^2",0.2617 + 0.7202*(sin(x2)+x3) + 2.01*((x3)^2+x1) - 0.3994*((cos(x3)+sin(x3)))^2 - 1.099*(x3)^2,generation budget reached
base,exception,0.03,300,4,9003,centralized-residual-counterexample-gp,0.0,0.25,0.25,0.00715783705880939,0.11521665826798558,0.0,0.0,1.4568454870000096,0,1633,"expr:add(sin(x2),x3);expr:add(square(x3),x1);x3;x3^2",-0.04351 + 0.9924*(sin(x2)+x3) + 2.024*((x3)^2+x1) - 1.136*(x3)^2 - 0.3222*x3,generation budget reached
base,exception,0.03,300,4,9004,fedfalsify-v05,1.0,1.0,1.0,3.7851839964582132e-06,0.014734692957148254,0.0,1.0,0.6254774499999485,307987,7,I(x3>1)*x3^2;sin(x2);x1;x3^2,-0.007376 + 2.003·x₁ + 0.7474·𝟙[x₃>1]·x₃² + 0.5028·x₃² + 0.9978·sin(x₂),target federated MSE reached; no replacement passed the federated certificate
base,exception,0.03,300,4,9004,centralized-tree-gp,0.0,0.0,0.0,0.00593202039385161,0.10175993965980515,1.0,0.0,1.4308947240000407,0,1587,"expr:add(sin(x2),x1);expr:add(square(x3),x1);expr:add(x3,x3);expr:sin(add(cos(x4),sin(x3)))",0.07587 + 1.088*(sin(x2)+x1) + 0.8998*((x3)^2+x1) + 0.4006*(x3+x3) - 0.4032*sin((cos(x4)+sin(x3))),generation budget reached
base,exception,0.03,300,4,9004,federated-tree-gp-style,0.0,0.0,0.0,0.00593202039385162,0.10175993965980515,1.0,0.0,1.087450624999974,631488,1587,"expr:add(sin(x2),x1);expr:add(square(x3),x1);expr:add(x3,x3);expr:sin(add(cos(x4),sin(x3)))",0.07587 + 1.088*(sin(x2)+x1) + 0.8998*((x3)^2+x1) + 0.4006*(x3+x3) - 0.4032*sin((cos(x4)+sin(x3))),generation budget reached
base,exception,0.03,300,4,9004,centralized-residual-counterexample-gp,0.0,0.0,0.0,0.00593202039385161,0.10175993965980515,1.0,0.0,0.8974253459999773,0,1614,"expr:add(sin(x2),x1);expr:add(square(x3),x1);expr:add(x3,x3);expr:sin(add(cos(x4),sin(x3)))",0.07587 + 1.088*(sin(x2)+x1) + 0.8998*((x3)^2+x1) + 0.4006*(x3+x3) - 0.4032*sin((cos(x4)+sin(x3))),generation budget reached
base,exception,0.03,300,4,9005,fedfalsify-v05,1.0,1.0,1.0,1.2927968461454029e-06,0.012690080242713769,0.0,1.0,0.4045290029999933,307776,7,I(x3>1)*x3^2;sin(x2);x1;x3^2,-0.0003298 + 2.001·x₁ + 0.7529·𝟙[x₃>1]·x₃² + 0.4986·x₃² + 0.9994·sin(x₂),target federated MSE reached; no replacement passed the federated certificate
base,exception,0.03,300,4,9005,centralized-tree-gp,0.0,0.25,0.25,0.001149869254107417,0.026027863280413233,0.0,1.0,0.8448347259999309,0,1572,"I(x3>1)*x3^2;cos(x3);expr:add(sin(x2),x1);expr:add(square(x3),x1)",-1.134 + 1.071*(sin(x2)+x1) + 0.9193*((x3)^2+x1) + 1.245*cos(x3) + 0.7248*I(x3>1)*((x3)^2),generation budget reached
base,exception,0.03,300,4,9005,federated-tree-gp-style,0.0,0.25,0.25,0.0011498692541074122,0.026027863280413233,0.0,1.0,1.113784289000023,631616,1572,"I(x3>1)*x3^2;cos(x3);expr:add(sin(x2),x1);expr:add(square(x3),x1)",-1.134 + 1.071*(sin(x2)+x1) + 0.9193*((x3)^2+x1) + 1.245*cos(x3) + 0.7248*I(x3>1)*((x3)^2),generation budget reached
base,exception,0.03,300,4,9005,centralized-residual-counterexample-gp,0.0,0.0,0.0,0.00150863308418277,0.03464216744086177,0.0,0.0,0.9087545219999811,0,1583,"expr:add(sin(x2),x1);expr:add(square(x3),x1);expr:add(x3,x3);expr:square(add(cos(x3),x3))",0.05509 + 0.9364*(sin(x2)+x1) + 1.087*((x3)^2+x1) + 0.2845*(x3+x3) - 0.2217*((cos(x3)+x3))^2,generation budget reached
base,exception,0.1,300,4,9001,fedfalsify-v05,1.0,1.0,1.0,3.552929857639323e-05,0.14724571660316033,0.0,1.0,1.2388708370000359,1380477,7,I(x3>1)*x3^2;sin(x2);x1;x3^2,0.002587 + 1.996·x₁ + 0.7649·𝟙[x₃>1]·x₃² + 1.002·sin(x₂) + 0.4881·x₃²,target federated MSE reached; no replacement passed the federated certificate
base,exception,0.1,300,4,9001,centralized-tree-gp,0.0,0.0,0.0,0.012050529962279306,0.3349676309910132,1.0,0.0,0.9354164579999633,0,1614,"expr:add(cos(x3),cos(x3));expr:add(sin(x2),x3);expr:add(square(x3),x1);expr:square(add(sin(x4),square(x3)))",-2.637 + 1.315*(cos(x3)+cos(x3)) + 0.7598*(sin(x2)+x3) + 1.983*((x3)^2+x1) - 0.04371*((sin(x4)+(x3)^2))^2,generation budget reached
base,exception,0.1,300,4,9001,federated-tree-gp-style,0.0,0.0,0.0,0.01205052996227939,0.334967630991013,1.0,0.0,1.2026552519999996,685568,1614,"expr:add(cos(x3),cos(x3));expr:add(sin(x2),x3);expr:add(square(x3),x1);expr:square(add(sin(x4),square(x3)))",-2.637 + 1.315*(cos(x3)+cos(x3)) + 0.7598*(sin(x2)+x3) + 1.983*((x3)^2+x1) - 0.04371*((sin(x4)+(x3)^2))^2,generation budget reached
base,exception,0.1,300,4,9001,centralized-residual-counterexample-gp,0.0,0.25,0.25,0.029128798244575687,0.43765057608031993,0.0,1.0,1.0105242750000798,0,1642,"I(x3>1)*x3^2;expr:add(sin(x2),x3);expr:add(square(x3),x1);expr:mul(sin(x1),square(x1))",-0.185 + 0.8239*(sin(x2)+x3) + 0.9798*((x3)^2+x1) - 0.07723*I(x3>1)*((x3)^2) + 0.6632*(sin(x1)*(x1)^2),generation budget reached
base,exception,0.1,300,4,9002,fedfalsify-v05,1.0,1.0,1.0,2.7145697244529496e-05,0.16590630331346556,0.0,1.0,1.788606867999988,1346285,7,I(x3>1)*x3^2;sin(x2);x1;x3^2,0.02152 + 1.996·x₁ + 0.7455·𝟙[x₃>1]·x₃² + 1.016·sin(x₂) + 0.4974·x₃²,target federated MSE reached; no replacement passed the federated certificate
base,exception,0.1,300,4,9002,centralized-tree-gp,0.0,0.0,0.0,0.007258333653138604,0.26538648706956497,0.0,0.0,1.4373442520000026,0,1599,"expr:add(sin(x2),x1);expr:add(square(x3),x3);expr:add(x1,x1);expr:add(x1,x3)",-0.05417 + 1.034*(sin(x2)+x1) + 0.8986*((x3)^2+x3) + 0.5946*(x1+x1) - 0.2249*(x1+x3),generation budget reached
base,exception,0.1,300,4,9002,federated-tree-gp-style,0.0,0.0,0.0,0.007258333653138622,0.26538648706956497,0.0,0.0,2.212238292000052,655104,1599,"expr:add(sin(x2),x1);expr:add(square(x3),x3);expr:add(x1,x1);expr:add(x1,x3)",-0.05417 + 1.034*(sin(x2)+x1) + 0.8986*((x3)^2+x3) + 0.5946*(x1+x1) - 0.2249*(x1+x3),generation budget reached
base,exception,0.1,300,4,9002,centralized-residual-counterexample-gp,0.0,0.0,0.0,0.007258333653138604,0.26538648706956497,0.0,0.0,0.938186987999984,0,1595,"expr:add(sin(x2),x1);expr:add(square(x3),x3);expr:add(x1,x1);expr:add(x1,x3)",-0.05417 + 1.034*(sin(x2)+x1) + 0.8986*((x3)^2+x3) + 0.5946*(x1+x1) - 0.2249*(x1+x3),generation budget reached
base,exception,0.1,300,4,9003,fedfalsify-v05,1.0,1.0,1.0,2.0884943826306124e-05,0.15508517502121386,0.0,1.0,1.102748348000091,1225504,7,I(x3>1)*x3^2;sin(x2);x1;x3^2,0.01441 + 2.005·x₁ + 0.7418·𝟙[x₃>1]·x₃² + 0.9939·sin(x₂) + 0.5007·x₃²,target federated MSE reached; no replacement passed the federated certificate
base,exception,0.1,300,4,9003,centralized-tree-gp,0.0,0.0,0.0,0.07325741780882848,0.72105512488075,1.0,0.0,0.8797788359999004,0,1600,"expr:add(sin(x1),sin(x1));expr:add(sin(x1),x1);expr:add(sin(x4),x3);expr:add(square(x3),x2)",0.3952 - 1.107*(sin(x1)+sin(x1)) + 2.105*(sin(x1)+x1) + 0.4186*(sin(x4)+x3) + 0.7015*((x3)^2+x2),generation budget reached
base,exception,0.1,300,4,9003,federated-tree-gp-style,0.0,0.0,0.0,0.07325741780882812,0.7210551248807499,1.0,0.0,1.1352572110000665,639232,1600,"expr:add(sin(x1),sin(x1));expr:add(sin(x1),x1);expr:add(sin(x4),x3);expr:add(square(x3),x2)",0.3952 - 1.107*(sin(x1)+sin(x1)) + 2.105*(sin(x1)+x1) + 0.4186*(sin(x4)+x3) + 0.7015*((x3)^2+x2),generation budget reached
base,exception,0.1,300,4,9003,centralized-residual-counterexample-gp,0.0,0.0,0.0,0.008833165032856971,0.2593933367154324,0.0,0.0,0.9880897749999349,0,1596,"expr:add(sin(x2),x1);expr:add(sin(x3),x1);expr:cos(add(cos(x3),sin(x3)));expr:sin(add(cos(x3),cos(x3)))",1.101 + 0.9662*(sin(x2)+x1) + 1.068*(sin(x3)+x1) + 2.111*cos((cos(x3)+sin(x3))) - 2.135*sin((cos(x3)+cos(x3))),generation budget reached
base,exception,0.1,300,4,9004,fedfalsify-v05,1.0,1.0,1.0,4.205760001100308e-05,0.16371881063498064,0.0,1.0,0.5209784560000799,458699,7,I(x3>1)*x3^2;sin(x2);x1;x3^2,-0.02459 + 2.009·x₁ + 0.7414·𝟙[x₃>1]·x₃² + 0.5093·x₃² + 0.9928·sin(x₂),target federated MSE reached; no replacement passed the federated certificate
base,exception,0.1,300,4,9004,centralized-tree-gp,0.0,0.25,0.25,0.007323757071691964,0.26999175561256017,0.0,0.0,0.9026878189999934,0,1620,"expr:add(sin(x2),x1);expr:add(square(x3),x1);expr:add(square(x3),x3);x3^2",-0.104 + 1.023*(sin(x2)+x1) + 0.9988*((x3)^2+x1) + 0.6639*((x3)^2+x3) - 0.7594*(x3)^2,generation budget reached
base,exception,0.1,300,4,9004,federated-tree-gp-style,0.0,0.25,0.25,0.007323757071691962,0.2699917556125602,0.0,0.0,1.1594672600000422,678656,1620,"expr:add(sin(x2),x1);expr:add(square(x3),x1);expr:add(square(x3),x3);x3^2",-0.104 + 1.023*(sin(x2)+x1) + 0.9988*((x3)^2+x1) + 0.6639*((x3)^2+x3) - 0.7594*(x3)^2,generation budget reached
base,exception,0.1,300,4,9004,centralized-residual-counterexample-gp,0.0,0.0,0.0,0.0029707736572006744,0.20124952883307326,0.0,0.0,0.9356048129999408,0,1617,"expr:add(sin(x2),x1);expr:add(square(x3),x1);expr:mul(sin(x3),square(x3))",-0.1288 + 1.068*(sin(x2)+x1) + 0.9207*((x3)^2+x1) + 0.4323*(sin(x3)*(x3)^2),generation budget reached
base,exception,0.1,300,4,9005,fedfalsify-v05,1.0,1.0,1.0,1.4364409421698462e-05,0.14100089158570853,0.0,1.0,0.4919055870000193,460122,7,I(x3>1)*x3^2;sin(x2);x1;x3^2,-0.001099 + 2.004·x₁ + 0.7596·𝟙[x₃>1]·x₃² + 0.4955·x₃² + 0.9981·sin(x₂),target federated MSE reached; no replacement passed the federated certificate
base,exception,0.1,300,4,9005,centralized-tree-gp,0.0,0.5,0.5,1.4364409417103259e-05,0.14100089158570855,0.0,1.0,1.03074385299999,0,1613,"I(x3>1)*x3^2;expr:add(sin(x2),x1);expr:square(add(x3,x3));x1",-0.001099 + 0.9981*(sin(x2)+x1) + 0.7596*I(x3>1)*((x3)^2) + 0.1239*((x3+x3))^2 + 1.006*x1,generation budget reached
base,exception,0.1,300,4,9005,federated-tree-gp-style,0.0,0.5,0.5,1.4364409417102066e-05,0.14100089158570855,0.0,1.0,1.7833609630000637,661120,1613,"I(x3>1)*x3^2;expr:add(sin(x2),x1);expr:square(add(x3,x3));x1",-0.001099 + 0.9981*(sin(x2)+x1) + 0.7596*I(x3>1)*((x3)^2) + 0.1239*((x3+x3))^2 + 1.006*x1,generation budget reached
base,exception,0.1,300,4,9005,centralized-residual-counterexample-gp,0.0,0.5,0.5,1.4364409417566125e-05,0.14100089158570853,0.0,1.0,1.3981101960000615,0,1590,"I(x3>1)*x3^2;expr:add(sin(x2),x1);expr:add(square(x3),square(x3));x1",-0.001099 + 0.9981*(sin(x2)+x1) + 0.2477*((x3)^2+(x3)^2) + 0.7596*I(x3>1)*((x3)^2) + 1.006*x1,generation budget reached
poly3,complementary,0.03,300,4,9001,fedfalsify-v05,1.0,1.0,1.0,2.9503685441013877e-06,0.0454496209131854,0.0,1.0,0.5651362460000655,267730,6,x1;x1^2;x1^3,-0.01507 + 0.9915·x₁ + 1.002·x₁³ + 1.006·x₁²,target federated MSE reached; no replacement passed the federated certificate
poly3,complementary,0.03,300,4,9001,centralized-tree-gp,0.0,0.25,0.3333333333333333,0.002246187727125377,0.15339675114620263,0.0,1.0,1.0795797050000147,0,1577,"expr:add(sin(x1),x3);expr:add(x1,x3);expr:cos(add(sin(x1),square(x1)));x1^2",0.16 - 9.53*(sin(x1)+x3) + 9.564*(x1+x3) - 0.3003*cos((sin(x1)+(x1)^2)) + 0.9717*(x1*x1),generation budget reached
poly3,complementary,0.03,300,4,9001,federated-tree-gp-style,0.0,0.25,0.3333333333333333,0.002246187727124982,0.15339675114620274,0.0,1.0,1.0717708180000045,624320,1577,"expr:add(sin(x1),x3);expr:add(x1,x3);expr:cos(add(sin(x1),square(x1)));x1^2",0.16 - 9.53*(sin(x1)+x3) + 9.564*(x1+x3) - 0.3003*cos((sin(x1)+(x1)^2)) + 0.9717*(x1*x1),generation budget reached
poly3,complementary,0.03,300,4,9001,centralized-residual-counterexample-gp,0.0,0.0,0.0,0.0019569203566734464,0.0984861122017041,0.0,1.0,0.9114197229999945,0,1600,"expr:add(cos(x1),square(x1));expr:add(sin(x1),x3);expr:add(x1,x3);expr:cos(add(cos(x1),sin(x1)))",-0.5624 + 1.434*(cos(x1)+(x1)^2) - 9.838*(sin(x1)+x3) + 9.803*(x1+x3) - 1.266*cos((cos(x1)+sin(x1))),generation budget reached
poly3,complementary,0.03,300,4,9002,fedfalsify-v05,1.0,1.0,1.0,5.650573973360791e-07,0.05914894849677457,0.0,1.0,0.3099658989999625,238075,5,x1;x1^2;x1^3,0.007908 + 0.9997·x₁ + 0.9989·x₁² + 0.9993·x₁³,target federated MSE reached; no replacement passed the federated certificate
poly3,complementary,0.03,300,4,9002,centralized-tree-gp,0.0,0.5,0.6666666666666666,4.658448593616266e-06,0.058847128917923826,0.0,1.0,0.7532809440000392,0,1510,"expr:add(sin(x1),square(x1));expr:mul(sin(x1),square(x1));x1^2;x1^3",0.00679 + 0.9539*(sin(x1)+(x1)^2) + 0.09966*(sin(x1)*(x1)^2) + 1.099*((x1)^2*x1) + 0.04655*(x1)^2,generation budget reached
poly3,complementary,0.03,300,4,9002,federated-tree-gp-style,0.0,0.5,0.6666666666666666,4.658448593655223e-06,0.05884712891792381,0.0,1.0,0.9443845320000719,529664,1510,"expr:add(sin(x1),square(x1));expr:mul(sin(x1),square(x1));x1^2;x1^3",0.00679 + 0.9539*(sin(x1)+(x1)^2) + 0.09966*(sin(x1)*(x1)^2) + 1.099*((x1)^2*x1) + 0.04655*(x1)^2,generation budget reached
poly3,complementary,0.03,300,4,9002,centralized-residual-counterexample-gp,0.0,0.6666666666666666,0.6666666666666666,3.861423415325747e-05,0.06276414805387022,0.0,1.0,0.8085872450000124,0,1514,"expr:add(sin(x1),square(x1));x1^2;x1^3",0.01436 + 1.088*(sin(x1)+(x1)^2) + 1.116*((x1)^2*x1) - 0.09654*(x1)^2,generation budget reached
poly3,complementary,0.03,300,4,9003,fedfalsify-v05,1.0,1.0,1.0,1.3054892238143877e-06,0.05318557357049532,0.0,1.0,0.33293416399999387,237944,5,x1;x1^2;x1^3,-0.0006697 + 0.9968·x₁ + 1.003·x₁² + 1.001·x₁³,target federated MSE reached; no replacement passed the federated certificate
poly3,complementary,0.03,300,4,9003,centralized-tree-gp,0.0,0.6666666666666666,0.6666666666666666,1.3054892245664682e-06,0.053185573570495324,0.0,1.0,0.7575824389999752,0,1518,"expr:add(square(x1),square(x1));x1;x1^3",-0.0006697 + 0.5017*((x1)^2+(x1)^2) + 1.001*((x1)^2*x1) + 0.9968*x1,generation budget reached
poly3,complementary,0.03,300,4,9003,federated-tree-gp-style,0.0,0.6666666666666666,0.6666666666666666,1.3054892245681958e-06,0.053185573570495304,0.0,1.0,0.9691266739999946,561600,1518,"expr:add(square(x1),square(x1));x1;x1^3",-0.0006697 + 0.5017*((x1)^2+(x1)^2) + 1.001*((x1)^2*x1) + 0.9968*x1,generation budget reached
poly3,complementary,0.03,300,4,9003,centralized-residual-counterexample-gp,0.0,0.6666666666666666,0.6666666666666666,4.26437460911474e-05,0.054649381090201905,0.0,1.0,0.8039459020000095,0,1503,"expr:add(sin(x1),square(x1));x1;x1^3",0.006675 + 0.9976*(sin(x1)+(x1)^2) + 1.109*((x1)^2*x1) + 0.07981*x1,generation budget reached
poly3,complementary,0.03,300,4,9004,fedfalsify-v05,1.0,1.0,1.0,4.766231108904302e-06,0.061111785609282494,0.0,1.0,0.35911685100006707,267803,6,x1;x1^2;x1^3,-0.02514 + 1.005·x₁ + 0.9996·x₁³ + 1.009·x₁²,target federated MSE reached; no replacement passed the federated certificate
poly3,complementary,0.03,300,4,9004,centralized-tree-gp,0.0,0.5,0.6666666666666666,1.1533570480210334e-05,0.061005120936666796,0.0,1.0,0.8637788760000831,0,1602,"expr:add(cos(x1),square(x1));expr:square(add(square(x1),x1));x1;x1^3",-2.007 + 2.005*(cos(x1)+(x1)^2) + 1.117*((x1)^2*x1) - 0.05734*(((x1)^2+x1))^2 + 0.9978*x1,generation budget reached
poly3,complementary,0.03,300,4,9004,federated-tree-gp-style,0.0,0.5,0.6666666666666666,1.1533570480223458e-05,0.061005120936666796,0.0,1.0,1.5263545209999165,645632,1602,"expr:add(cos(x1),square(x1));expr:square(add(square(x1),x1));x1;x1^3",-2.007 + 2.005*(cos(x1)+(x1)^2) + 1.117*((x1)^2*x1) - 0.05734*(((x1)^2+x1))^2 + 0.9978*x1,generation budget reached
poly3,complementary,0.03,300,4,9004,centralized-residual-counterexample-gp,0.0,0.25,0.3333333333333333,0.0008423132678012562,0.13027273901072525,0.0,1.0,1.504020674000003,0,1602,"expr:add(sin(x1),x1);expr:sin(mul(sin(x1),x1));expr:square(add(square(x1),x1));x1^3",-0.1994 + 0.5524*(sin(x1)+x1) + 0.8292*((x1)^2*x1) + 1.682*sin((sin(x1)*x1)) + 0.106*(((x1)^2+x1))^2,generation budget reached
poly3,complementary,0.03,300,4,9005,fedfalsify-v05,1.0,1.0,1.0,1.989899537918855e-06,0.04610161103584977,0.0,1.0,0.4413587679999864,237966,5,x1;x1^2;x1^3,-0.002467 + 0.9944·x₁ + 1.001·x₁² + 1.003·x₁³,target federated MSE reached; no replacement passed the federated certificate
poly3,complementary,0.03,300,4,9005,centralized-tree-gp,0.0,0.3333333333333333,0.3333333333333333,1.565786028053725e-05,0.04628802131755444,0.0,1.0,1.3873629849999816,0,1590,"expr:add(sin(x1),x1);expr:square(add(x1,x1));x1^3",-0.0009347 + 0.518*(sin(x1)+x1) + 1.059*((x1)^2*x1) + 0.2498*((x1+x1))^2,generation budget reached
poly3,complementary,0.03,300,4,9005,federated-tree-gp-style,0.0,0.3333333333333333,0.3333333333333333,1.5657860280536396e-05,0.04628802131755446,0.0,1.0,1.3578982080000515,619392,1590,"expr:add(sin(x1),x1);expr:square(add(x1,x1));x1^3",-0.0009347 + 0.518*(sin(x1)+x1) + 1.059*((x1)^2*x1) + 0.2498*((x1+x1))^2,generation budget reached
poly3,complementary,0.03,300,4,9005,centralized-residual-counterexample-gp,0.0,0.5,0.3333333333333333,1.3512114708412297e-06,0.04611781548937999,0.0,1.0,0.8695218290000639,0,1538,"expr:add(square(x1),x1);x1^3",-0.001282 + 1*((x1)^2+x1) + 1.001*((x1)^2*x1),generation budget reached
poly3,complementary,0.1,300,4,9001,fedfalsify-v05,1.0,1.0,1.0,3.278187271428348e-05,0.5049957879242825,0.0,1.0,0.7538798090000682,861499,5,x1;x1^2;x1^3,-0.05022 + 0.9716·x₁ + 1.021·x₁² + 1.008·x₁³,target federated MSE reached; no replacement passed the federated certificate
poly3,complementary,0.1,300,4,9001,centralized-tree-gp,0.0,0.25,0.3333333333333333,0.00010529902639459924,0.5083785931278823,0.0,1.0,0.8220351969999911,0,1584,"expr:add(cos(x2),sin(x1));expr:add(sin(x1),sin(x1));expr:add(square(x1),square(x1));x1^3",-0.03919 - 0.03723*(cos(x2)+sin(x1)) + 0.5438*(sin(x1)+sin(x1)) + 0.5095*((x1)^2+(x1)^2) + 1.123*((x1)^2*x1),generation budget reached
poly3,complementary,0.1,300,4,9001,federated-tree-gp-style,0.0,0.25,0.3333333333333333,0.00010529902639459451,0.5083785931278824,0.0,1.0,1.0854269609999392,617472,1584,"expr:add(cos(x2),sin(x1));expr:add(sin(x1),sin(x1));expr:add(square(x1),square(x1));x1^3",-0.03919 - 0.03723*(cos(x2)+sin(x1)) + 0.5438*(sin(x1)+sin(x1)) + 0.5095*((x1)^2+(x1)^2) + 1.123*((x1)^2*x1),generation budget reached
poly3,complementary,0.1,300,4,9001,centralized-residual-counterexample-gp,0.0,0.6666666666666666,0.6666666666666666,0.0007550568329823443,0.528580807586038,0.0,1.0,0.8811985410000034,0,1594,"expr:add(cos(x1),square(x1));x1;x1^3",-1.297 + 1.437*(cos(x1)+(x1)^2) + 1.006*((x1)^2*x1) + 0.9703*x1,generation budget reached
poly3,complementary,0.1,300,4,9002,fedfalsify-v05,1.0,1.0,1.0,6.2784155291422785e-06,0.6572105388530507,0.0,1.0,0.7562602230000266,888845,5,x1;x1^2;x1^3,0.02636 + 0.999·x₁ + 0.9962·x₁² + 0.9978·x₁³,target federated MSE reached; no replacement passed the federated certificate
poly3,complementary,0.1,300,4,9002,centralized-tree-gp,0.0,0.5,0.6666666666666666,0.0009625970279405842,0.7320046547869193,0.0,1.0,0.8049678969999832,0,1531,"expr:add(sin(x2),x1);expr:mul(sin(x1),square(x1));x1^2;x1^3",0.04241 + 0.2063*(sin(x2)+x1) + 0.443*(sin(x1)*(x1)^2) + 1.027*((x1)^2*x1) + 1.016*(x1)^2,generation budget reached
poly3,complementary,0.1,300,4,9002,federated-tree-gp-style,0.0,0.5,0.6666666666666666,0.0009625970279406472,0.7320046547869195,0.0,1.0,0.9888167429999157,569856,1531,"expr:add(sin(x2),x1);expr:mul(sin(x1),square(x1));x1^2;x1^3",0.04241 + 0.2063*(sin(x2)+x1) + 0.443*(sin(x1)*(x1)^2) + 1.027*((x1)^2*x1) + 1.016*(x1)^2,generation budget reached
poly3,complementary,0.1,300,4,9002,centralized-residual-counterexample-gp,0.0,0.5,0.6666666666666666,0.0009625970279405842,0.7320046547869193,0.0,1.0,0.8560449190000554,0,1562,"expr:add(sin(x2),x1);expr:mul(sin(x1),square(x1));x1^2;x1^3",0.04241 + 0.2063*(sin(x2)+x1) + 0.443*(sin(x1)*(x1)^2) + 1.027*((x1)^2*x1) + 1.016*(x1)^2,generation budget reached
poly3,complementary,0.1,300,4,9003,fedfalsify-v05,1.0,1.0,1.0,1.4505435826609102e-05,0.5909508174499482,0.0,1.0,0.769863684000029,888101,5,x1;x1^2;x1^3,-0.002232 + 0.9892·x₁ + 1.011·x₁² + 1.003·x₁³,target federated MSE reached; no replacement passed the federated certificate
poly3,complementary,0.1,300,4,9003,centralized-tree-gp,0.0,0.3333333333333333,0.3333333333333333,6.574201447981837e-05,0.5924276434341738,0.0,1.0,1.1468565549999994,0,1601,"expr:add(square(x1),square(x1));sin(x1);x1^3",0.004861 + 0.5026*((x1)^2+(x1)^2) + 1.12*((x1)^2*x1) + 1.072*sin(x1),generation budget reached
poly3,complementary,0.1,300,4,9003,federated-tree-gp-style,0.0,0.3333333333333333,0.3333333333333333,6.574201447982502e-05,0.5924276434341738,0.0,1.0,1.7900488540000197,630656,1601,"expr:add(square(x1),square(x1));sin(x1);x1^3",0.004861 + 0.5026*((x1)^2+(x1)^2) + 1.12*((x1)^2*x1) + 1.072*sin(x1),generation budget reached
poly3,complementary,0.1,300,4,9003,centralized-residual-counterexample-gp,0.0,0.3333333333333333,0.3333333333333333,6.574201447981837e-05,0.5924276434341738,0.0,1.0,1.4060738880000372,0,1558,"expr:add(square(x1),square(x1));sin(x1);x1^3",0.004861 + 0.5026*((x1)^2+(x1)^2) + 1.12*((x1)^2*x1) + 1.072*sin(x1),generation budget reached
poly3,complementary,0.1,300,4,9004,fedfalsify-v05,0.0,0.6666666666666666,0.6666666666666666,7.391617282524935e-05,0.6805945433172563,0.0,1.0,1.0797154570000203,917955,6,sin(x1);x1^2;x1^3,-0.07697 + 1.112·sin(x₁) + 1.118·x₁³ + 1.026·x₁²,target federated MSE reached; no replacement passed the federated certificate
poly3,complementary,0.1,300,4,9004,centralized-tree-gp,0.0,0.3333333333333333,0.3333333333333333,0.0007332937756461379,0.7153776582687177,0.0,1.0,0.833845561999965,0,1559,"expr:add(cos(x1),square(x1));expr:add(sin(x1),x1);x1^3",-1.301 + 1.431*(cos(x1)+(x1)^2) + 0.5448*(sin(x1)+x1) + 1.045*((x1)^2*x1),generation budget reached
poly3,complementary,0.1,300,4,9004,federated-tree-gp-style,0.0,0.3333333333333333,0.3333333333333333,0.000733293775646185,0.7153776582687179,0.0,1.0,1.0589451789999202,604224,1559,"expr:add(cos(x1),square(x1));expr:add(sin(x1),x1);x1^3",-1.301 + 1.431*(cos(x1)+(x1)^2) + 0.5448*(sin(x1)+x1) + 1.045*((x1)^2*x1),generation budget reached
poly3,complementary,0.1,300,4,9004,centralized-residual-counterexample-gp,0.0,0.3333333333333333,0.3333333333333333,0.0007332937756461379,0.7153776582687177,0.0,1.0,0.8638026749999881,0,1551,"expr:add(cos(x1),square(x1));expr:add(sin(x1),x1);x1^3",-1.301 + 1.431*(cos(x1)+(x1)^2) + 0.5448*(sin(x1)+x1) + 1.045*((x1)^2*x1),generation budget reached
poly3,complementary,0.1,300,4,9005,fedfalsify-v05,0.0,0.6666666666666666,0.6666666666666666,9.320156773070856e-05,0.5124057745115818,0.0,1.0,1.0191111100000398,1244171,6,sin(x1);x1^2;x1^3,-0.005065 + 1.066·sin(x₁) + 1.124·x₁³ + 0.9996·x₁²,target federated MSE reached; no replacement passed the federated certificate
poly3,complementary,0.1,300,4,9005,centralized-tree-gp,0.0,0.5,0.6666666666666666,2.254521314818815e-05,0.5122338897395651,0.0,1.0,0.8786885850000772,0,1610,"expr:square(add(square(x1),square(x1)));expr:square(add(square(x1),x1));x1;x1^3",-0.01044 - 1.004*((x1)^2*x1) - 0.2517*(((x1)^2+(x1)^2))^2 + 1.006*(((x1)^2+x1))^2 + 0.9809*x1,generation budget reached
poly3,complementary,0.1,300,4,9005,federated-tree-gp-style,0.0,0.5,0.6666666666666666,2.2545213148128743e-05,0.5122338897395649,0.0,1.0,1.1678535859999783,639232,1610,"expr:square(add(square(x1),square(x1)));expr:square(add(square(x1),x1));x1;x1^3",-0.01044 - 1.004*((x1)^2*x1) - 0.2517*(((x1)^2+(x1)^2))^2 + 1.006*(((x1)^2+x1))^2 + 0.9809*x1,generation budget reached
poly3,complementary,0.1,300,4,9005,centralized-residual-counterexample-gp,0.0,0.3333333333333333,0.3333333333333333,2.210999484777163e-05,0.5122401226205532,0.0,1.0,0.8830256979999831,0,1574,"expr:add(x1,x1);expr:square(add(x1,x1));x1^3",-0.008224 + 0.4906*(x1+x1) + 1.008*((x1)^2*x1) + 0.2507*((x1+x1))^2,generation budget reached
poly3,spurious,0.03,300,4,9001,fedfalsify-v05,1.0,1.0,1.0,1.7837743802958603e-06,0.05790681346941896,0.0,1.0,0.3572523560000036,267886,6,x1;x1^2;x1^3,-0.0004456 + 0.9818·x₁ + 1.004·x₁³ + 0.9986·x₁²,target federated MSE reached; no replacement passed the federated certificate
poly3,spurious,0.03,300,4,9001,centralized-tree-gp,0.0,0.5,0.3333333333333333,9.068415560044902e-05,0.06110046459909249,0.0,1.0,0.8006677519999812,0,1522,"expr:add(sin(x1),square(x1));x1^3",-0.007763 + 0.9998*(sin(x1)+(x1)^2) + 1.123*((x1)^2*x1),generation budget reached
poly3,spurious,0.03,300,4,9001,federated-tree-gp-style,0.0,0.5,0.3333333333333333,9.068415560044334e-05,0.06110046459909242,0.0,1.0,1.0149824029999763,549056,1522,"expr:add(sin(x1),square(x1));x1^3",-0.007763 + 0.9998*(sin(x1)+(x1)^2) + 1.123*((x1)^2*x1),generation budget reached
poly3,spurious,0.03,300,4,9001,centralized-residual-counterexample-gp,0.0,0.5,0.6666666666666666,0.0011999486147582328,0.1610307648894215,1.0,1.0,0.9510906410000644,0,1605,"expr:add(sin(x2),x1);expr:mul(cos(x4),sin(x1));x1^2;x1^3",0.09178 + 0.2306*(sin(x2)+x1) + 0.7522*(cos(x4)*sin(x1)) + 1.117*((x1)^2*x1) + 0.9673*(x1*x1),generation budget reached
poly3,spurious,0.03,300,4,9002,fedfalsify-v05,1.0,1.0,1.0,1.1487667840389554e-05,0.05049261947320999,0.0,1.0,0.8316717989999916,536980,6,x1;x1^2;x1^3,-0.004151 + 1.007·x₁ + 0.9951·x₁³ + 1.003·x₁²,target federated MSE reached; no replacement passed the federated certificate
poly3,spurious,0.03,300,4,9002,centralized-tree-gp,0.0,0.25,0.3333333333333333,0.0013341714015013305,0.18848644025304376,0.0,1.0,1.4682032770000433,0,1595,"expr:add(cos(x1),square(x1));expr:mul(sin(x1),square(x1));expr:square(add(sin(x1),square(x1)));x1^3",-1.875 + 1.903*(cos(x1)+(x1)^2) + 0.6682*(sin(x1)*(x1)^2) + 1.028*((x1)^2*x1) - 0.05376*((sin(x1)+(x1)^2))^2,generation budget reached
poly3,spurious,0.03,300,4,9002,federated-tree-gp-style,0.0,0.25,0.3333333333333333,0.0013341714015013585,0.1884864402530437,0.0,1.0,1.8898107759999903,654848,1595,"expr:add(cos(x1),square(x1));expr:mul(sin(x1),square(x1));expr:square(add(sin(x1),square(x1)));x1^3",-1.875 + 1.903*(cos(x1)+(x1)^2) + 0.6682*(sin(x1)*(x1)^2) + 1.028*((x1)^2*x1) - 0.05376*((sin(x1)+(x1)^2))^2,generation budget reached
poly3,spurious,0.03,300,4,9002,centralized-residual-counterexample-gp,0.0,0.25,0.3333333333333333,0.0006952720203204322,0.08110925446077372,0.0,1.0,1.2519720259999758,0,1623,"expr:add(cos(x1),square(x1));expr:add(sin(x3),x1);sin(x3);x1^3",-1.233 + 1.412*(cos(x1)+(x1)^2) + 1.004*(sin(x3)+x1) + 0.99*((x1)^2*x1) - 1.019*sin(x3),generation budget reached
poly3,spurious,0.03,300,4,9003,fedfalsify-v05,1.0,1.0,1.0,3.0371761154713876e-06,0.05678326153674225,0.0,1.0,0.30870000699997036,238063,5,x1;x1^2;x1^3,0.005101 + 0.986·x₁ + 0.9947·x₁² + 1.002·x₁³,target federated MSE reached; no replacement passed the federated certificate
poly3,spurious,0.03,300,4,9003,centralized-tree-gp,0.0,0.25,0.3333333333333333,0.0003743632164456197,0.0955160639030636,0.0,1.0,0.863460477999979,0,1583,"expr:add(cos(x2),square(x3));expr:add(cos(x3),x1);expr:square(add(x1,x1));x1^3",-0.8117 + 0.2505*(cos(x2)+(x3)^2) + 0.8949*(cos(x3)+x1) + 1.017*((x1)^2*x1) + 0.2486*((x1+x1))^2,generation budget reached
poly3,spurious,0.03,300,4,9003,federated-tree-gp-style,0.0,0.25,0.3333333333333333,0.0003743632164456186,0.09551606390306361,0.0,1.0,1.0752684309999267,630144,1583,"expr:add(cos(x2),square(x3));expr:add(cos(x3),x1);expr:square(add(x1,x1));x1^3",-0.8117 + 0.2505*(cos(x2)+(x3)^2) + 0.8949*(cos(x3)+x1) + 1.017*((x1)^2*x1) + 0.2486*((x1+x1))^2,generation budget reached
poly3,spurious,0.03,300,4,9003,centralized-residual-counterexample-gp,0.0,0.25,0.3333333333333333,0.0003743632164456197,0.0955160639030636,0.0,1.0,0.8923961489999783,0,1605,"expr:add(cos(x2),square(x3));expr:add(cos(x3),x1);expr:square(add(x1,x1));x1^3",-0.8117 + 0.2505*(cos(x2)+(x3)^2) + 0.8949*(cos(x3)+x1) + 1.017*((x1)^2*x1) + 0.2486*((x1+x1))^2,generation budget reached
poly3,spurious,0.03,300,4,9004,fedfalsify-v05,1.0,1.0,1.0,3.4185448964961074e-06,0.05526285472097437,0.0,1.0,0.36231129999998757,267817,6,x1;x1^2;x1^3,-0.01402 + 0.984·x₁ + 1.004·x₁³ + 1.005·x₁²,target federated MSE reached; no replacement passed the federated certificate
poly3,spurious,0.03,300,4,9004,centralized-tree-gp,0.0,0.25,0.3333333333333333,0.0007788659420110701,0.15338475278156752,0.0,1.0,0.888316465999992,0,1613,"expr:add(cos(x3),square(x1));expr:add(sin(x1),x1);expr:square(add(sin(x2),square(x3)));x1^3",-0.5842 + 0.9744*(cos(x3)+(x1)^2) + 0.5152*(sin(x1)+x1) + 1.055*((x1)^2*x1) + 0.05179*((sin(x2)+(x3)^2))^2,generation budget reached
poly3,spurious,0.03,300,4,9004,federated-tree-gp-style,0.0,0.25,0.3333333333333333,0.0007788659420110698,0.15338475278156752,0.0,1.0,1.1444268679999823,641472,1613,"expr:add(cos(x3),square(x1));expr:add(sin(x1),x1);expr:square(add(sin(x2),square(x3)));x1^3",-0.5842 + 0.9744*(cos(x3)+(x1)^2) + 0.5152*(sin(x1)+x1) + 1.055*((x1)^2*x1) + 0.05179*((sin(x2)+(x3)^2))^2,generation budget reached
poly3,spurious,0.03,300,4,9004,centralized-residual-counterexample-gp,0.0,0.6666666666666666,0.6666666666666666,3.418544897520006e-06,0.05526285472097434,0.0,1.0,0.8617285479999737,0,1564,"expr:square(add(x1,x1));x1;x1^3",-0.01402 + 1.004*((x1)^2*x1) + 0.2513*((x1+x1))^2 + 0.984*x1,generation budget reached
poly3,spurious,0.03,300,4,9005,fedfalsify-v05,1.0,1.0,1.0,2.457259029725394e-07,0.05005109965444692,0.0,1.0,0.7945901879999155,837557,6,x1;x1^2;x1^3,0.003993 + 0.9923·x₁ + 1.001·x₁³ + 0.9989·x₁²,no sufficiently supported counterexample repair; no replacement passed the federated certificate
poly3,spurious,0.03,300,4,9005,centralized-tree-gp,0.0,0.5,0.6666666666666666,3.14409251638544e-05,0.051856950676324245,0.0,1.0,0.9130726949999826,0,1614,"expr:add(sin(x1),sin(x2));expr:add(sin(x2),square(x1));x1;x1^3",0.0007068 - 1.006*(sin(x1)+sin(x2)) + 1.002*(sin(x2)+(x1)^2) + 0.8921*((x1)^2*x1) + 1.915*x1,generation budget reached
poly3,spurious,0.03,300,4,9005,federated-tree-gp-style,0.0,0.5,0.6666666666666666,3.144092516385301e-05,0.051856950676324266,0.0,1.0,1.2533644500000491,665600,1614,"expr:add(sin(x1),sin(x2));expr:add(sin(x2),square(x1));x1;x1^3",0.0007068 - 1.006*(sin(x1)+sin(x2)) + 1.002*(sin(x2)+(x1)^2) + 0.8921*((x1)^2*x1) + 1.915*x1,generation budget reached
poly3,spurious,0.03,300,4,9005,centralized-residual-counterexample-gp,0.0,0.5,0.3333333333333333,1.7467652263662632e-07,0.05006805961990383,0.0,1.0,1.4400129910000032,0,1610,"expr:add(square(x1),x1);x1^3",0.005105 + 0.9984*((x1)^2+x1) + 1*((x1)^2*x1),generation budget reached
poly3,spurious,0.1,300,4,9001,fedfalsify-v05,0.0,0.3333333333333333,0.3333333333333333,0.004247197887381388,0.8129814060260492,0.0,1.0,1.1188871499999777,888088,5,cos(x1);sin(x1);x1^3,2.96 + 0.986·sin(x₁) - 3.284·cos(x₁) + 1.14·x₁³,target federated MSE reached; no replacement passed the federated certificate
poly3,spurious,0.1,300,4,9001,centralized-tree-gp,0.0,0.5,0.6666666666666666,4.794395148981226e-05,0.6427842219976053,0.0,1.0,1.316518618000032,0,1565,"expr:add(sin(x1),sin(x1));expr:mul(cos(x1),x1);x1^2;x1^3",-0.0001816 + 0.5514*(sin(x1)+sin(x1)) - 0.112*(cos(x1)*x1) + 1.105*((x1)^2*x1) + 0.9937*(x1*x1),generation budget reached
poly3,spurious,0.1,300,4,9001,federated-tree-gp-style,0.0,0.5,0.6666666666666666,4.79439514898165e-05,0.6427842219976052,0.0,1.0,1.3976764590000812,600704,1565,"expr:add(sin(x1),sin(x1));expr:mul(cos(x1),x1);x1^2;x1^3",-0.0001816 + 0.5514*(sin(x1)+sin(x1)) - 0.112*(cos(x1)*x1) + 1.105*((x1)^2*x1) + 0.9937*(x1*x1),generation budget reached
poly3,spurious,0.1,300,4,9001,centralized-residual-counterexample-gp,0.0,0.3333333333333333,0.3333333333333333,0.0016793791792379742,0.8689306627806186,0.0,1.0,0.9871418840000388,0,1614,"expr:square(add(sin(x1),square(x1)));expr:square(mul(sin(x1),x1));x1^3",0.2078 + 1.122*((x1)^2*x1) + 0.1178*((sin(x1)+(x1)^2))^2 + 0.5582*((sin(x1)*x1))^2,generation budget reached
poly3,spurious,0.1,300,4,9002,fedfalsify-v05,1.0,1.0,1.0,0.00012764075382297948,0.561029105257889,0.0,1.0,1.3241789449999715,1483790,6,x1;x1^2;x1^3,-0.01384 + 1.023·x₁ + 0.9836·x₁³ + 1.009·x₁²,target federated MSE reached; no replacement passed the federated certificate
poly3,spurious,0.1,300,4,9002,centralized-tree-gp,1.0,1.0,1.0,0.00012764075382298598,0.5610291052578888,0.0,1.0,0.803997934999984,0,1551,x1;x1^2;x1^3,-0.01384 + 0.9836*((x1)^2*x1) + 1.009*(x1)^2 + 1.023*x1,generation budget reached
poly3,spurious,0.1,300,4,9002,federated-tree-gp-style,1.0,1.0,1.0,0.0001276407538229764,0.561029105257889,0.0,1.0,1.0228129030000446,594112,1551,x1;x1^2;x1^3,-0.01384 + 0.9836*((x1)^2*x1) + 1.009*(x1)^2 + 1.023*x1,generation budget reached
poly3,spurious,0.1,300,4,9002,centralized-residual-counterexample-gp,0.0,0.5,0.6666666666666666,0.00030153885113877677,0.558717080128783,1.0,1.0,0.9026605070000642,0,1581,"expr:add(cos(x4),x1);expr:square(add(sin(x4),x4));x1^2;x1^3",-1.087 + 1.043*(cos(x4)+x1) + 0.9761*((x1)^2*x1) + 0.1586*((sin(x4)+x4))^2 + 1.022*(x1)^2,generation budget reached
poly3,spurious,0.1,300,4,9003,fedfalsify-v05,0.0,0.3333333333333333,0.3333333333333333,0.005687151715069081,0.7799257413610718,0.0,1.0,0.5251489819999051,562435,5,cos(x1);sin(x1);x1^3,2.88 + 0.9444·sin(x₁) - 3.174·cos(x₁) + 1.15·x₁³,target federated MSE reached; no replacement passed the federated certificate
poly3,spurious,0.1,300,4,9003,centralized-tree-gp,0.0,0.25,0.3333333333333333,0.0011936630533858083,0.7081164872123672,1.0,1.0,0.841281530999936,0,1561,"expr:add(cos(x3),x1);expr:cos(mul(sin(x4),x3));expr:square(add(x1,x1));x1^3",0.2461 + 0.7065*(cos(x3)+x1) - 0.7157*cos((sin(x4)*x3)) + 1.055*((x1)^2*x1) + 0.2429*((x1+x1))^2,generation budget reached
poly3,spurious,0.1,300,4,9003,federated-tree-gp-style,0.0,0.25,0.3333333333333333,0.0011936630533858146,0.7081164872123672,1.0,1.0,1.0831183800000872,605568,1561,"expr:add(cos(x3),x1);expr:cos(mul(sin(x4),x3));expr:square(add(x1,x1));x1^3",0.2461 + 0.7065*(cos(x3)+x1) - 0.7157*cos((sin(x4)*x3)) + 1.055*((x1)^2*x1) + 0.2429*((x1+x1))^2,generation budget reached
poly3,spurious,0.1,300,4,9003,centralized-residual-counterexample-gp,0.0,0.6666666666666666,0.6666666666666666,3.374640125225002e-05,0.6309251281860251,0.0,1.0,0.8398815259999992,0,1542,"expr:square(add(x1,x1));x1;x1^3",0.017 + 1.005*((x1)^2*x1) + 0.2456*((x1+x1))^2 + 0.9533*x1,generation budget reached
poly3,spurious,0.1,300,4,9004,fedfalsify-v05,0.0,0.6666666666666666,0.6666666666666666,0.00010614260456820481,0.616385573569364,0.0,1.0,1.1284519980000596,1243743,6,sin(x1);x1^2;x1^3,-0.04273 + 1.03·sin(x₁) + 1.124·x₁³ + 1.014·x₁²,target federated MSE reached; no replacement passed the federated certificate
poly3,spurious,0.1,300,4,9004,centralized-tree-gp,0.0,0.5,0.6666666666666666,0.0011763917060919299,0.6414249214871138,0.0,1.0,1.3254660420000164,0,1588,"cos(x1);expr:sin(add(cos(x1),x1));x1;x1^3",2.435 - 3.713*cos(x1) + 1.189*((x1)^2*x1) + 1.585*sin((cos(x1)+x1)) - 0.4208*x1,generation budget reached
poly3,spurious,0.1,300,4,9004,federated-tree-gp-style,0.0,0.5,0.6666666666666666,0.0011763917060919281,0.6414249214871138,0.0,1.0,1.7966423359999908,621312,1588,"cos(x1);expr:sin(add(cos(x1),x1));x1;x1^3",2.435 - 3.713*cos(x1) + 1.189*((x1)^2*x1) + 1.585*sin((cos(x1)+x1)) - 0.4208*x1,generation budget reached
poly3,spurious,0.1,300,4,9004,centralized-residual-counterexample-gp,0.0,0.6666666666666666,0.6666666666666666,3.798383217822243e-05,0.6140317191219374,0.0,1.0,1.44950549400005,0,1614,"expr:square(add(x1,x1));x1;x1^3",-0.04674 + 1.013*((x1)^2*x1) + 0.2544*((x1+x1))^2 + 0.9466*x1,generation budget reached
poly3,spurious,0.1,300,4,9005,fedfalsify-v05,0.0,0.6666666666666666,0.6666666666666666,0.004271614117874288,0.7352884546574453,0.0,1.0,0.780905455999914,887910,5,cos(x1);x1;x1^3,2.928 + 0.9151·x₁ - 3.211·cos(x₁) + 1.029·x₁³,target federated MSE reached; no replacement passed the federated certificate
poly3,spurious,0.1,300,4,9005,centralized-tree-gp,0.0,0.25,0.3333333333333333,7.789773251386676e-05,0.5571435161197822,1.0,1.0,0.9765780260000838,0,1618,"expr:add(cos(x4),sin(x2));expr:add(cos(x4),square(x1));expr:add(sin(x1),sin(x2));x1^3",0.04727 - 1.04*(cos(x4)+sin(x2)) + 0.9911*(cos(x4)+(x1)^2) + 1.032*(sin(x1)+sin(x2)) + 1.122*((x1)^2*x1),generation budget reached
poly3,spurious,0.1,300,4,9005,federated-tree-gp-style,0.0,0.25,0.3333333333333333,7.789773251389023e-05,0.5571435161197822,1.0,1.0,1.2462816040000462,668480,1618,"expr:add(cos(x4),sin(x2));expr:add(cos(x4),square(x1));expr:add(sin(x1),sin(x2));x1^3",0.04727 - 1.04*(cos(x4)+sin(x2)) + 0.9911*(cos(x4)+(x1)^2) + 1.032*(sin(x1)+sin(x2)) + 1.122*((x1)^2*x1),generation budget reached
poly3,spurious,0.1,300,4,9005,centralized-residual-counterexample-gp,0.0,0.5,0.3333333333333333,1.940850249086966e-06,0.5563117735544874,0.0,1.0,1.0293407599999682,0,1620,"expr:add(square(x1),x1);x1^3",0.01702 + 0.9946*((x1)^2+x1) + 1*((x1)^2*x1),generation budget reached
poly3,exception,0.03,300,4,9001,fedfalsify-v05,1.0,1.0,1.0,3.0483230215181466e-06,0.05212999407151376,0.0,1.0,0.47622743400006584,307884,7,I(x3>1)*x3^2;x1;x1^2;x1^3,-0.01827 + 0.9908·x₁ + 0.7529·𝟙[x₃>1]·x₃² + 1.002·x₁³ + 1.007·x₁²,target federated MSE reached; no replacement passed the federated certificate
poly3,exception,0.03,300,4,9001,centralized-tree-gp,0.0,0.25,0.25,0.006653596789042404,0.650549099309224,1.0,0.0,0.9273167139999714,0,1607,"expr:add(sin(x1),square(x1));expr:add(x3,x4);expr:square(add(sin(x1),x3));x1^3",0.1579 + 1.002*(sin(x1)+(x1)^2) + 0.421*(x3+x4) + 1.162*((x1)^2*x1) + 0.1754*((sin(x1)+x3))^2,generation budget reached
poly3,exception,0.03,300,4,9001,federated-tree-gp-style,0.0,0.25,0.25,0.006653596789042385,0.6505490993092239,1.0,0.0,1.163247554999998,654016,1607,"expr:add(sin(x1),square(x1));expr:add(x3,x4);expr:square(add(sin(x1),x3));x1^3",0.1579 + 1.002*(sin(x1)+(x1)^2) + 0.421*(x3+x4) + 1.162*((x1)^2*x1) + 0.1754*((sin(x1)+x3))^2,generation budget reached
poly3,exception,0.03,300,4,9001,centralized-residual-counterexample-gp,0.0,0.5,0.5,0.0021744554258442067,0.2880081019686229,0.0,0.0,0.9316650230000505,0,1612,"expr:add(square(x1),x3);expr:add(square(x3),x1);x1;x1^3",0.08641 + 0.8967*((x1)^2+x3) + 0.4088*((x3)^2+x1) + 0.9926*((x1)^2*x1) + 0.5609*x1,generation budget reached
poly3,exception,0.03,300,4,9002,fedfalsify-v05,1.0,1.0,1.0,5.357380583244134e-07,0.0677155376246431,0.0,1.0,0.4010045939999145,277260,6,I(x3>1)*x3^2;x1;x1^2;x1^3,0.01057 + 0.9998·x₁ + 0.7473·𝟙[x₃>1]·x₃² + 0.9989·x₁² + 0.9995·x₁³,target federated MSE reached; no replacement passed the federated certificate
poly3,exception,0.03,300,4,9002,centralized-tree-gp,0.0,0.25,0.25,0.001200901867250068,0.21309318292751656,0.0,0.0,0.892320543999972,0,1553,"expr:add(sin(x1),square(x1));expr:add(x1,x3);expr:square(add(sin(x3),square(x3)));x1^3",0.1431 + 0.9903*(sin(x1)+(x1)^2) + 0.3421*(x1+x3) + 1.069*((x1)^2*x1) + 0.07618*((sin(x3)+(x3)^2))^2,generation budget reached
poly3,exception,0.03,300,4,9002,federated-tree-gp-style,0.0,0.25,0.25,0.001200901867250041,0.21309318292751656,0.0,0.0,1.1018025229999466,599040,1553,"expr:add(sin(x1),square(x1));expr:add(x1,x3);expr:square(add(sin(x3),square(x3)));x1^3",0.1431 + 0.9903*(sin(x1)+(x1)^2) + 0.3421*(x1+x3) + 1.069*((x1)^2*x1) + 0.07618*((sin(x3)+(x3)^2))^2,generation budget reached
poly3,exception,0.03,300,4,9002,centralized-residual-counterexample-gp,0.0,0.25,0.25,0.0014314064084692403,0.24593042513493146,0.0,0.0,1.4390766349999922,0,1595,"expr:add(sin(x1),square(x1));expr:square(add(sin(x3),square(x3)));expr:square(mul(cos(x3),x3));x1^3",-0.03746 + 0.9879*(sin(x1)+(x1)^2) + 1.128*((x1)^2*x1) + 0.162*((sin(x3)+(x3)^2))^2 - 1.021*((cos(x3)*x3))^2,generation budget reached
poly3,exception,0.03,300,4,9003,fedfalsify-v05,1.0,1.0,1.0,3.2546364108907473e-06,0.06132375667371109,0.0,1.0,0.5833386920000976,277115,6,I(x3>1)*x3^2;x1;x1^2;x1^3,0.003733 + 0.9968·x₁ + 0.7434·𝟙[x₃>1]·x₃² + 1.004·x₁² + 1.002·x₁³,target federated MSE reached; no replacement passed the federated certificate
poly3,exception,0.03,300,4,9003,centralized-tree-gp,0.0,0.5,0.5,0.01435526426042135,1.0635799101375498,0.0,0.0,1.4029522099999667,0,1630,"expr:add(cos(x1),x1);expr:add(sin(x1),sin(x3));x1;x1^3",3.687 - 3.358*(cos(x1)+x1) + 0.9527*(sin(x1)+sin(x3)) + 1.181*((x1)^2*x1) + 3.428*x1,generation budget reached
poly3,exception,0.03,300,4,9003,federated-tree-gp-style,0.0,0.5,0.5,0.014355264260421413,1.0635799101375496,0.0,0.0,1.6615089969999417,678016,1630,"expr:add(cos(x1),x1);expr:add(sin(x1),sin(x3));x1;x1^3",3.687 - 3.358*(cos(x1)+x1) + 0.9527*(sin(x1)+sin(x3)) + 1.181*((x1)^2*x1) + 3.428*x1,generation budget reached
poly3,exception,0.03,300,4,9003,centralized-residual-counterexample-gp,0.0,0.5,0.5,0.011000663872553286,0.8282813066288335,0.0,0.0,0.943356154000071,0,1597,"expr:add(cos(x1),x1);x1;x1^3;x3",3.666 - 3.301*(cos(x1)+x1) + 1.068*((x1)^2*x1) + 4.233*x1 + 0.639*x3,generation budget reached
poly3,exception,0.03,300,4,9004,fedfalsify-v05,1.0,1.0,1.0,6.238304535659394e-06,0.06967465164978122,0.0,1.0,0.4673654439999382,308114,7,I(x3>1)*x3^2;x1;x1^2;x1^3,-0.02432 + 1.005·x₁ + 0.7464·𝟙[x₃>1]·x₃² + 0.9999·x₁³ + 1.01·x₁²,target federated MSE reached; no replacement passed the federated certificate
poly3,exception,0.03,300,4,9004,centralized-tree-gp,0.0,0.5,0.5,0.0023635893838577005,0.32748443440249986,1.0,0.0,0.8417882160000545,0,1595,"expr:add(square(x1),x3);expr:sin(add(cos(x4),x3));x1;x1^3",0.7539 + 1.045*((x1)^2+x3) + 1.028*((x1)^2*x1) - 1.181*sin((cos(x4)+x3)) + 0.9392*x1,generation budget reached
poly3,exception,0.03,300,4,9004,federated-tree-gp-style,0.0,0.5,0.5,0.002363589383857675,0.32748443440249997,1.0,0.0,1.1055998029999046,639488,1595,"expr:add(square(x1),x3);expr:sin(add(cos(x4),x3));x1;x1^3",0.7539 + 1.045*((x1)^2+x3) + 1.028*((x1)^2*x1) - 1.181*sin((cos(x4)+x3)) + 0.9392*x1,generation budget reached
poly3,exception,0.03,300,4,9004,centralized-residual-counterexample-gp,0.0,0.5,0.5,0.0028256927251684143,0.43486789215286514,0.0,0.0,0.8809330770000088,0,1603,"expr:add(cos(x1),square(x3));expr:add(square(x1),x3);x1;x1^3",-0.1053 + 0.3763*(cos(x1)+(x3)^2) + 0.9784*((x1)^2+x3) + 0.994*((x1)^2*x1) + 0.9661*x1,generation budget reached
poly3,exception,0.03,300,4,9005,fedfalsify-v05,1.0,1.0,1.0,1.7788311982796063e-06,0.052244119426068984,0.0,1.0,0.46551197499991304,307937,7,I(x3>1)*x3^2;x1;x1^2;x1^3,-0.005087 + 0.9941·x₁ + 0.7531·𝟙[x₃>1]·x₃² + 1.002·x₁³ + 1.001·x₁²,target federated MSE reached; no replacement passed the federated certificate
poly3,exception,0.03,300,4,9005,centralized-tree-gp,0.0,0.25,0.25,0.021978525078102166,1.0083642430151096,1.0,0.0,0.9090178180000521,0,1623,"expr:add(sin(x4),square(x1));expr:square(add(cos(x1),x3));expr:square(add(cos(x4),x1));x1^3",-0.3235 + 0.5438*(sin(x4)+(x1)^2) + 1.178*((x1)^2*x1) + 0.3423*((cos(x1)+x3))^2 + 0.4058*((cos(x4)+x1))^2,generation budget reached
poly3,exception,0.03,300,4,9005,federated-tree-gp-style,0.0,0.25,0.25,0.021978525078102138,1.0083642430151096,1.0,0.0,1.2039452970000184,675712,1623,"expr:add(sin(x4),square(x1));expr:square(add(cos(x1),x3));expr:square(add(cos(x4),x1));x1^3",-0.3235 + 0.5438*(sin(x4)+(x1)^2) + 1.178*((x1)^2*x1) + 0.3423*((cos(x1)+x3))^2 + 0.4058*((cos(x4)+x1))^2,generation budget reached
poly3,exception,0.03,300,4,9005,centralized-residual-counterexample-gp,0.0,0.3333333333333333,0.25,0.025930864156236712,1.021150653831165,0.0,0.0,0.9555860369999891,0,1612,"expr:add(cos(x1),square(x1));expr:square(add(cos(x1),x3));x1^3",-1.441 + 1.418*(cos(x1)+(x1)^2) + 1.281*((x1)^2*x1) + 0.3442*((cos(x1)+x3))^2,generation budget reached
poly3,exception,0.1,300,4,9001,fedfalsify-v05,1.0,1.0,1.0,3.387025579722633e-05,0.5792221563501527,0.0,1.0,0.8844772270000476,920683,6,I(x3>1)*x3^2;x1;x1^2;x1^3,-0.06091 + 0.9695·x₁ + 0.7597·𝟙[x₃>1]·x₃² + 1.022·x₁² + 1.007·x₁³,target federated MSE reached; no replacement passed the federated certificate
poly3,exception,0.1,300,4,9001,centralized-tree-gp,0.0,0.5,0.5,0.01199172809890968,1.705290474191693,0.0,0.0,0.9067087240000546,0,1611,"expr:square(add(sin(x1),square(x3)));expr:square(add(sin(x3),square(x1)));x1;x1^3",0.7854 + 0.9992*((x1)^2*x1) + 0.07095*((sin(x1)+(x3)^2))^2 + 0.144*((sin(x3)+(x1)^2))^2 + 0.8365*x1,generation budget reached
poly3,exception,0.1,300,4,9001,federated-tree-gp-style,0.0,0.5,0.5,0.011991728098909674,1.7052904741916932,0.0,0.0,1.7948537230000738,664000,1611,"expr:square(add(sin(x1),square(x3)));expr:square(add(sin(x3),square(x1)));x1;x1^3",0.7854 + 0.9992*((x1)^2*x1) + 0.07095*((sin(x1)+(x3)^2))^2 + 0.144*((sin(x3)+(x1)^2))^2 + 0.8365*x1,generation budget reached
poly3,exception,0.1,300,4,9001,centralized-residual-counterexample-gp,0.0,0.5,0.5,0.00894289132946489,1.5273115819644725,1.0,0.0,1.3713078389999964,0,1562,"expr:add(sin(x4),x3);expr:square(mul(x1,x3));x1^2;x1^3",0.56 + 0.5664*(sin(x4)+x3) + 1.206*((x1)^2*x1) + 0.8487*(x1*x1) + 0.09326*((x1*x3))^2,generation budget reached
poly3,exception,0.1,300,4,9002,fedfalsify-v05,1.0,1.0,1.0,5.952645094280833e-06,0.7523948624960348,0.0,1.0,1.4739637359999733,948604,6,I(x3>1)*x3^2;x1;x1^2;x1^3,0.03523 + 0.9995·x₁ + 0.741·𝟙[x₃>1]·x₃² + 0.9964·x₁² + 0.9984·x₁³,target federated MSE reached; no replacement passed the federated certificate
poly3,exception,0.1,300,4,9002,centralized-tree-gp,0.0,0.25,0.25,0.014100057086927492,1.4136499178636934,0.0,0.0,1.012429404000045,0,1586,"expr:add(sin(x1),square(x1));expr:cos(add(cos(x1),x3));expr:square(mul(cos(x3),x3));x1^3",0.7028 + 1.018*(sin(x1)+(x1)^2) - 1.01*cos((cos(x1)+x3)) + 1.198*((x1)^2*x1) + 0.3602*((cos(x3)*x3))^2,generation budget reached
poly3,exception,0.1,300,4,9002,federated-tree-gp-style,0.0,0.25,0.25,0.014100057086927176,1.4136499178636937,0.0,0.0,1.134744707999971,623680,1586,"expr:add(sin(x1),square(x1));expr:cos(add(cos(x1),x3));expr:square(mul(cos(x3),x3));x1^3",0.7028 + 1.018*(sin(x1)+(x1)^2) - 1.01*cos((cos(x1)+x3)) + 1.198*((x1)^2*x1) + 0.3602*((cos(x3)*x3))^2,generation budget reached
poly3,exception,0.1,300,4,9002,centralized-residual-counterexample-gp,0.0,0.3333333333333333,0.25,0.0017619099176293725,0.9463453485906882,0.0,0.0,0.968075505999991,0,1631,"expr:add(sin(x1),square(x1));expr:add(square(x3),x3);x1^3",-0.2431 + 0.9883*(sin(x1)+(x1)^2) + 0.4937*((x3)^2+x3) + 1.131*((x1)^2*x1),generation budget reached
poly3,exception,0.1,300,4,9003,fedfalsify-v05,1.0,1.0,1.0,3.616262678416223e-05,0.6813750741523457,0.0,1.0,0.9343829150000147,948041,6,I(x3>1)*x3^2;x1;x1^2;x1^3,0.01244 + 0.9893·x₁ + 0.728·𝟙[x₃>1]·x₃² + 1.014·x₁² + 1.005·x₁³,target federated MSE reached; no replacement passed the federated certificate
poly3,exception,0.1,300,4,9003,centralized-tree-gp,0.0,0.25,0.25,0.008482379673846142,1.4844794546639886,0.0,0.0,0.8897892829999137,0,1614,"expr:add(cos(x1),square(x1));expr:add(sin(x1),sin(x3));expr:square(add(square(x1),x1));x1^3",-1.297 + 1.99*(cos(x1)+(x1)^2) + 0.9647*(sin(x1)+sin(x3)) + 1.273*((x1)^2*x1) - 0.05138*(((x1)^2+x1))^2,generation budget reached
poly3,exception,0.1,300,4,9003,federated-tree-gp-style,0.0,0.25,0.25,0.008482379673846118,1.4844794546639888,0.0,0.0,1.1540890190000255,656896,1614,"expr:add(cos(x1),square(x1));expr:add(sin(x1),sin(x3));expr:square(add(square(x1),x1));x1^3",-1.297 + 1.99*(cos(x1)+(x1)^2) + 0.9647*(sin(x1)+sin(x3)) + 1.273*((x1)^2*x1) - 0.05138*(((x1)^2+x1))^2,generation budget reached
poly3,exception,0.1,300,4,9003,centralized-residual-counterexample-gp,0.0,0.25,0.25,0.0066005245068837225,1.3298478285363695,1.0,0.0,0.8956301719999828,0,1611,"expr:add(cos(x1),square(x1));expr:add(sin(x1),x3);expr:square(add(cos(x4),sin(x4)));x1^3",-0.4336 + 1.422*(cos(x1)+(x1)^2) + 0.6856*(sin(x1)+x3) + 1.167*((x1)^2*x1) - 0.1242*((cos(x4)+sin(x4)))^2,generation budget reached
poly3,exception,0.1,300,4,9004,fedfalsify-v05,0.0,0.75,0.75,9.245457668925012e-05,0.7757268333606281,0.0,1.0,0.9878996639999968,978838,7,I(x3>1)*x3^2;sin(x1);x1^2;x1^3,-0.07469 + 1.112·sin(x₁) + 0.7386·𝟙[x₃>1]·x₃² + 1.119·x₁³ + 1.029·x₁²,target federated MSE reached; no replacement passed the federated certificate
poly3,exception,0.1,300,4,9004,centralized-tree-gp,0.0,0.5,0.5,0.0024708710010082355,1.0281076552020545,1.0,0.0,0.8305205149999892,0,1599,"expr:add(square(x1),x3);expr:sin(add(cos(x4),x3));x1;x1^3",0.7101 + 1.062*((x1)^2+x3) + 1.028*((x1)^2*x1) - 1.236*sin((cos(x4)+x3)) + 0.9501*x1,generation budget reached
poly3,exception,0.1,300,4,9004,federated-tree-gp-style,0.0,0.5,0.5,0.002470871001008216,1.0281076552020547,1.0,0.0,1.193525181000041,630848,1599,"expr:add(square(x1),x3);expr:sin(add(cos(x4),x3));x1;x1^3",0.7101 + 1.062*((x1)^2+x3) + 1.028*((x1)^2*x1) - 1.236*sin((cos(x4)+x3)) + 0.9501*x1,generation budget reached
poly3,exception,0.1,300,4,9004,centralized-residual-counterexample-gp,0.0,0.5,0.5,0.0020566110577199667,1.0604246082380695,0.0,0.0,1.3285969410000007,0,1595,"expr:add(cos(x3),cos(x3));expr:add(square(x1),x3);x1;x1^3",1.21 - 0.6627*(cos(x3)+cos(x3)) + 0.9207*((x1)^2+x3) + 0.9951*((x1)^2*x1) + 0.9783*x1,generation budget reached
poly3,exception,0.1,300,4,9005,fedfalsify-v05,0.0,0.75,0.75,8.542693341990778e-05,0.5804552564454717,0.0,1.0,1.7888441860000057,1285917,7,I(x3>1)*x3^2;sin(x1);x1^2;x1^3,-0.01513 + 1.066·sin(x₁) + 0.762·𝟙[x₃>1]·x₃² + 1.124·x₁³ + 0.9994·x₁²,target federated MSE reached; no replacement passed the federated certificate
poly3,exception,0.1,300,4,9005,centralized-tree-gp,0.0,0.25,0.25,0.012639594260094573,1.5700178769628235,0.0,0.0,1.4301217069998984,0,1583,"expr:add(sin(x3),x1);expr:sin(add(cos(x1),x1));expr:square(add(square(x1),square(x3)));x1^3",1.269 + 1.224*(sin(x3)+x1) + 0.9784*((x1)^2*x1) - 0.5573*sin((cos(x1)+x1)) + 0.06798*(((x1)^2+(x3)^2))^2,generation budget reached
poly3,exception,0.1,300,4,9005,federated-tree-gp-style,0.0,0.25,0.25,0.012639594260094566,1.570017876962823,0.0,0.0,1.3623107920000166,626432,1583,"expr:add(sin(x3),x1);expr:sin(add(cos(x1),x1));expr:square(add(square(x1),square(x3)));x1^3",1.269 + 1.224*(sin(x3)+x1) + 0.9784*((x1)^2*x1) - 0.5573*sin((cos(x1)+x1)) + 0.06798*(((x1)^2+(x3)^2))^2,generation budget reached
poly3,exception,0.1,300,4,9005,centralized-residual-counterexample-gp,0.0,0.25,0.25,0.012639594260094573,1.5700178769628235,0.0,0.0,0.9282184749999942,0,1564,"expr:add(sin(x3),x1);expr:sin(add(cos(x1),x1));expr:square(add(square(x1),square(x3)));x1^3",1.269 + 1.224*(sin(x3)+x1) + 0.9784*((x1)^2*x1) - 0.5573*sin((cos(x1)+x1)) + 0.06798*(((x1)^2+(x3)^2))^2,generation budget reached
nested_sine,complementary,0.03,300,4,9001,fedfalsify-v05,1.0,1.0,1.0,5.024669695943603e-06,0.0007328553038999414,0.0,1.0,0.2550913100000116,210192,4,sin(x1);sin(x1+x1^2),0.0001214 + 0.9968·sin(x₁+x₁²) + 0.9992·sin(x₁),target federated MSE reached; no replacement passed the federated certificate
nested_sine,complementary,0.03,300,4,9001,centralized-tree-gp,1.0,1.0,1.0,5.024669695946054e-06,0.0007328553038999412,0.0,1.0,0.8890651629999411,0,1577,sin(x1);sin(x1+x1^2),0.0001214 + 0.9968*sin(((x1)^2+x1)) + 0.9992*sin(x1),generation budget reached
nested_sine,complementary,0.03,300,4,9001,federated-tree-gp-style,1.0,1.0,1.0,5.024669695943592e-06,0.0007328553038999414,0.0,1.0,1.108608204999996,601664,1577,sin(x1);sin(x1+x1^2),0.0001214 + 0.9968*sin(((x1)^2+x1)) + 0.9992*sin(x1),generation budget reached
nested_sine,complementary,0.03,300,4,9001,centralized-residual-counterexample-gp,0.0,0.5,0.5,5.024669686350073e-06,0.0007328553038999413,0.0,1.0,0.8368599570000015,0,1500,"expr:add(sin(x1),sin(x1));sin(x1+x1^2)",0.0001214 + 0.4996*(sin(x1)+sin(x1)) + 0.9968*sin(((x1)^2+x1)),generation budget reached
nested_sine,complementary,0.03,300,4,9002,fedfalsify-v05,1.0,1.0,1.0,2.4487463342501366e-06,0.0007403415296158776,0.0,1.0,0.261361308000005,210402,4,sin(x1);sin(x1+x1^2),0.001028 + 0.9994·sin(x₁) + 0.9982·sin(x₁+x₁²),target federated MSE reached; no replacement passed the federated certificate
nested_sine,complementary,0.03,300,4,9002,centralized-tree-gp,0.0,0.0,0.0,0.2887884677943384,0.13060050058043274,0.0,1.0,0.8974141800000552,0,1557,"expr:add(x1,x1);expr:sin(add(sin(x1),sin(x1)))",0.2605 - 0.1637*(x1+x1) + 1.357*sin((sin(x1)+sin(x1))) - 0.000996*(((x1)^2*x1))^2,generation budget reached
nested_sine,complementary,0.03,300,4,9002,federated-tree-gp-style,0.0,0.0,0.0,0.28878846779433726,0.13060050058043277,0.0,1.0,1.1436707340000112,588544,1557,"expr:add(x1,x1);expr:sin(add(sin(x1),sin(x1)))",0.2605 - 0.1637*(x1+x1) + 1.357*sin((sin(x1)+sin(x1))) - 0.000996*(((x1)^2*x1))^2,generation budget reached
nested_sine,complementary,0.03,300,4,9002,centralized-residual-counterexample-gp,0.0,0.0,0.0,0.230364938741468,0.10007580211500378,0.0,1.0,0.8686776870000585,0,1518,"expr:add(x1,x1);expr:sin(add(cos(x1),x1));expr:sin(add(sin(x1),x1));expr:square(mul(square(x1),x1))",0.45 + 0.1395*(x1+x1) - 0.4479*sin((cos(x1)+x1)) + 1.19*sin((sin(x1)+x1)) - 0.001781*(((x1)^2*x1))^2,generation budget reached
nested_sine,complementary,0.03,300,4,9003,fedfalsify-v05,1.0,1.0,1.0,6.243848844247852e-07,0.0007336330881436052,0.0,1.0,0.247762951000027,210270,4,sin(x1);sin(x1+x1^2),0.000475 + 1.001·sin(x₁+x₁²) + 0.9999·sin(x₁),target federated MSE reached; no replacement passed the federated certificate
nested_sine,complementary,0.03,300,4,9003,centralized-tree-gp,0.0,0.3333333333333333,0.5,1.9554292822078162e-06,0.0007333188866345909,0.0,1.0,0.8777803289999611,0,1562,"expr:add(sin(x1),x1);sin(x1+x1^2);x1",0.0003718 + 0.9983*(sin(x1)+x1) + 1.001*sin(((x1)^2+x1)) - 0.9973*x1,generation budget reached
nested_sine,complementary,0.03,300,4,9003,federated-tree-gp-style,0.0,0.3333333333333333,0.5,1.955429282232101e-06,0.000733318886634591,0.0,1.0,1.32507896300001,602880,1562,"expr:add(sin(x1),x1);sin(x1+x1^2);x1",0.0003718 + 0.9983*(sin(x1)+x1) + 1.001*sin(((x1)^2+x1)) - 0.9973*x1,generation budget reached
nested_sine,complementary,0.03,300,4,9003,centralized-residual-counterexample-gp,1.0,1.0,1.0,6.243848844247943e-07,0.0007336330881436051,0.0,1.0,1.4155494230000158,0,1523,sin(x1);sin(x1+x1^2),0.000475 + 1.001*sin(((x1)^2+x1)) + 0.9999*sin(x1),generation budget reached
nested_sine,complementary,0.03,300,4,9004,fedfalsify-v05,1.0,1.0,1.0,2.0167246772522673e-06,0.0007837372143978069,0.0,1.0,0.37429666299999553,210380,4,sin(x1);sin(x1+x1^2),-0.001088 + 1.001·sin(x₁) + 1.001·sin(x₁+x₁²),target federated MSE reached; no replacement passed the federated certificate
nested_sine,complementary,0.03,300,4,9004,centralized-tree-gp,0.0,0.0,0.0,0.1651496812637764,0.08900135571249154,0.0,1.0,1.403142330000037,0,1553,"expr:sin(add(sin(x1),sin(x1)));expr:sin(add(sin(x1),x1));expr:square(add(cos(x1),sin(x1)));expr:square(add(cos(x1),square(x1)))",-5.261 + 7.418*sin((sin(x1)+sin(x1))) - 11.71*sin((sin(x1)+x1)) + 5.565*((cos(x1)+sin(x1)))^2 - 0.01668*((cos(x1)+(x1)^2))^2,generation budget reached
nested_sine,complementary,0.03,300,4,9004,federated-tree-gp-style,0.0,0.0,0.0,0.165149681263723,0.08900135571249153,0.0,1.0,1.5859675830000697,585792,1553,"expr:sin(add(sin(x1),sin(x1)));expr:sin(add(sin(x1),x1));expr:square(add(cos(x1),sin(x1)));expr:square(add(cos(x1),square(x1)))",-5.261 + 7.418*sin((sin(x1)+sin(x1))) - 11.71*sin((sin(x1)+x1)) + 5.565*((cos(x1)+sin(x1)))^2 - 0.01668*((cos(x1)+(x1)^2))^2,generation budget reached
nested_sine,complementary,0.03,300,4,9004,centralized-residual-counterexample-gp,0.0,0.0,0.0,0.25542258241480886,0.11738010073806332,0.0,1.0,0.8864117759999317,0,1503,"expr:sin(add(sin(x1),sin(x1)));expr:sin(add(sin(x1),x1));expr:square(add(cos(x1),sin(x1)))",-4.961 + 6.883*sin((sin(x1)+sin(x1))) - 10.78*sin((sin(x1)+x1)) + 5.151*((cos(x1)+sin(x1)))^2,generation budget reached
nested_sine,complementary,0.03,300,4,9005,fedfalsify-v05,1.0,1.0,1.0,1.32983722176593e-06,0.0007360699978655387,0.0,1.0,0.2580435329999773,210377,4,sin(x1);sin(x1+x1^2),-0.0004631 + 1.002·sin(x₁+x₁²) + 1·sin(x₁),target federated MSE reached; no replacement passed the federated certificate
nested_sine,complementary,0.03,300,4,9005,centralized-tree-gp,0.0,0.3333333333333333,0.5,0.273410650838745,0.11598246558390779,0.0,1.0,0.8719068749999224,0,1511,"expr:add(sin(x1),x1);expr:sin(add(sin(x1),sin(x1)));sin(x1)",0.2085 - 0.202*(sin(x1)+x1) + 2.343*sin((sin(x1)+sin(x1))) - 1.158*sin(x1),generation budget reached
nested_sine,complementary,0.03,300,4,9005,federated-tree-gp-style,0.0,0.3333333333333333,0.5,0.27341065083874583,0.11598246558390779,0.0,1.0,1.0618080670000154,550848,1511,"expr:add(sin(x1),x1);expr:sin(add(sin(x1),sin(x1)));sin(x1)",0.2085 - 0.202*(sin(x1)+x1) + 2.343*sin((sin(x1)+sin(x1))) - 1.158*sin(x1),generation budget reached
nested_sine,complementary,0.03,300,4,9005,centralized-residual-counterexample-gp,0.0,0.0,0.0,0.27341065082961163,0.11598246558390779,0.0,1.0,0.8446452590000035,0,1471,"expr:add(sin(x1),sin(x1));expr:add(sin(x1),x1);expr:sin(add(sin(x1),sin(x1)))",0.2085 - 0.5791*(sin(x1)+sin(x1)) - 0.202*(sin(x1)+x1) + 2.343*sin((sin(x1)+sin(x1))),generation budget reached
nested_sine,complementary,0.1,300,4,9001,fedfalsify-v05,1.0,1.0,1.0,5.5829662564678934e-05,0.00814283670999935,0.0,1.0,0.2657584639999868,209695,4,sin(x1);sin(x1+x1^2),0.0004047 + 0.9895·sin(x₁+x₁²) + 0.9975·sin(x₁),target federated MSE reached; no replacement passed the federated certificate
nested_sine,complementary,0.1,300,4,9001,centralized-tree-gp,1.0,1.0,1.0,5.5829662564674366e-05,0.00814283670999935,0.0,1.0,0.7996920330000421,0,1462,sin(x1);sin(x1+x1^2),0.0004047 + 0.9895*sin(((x1)^2+x1)) + 0.9975*sin(x1),generation budget reached
nested_sine,complementary,0.1,300,4,9001,federated-tree-gp-style,1.0,1.0,1.0,5.582966256467855e-05,0.00814283670999935,0.0,1.0,0.969834958999968,488704,1462,sin(x1);sin(x1+x1^2),0.0004047 + 0.9895*sin(((x1)^2+x1)) + 0.9975*sin(x1),generation budget reached
nested_sine,complementary,0.1,300,4,9001,centralized-residual-counterexample-gp,1.0,1.0,1.0,5.5829662564674366e-05,0.00814283670999935,0.0,1.0,0.793397830999993,0,1473,sin(x1);sin(x1+x1^2),0.0004047 + 0.9895*sin(((x1)^2+x1)) + 0.9975*sin(x1),generation budget reached
nested_sine,complementary,0.1,300,4,9002,fedfalsify-v05,1.0,1.0,1.0,2.7208292113788912e-05,0.008226016995731973,0.0,1.0,0.2659651550000035,209782,4,sin(x1);sin(x1+x1^2),0.003428 + 0.998·sin(x₁) + 0.9941·sin(x₁+x₁²),target federated MSE reached; no replacement passed the federated certificate
nested_sine,complementary,0.1,300,4,9002,centralized-tree-gp,0.0,0.25,0.5,0.176420747580426,0.10972410145691171,0.0,1.0,0.822220944000037,0,1532,"expr:sin(add(sin(x1),sin(x1)));expr:sin(add(sin(x1),x1));expr:square(add(sin(x1),square(x1)));sin(x1)",0.2766 + 1.499*sin((sin(x1)+sin(x1))) + 0.4992*sin((sin(x1)+x1)) - 1.101*sin(x1) - 0.01019*((sin(x1)+(x1)^2))^2,generation budget reached
nested_sine,complementary,0.1,300,4,9002,federated-tree-gp-style,0.0,0.25,0.5,0.17642074758042656,0.10972410145691171,0.0,1.0,1.0697395549999555,562688,1532,"expr:sin(add(sin(x1),sin(x1)));expr:sin(add(sin(x1),x1));expr:square(add(sin(x1),square(x1)));sin(x1)",0.2766 + 1.499*sin((sin(x1)+sin(x1))) + 0.4992*sin((sin(x1)+x1)) - 1.101*sin(x1) - 0.01019*((sin(x1)+(x1)^2))^2,generation budget reached
nested_sine,complementary,0.1,300,4,9002,centralized-residual-counterexample-gp,0.0,0.0,0.0,0.4649038736121079,0.17057026402492279,0.0,1.0,0.9329206740000018,0,1463,"expr:sin(add(sin(x1),x1))",0.2087 + 1.159*sin((sin(x1)+x1)),generation budget reached
nested_sine,complementary,0.1,300,4,9003,fedfalsify-v05,1.0,1.0,1.0,6.937609941230789e-06,0.00815147875715117,0.0,1.0,0.3507752120000305,209656,4,sin(x1);sin(x1+x1^2),0.001583 + 1.003·sin(x₁+x₁²) + 0.9998·sin(x₁),target federated MSE reached; no replacement passed the federated certificate
nested_sine,complementary,0.1,300,4,9003,centralized-tree-gp,0.0,0.3333333333333333,0.5,0.2849836078048206,0.12715372327916802,0.0,1.0,1.3567117449999841,0,1526,"expr:mul(cos(x1),x1);expr:sin(add(sin(x1),sin(x1)));sin(x1)",0.217 + 0.2231*(cos(x1)*x1) + 2.244*sin((sin(x1)+sin(x1))) - 1.584*sin(x1),generation budget reached
nested_sine,complementary,0.1,300,4,9003,federated-tree-gp-style,0.0,0.3333333333333333,0.5,0.28498360780482224,0.12715372327916802,0.0,1.0,1.7082995449999316,562752,1526,"expr:mul(cos(x1),x1);expr:sin(add(sin(x1),sin(x1)));sin(x1)",0.217 + 0.2231*(cos(x1)*x1) + 2.244*sin((sin(x1)+sin(x1))) - 1.584*sin(x1),generation budget reached
nested_sine,complementary,0.1,300,4,9003,centralized-residual-counterexample-gp,0.0,0.3333333333333333,0.5,0.2849836078048206,0.12715372327916802,0.0,1.0,1.1664477880000277,0,1525,"expr:mul(cos(x1),x1);expr:sin(add(sin(x1),sin(x1)));sin(x1)",0.217 + 0.2231*(cos(x1)*x1) + 2.244*sin((sin(x1)+sin(x1))) - 1.584*sin(x1),generation budget reached
nested_sine,complementary,0.1,300,4,9004,fedfalsify-v05,1.0,1.0,1.0,2.2408052339600305e-05,0.008708191271086747,0.0,1.0,0.2456626769999275,209732,4,sin(x1);sin(x1+x1^2),-0.003626 + 1.004·sin(x₁+x₁²) + 1.003·sin(x₁),target federated MSE reached; no replacement passed the federated certificate
nested_sine,complementary,0.1,300,4,9004,centralized-tree-gp,0.0,0.25,0.5,0.19379526437735128,0.10581200340194506,0.0,1.0,0.8587920269999358,0,1547,"expr:cos(mul(cos(x1),square(x1)));expr:sin(add(sin(x1),x1));expr:square(add(cos(x1),x1));sin(x1)",1.002 - 0.5528*cos((cos(x1)*(x1)^2)) + 1.648*sin((sin(x1)+x1)) - 0.355*sin(x1) - 0.1852*((cos(x1)+x1))^2,generation budget reached
nested_sine,complementary,0.1,300,4,9004,federated-tree-gp-style,0.0,0.25,0.5,0.1937952643773511,0.10581200340194506,0.0,1.0,1.1100167649999548,580672,1547,"expr:cos(mul(cos(x1),square(x1)));expr:sin(add(sin(x1),x1));expr:square(add(cos(x1),x1));sin(x1)",1.002 - 0.5528*cos((cos(x1)*(x1)^2)) + 1.648*sin((sin(x1)+x1)) - 0.355*sin(x1) - 0.1852*((cos(x1)+x1))^2,generation budget reached
nested_sine,complementary,0.1,300,4,9004,centralized-residual-counterexample-gp,0.0,0.3333333333333333,0.5,0.151994116165039,0.10592299286610322,0.0,1.0,0.9073608520000107,0,1553,"expr:sin(add(sin(x1),sin(x1)));expr:sin(add(sin(x1),x1));sin(x1)",0.2442 + 1.715*sin((sin(x1)+sin(x1))) + 0.4938*sin((sin(x1)+x1)) - 1.375*sin(x1) - 0.0002372*(((x1)^2*(x1)^2))^2,generation budget reached
nested_sine,complementary,0.1,300,4,9005,fedfalsify-v05,1.0,1.0,1.0,1.4775969508468927e-05,0.008178555531839321,0.0,1.0,0.2612707279999995,209709,4,sin(x1);sin(x1+x1^2),-0.001544 + 1.005·sin(x₁+x₁²) + 1.001·sin(x₁),target federated MSE reached; no replacement passed the federated certificate
nested_sine,complementary,0.1,300,4,9005,centralized-tree-gp,0.0,0.0,0.0,0.3162603993148642,0.09182108173671659,0.0,1.0,1.0222860720000426,0,1570,"expr:sin(add(sin(x1),sin(x1)));expr:sin(add(sin(x1),x1));expr:square(add(cos(x1),sin(x1)))",-6.388 + 8.799*sin((sin(x1)+sin(x1))) - 14.1*sin((sin(x1)+x1)) + 6.595*((cos(x1)+sin(x1)))^2,generation budget reached
nested_sine,complementary,0.1,300,4,9005,federated-tree-gp-style,0.0,0.0,0.0,0.3162603993149811,0.09182108173671659,0.0,1.0,1.1525490149999769,604864,1570,"expr:sin(add(sin(x1),sin(x1)));expr:sin(add(sin(x1),x1));expr:square(add(cos(x1),sin(x1)))",-6.388 + 8.799*sin((sin(x1)+sin(x1))) - 14.1*sin((sin(x1)+x1)) + 6.595*((cos(x1)+sin(x1)))^2,generation budget reached
nested_sine,complementary,0.1,300,4,9005,centralized-residual-counterexample-gp,0.0,0.0,0.0,0.2561981186545153,0.08538771277809834,0.0,1.0,0.91128599700005,0,1533,"expr:add(sin(x1),x1);expr:sin(add(sin(x1),sin(x1)));expr:sin(add(sin(x1),x1));expr:square(add(cos(x1),sin(x1)))",-5.856 - 0.2676*(sin(x1)+x1) + 9.11*sin((sin(x1)+sin(x1))) - 13.46*sin((sin(x1)+x1)) + 6.062*((cos(x1)+sin(x1)))^2,generation budget reached
nested_sine,spurious,0.03,300,4,9001,fedfalsify-v05,1.0,1.0,1.0,3.652126207499182e-06,0.0007271966860610794,0.0,1.0,0.26195306299996446,210391,4,sin(x1);sin(x1+x1^2),-0.0006973 + 0.9987·sin(x₁) + 1.002·sin(x₁+x₁²),target federated MSE reached; no replacement passed the federated certificate
nested_sine,spurious,0.03,300,4,9001,centralized-tree-gp,1.0,1.0,1.0,3.6521262074987068e-06,0.0007271966860610793,0.0,1.0,0.8693564679999781,0,1537,sin(x1);sin(x1+x1^2),-0.0006973 + 1.002*sin(((x1)^2+x1)) + 0.9987*sin(x1),generation budget reached
nested_sine,spurious,0.03,300,4,9001,federated-tree-gp-style,1.0,1.0,1.0,3.6521262074993933e-06,0.0007271966860610794,0.0,1.0,1.0711509230000047,577088,1537,sin(x1);sin(x1+x1^2),-0.0006973 + 1.002*sin(((x1)^2+x1)) + 0.9987*sin(x1),generation budget reached
nested_sine,spurious,0.03,300,4,9001,centralized-residual-counterexample-gp,0.0,0.3333333333333333,0.5,0.2779230970068552,0.12263438106990947,0.0,1.0,0.9374257599999964,0,1549,"expr:cos(add(cos(x1),sin(x1)));expr:sin(add(sin(x1),x1));sin(x1)",-1.775 + 3.484*cos((cos(x1)+sin(x1))) + 3.791*sin((sin(x1)+x1)) - 1.586*sin(x1),generation budget reached
nested_sine,spurious,0.03,300,4,9002,fedfalsify-v05,1.0,1.0,1.0,1.5236293498063531e-05,0.0007265989428204874,0.0,1.0,0.3901996219999546,210416,4,sin(x1);sin(x1+x1^2),-0.001354 + 0.9987·sin(x₁) + 1.005·sin(x₁+x₁²),target federated MSE reached; no replacement passed the federated certificate
nested_sine,spurious,0.03,300,4,9002,centralized-tree-gp,0.0,0.25,0.5,0.17916660237915652,0.10343753636130691,0.0,1.0,1.4659448440000915,0,1568,"expr:sin(add(sin(x1),sin(x1)));expr:sin(add(sin(x1),x1));expr:square(add(cos(x1),square(x1)));sin(x1)",0.2846 + 1.685*sin((sin(x1)+sin(x1))) + 0.5064*sin((sin(x1)+x1)) - 1.351*sin(x1) - 0.009848*((cos(x1)+(x1)^2))^2,generation budget reached
nested_sine,spurious,0.03,300,4,9002,federated-tree-gp-style,0.0,0.25,0.5,0.17916660237915574,0.10343753636130688,0.0,1.0,1.846195411999929,602368,1568,"expr:sin(add(sin(x1),sin(x1)));expr:sin(add(sin(x1),x1));expr:square(add(cos(x1),square(x1)));sin(x1)",0.2846 + 1.685*sin((sin(x1)+sin(x1))) + 0.5064*sin((sin(x1)+x1)) - 1.351*sin(x1) - 0.009848*((cos(x1)+(x1)^2))^2,generation budget reached
nested_sine,spurious,0.03,300,4,9002,centralized-residual-counterexample-gp,0.0,0.3333333333333333,0.5,0.26517152197155136,0.11140678997148874,0.0,1.0,1.2168616710000606,0,1499,"expr:sin(add(sin(x1),sin(x1)));expr:sin(add(sin(x1),x1));sin(x1)",0.2219 + 1.63*sin((sin(x1)+sin(x1))) + 0.5275*sin((sin(x1)+x1)) - 1.307*sin(x1),generation budget reached
nested_sine,spurious,0.03,300,4,9003,fedfalsify-v05,1.0,1.0,1.0,2.071815664513746e-06,0.0006726986887611981,0.0,1.0,0.2705008259999886,210411,4,sin(x1);sin(x1+x1^2),-0.0004923 + 1·sin(x₁+x₁²) + 0.9983·sin(x₁),target federated MSE reached; no replacement passed the federated certificate
nested_sine,spurious,0.03,300,4,9003,centralized-tree-gp,0.0,0.0,0.0,0.3797565376057947,0.13030306087385118,0.0,1.0,0.7791583190000893,0,1484,"expr:add(sin(x1),x1);expr:sin(add(sin(x1),sin(x1)))",0.2102 - 0.4055*(sin(x1)+x1) + 1.794*sin((sin(x1)+sin(x1))),generation budget reached
nested_sine,spurious,0.03,300,4,9003,federated-tree-gp-style,0.0,0.0,0.0,0.3797565376057945,0.13030306087385118,0.0,1.0,1.0051884300000893,499840,1484,"expr:add(sin(x1),x1);expr:sin(add(sin(x1),sin(x1)))",0.2102 - 0.4055*(sin(x1)+x1) + 1.794*sin((sin(x1)+sin(x1))),generation budget reached
nested_sine,spurious,0.03,300,4,9003,centralized-residual-counterexample-gp,0.0,0.0,0.0,0.3797565376057947,0.13030306087385118,0.0,1.0,0.8322975859999815,0,1488,"expr:add(sin(x1),x1);expr:sin(add(sin(x1),sin(x1)))",0.2102 - 0.4055*(sin(x1)+x1) + 1.794*sin((sin(x1)+sin(x1))),generation budget reached
nested_sine,spurious,0.03,300,4,9004,fedfalsify-v05,1.0,1.0,1.0,1.302820909984528e-06,0.0007987706229504986,0.0,1.0,0.24509056199997303,210376,4,sin(x1);sin(x1+x1^2),-0.0003265 + 0.9989·sin(x₁) + 0.9991·sin(x₁+x₁²),target federated MSE reached; no replacement passed the federated certificate
nested_sine,spurious,0.03,300,4,9004,centralized-tree-gp,1.0,1.0,1.0,1.3028209099819799e-06,0.0007987706229504988,0.0,1.0,0.7992991810000376,0,1500,sin(x1);sin(x1+x1^2),-0.0003265 + 0.9991*sin(((x1)^2+x1)) + 0.9989*sin(x1),generation budget reached
nested_sine,spurious,0.03,300,4,9004,federated-tree-gp-style,1.0,1.0,1.0,1.3028209099841354e-06,0.0007987706229504986,0.0,1.0,0.9849886999999171,530752,1500,sin(x1);sin(x1+x1^2),-0.0003265 + 0.9991*sin(((x1)^2+x1)) + 0.9989*sin(x1),generation budget reached
nested_sine,spurious,0.03,300,4,9004,centralized-residual-counterexample-gp,1.0,1.0,1.0,1.3028209099819799e-06,0.0007987706229504988,0.0,1.0,0.8100700450000886,0,1508,sin(x1);sin(x1+x1^2),-0.0003265 + 0.9991*sin(((x1)^2+x1)) + 0.9989*sin(x1),generation budget reached
nested_sine,spurious,0.03,300,4,9005,fedfalsify-v05,1.0,1.0,1.0,6.201142375511388e-07,0.0007307005396454025,0.0,1.0,0.2600222119999671,210417,4,sin(x1);sin(x1+x1^2),0.000368 + 0.9995·sin(x₁+x₁²) + 0.9992·sin(x₁),target federated MSE reached; no replacement passed the federated certificate
nested_sine,spurious,0.03,300,4,9005,centralized-tree-gp,0.0,0.25,0.5,0.3240360749346695,0.10849837393892092,1.0,1.0,0.8854501319999599,0,1582,"expr:mul(sin(x4),square(x1));expr:sin(add(sin(x1),sin(x1)));sin(x1);x1",0.2305 + 0.05513*(sin(x4)*(x1)^2) + 2.204*sin((sin(x1)+sin(x1))) - 1.066*sin(x1) - 0.2928*x1,generation budget reached
nested_sine,spurious,0.03,300,4,9005,federated-tree-gp-style,0.0,0.25,0.5,0.3240360749346757,0.10849837393892092,1.0,1.0,1.1277895459999172,615104,1582,"expr:mul(sin(x4),square(x1));expr:sin(add(sin(x1),sin(x1)));sin(x1);x1",0.2305 + 0.05513*(sin(x4)*(x1)^2) + 2.204*sin((sin(x1)+sin(x1))) - 1.066*sin(x1) - 0.2928*x1,generation budget reached
nested_sine,spurious,0.03,300,4,9005,centralized-residual-counterexample-gp,0.0,0.0,0.0,0.27940199166214513,0.06680793118834458,0.0,1.0,0.9302740990000302,0,1557,"expr:sin(add(sin(x1),sin(x1)));expr:sin(add(sin(x1),x1));expr:sin(add(x1,x1));x1^3",0.2159 - 0.1129*((x1)^2*x1) + 14.78*sin((sin(x1)+sin(x1))) - 23.49*sin((sin(x1)+x1)) + 10.12*sin((x1+x1)),generation budget reached
nested_sine,spurious,0.1,300,4,9001,fedfalsify-v05,1.0,1.0,1.0,4.057918032981751e-05,0.00807996317845644,0.0,1.0,0.24844985999993696,209760,4,sin(x1);sin(x1+x1^2),-0.002324 + 0.9958·sin(x₁) + 1.007·sin(x₁+x₁²),target federated MSE reached; no replacement passed the federated certificate
nested_sine,spurious,0.1,300,4,9001,centralized-tree-gp,0.0,0.6666666666666666,1.0,5.2651230741619945e-05,0.008075538595779965,0.0,1.0,1.292380236000099,0,1636,"expr:sin(mul(cos(x1),x1));sin(x1);sin(x1+x1^2)",-0.00269 + 1.009*sin(((x1)^2+x1)) - 0.0048*sin((cos(x1)*x1)) + 0.9962*sin(x1),generation budget reached
nested_sine,spurious,0.1,300,4,9001,federated-tree-gp-style,0.0,0.6666666666666666,1.0,5.265123074161774e-05,0.008075538595779965,0.0,1.0,1.999740011999961,675520,1636,"expr:sin(mul(cos(x1),x1));sin(x1);sin(x1+x1^2)",-0.00269 + 1.009*sin(((x1)^2+x1)) - 0.0048*sin((cos(x1)*x1)) + 0.9962*sin(x1),generation budget reached
nested_sine,spurious,0.1,300,4,9001,centralized-residual-counterexample-gp,0.0,0.5,0.5,0.018914422259295523,0.019403542800129958,0.0,1.0,1.4570467549999648,0,1562,"expr:sin(add(sin(x1),sin(x1)));sin(x1+x1^2)",0.02513 + 0.839*sin((sin(x1)+sin(x1))) + 0.8065*sin(((x1)^2+x1)),generation budget reached
nested_sine,spurious,0.1,300,4,9002,fedfalsify-v05,1.0,1.0,1.0,0.0001692921509023378,0.008073321586894307,0.0,1.0,0.43165963000001284,209838,4,sin(x1);sin(x1+x1^2),-0.004514 + 1.017·sin(x₁+x₁²) + 0.9957·sin(x₁),target federated MSE reached; no replacement passed the federated certificate
nested_sine,spurious,0.1,300,4,9002,centralized-tree-gp,0.0,0.0,0.0,0.22040398059819927,0.09027553959887455,0.0,1.0,0.8794805250000763,0,1547,"expr:add(x1,x1);expr:mul(cos(x1),sin(x1));expr:sin(add(sin(x1),sin(x1)));expr:sin(add(sin(x1),x1))",0.2122 - 0.2586*(x1+x1) + 12.01*(cos(x1)*sin(x1)) + 9.372*sin((sin(x1)+sin(x1))) - 13.65*sin((sin(x1)+x1)),generation budget reached
nested_sine,spurious,0.1,300,4,9002,federated-tree-gp-style,0.0,0.0,0.0,0.22040398059820215,0.09027553959887454,0.0,1.0,1.088210844999935,575424,1547,"expr:add(x1,x1);expr:mul(cos(x1),sin(x1));expr:sin(add(sin(x1),sin(x1)));expr:sin(add(sin(x1),x1))",0.2122 - 0.2586*(x1+x1) + 12.01*(cos(x1)*sin(x1)) + 9.372*sin((sin(x1)+sin(x1))) - 13.65*sin((sin(x1)+x1)),generation budget reached
nested_sine,spurious,0.1,300,4,9002,centralized-residual-counterexample-gp,0.0,0.3333333333333333,0.5,0.2754143323912873,0.12412481036836458,0.0,1.0,0.8675058780000882,0,1532,"expr:add(x1,x1);expr:sin(add(sin(x1),sin(x1)));sin(x1)",0.2246 - 0.1299*(x1+x1) + 2.326*sin((sin(x1)+sin(x1))) - 1.263*sin(x1),generation budget reached
nested_sine,spurious,0.1,300,4,9003,fedfalsify-v05,1.0,1.0,1.0,2.3020173812597927e-05,0.0074744298751244255,0.0,1.0,0.2613730969999324,209941,4,sin(x1);sin(x1+x1^2),-0.001641 + 1·sin(x₁+x₁²) + 0.9943·sin(x₁),target federated MSE reached; no replacement passed the federated certificate
nested_sine,spurious,0.1,300,4,9003,centralized-tree-gp,1.0,1.0,1.0,2.302017381260989e-05,0.0074744298751244255,0.0,1.0,0.8033560110000053,0,1507,sin(x1);sin(x1+x1^2),-0.001641 + 1*sin(((x1)^2+x1)) + 0.9943*sin(x1),generation budget reached
nested_sine,spurious,0.1,300,4,9003,federated-tree-gp-style,1.0,1.0,1.0,2.3020173812597602e-05,0.0074744298751244255,0.0,1.0,1.0277378340000496,533568,1507,sin(x1);sin(x1+x1^2),-0.001641 + 1*sin(((x1)^2+x1)) + 0.9943*sin(x1),generation budget reached
nested_sine,spurious,0.1,300,4,9003,centralized-residual-counterexample-gp,1.0,1.0,1.0,2.302017381260989e-05,0.0074744298751244255,0.0,1.0,0.8887845670000161,0,1509,sin(x1);sin(x1+x1^2),-0.001641 + 1*sin(((x1)^2+x1)) + 0.9943*sin(x1),generation budget reached
nested_sine,spurious,0.1,300,4,9004,fedfalsify-v05,1.0,1.0,1.0,1.4475787573951611e-05,0.008875229143894428,0.0,1.0,0.2516820710000047,209716,4,sin(x1);sin(x1+x1^2),-0.001088 + 0.9971·sin(x₁+x₁²) + 0.9962·sin(x₁),target federated MSE reached; no replacement passed the federated certificate
nested_sine,spurious,0.1,300,4,9004,centralized-tree-gp,0.0,0.0,0.0,0.21800728458886928,0.08452937583675488,0.0,1.0,0.9527930770000239,0,1612,"expr:mul(cos(x1),sin(x1));expr:sin(add(sin(x1),sin(x1)));expr:sin(add(sin(x1),x1));x1",0.204 + 13.43*(cos(x1)*sin(x1)) + 10.35*sin((sin(x1)+sin(x1))) - 15.32*sin((sin(x1)+x1)) - 0.5267*x1,generation budget reached
nested_sine,spurious,0.1,300,4,9004,federated-tree-gp-style,0.0,0.0,0.0,0.21800728458883512,0.08452937583675486,0.0,1.0,1.1967991139999867,645632,1612,"expr:mul(cos(x1),sin(x1));expr:sin(add(sin(x1),sin(x1)));expr:sin(add(sin(x1),x1));x1",0.204 + 13.43*(cos(x1)*sin(x1)) + 10.35*sin((sin(x1)+sin(x1))) - 15.32*sin((sin(x1)+x1)) - 0.5267*x1,generation budget reached
nested_sine,spurious,0.1,300,4,9004,centralized-residual-counterexample-gp,0.0,0.0,0.0,0.21800728458886928,0.08452937583675488,0.0,1.0,0.929471422000006,0,1564,"expr:mul(cos(x1),sin(x1));expr:sin(add(sin(x1),sin(x1)));expr:sin(add(sin(x1),x1));x1",0.204 + 13.43*(cos(x1)*sin(x1)) + 10.35*sin((sin(x1)+sin(x1))) - 15.32*sin((sin(x1)+x1)) - 0.5267*x1,generation budget reached
nested_sine,spurious,0.1,300,4,9005,fedfalsify-v05,1.0,1.0,1.0,6.890157970172022e-06,0.00811889488494892,0.0,1.0,0.24298028999999133,209938,4,sin(x1);sin(x1+x1^2),0.001227 + 0.9984·sin(x₁+x₁²) + 0.9973·sin(x₁),target federated MSE reached; no replacement passed the federated certificate
nested_sine,spurious,0.1,300,4,9005,centralized-tree-gp,0.0,0.0,0.0,0.282695882099912,0.12481534131213542,0.0,1.0,0.944365758999993,0,1509,"expr:add(sin(x1),x1);expr:sin(add(sin(x1),sin(x1)));x1",0.2203 - 1.215*(sin(x1)+x1) + 2.276*sin((sin(x1)+sin(x1))) + 0.9732*x1,generation budget reached
nested_sine,spurious,0.1,300,4,9005,federated-tree-gp-style,0.0,0.0,0.0,0.2826958820999098,0.12481534131213542,0.0,1.0,1.6896440079999593,538624,1509,"expr:add(sin(x1),x1);expr:sin(add(sin(x1),sin(x1)));x1",0.2203 - 1.215*(sin(x1)+x1) + 2.276*sin((sin(x1)+sin(x1))) + 0.9732*x1,generation budget reached
nested_sine,spurious,0.1,300,4,9005,centralized-residual-counterexample-gp,0.0,0.0,0.0,0.423227597062619,0.12543237385725833,1.0,1.0,1.3034365960000969,0,1477,"expr:add(sin(x1),x1);expr:mul(sin(x4),square(x1));expr:sin(add(sin(x1),sin(x1)))",0.2377 - 0.3944*(sin(x1)+x1) + 0.07005*(sin(x4)*(x1)^2) + 1.776*sin((sin(x1)+sin(x1))),generation budget reached
nested_sine,exception,0.03,300,4,9001,fedfalsify-v05,1.0,1.0,1.0,5.68649126605605e-06,0.0022811840841727568,0.0,1.0,0.491098213999976,247677,5,I(x3>1)*x3^2;sin(x1);sin(x1+x1^2),-0.0004673 + 0.7508·𝟙[x₃>1]·x₃² + 0.9946·sin(x₁+x₁²) + 0.9983·sin(x₁),target federated MSE reached; no replacement passed the federated certificate
nested_sine,exception,0.03,300,4,9001,centralized-tree-gp,0.0,0.3333333333333333,0.3333333333333333,0.08656686835389525,0.20872436861706936,1.0,0.0,1.3482191520000697,0,1612,"expr:add(sin(x1),x3);expr:square(add(cos(x4),square(x3)));sin(x1+x1^2)",0.1218 + 0.7468*(sin(x1)+x3) + 0.9426*sin(((x1)^2+x1)) + 0.05781*((cos(x4)+(x3)^2))^2,generation budget reached
nested_sine,exception,0.03,300,4,9001,federated-tree-gp-style,0.0,0.3333333333333333,0.3333333333333333,0.0865668683538952,0.20872436861706936,1.0,0.0,1.217472202999943,663808,1612,"expr:add(sin(x1),x3);expr:square(add(cos(x4),square(x3)));sin(x1+x1^2)",0.1218 + 0.7468*(sin(x1)+x3) + 0.9426*sin(((x1)^2+x1)) + 0.05781*((cos(x4)+(x3)^2))^2,generation budget reached
nested_sine,exception,0.03,300,4,9001,centralized-residual-counterexample-gp,0.0,0.25,0.3333333333333333,0.008759251750269407,0.019633646994170462,0.0,0.0,0.969563987000015,0,1617,"expr:add(sin(x1),x3);expr:add(sin(x3),sin(x3));expr:add(square(x3),x3);sin(x1+x1^2)",-0.07878 + 0.9751*(sin(x1)+x3) - 0.6596*(sin(x3)+sin(x3)) + 0.387*((x3)^2+x3) + 0.9987*sin(((x1)^2+x1)),generation budget reached
nested_sine,exception,0.03,300,4,9002,fedfalsify-v05,1.0,1.0,1.0,3.5013553335685325e-06,0.002500062960728085,0.0,1.0,0.3255199369999673,247950,5,I(x3>1)*x3^2;sin(x1);sin(x1+x1^2),0.002605 + 0.7493·𝟙[x₃>1]·x₃² + 0.9993·sin(x₁) + 0.9965·sin(x₁+x₁²),target federated MSE reached; no replacement passed the federated certificate
nested_sine,exception,0.03,300,4,9002,centralized-tree-gp,0.0,0.0,0.0,0.16174128031664897,0.27225072290979907,0.0,0.0,0.9284089160000804,0,1609,"expr:add(sin(x1),x3);expr:add(sin(x3),x3);expr:sin(add(cos(x1),x1));expr:square(add(sin(x3),square(x3)))",0.6756 + 1.715*(sin(x1)+x3) - 0.8714*(sin(x3)+x3) - 0.7458*sin((cos(x1)+x1)) + 0.06933*((sin(x3)+(x3)^2))^2,generation budget reached
nested_sine,exception,0.03,300,4,9002,federated-tree-gp-style,0.0,0.0,0.0,0.16174128031664886,0.27225072290979907,0.0,0.0,1.1646890629999689,648448,1609,"expr:add(sin(x1),x3);expr:add(sin(x3),x3);expr:sin(add(cos(x1),x1));expr:square(add(sin(x3),square(x3)))",0.6756 + 1.715*(sin(x1)+x3) - 0.8714*(sin(x3)+x3) - 0.7458*sin((cos(x1)+x1)) + 0.06933*((sin(x3)+(x3)^2))^2,generation budget reached
nested_sine,exception,0.03,300,4,9002,centralized-residual-counterexample-gp,0.0,0.0,0.0,0.21731187047651815,0.4058742700223554,0.0,0.0,0.8258589790000315,0,1503,"expr:add(sin(x1),square(x3));expr:add(sin(x1),x3)",0.1837 + 0.3863*(sin(x1)+(x3)^2) + 0.6257*(sin(x1)+x3),generation budget reached
nested_sine,exception,0.03,300,4,9003,fedfalsify-v05,1.0,1.0,1.0,1.3776799837748002e-06,0.002322897429631169,0.0,1.0,0.32479635300001064,247770,5,I(x3>1)*x3^2;sin(x1);sin(x1+x1^2),0.001627 + 0.7492·𝟙[x₃>1]·x₃² + 1.001·sin(x₁+x₁²) + 1·sin(x₁),target federated MSE reached; no replacement passed the federated certificate
nested_sine,exception,0.03,300,4,9003,centralized-tree-gp,0.0,0.25,0.3333333333333333,0.18832951665161893,0.24975427831310204,0.0,0.0,0.8737848590000112,0,1554,"expr:add(sin(x3),square(x3));expr:add(square(x3),x3);expr:cos(add(cos(x1),sin(x1)));sin(x1)",0.7783 - 0.6901*(sin(x3)+(x3)^2) + 1.068*((x3)^2+x3) - 1.046*cos((cos(x1)+sin(x1))) + 0.8572*sin(x1),generation budget reached
nested_sine,exception,0.03,300,4,9003,federated-tree-gp-style,0.0,0.25,0.3333333333333333,0.1883295166516193,0.24975427831310204,0.0,0.0,1.0773233020000816,596800,1554,"expr:add(sin(x3),square(x3));expr:add(square(x3),x3);expr:cos(add(cos(x1),sin(x1)));sin(x1)",0.7783 - 0.6901*(sin(x3)+(x3)^2) + 1.068*((x3)^2+x3) - 1.046*cos((cos(x1)+sin(x1))) + 0.8572*sin(x1),generation budget reached
nested_sine,exception,0.03,300,4,9003,centralized-residual-counterexample-gp,0.0,0.3333333333333333,0.3333333333333333,0.18659039700337404,0.3343338000850985,0.0,0.0,0.907903393999959,0,1577,"expr:add(sin(x3),square(x3));expr:add(square(x3),x3);sin(x1)",0.2405 - 0.6683*(sin(x3)+(x3)^2) + 1.017*((x3)^2+x3) + 1.022*sin(x1),generation budget reached
nested_sine,exception,0.03,300,4,9004,fedfalsify-v05,1.0,1.0,1.0,2.0848877941429217e-06,0.002410693195231548,0.0,1.0,0.3280598349999764,247844,5,I(x3>1)*x3^2;sin(x1);sin(x1+x1^2),-0.001766 + 0.7498·𝟙[x₃>1]·x₃² + 1.002·sin(x₁) + 1.002·sin(x₁+x₁²),target federated MSE reached; no replacement passed the federated certificate
nested_sine,exception,0.03,300,4,9004,centralized-tree-gp,0.0,0.25,0.3333333333333333,0.17369111189207692,0.3475733352415723,0.0,0.0,1.0612686959999564,0,1608,"expr:add(cos(x3),cos(x3));expr:square(add(square(x3),x3));sin(x1);x3",0.6014 - 0.1907*(cos(x3)+cos(x3)) + 0.9804*sin(x1) + 0.04293*(((x3)^2+x3))^2 + 0.3177*x3,generation budget reached
nested_sine,exception,0.03,300,4,9004,federated-tree-gp-style,0.0,0.25,0.3333333333333333,0.17369111189207692,0.3475733352415723,0.0,0.0,1.8241855049999458,650496,1608,"expr:add(cos(x3),cos(x3));expr:square(add(square(x3),x3));sin(x1);x3",0.6014 - 0.1907*(cos(x3)+cos(x3)) + 0.9804*sin(x1) + 0.04293*(((x3)^2+x3))^2 + 0.3177*x3,generation budget reached
nested_sine,exception,0.03,300,4,9004,centralized-residual-counterexample-gp,0.0,0.6666666666666666,0.6666666666666666,0.15957333270189494,0.22927549118779633,0.0,1.0,1.3475932380000586,0,1564,"I(x3>1)*x3^2;expr:mul(cos(x1),sin(x1));sin(x1)",0.1949 + 0.7606*I(x3>1)*((x3)^2) + 0.8903*(cos(x1)*sin(x1)) + 0.8144*sin(x1),generation budget reached
nested_sine,exception,0.03,300,4,9005,fedfalsify-v05,1.0,1.0,1.0,2.686800263932855e-06,0.002264965445763669,0.0,1.0,0.49892813700000715,247702,5,I(x3>1)*x3^2;sin(x1);sin(x1+x1^2),-0.001737 + 0.751·𝟙[x₃>1]·x₃² + 1.003·sin(x₁+x₁²) + 1·sin(x₁),target federated MSE reached; no replacement passed the federated certificate
nested_sine,exception,0.03,300,4,9005,centralized-tree-gp,0.0,0.0,0.0,0.15980449911714414,0.22972048156126926,0.0,0.0,1.1628070880000223,0,1582,"expr:add(cos(x3),square(x3));expr:add(sin(x1),x3);expr:mul(cos(x1),sin(x1));expr:sin(mul(cos(x1),x1))",-0.3868 + 0.5885*(cos(x3)+(x3)^2) + 0.611*(sin(x1)+x3) + 4.579*(cos(x1)*sin(x1)) - 2.802*sin((cos(x1)*x1)),generation budget reached
nested_sine,exception,0.03,300,4,9005,federated-tree-gp-style,0.0,0.0,0.0,0.1598044991171443,0.2297204815612693,0.0,0.0,1.1181100210000068,601664,1582,"expr:add(cos(x3),square(x3));expr:add(sin(x1),x3);expr:mul(cos(x1),sin(x1));expr:sin(mul(cos(x1),x1))",-0.3868 + 0.5885*(cos(x3)+(x3)^2) + 0.611*(sin(x1)+x3) + 4.579*(cos(x1)*sin(x1)) - 2.802*sin((cos(x1)*x1)),generation budget reached
nested_sine,exception,0.03,300,4,9005,centralized-residual-counterexample-gp,0.0,0.0,0.0,0.22148927087821138,0.4193709527614918,0.0,0.0,0.8480252209999435,0,1526,"expr:add(cos(x3),square(x3));expr:add(sin(x1),x3);x1",-0.3325 + 0.5687*(cos(x3)+(x3)^2) + 0.6446*(sin(x1)+x3) + 0.1663*x1,generation budget reached
nested_sine,exception,0.1,300,4,9001,fedfalsify-v05,1.0,1.0,1.0,6.318323588446731e-05,0.025346489824141755,0.0,1.0,0.3287057120001009,247118,5,I(x3>1)*x3^2;sin(x1);sin(x1+x1^2),-0.001558 + 0.7525·𝟙[x₃>1]·x₃² + 0.982·sin(x₁+x₁²) + 0.9945·sin(x₁),target federated MSE reached; no replacement passed the federated certificate
nested_sine,exception,0.1,300,4,9001,centralized-tree-gp,0.0,0.3333333333333333,0.3333333333333333,0.15746599722166343,0.2254891377113555,0.0,1.0,0.930141532000107,0,1596,"I(x3>1)*x3^2;expr:add(cos(x3),x1);expr:sin(add(x1,x1))",-0.004369 + 0.4016*(cos(x3)+x1) + 0.8451*I(x3>1)*((x3)^2) + 0.7293*sin((x1+x1)),generation budget reached
nested_sine,exception,0.1,300,4,9001,federated-tree-gp-style,0.0,0.3333333333333333,0.3333333333333333,0.15746599722166352,0.2254891377113555,0.0,1.0,1.1805908329999966,647104,1596,"I(x3>1)*x3^2;expr:add(cos(x3),x1);expr:sin(add(x1,x1))",-0.004369 + 0.4016*(cos(x3)+x1) + 0.8451*I(x3>1)*((x3)^2) + 0.7293*sin((x1+x1)),generation budget reached
nested_sine,exception,0.1,300,4,9001,centralized-residual-counterexample-gp,0.0,0.3333333333333333,0.3333333333333333,0.06388521832365185,0.17055635582335368,0.0,0.0,1.0021848609999324,0,1602,"expr:add(sin(x1),x3);expr:square(add(x3,x3));sin(x1+x1^2)",-0.0916 + 0.7574*(sin(x1)+x3) + 0.9533*sin(((x1)^2+x1)) + 0.1016*((x3+x3))^2,generation budget reached
nested_sine,exception,0.1,300,4,9002,fedfalsify-v05,1.0,1.0,1.0,3.890394782399057e-05,0.02777847734142318,0.0,1.0,0.3311978280000858,247366,5,I(x3>1)*x3^2;sin(x1);sin(x1+x1^2),0.008682 + 0.7476·𝟙[x₃>1]·x₃² + 0.9976·sin(x₁) + 0.9884·sin(x₁+x₁²),target federated MSE reached; no replacement passed the federated certificate
nested_sine,exception,0.1,300,4,9002,centralized-tree-gp,0.0,0.0,0.0,0.1788216665147734,0.32410289209198717,0.0,0.0,0.9054442309999331,0,1588,"expr:add(cos(x3),x3);expr:add(sin(x1),square(x3));expr:add(sin(x1),x3);expr:square(add(square(x3),x3))",1.622 - 1.379*(cos(x3)+x3) - 0.4856*(sin(x1)+(x3)^2) + 1.496*(sin(x1)+x3) + 0.06807*(((x3)^2+x3))^2,generation budget reached
nested_sine,exception,0.1,300,4,9002,federated-tree-gp-style,0.0,0.0,0.0,0.17882166651477258,0.32410289209198717,0.0,0.0,1.2091105349999225,629312,1588,"expr:add(cos(x3),x3);expr:add(sin(x1),square(x3));expr:add(sin(x1),x3);expr:square(add(square(x3),x3))",1.622 - 1.379*(cos(x3)+x3) - 0.4856*(sin(x1)+(x3)^2) + 1.496*(sin(x1)+x3) + 0.06807*(((x3)^2+x3))^2,generation budget reached
nested_sine,exception,0.1,300,4,9002,centralized-residual-counterexample-gp,0.0,0.25,0.3333333333333333,0.1666038390501254,0.31095098057381215,0.0,1.0,0.9428526880000163,0,1585,"I(x3>1)*x3^2;expr:add(sin(x1),square(x3));expr:square(add(x3,x3));expr:square(mul(sin(x3),square(x3)))",0.2316 + 0.9756*(sin(x1)+(x3)^2) + 0.7085*I(x3>1)*((x3)^2) - 0.2246*((x3+x3))^2 - 0.02227*((sin(x3)*(x3)^2))^2,generation budget reached
nested_sine,exception,0.1,300,4,9003,fedfalsify-v05,1.0,1.0,1.0,1.530755542561029e-05,0.025809971440346344,0.0,1.0,0.3653013279999868,247203,5,I(x3>1)*x3^2;sin(x1);sin(x1+x1^2),0.005423 + 0.7472·𝟙[x₃>1]·x₃² + 1.004·sin(x₁+x₁²) + 1.001·sin(x₁),target federated MSE reached; no replacement passed the federated certificate
nested_sine,exception,0.1,300,4,9003,centralized-tree-gp,0.0,0.3333333333333333,0.3333333333333333,0.20372692913525353,0.38273996849422254,0.0,0.0,1.241419049000001,0,1594,"expr:add(sin(x1),sin(x3));expr:square(add(square(x3),x3));sin(x1)",0.3482 + 0.2795*(sin(x1)+sin(x3)) + 0.7661*sin(x1) + 0.06205*(((x3)^2+x3))^2,generation budget reached
nested_sine,exception,0.1,300,4,9003,federated-tree-gp-style,0.0,0.3333333333333333,0.3333333333333333,0.20372692913525353,0.38273996849422254,0.0,0.0,1.8620531180000626,636928,1594,"expr:add(sin(x1),sin(x3));expr:square(add(square(x3),x3));sin(x1)",0.3482 + 0.2795*(sin(x1)+sin(x3)) + 0.7661*sin(x1) + 0.06205*(((x3)^2+x3))^2,generation budget reached
nested_sine,exception,0.1,300,4,9003,centralized-residual-counterexample-gp,0.0,0.0,0.0,0.20131494751139203,0.37156906810967827,0.0,0.0,1.5021114549999766,0,1575,"expr:add(sin(x1),sin(x3));expr:sin(add(sin(x3),sin(x3)));expr:square(add(square(x3),x3))",0.3443 + 1.033*(sin(x1)+sin(x3)) - 0.6718*sin((sin(x3)+sin(x3))) + 0.06277*(((x3)^2+x3))^2,generation budget reached
nested_sine,exception,0.1,300,4,9004,fedfalsify-v05,1.0,1.0,1.0,2.316542014017279e-05,0.0267854799470172,0.0,1.0,0.5289500160000671,247161,5,I(x3>1)*x3^2;sin(x1);sin(x1+x1^2),-0.005887 + 0.7495·𝟙[x₃>1]·x₃² + 1.007·sin(x₁+x₁²) + 1.005·sin(x₁),target federated MSE reached; no replacement passed the federated certificate
nested_sine,exception,0.1,300,4,9004,centralized-tree-gp,0.0,0.6666666666666666,0.6666666666666666,0.15927405222476487,0.2561401308114753,0.0,1.0,0.8096055710000201,0,1567,"I(x3>1)*x3^2;expr:mul(cos(x1),sin(x1));sin(x1)",0.1918 + 0.7602*I(x3>1)*((x3)^2) + 0.8924*(cos(x1)*sin(x1)) + 0.8174*sin(x1),generation budget reached
nested_sine,exception,0.1,300,4,9004,federated-tree-gp-style,0.0,0.6666666666666666,0.6666666666666666,0.1592740522247649,0.25614013081147535,0.0,1.0,1.0735899830000335,580224,1567,"I(x3>1)*x3^2;expr:mul(cos(x1),sin(x1));sin(x1)",0.1918 + 0.7602*I(x3>1)*((x3)^2) + 0.8924*(cos(x1)*sin(x1)) + 0.8174*sin(x1),generation budget reached
nested_sine,exception,0.1,300,4,9004,centralized-residual-counterexample-gp,0.0,1.0,0.6666666666666666,0.1574854916815853,0.34268909747607346,0.0,1.0,0.9192170300000271,0,1591,I(x3>1)*x3^2;sin(x1),0.2339 + 0.7149*I(x3>1)*((x3)^2) + 0.9707*sin(x1),generation budget reached
nested_sine,exception,0.1,300,4,9005,fedfalsify-v05,1.0,1.0,1.0,2.9853336528373023e-05,0.02516628273070743,0.0,1.0,0.3375500900000361,247083,5,I(x3>1)*x3^2;sin(x1);sin(x1+x1^2),-0.00579 + 0.7533·𝟙[x₃>1]·x₃² + 1.01·sin(x₁+x₁²) + 1.001·sin(x₁),target federated MSE reached; no replacement passed the federated certificate
nested_sine,exception,0.1,300,4,9005,centralized-tree-gp,0.0,0.6666666666666666,0.6666666666666666,0.10494282132043463,0.1508248359338628,0.0,1.0,0.8556074559999161,0,1555,"I(x3>1)*x3^2;expr:sin(add(sin(x1),sin(x1)));sin(x1)",0.227 + 0.7247*I(x3>1)*((x3)^2) + 2.332*sin((sin(x1)+sin(x1))) - 1.663*sin(x1),generation budget reached
nested_sine,exception,0.1,300,4,9005,federated-tree-gp-style,0.0,0.6666666666666666,0.6666666666666666,0.10494282132043468,0.1508248359338628,0.0,1.0,1.1093945569999732,580736,1555,"I(x3>1)*x3^2;expr:sin(add(sin(x1),sin(x1)));sin(x1)",0.227 + 0.7247*I(x3>1)*((x3)^2) + 2.332*sin((sin(x1)+sin(x1))) - 1.663*sin(x1),generation budget reached
nested_sine,exception,0.1,300,4,9005,centralized-residual-counterexample-gp,0.0,0.0,0.0,0.20300377971344694,0.33553617981239037,0.0,0.0,0.9350514029999886,0,1605,"expr:mul(square(x3),square(x3));expr:sin(add(sin(x1),sin(x1)));x3",0.4236 + 0.07236*((x3)^2*(x3)^2) + 0.9649*sin((sin(x1)+sin(x1))) + 0.6046*x3,generation budget reached
trig_product,complementary,0.03,300,4,9001,fedfalsify-v05,1.0,1.0,1.0,4.97314509453196e-07,0.0009787971256783835,0.0,1.0,0.15916169299998728,152096,2,sin(x1)*cos(x2),-0.0006212 + 1.999·sin(x₁)cos(x₂),target federated MSE reached; no replacement passed the federated certificate
trig_product,complementary,0.03,300,4,9001,centralized-tree-gp,1.0,1.0,1.0,4.973145094540119e-07,0.0009787971256783835,0.0,1.0,0.7066613080000934,0,1455,sin(x1)*cos(x2),-0.0006212 + 1.999*(cos(x2)*sin(x1)),generation budget reached
trig_product,complementary,0.03,300,4,9001,federated-tree-gp-style,1.0,1.0,1.0,4.97314509453196e-07,0.0009787971256783835,0.0,1.0,0.8877897720000192,428480,1455,sin(x1)*cos(x2),-0.0006212 + 1.999*(cos(x2)*sin(x1)),generation budget reached
trig_product,complementary,0.03,300,4,9001,centralized-residual-counterexample-gp,1.0,1.0,1.0,4.973145094540119e-07,0.0009787971256783835,0.0,1.0,0.7337366259999953,0,1455,sin(x1)*cos(x2),-0.0006212 + 1.999*(cos(x2)*sin(x1)),generation budget reached
trig_product,complementary,0.03,300,4,9002,fedfalsify-v05,1.0,1.0,1.0,6.245816900804354e-07,0.0009714552694633749,0.0,1.0,0.16648108599997613,152286,2,sin(x1)*cos(x2),0.0007287 + 1.999·sin(x₁)cos(x₂),target federated MSE reached; no replacement passed the federated certificate
trig_product,complementary,0.03,300,4,9002,centralized-tree-gp,1.0,1.0,1.0,6.245816900793852e-07,0.0009714552694633753,0.0,1.0,0.6915094189999991,0,1470,sin(x1)*cos(x2),0.0007287 + 1.999*(cos(x2)*sin(x1)),generation budget reached
trig_product,complementary,0.03,300,4,9002,federated-tree-gp-style,1.0,1.0,1.0,6.245816900804354e-07,0.0009714552694633749,0.0,1.0,1.109591690000002,443520,1470,sin(x1)*cos(x2),0.0007287 + 1.999*(cos(x2)*sin(x1)),generation budget reached
trig_product,complementary,0.03,300,4,9002,centralized-residual-counterexample-gp,1.0,1.0,1.0,6.245816900793852e-07,0.0009714552694633753,0.0,1.0,1.1786644069999284,0,1481,sin(x1)*cos(x2),0.0007287 + 1.999*(cos(x2)*sin(x1)),generation budget reached
trig_product,complementary,0.03,300,4,9003,fedfalsify-v05,1.0,1.0,1.0,1.0051881797289071e-06,0.0009025905210507068,0.0,1.0,0.25243158800003584,152012,2,sin(x1)*cos(x2),0.0007351 + 2.001·sin(x₁)cos(x₂),target federated MSE reached; no replacement passed the federated certificate
trig_product,complementary,0.03,300,4,9003,centralized-tree-gp,1.0,1.0,1.0,1.005188179728263e-06,0.0009025905210507068,0.0,1.0,1.111660239999992,0,1470,sin(x1)*cos(x2),0.0007351 + 2.001*(cos(x2)*sin(x1)),generation budget reached
trig_product,complementary,0.03,300,4,9003,federated-tree-gp-style,1.0,1.0,1.0,1.0051881797289071e-06,0.0009025905210507068,0.0,1.0,1.470566677000079,439552,1470,sin(x1)*cos(x2),0.0007351 + 2.001*(cos(x2)*sin(x1)),generation budget reached
trig_product,complementary,0.03,300,4,9003,centralized-residual-counterexample-gp,1.0,1.0,1.0,1.005188179728263e-06,0.0009025905210507068,0.0,1.0,0.7547514090000504,0,1470,sin(x1)*cos(x2),0.0007351 + 2.001*(cos(x2)*sin(x1)),generation budget reached
trig_product,complementary,0.03,300,4,9004,fedfalsify-v05,1.0,1.0,1.0,9.206164243403726e-07,0.0009714926218712253,0.0,1.0,0.16784348999999565,152139,2,sin(x1)*cos(x2),-0.0009789 + 2·sin(x₁)cos(x₂),target federated MSE reached; no replacement passed the federated certificate
trig_product,complementary,0.03,300,4,9004,centralized-tree-gp,1.0,1.0,1.0,9.206164243404139e-07,0.0009714926218712255,0.0,1.0,0.7023835550000967,0,1453,sin(x1)*cos(x2),-0.0009789 + 2*(cos(x2)*sin(x1)),generation budget reached
trig_product,complementary,0.03,300,4,9004,federated-tree-gp-style,1.0,1.0,1.0,9.206164243403726e-07,0.0009714926218712253,0.0,1.0,0.8822522609999623,422272,1453,sin(x1)*cos(x2),-0.0009789 + 2*(cos(x2)*sin(x1)),generation budget reached
trig_product,complementary,0.03,300,4,9004,centralized-residual-counterexample-gp,1.0,1.0,1.0,9.206164243404139e-07,0.0009714926218712255,0.0,1.0,0.7153293629999098,0,1454,sin(x1)*cos(x2),-0.0009789 + 2*(cos(x2)*sin(x1)),generation budget reached
trig_product,complementary,0.03,300,4,9005,fedfalsify-v05,1.0,1.0,1.0,9.258729685655584e-07,0.0008966857507406047,0.0,1.0,0.16121505899991462,152153,2,sin(x1)*cos(x2),-0.0001184 + 1.998·sin(x₁)cos(x₂),target federated MSE reached; no replacement passed the federated certificate
trig_product,complementary,0.03,300,4,9005,centralized-tree-gp,1.0,1.0,1.0,9.258729685670211e-07,0.0008966857507406045,0.0,1.0,0.7176914890000035,0,1471,sin(x1)*cos(x2),-0.0001184 + 1.998*(cos(x2)*sin(x1)),generation budget reached
trig_product,complementary,0.03,300,4,9005,federated-tree-gp-style,1.0,1.0,1.0,9.258729685655584e-07,0.0008966857507406047,0.0,1.0,0.8953829980000592,443392,1471,sin(x1)*cos(x2),-0.0001184 + 1.998*(cos(x2)*sin(x1)),generation budget reached
trig_product,complementary,0.03,300,4,9005,centralized-residual-counterexample-gp,1.0,1.0,1.0,9.258729685670211e-07,0.0008966857507406045,0.0,1.0,0.7492841910000152,0,1463,sin(x1)*cos(x2),-0.0001184 + 1.998*(cos(x2)*sin(x1)),generation budget reached
trig_product,complementary,0.1,300,4,9001,fedfalsify-v05,1.0,1.0,1.0,5.525716587625592e-06,0.010875523618648707,0.0,1.0,0.16048072399996727,151458,2,sin(x1)*cos(x2),-0.002071 + 1.998·sin(x₁)cos(x₂),target federated MSE reached; no replacement passed the federated certificate
trig_product,complementary,0.1,300,4,9001,centralized-tree-gp,1.0,1.0,1.0,5.525716587626663e-06,0.010875523618648707,0.0,1.0,0.7526760019999301,0,1455,sin(x1)*cos(x2),-0.002071 + 1.998*(cos(x2)*sin(x1)),generation budget reached
trig_product,complementary,0.1,300,4,9001,federated-tree-gp-style,1.0,1.0,1.0,5.525716587625592e-06,0.010875523618648707,0.0,1.0,0.9329580240000723,428736,1455,sin(x1)*cos(x2),-0.002071 + 1.998*(cos(x2)*sin(x1)),generation budget reached
trig_product,complementary,0.1,300,4,9001,centralized-residual-counterexample-gp,1.0,1.0,1.0,5.525716587626663e-06,0.010875523618648707,0.0,1.0,0.7441442800000004,0,1455,sin(x1)*cos(x2),-0.002071 + 1.998*(cos(x2)*sin(x1)),generation budget reached
trig_product,complementary,0.1,300,4,9002,fedfalsify-v05,1.0,1.0,1.0,6.939796394037537e-06,0.010793947438481947,0.0,1.0,0.1621050070000365,151619,2,sin(x1)*cos(x2),0.002429 + 1.998·sin(x₁)cos(x₂),target federated MSE reached; no replacement passed the federated certificate
trig_product,complementary,0.1,300,4,9002,centralized-tree-gp,1.0,1.0,1.0,6.939796394035148e-06,0.010793947438481947,0.0,1.0,0.7070061919999944,0,1472,sin(x1)*cos(x2),0.002429 + 1.998*(cos(x2)*sin(x1)),generation budget reached
trig_product,complementary,0.1,300,4,9002,federated-tree-gp-style,1.0,1.0,1.0,6.939796394037537e-06,0.010793947438481947,0.0,1.0,1.007125932000008,440832,1472,sin(x1)*cos(x2),0.002429 + 1.998*(cos(x2)*sin(x1)),generation budget reached
trig_product,complementary,0.1,300,4,9002,centralized-residual-counterexample-gp,1.0,1.0,1.0,6.939796394035148e-06,0.010793947438481947,0.0,1.0,1.17125361300009,0,1463,sin(x1)*cos(x2),0.002429 + 1.998*(cos(x2)*sin(x1)),generation budget reached
trig_product,complementary,0.1,300,4,9003,fedfalsify-v05,1.0,1.0,1.0,1.116875791982771e-05,0.010028783567230078,0.0,1.0,0.2196942420000596,151431,2,sin(x1)*cos(x2),0.00245 + 2.005·sin(x₁)cos(x₂),target federated MSE reached; no replacement passed the federated certificate
trig_product,complementary,0.1,300,4,9003,centralized-tree-gp,1.0,1.0,1.0,1.1168757919830697e-05,0.01002878356723008,0.0,1.0,1.1748423850000336,0,1471,sin(x1)*cos(x2),0.00245 + 2.005*(cos(x2)*sin(x1)),generation budget reached
trig_product,complementary,0.1,300,4,9003,federated-tree-gp-style,1.0,1.0,1.0,1.116875791982771e-05,0.010028783567230078,0.0,1.0,1.5048837589999948,440320,1471,sin(x1)*cos(x2),0.00245 + 2.005*(cos(x2)*sin(x1)),generation budget reached
trig_product,complementary,0.1,300,4,9003,centralized-residual-counterexample-gp,1.0,1.0,1.0,1.1168757919830697e-05,0.01002878356723008,0.0,1.0,0.8424060759999747,0,1471,sin(x1)*cos(x2),0.00245 + 2.005*(cos(x2)*sin(x1)),generation budget reached
trig_product,complementary,0.1,300,4,9004,fedfalsify-v05,1.0,1.0,1.0,1.0229071383918584e-05,0.010794362465235838,0.0,1.0,0.15896279399999003,151387,2,sin(x1)*cos(x2),-0.003263 + 2·sin(x₁)cos(x₂),target federated MSE reached; no replacement passed the federated certificate
trig_product,complementary,0.1,300,4,9004,centralized-tree-gp,1.0,1.0,1.0,1.0229071383919204e-05,0.01079436246523584,0.0,1.0,0.6641133059999902,0,1454,sin(x1)*cos(x2),-0.003263 + 2*(cos(x2)*sin(x1)),generation budget reached
trig_product,complementary,0.1,300,4,9004,federated-tree-gp-style,1.0,1.0,1.0,1.0229071383918584e-05,0.010794362465235838,0.0,1.0,0.8840168369999901,422400,1454,sin(x1)*cos(x2),-0.003263 + 2*(cos(x2)*sin(x1)),generation budget reached
trig_product,complementary,0.1,300,4,9004,centralized-residual-counterexample-gp,1.0,1.0,1.0,1.0229071383919204e-05,0.01079436246523584,0.0,1.0,0.7336252100000138,0,1456,sin(x1)*cos(x2),-0.003263 + 2*(cos(x2)*sin(x1)),generation budget reached
trig_product,complementary,0.1,300,4,9005,fedfalsify-v05,1.0,1.0,1.0,1.0287476928720551e-05,0.009963175008228943,0.0,1.0,0.16442496199999823,151416,2,sin(x1)*cos(x2),-0.0003948 + 1.994·sin(x₁)cos(x₂),target federated MSE reached; no replacement passed the federated certificate
trig_product,complementary,0.1,300,4,9005,centralized-tree-gp,1.0,1.0,1.0,1.0287476928721954e-05,0.009963175008228941,0.0,1.0,0.7286034240000845,0,1479,sin(x1)*cos(x2),-0.0003948 + 1.994*(cos(x2)*sin(x1)),generation budget reached
trig_product,complementary,0.1,300,4,9005,federated-tree-gp-style,1.0,1.0,1.0,1.0287476928720551e-05,0.009963175008228943,0.0,1.0,0.9107492499999807,445440,1479,sin(x1)*cos(x2),-0.0003948 + 1.994*(cos(x2)*sin(x1)),generation budget reached
trig_product,complementary,0.1,300,4,9005,centralized-residual-counterexample-gp,1.0,1.0,1.0,1.0287476928721954e-05,0.009963175008228941,0.0,1.0,0.773905797999987,0,1482,sin(x1)*cos(x2),-0.0003948 + 1.994*(cos(x2)*sin(x1)),generation budget reached
trig_product,spurious,0.03,300,4,9001,fedfalsify-v05,1.0,1.0,1.0,9.103089310317424e-08,0.0009049250300526554,0.0,1.0,0.177728462999994,152152,2,sin(x1)*cos(x2),-0.0002797 + 2·sin(x₁)cos(x₂),target federated MSE reached; no replacement passed the federated certificate
trig_product,spurious,0.03,300,4,9001,centralized-tree-gp,1.0,1.0,1.0,9.103089310304737e-08,0.0009049250300526551,0.0,1.0,0.6678536629999599,0,1456,sin(x1)*cos(x2),-0.0002797 + 2*(cos(x2)*sin(x1)),generation budget reached
trig_product,spurious,0.03,300,4,9001,federated-tree-gp-style,1.0,1.0,1.0,9.103089310317424e-08,0.0009049250300526554,0.0,1.0,0.8864119059999211,427136,1456,sin(x1)*cos(x2),-0.0002797 + 2*(cos(x2)*sin(x1)),generation budget reached
trig_product,spurious,0.03,300,4,9001,centralized-residual-counterexample-gp,1.0,1.0,1.0,9.103089310304737e-08,0.0009049250300526551,0.0,1.0,0.7304832949998854,0,1454,sin(x1)*cos(x2),-0.0002797 + 2*(cos(x2)*sin(x1)),generation budget reached
trig_product,spurious,0.03,300,4,9002,fedfalsify-v05,1.0,1.0,1.0,1.2571114445552195e-06,0.0009672674726540389,0.0,1.0,0.17881455099995947,182337,2,sin(x1)*cos(x2),4.955e-05 + 1.998·sin(x₁)cos(x₂),target federated MSE reached; no replacement passed the federated certificate
trig_product,spurious,0.03,300,4,9002,centralized-tree-gp,1.0,1.0,1.0,1.2571114445544815e-06,0.000967267472654039,0.0,1.0,0.7032312090000232,0,1469,sin(x1)*cos(x2),4.955e-05 + 1.998*(cos(x2)*sin(x1)),generation budget reached
trig_product,spurious,0.03,300,4,9002,federated-tree-gp-style,1.0,1.0,1.0,1.2571114445552195e-06,0.0009672674726540389,0.0,1.0,0.8856929359999413,440384,1469,sin(x1)*cos(x2),4.955e-05 + 1.998*(cos(x2)*sin(x1)),generation budget reached
trig_product,spurious,0.03,300,4,9002,centralized-residual-counterexample-gp,1.0,1.0,1.0,1.2571114445544815e-06,0.000967267472654039,0.0,1.0,1.1545786540000336,0,1470,sin(x1)*cos(x2),4.955e-05 + 1.998*(cos(x2)*sin(x1)),generation budget reached
trig_product,spurious,0.03,300,4,9003,fedfalsify-v05,1.0,1.0,1.0,1.8336451628608807e-06,0.0008736941545172856,0.0,1.0,0.23180125599992607,152194,2,sin(x1)*cos(x2),-0.0004477 + 1.997·sin(x₁)cos(x₂),target federated MSE reached; no replacement passed the federated certificate
trig_product,spurious,0.03,300,4,9003,centralized-tree-gp,1.0,1.0,1.0,1.833645162859737e-06,0.0008736941545172855,0.0,1.0,1.2052857369999401,0,1485,sin(x1)*cos(x2),-0.0004477 + 1.997*(cos(x2)*sin(x1)),generation budget reached
trig_product,spurious,0.03,300,4,9003,federated-tree-gp-style,1.0,1.0,1.0,1.8336451628608807e-06,0.0008736941545172856,0.0,1.0,1.4915926910000508,452480,1485,sin(x1)*cos(x2),-0.0004477 + 1.997*(cos(x2)*sin(x1)),generation budget reached
trig_product,spurious,0.03,300,4,9003,centralized-residual-counterexample-gp,1.0,1.0,1.0,1.833645162859737e-06,0.0008736941545172855,0.0,1.0,1.0095867509999152,0,1482,sin(x1)*cos(x2),-0.0004477 + 1.997*(cos(x2)*sin(x1)),generation budget reached
trig_product,spurious,0.03,300,4,9004,fedfalsify-v05,1.0,1.0,1.0,1.0410103491912027e-06,0.0010489001566802369,0.0,1.0,0.16234170199982145,152254,2,sin(x1)*cos(x2),-0.0005532 + 1.998·sin(x₁)cos(x₂),target federated MSE reached; no replacement passed the federated certificate
trig_product,spurious,0.03,300,4,9004,centralized-tree-gp,1.0,1.0,1.0,1.041010349192614e-06,0.001048900156680237,0.0,1.0,0.6938673909999125,0,1451,sin(x1)*cos(x2),-0.0005532 + 1.998*(cos(x2)*sin(x1)),generation budget reached
trig_product,spurious,0.03,300,4,9004,federated-tree-gp-style,1.0,1.0,1.0,1.0410103491912027e-06,0.0010489001566802369,0.0,1.0,0.8461488699999791,419648,1451,sin(x1)*cos(x2),-0.0005532 + 1.998*(cos(x2)*sin(x1)),generation budget reached
trig_product,spurious,0.03,300,4,9004,centralized-residual-counterexample-gp,1.0,1.0,1.0,1.041010349192614e-06,0.001048900156680237,0.0,1.0,0.694823481999947,0,1451,sin(x1)*cos(x2),-0.0005532 + 1.998*(cos(x2)*sin(x1)),generation budget reached
trig_product,spurious,0.03,300,4,9005,fedfalsify-v05,1.0,1.0,1.0,4.896808831326066e-06,0.0008530260818552373,0.0,1.0,0.16569756900003085,152445,2,sin(x1)*cos(x2),0.0002055 + 1.996·sin(x₁)cos(x₂),target federated MSE reached; no replacement passed the federated certificate
trig_product,spurious,0.03,300,4,9005,centralized-tree-gp,1.0,1.0,1.0,4.896808831330456e-06,0.0008530260818552374,0.0,1.0,0.6880544620000819,0,1466,sin(x1)*cos(x2),0.0002055 + 1.996*(cos(x2)*sin(x1)),generation budget reached
trig_product,spurious,0.03,300,4,9005,federated-tree-gp-style,1.0,1.0,1.0,4.896808831326066e-06,0.0008530260818552373,0.0,1.0,0.8722394440001153,439936,1466,sin(x1)*cos(x2),0.0002055 + 1.996*(cos(x2)*sin(x1)),generation budget reached
trig_product,spurious,0.03,300,4,9005,centralized-residual-counterexample-gp,1.0,1.0,1.0,4.896808831330456e-06,0.0008530260818552374,0.0,1.0,0.7333624220000274,0,1466,sin(x1)*cos(x2),0.0002055 + 1.996*(cos(x2)*sin(x1)),generation budget reached
trig_product,spurious,0.1,300,4,9001,fedfalsify-v05,1.0,1.0,1.0,1.0114542953018005e-06,0.010054722556140615,0.0,1.0,0.15699238700017304,151529,2,sin(x1)*cos(x2),-0.0009323 + 1.999·sin(x₁)cos(x₂),target federated MSE reached; no replacement passed the federated certificate
trig_product,spurious,0.1,300,4,9001,centralized-tree-gp,1.0,1.0,1.0,1.011454295302662e-06,0.010054722556140613,0.0,1.0,0.6892188550000355,0,1447,sin(x1)*cos(x2),-0.0009323 + 1.999*(cos(x2)*sin(x1)),generation budget reached
trig_product,spurious,0.1,300,4,9001,federated-tree-gp-style,1.0,1.0,1.0,1.0114542953018005e-06,0.010054722556140615,0.0,1.0,0.8550562200000513,422400,1447,sin(x1)*cos(x2),-0.0009323 + 1.999*(cos(x2)*sin(x1)),generation budget reached
trig_product,spurious,0.1,300,4,9001,centralized-residual-counterexample-gp,1.0,1.0,1.0,1.011454295302662e-06,0.010054722556140613,0.0,1.0,0.6869203129999732,0,1447,sin(x1)*cos(x2),-0.0009323 + 1.999*(cos(x2)*sin(x1)),generation budget reached
trig_product,spurious,0.1,300,4,9002,fedfalsify-v05,1.0,1.0,1.0,1.396790439303328e-05,0.010747416362822655,0.0,1.0,0.18648918999997477,181602,2,sin(x1)*cos(x2),0.0001652 + 1.993·sin(x₁)cos(x₂),target federated MSE reached; no replacement passed the federated certificate
trig_product,spurious,0.1,300,4,9002,centralized-tree-gp,1.0,1.0,1.0,1.3967904393030795e-05,0.010747416362822655,0.0,1.0,0.7091140949999044,0,1472,sin(x1)*cos(x2),0.0001652 + 1.993*(cos(x2)*sin(x1)),generation budget reached
trig_product,spurious,0.1,300,4,9002,federated-tree-gp-style,1.0,1.0,1.0,1.396790439303328e-05,0.010747416362822655,0.0,1.0,0.9003616249999595,443840,1472,sin(x1)*cos(x2),0.0001652 + 1.993*(cos(x2)*sin(x1)),generation budget reached
trig_product,spurious,0.1,300,4,9002,centralized-residual-counterexample-gp,1.0,1.0,1.0,1.3967904393030795e-05,0.010747416362822655,0.0,1.0,0.9430470980000791,0,1472,sin(x1)*cos(x2),0.0001652 + 1.993*(cos(x2)*sin(x1)),generation budget reached
trig_product,spurious,0.1,300,4,9003,fedfalsify-v05,1.0,1.0,1.0,2.0373834466069343e-05,0.009707712827969839,0.0,1.0,0.22086812299994563,151600,2,sin(x1)*cos(x2),-0.001492 + 1.991·sin(x₁)cos(x₂),target federated MSE reached; no replacement passed the federated certificate
trig_product,spurious,0.1,300,4,9003,centralized-tree-gp,1.0,1.0,1.0,2.0373834466079785e-05,0.00970771282796984,0.0,1.0,1.1770299400000113,0,1473,sin(x1)*cos(x2),-0.001492 + 1.991*(cos(x2)*sin(x1)),generation budget reached
trig_product,spurious,0.1,300,4,9003,federated-tree-gp-style,1.0,1.0,1.0,2.0373834466069343e-05,0.009707712827969839,0.0,1.0,1.5233071899999686,445888,1473,sin(x1)*cos(x2),-0.001492 + 1.991*(cos(x2)*sin(x1)),generation budget reached
trig_product,spurious,0.1,300,4,9003,centralized-residual-counterexample-gp,1.0,1.0,1.0,2.0373834466079785e-05,0.00970771282796984,0.0,1.0,1.2365174809999644,0,1472,sin(x1)*cos(x2),-0.001492 + 1.991*(cos(x2)*sin(x1)),generation budget reached
trig_product,spurious,0.1,300,4,9004,fedfalsify-v05,1.0,1.0,1.0,1.15667812318421e-05,0.01165444618533597,0.0,1.0,0.19648072699988006,151485,2,sin(x1)*cos(x2),-0.001844 + 1.994·sin(x₁)cos(x₂),target federated MSE reached; no replacement passed the federated certificate
trig_product,spurious,0.1,300,4,9004,centralized-tree-gp,1.0,1.0,1.0,1.1566781231840196e-05,0.01165444618533597,0.0,1.0,0.6757050260000597,0,1449,sin(x1)*cos(x2),-0.001844 + 1.994*(cos(x2)*sin(x1)),generation budget reached
trig_product,spurious,0.1,300,4,9004,federated-tree-gp-style,1.0,1.0,1.0,1.15667812318421e-05,0.01165444618533597,0.0,1.0,0.8206354779999856,418944,1449,sin(x1)*cos(x2),-0.001844 + 1.994*(cos(x2)*sin(x1)),generation budget reached
trig_product,spurious,0.1,300,4,9004,centralized-residual-counterexample-gp,1.0,1.0,1.0,1.1566781231840196e-05,0.01165444618533597,0.0,1.0,0.7087938350000513,0,1449,sin(x1)*cos(x2),-0.001844 + 1.994*(cos(x2)*sin(x1)),generation budget reached
trig_product,spurious,0.1,300,4,9005,fedfalsify-v05,1.0,1.0,1.0,5.440898581122611e-05,0.009478067576169306,0.0,1.0,0.15531922299987855,151824,2,sin(x1)*cos(x2),0.0006849 + 1.985·sin(x₁)cos(x₂),target federated MSE reached; no replacement passed the federated certificate
trig_product,spurious,0.1,300,4,9005,centralized-tree-gp,1.0,1.0,1.0,5.440898581122289e-05,0.009478067576169306,0.0,1.0,0.6952636349999466,0,1472,sin(x1)*cos(x2),0.0006849 + 1.985*(cos(x2)*sin(x1)),generation budget reached
trig_product,spurious,0.1,300,4,9005,federated-tree-gp-style,1.0,1.0,1.0,5.440898581122611e-05,0.009478067576169306,0.0,1.0,0.8999564959999589,440832,1472,sin(x1)*cos(x2),0.0006849 + 1.985*(cos(x2)*sin(x1)),generation budget reached
trig_product,spurious,0.1,300,4,9005,centralized-residual-counterexample-gp,1.0,1.0,1.0,5.440898581122289e-05,0.009478067576169306,0.0,1.0,0.738972768999929,0,1474,sin(x1)*cos(x2),0.0006849 + 1.985*(cos(x2)*sin(x1)),generation budget reached
trig_product,exception,0.03,300,4,9001,fedfalsify-v05,1.0,1.0,1.0,1.1768941562325216e-06,0.0024614293424658727,0.0,1.0,0.2178416639999341,187500,3,I(x3>1)*x3^2;sin(x1)*cos(x2),-0.001685 + 0.7508·𝟙[x₃>1]·x₃² + 1.999·sin(x₁)cos(x₂),target federated MSE reached; no replacement passed the federated certificate
trig_product,exception,0.03,300,4,9001,centralized-tree-gp,0.0,0.5,0.5,0.055689890384568126,0.058985599419562294,0.0,1.0,0.7396140030000424,0,1485,"I(x3>1)*x3^2;expr:sin(mul(cos(x2),x1))",0.0008666 + 0.7406*I(x3>1)*((x3)^2) + 1.675*sin((cos(x2)*x1)),generation budget reached
trig_product,exception,0.03,300,4,9001,federated-tree-gp-style,0.0,0.5,0.5,0.05568989038456807,0.05898559941956228,0.0,1.0,1.0069458860000395,509952,1485,"I(x3>1)*x3^2;expr:sin(mul(cos(x2),x1))",0.0008666 + 0.7406*I(x3>1)*((x3)^2) + 1.675*sin((cos(x2)*x1)),generation budget reached
trig_product,exception,0.03,300,4,9001,centralized-residual-counterexample-gp,0.0,0.5,0.5,0.055689890384568126,0.058985599419562294,0.0,1.0,0.8311962150000909,0,1513,"I(x3>1)*x3^2;expr:sin(mul(cos(x2),x1))",0.0008666 + 0.7406*I(x3>1)*((x3)^2) + 1.675*sin((cos(x2)*x1)),generation budget reached
trig_product,exception,0.03,300,4,9002,fedfalsify-v05,1.0,1.0,1.0,1.0686593917748255e-06,0.0027044132009818277,0.0,1.0,0.2241924959998869,187656,3,I(x3>1)*x3^2;sin(x1)*cos(x2),0.001816 + 0.7493·𝟙[x₃>1]·x₃² + 1.999·sin(x₁)cos(x₂),target federated MSE reached; no replacement passed the federated certificate
trig_product,exception,0.03,300,4,9002,centralized-tree-gp,1.0,1.0,1.0,1.0686593917733684e-06,0.002704413200981828,0.0,1.0,0.8644070389998433,0,1579,I(x3>1)*x3^2;sin(x1)*cos(x2),0.001816 + 0.7493*I(x3>1)*((x3)^2) + 1.999*(cos(x2)*sin(x1)),generation budget reached
trig_product,exception,0.03,300,4,9002,federated-tree-gp-style,1.0,1.0,1.0,1.0686593917748035e-06,0.0027044132009818277,0.0,1.0,1.1080167369998435,600256,1579,I(x3>1)*x3^2;sin(x1)*cos(x2),0.001816 + 0.7493*I(x3>1)*((x3)^2) + 1.999*(cos(x2)*sin(x1)),generation budget reached
trig_product,exception,0.03,300,4,9002,centralized-residual-counterexample-gp,1.0,1.0,1.0,1.0686593917733684e-06,0.002704413200981828,0.0,1.0,1.357822151999926,0,1579,I(x3>1)*x3^2;sin(x1)*cos(x2),0.001816 + 0.7493*I(x3>1)*((x3)^2) + 1.999*(cos(x2)*sin(x1)),generation budget reached
trig_product,exception,0.03,300,4,9003,fedfalsify-v05,1.0,1.0,1.0,2.0045648116509387e-06,0.002399567288667035,0.0,1.0,0.3041178940000009,187267,3,I(x3>1)*x3^2;sin(x1)*cos(x2),0.001961 + 0.7491·𝟙[x₃>1]·x₃² + 2.002·sin(x₁)cos(x₂),target federated MSE reached; no replacement passed the federated certificate
trig_product,exception,0.03,300,4,9003,centralized-tree-gp,0.0,0.5,0.5,0.0009060297425095464,0.00474860709835246,0.0,1.0,1.3204082090001066,0,1528,"I(x3>1)*x3^2;expr:sin(mul(cos(x2),sin(x1)))",0.001756 + 0.7499*I(x3>1)*((x3)^2) + 2.197*sin((cos(x2)*sin(x1))),generation budget reached
trig_product,exception,0.03,300,4,9003,federated-tree-gp-style,0.0,0.5,0.5,0.0009060297425095447,0.004748607098352459,0.0,1.0,1.7335023360001287,566976,1528,"I(x3>1)*x3^2;expr:sin(mul(cos(x2),sin(x1)))",0.001756 + 0.7499*I(x3>1)*((x3)^2) + 2.197*sin((cos(x2)*sin(x1))),generation budget reached
trig_product,exception,0.03,300,4,9003,centralized-residual-counterexample-gp,0.0,0.5,0.5,0.0009060297425095464,0.00474860709835246,0.0,1.0,0.8867199779999737,0,1520,"I(x3>1)*x3^2;expr:sin(mul(cos(x2),sin(x1)))",0.001756 + 0.7499*I(x3>1)*((x3)^2) + 2.197*sin((cos(x2)*sin(x1))),generation budget reached
trig_product,exception,0.03,300,4,9004,fedfalsify-v05,1.0,1.0,1.0,9.183901894781853e-07,0.0024241766859716724,0.0,1.0,0.21666118100006315,187732,3,I(x3>1)*x3^2;sin(x1)*cos(x2),-0.001446 + 0.7499·𝟙[x₃>1]·x₃² + 2·sin(x₁)cos(x₂),target federated MSE reached; no replacement passed the federated certificate
trig_product,exception,0.03,300,4,9004,centralized-tree-gp,0.0,0.25,0.5,0.11556918983513019,0.267319855746258,0.0,1.0,0.7280076560000452,0,1501,"I(x3>1)*x3^2;expr:cos(add(cos(x3),x1));expr:mul(sin(x1),square(x2));expr:sin(add(cos(x1),sin(x1)))",-0.1897 - 0.7808*cos((cos(x3)+x1)) + 0.8139*I(x3>1)*((x3)^2) - 0.4366*(sin(x1)*(x2)^2) + 1.298*sin((cos(x1)+sin(x1))),generation budget reached
trig_product,exception,0.03,300,4,9004,federated-tree-gp-style,0.0,0.25,0.5,0.11556918983512995,0.267319855746258,0.0,1.0,0.9445248079998692,504704,1501,"I(x3>1)*x3^2;expr:cos(add(cos(x3),x1));expr:mul(sin(x1),square(x2));expr:sin(add(cos(x1),sin(x1)))",-0.1897 - 0.7808*cos((cos(x3)+x1)) + 0.8139*I(x3>1)*((x3)^2) - 0.4366*(sin(x1)*(x2)^2) + 1.298*sin((cos(x1)+sin(x1))),generation budget reached
trig_product,exception,0.03,300,4,9004,centralized-residual-counterexample-gp,0.0,0.25,0.5,0.16347905897806841,0.3444887576646634,0.0,1.0,0.7951376109999728,0,1506,"I(x3>1)*x3^2;expr:mul(sin(x1),square(x2));expr:sin(add(cos(x1),sin(x1)));expr:square(add(square(x1),x2))",-0.5911 + 0.7439*I(x3>1)*((x3)^2) - 0.4293*(sin(x1)*(x2)^2) + 1.331*sin((cos(x1)+sin(x1))) + 0.02593*(((x1)^2+x2))^2,generation budget reached
trig_product,exception,0.03,300,4,9005,fedfalsify-v05,1.0,1.0,1.0,2.482206011790541e-06,0.0024958988612129493,0.0,1.0,0.222608813999841,187478,3,I(x3>1)*x3^2;sin(x1)*cos(x2),-0.001102 + 0.7511·𝟙[x₃>1]·x₃² + 1.996·sin(x₁)cos(x₂),target federated MSE reached; no replacement passed the federated certificate
trig_product,exception,0.03,300,4,9005,centralized-tree-gp,0.0,0.25,0.5,0.02825400188579062,0.07873410989932746,0.0,1.0,0.8828881629999614,0,1570,"I(x3>1)*x3^2;expr:cos(add(cos(x2),sin(x1)));expr:square(mul(cos(x2),cos(x2)));expr:square(mul(sin(x1),x3))",1.728 - 2.375*cos((cos(x2)+sin(x1))) + 0.8109*I(x3>1)*((x3)^2) - 0.73*((cos(x2)*cos(x2)))^2 - 0.1418*((sin(x1)*x3))^2,generation budget reached
trig_product,exception,0.03,300,4,9005,federated-tree-gp-style,0.0,0.25,0.5,0.02825400188579061,0.07873410989932746,0.0,1.0,1.1248023420000663,604608,1570,"I(x3>1)*x3^2;expr:cos(add(cos(x2),sin(x1)));expr:square(mul(cos(x2),cos(x2)));expr:square(mul(sin(x1),x3))",1.728 - 2.375*cos((cos(x2)+sin(x1))) + 0.8109*I(x3>1)*((x3)^2) - 0.73*((cos(x2)*cos(x2)))^2 - 0.1418*((sin(x1)*x3))^2,generation budget reached
trig_product,exception,0.03,300,4,9005,centralized-residual-counterexample-gp,0.0,0.25,0.5,0.025813069825031076,0.06956815765520562,1.0,1.0,0.926651917999834,0,1552,"I(x3>1)*x3^2;expr:cos(add(cos(x2),sin(x1)));expr:mul(sin(x1),sin(x1));expr:square(mul(sin(x2),sin(x4)))",1.666 - 2.374*cos((cos(x2)+sin(x1))) + 0.7583*I(x3>1)*((x3)^2) - 0.8091*(sin(x1)*sin(x1)) + 0.619*((sin(x2)*sin(x4)))^2,generation budget reached
trig_product,exception,0.1,300,4,9001,fedfalsify-v05,1.0,1.0,1.0,1.3076601632274735e-05,0.02734921491628749,0.0,1.0,0.21283422500005145,186840,3,I(x3>1)*x3^2;sin(x1)*cos(x2),-0.005617 + 0.7528·𝟙[x₃>1]·x₃² + 1.996·sin(x₁)cos(x₂),target federated MSE reached; no replacement passed the federated certificate
trig_product,exception,0.1,300,4,9001,centralized-tree-gp,0.0,0.3333333333333333,0.5,0.05004511044382992,0.08087538949914479,0.0,1.0,0.7871327430000292,0,1488,"I(x3>1)*x3^2;expr:sin(add(x1,x2));expr:sin(mul(cos(x2),x1))",0.007597 + 0.7403*I(x3>1)*((x3)^2) + 0.1237*sin((x1+x2)) + 1.566*sin((cos(x2)*x1)),generation budget reached
trig_product,exception,0.1,300,4,9001,federated-tree-gp-style,0.0,0.3333333333333333,0.5,0.050045110443829914,0.08087538949914479,0.0,1.0,1.0116240509998988,534144,1488,"I(x3>1)*x3^2;expr:sin(add(x1,x2));expr:sin(mul(cos(x2),x1))",0.007597 + 0.7403*I(x3>1)*((x3)^2) + 0.1237*sin((x1+x2)) + 1.566*sin((cos(x2)*x1)),generation budget reached
trig_product,exception,0.1,300,4,9001,centralized-residual-counterexample-gp,0.0,0.3333333333333333,0.5,0.05004511044382992,0.08087538949914479,0.0,1.0,0.797144833999937,0,1472,"I(x3>1)*x3^2;expr:sin(add(x1,x2));expr:sin(mul(cos(x2),x1))",0.007597 + 0.7403*I(x3>1)*((x3)^2) + 0.1237*sin((x1+x2)) + 1.566*sin((cos(x2)*x1)),generation budget reached
trig_product,exception,0.1,300,4,9002,fedfalsify-v05,1.0,1.0,1.0,1.1873993146907852e-05,0.03004903556646477,0.0,1.0,0.2171568930000376,187200,3,I(x3>1)*x3^2;sin(x1)*cos(x2),0.006054 + 0.7477·𝟙[x₃>1]·x₃² + 1.997·sin(x₁)cos(x₂),target federated MSE reached; no replacement passed the federated certificate
trig_product,exception,0.1,300,4,9002,centralized-tree-gp,1.0,1.0,1.0,1.1873993146902504e-05,0.03004903556646477,0.0,1.0,1.0648648300000332,0,1506,I(x3>1)*x3^2;sin(x1)*cos(x2),0.006054 + 0.7477*I(x3>1)*((x3)^2) + 1.997*(cos(x2)*sin(x1)),generation budget reached
trig_product,exception,0.1,300,4,9002,federated-tree-gp-style,1.0,1.0,1.0,1.1873993146907795e-05,0.030049035566464766,0.0,1.0,1.584752306999917,519808,1506,I(x3>1)*x3^2;sin(x1)*cos(x2),0.006054 + 0.7477*I(x3>1)*((x3)^2) + 1.997*(cos(x2)*sin(x1)),generation budget reached
trig_product,exception,0.1,300,4,9002,centralized-residual-counterexample-gp,1.0,1.0,1.0,1.1873993146902504e-05,0.03004903556646477,0.0,1.0,1.2698228940000718,0,1490,I(x3>1)*x3^2;sin(x1)*cos(x2),0.006054 + 0.7477*I(x3>1)*((x3)^2) + 1.997*(cos(x2)*sin(x1)),generation budget reached
trig_product,exception,0.1,300,4,9003,fedfalsify-v05,1.0,1.0,1.0,2.2272942601966705e-05,0.026661858762967058,0.0,1.0,0.32077912999989167,186982,3,I(x3>1)*x3^2;sin(x1)*cos(x2),0.006537 + 0.747·𝟙[x₃>1]·x₃² + 2.008·sin(x₁)cos(x₂),target federated MSE reached; no replacement passed the federated certificate
trig_product,exception,0.1,300,4,9003,centralized-tree-gp,0.0,0.25,0.5,0.05772479552523756,0.1468038671829975,0.0,1.0,1.2275893949999954,0,1611,"I(x3>1)*x3^2;expr:cos(add(cos(x2),sin(x1)));expr:cos(mul(cos(x1),x2));expr:square(add(cos(x2),x2))",1.943 - 2.374*cos((cos(x2)+sin(x1))) - 0.6337*cos((cos(x1)*x2)) + 0.7341*I(x3>1)*((x3)^2) - 0.0548*((cos(x2)+x2))^2,generation budget reached
trig_product,exception,0.1,300,4,9003,federated-tree-gp-style,0.0,0.25,0.5,0.057724795525238015,0.1468038671829975,0.0,1.0,1.1648100820000309,645312,1611,"I(x3>1)*x3^2;expr:cos(add(cos(x2),sin(x1)));expr:cos(mul(cos(x1),x2));expr:square(add(cos(x2),x2))",1.943 - 2.374*cos((cos(x2)+sin(x1))) - 0.6337*cos((cos(x1)*x2)) + 0.7341*I(x3>1)*((x3)^2) - 0.0548*((cos(x2)+x2))^2,generation budget reached
trig_product,exception,0.1,300,4,9003,centralized-residual-counterexample-gp,0.0,0.3333333333333333,0.5,0.07431920722039353,0.1301480538594575,0.0,1.0,0.8908649990000868,0,1563,"I(x3>1)*x3^2;expr:cos(add(cos(x2),sin(x1)));expr:mul(cos(x2),x1)",0.7061 - 1.224*cos((cos(x2)+sin(x1))) + 0.7492*I(x3>1)*((x3)^2) + 0.5261*(cos(x2)*x1),generation budget reached
trig_product,exception,0.1,300,4,9004,fedfalsify-v05,1.0,1.0,1.0,1.0204335430453427e-05,0.026935296510796375,0.0,1.0,0.2220044019998113,187032,3,I(x3>1)*x3^2;sin(x1)*cos(x2),-0.00482 + 0.7496·𝟙[x₃>1]·x₃² + 2·sin(x₁)cos(x₂),target federated MSE reached; no replacement passed the federated certificate
trig_product,exception,0.1,300,4,9004,centralized-tree-gp,0.0,0.25,0.5,0.10182808112516986,0.2412514597766336,1.0,1.0,0.8012998029998926,0,1510,"I(x3>1)*x3^2;expr:mul(sin(x1),square(x2));expr:sin(add(cos(x4),x1));expr:square(add(cos(x1),cos(x4)))",0.4109 + 0.7828*I(x3>1)*((x3)^2) - 0.4542*(sin(x1)*(x2)^2) + 1.812*sin((cos(x4)+x1)) - 0.5578*((cos(x1)+cos(x4)))^2,generation budget reached
trig_product,exception,0.1,300,4,9004,federated-tree-gp-style,0.0,0.25,0.5,0.10182808112516979,0.24125145977663365,1.0,1.0,1.0392728750000515,532992,1510,"I(x3>1)*x3^2;expr:mul(sin(x1),square(x2));expr:sin(add(cos(x4),x1));expr:square(add(cos(x1),cos(x4)))",0.4109 + 0.7828*I(x3>1)*((x3)^2) - 0.4542*(sin(x1)*(x2)^2) + 1.812*sin((cos(x4)+x1)) - 0.5578*((cos(x1)+cos(x4)))^2,generation budget reached
trig_product,exception,0.1,300,4,9004,centralized-residual-counterexample-gp,0.0,0.25,0.5,0.11476941871384373,0.29586530700881547,0.0,1.0,0.7921153469999354,0,1487,"I(x3>1)*x3^2;expr:cos(add(cos(x3),x1));expr:mul(sin(x1),square(x2));expr:sin(add(cos(x1),sin(x1)))",-0.1888 - 0.7901*cos((cos(x3)+x1)) + 0.8133*I(x3>1)*((x3)^2) - 0.4351*(sin(x1)*(x2)^2) + 1.293*sin((cos(x1)+sin(x1))),generation budget reached
trig_product,exception,0.1,300,4,9005,fedfalsify-v05,1.0,1.0,1.0,2.7580066443660338e-05,0.02773220956903277,0.0,1.0,0.2147652010000911,186845,3,I(x3>1)*x3^2;sin(x1)*cos(x2),-0.003673 + 0.7535·𝟙[x₃>1]·x₃² + 1.988·sin(x₁)cos(x₂),target federated MSE reached; no replacement passed the federated certificate
trig_product,exception,0.1,300,4,9005,centralized-tree-gp,0.0,0.25,0.5,0.000260352300500884,0.02795897093844769,0.0,1.0,0.8894106170000668,0,1579,"I(x3>1)*x3^2;expr:mul(sin(x1),sin(x1));expr:sin(mul(cos(x2),cos(x2)));expr:square(add(cos(x2),sin(x1)))",0.01883 + 0.7531*I(x3>1)*((x3)^2) - 0.9964*(sin(x1)*sin(x1)) - 1.148*sin((cos(x2)*cos(x2))) + 0.9936*((cos(x2)+sin(x1)))^2,generation budget reached
trig_product,exception,0.1,300,4,9005,federated-tree-gp-style,0.0,0.25,0.5,0.0002603523005008959,0.027958970938447698,0.0,1.0,1.19224356299992,621760,1579,"I(x3>1)*x3^2;expr:mul(sin(x1),sin(x1));expr:sin(mul(cos(x2),cos(x2)));expr:square(add(cos(x2),sin(x1)))",0.01883 + 0.7531*I(x3>1)*((x3)^2) - 0.9964*(sin(x1)*sin(x1)) - 1.148*sin((cos(x2)*cos(x2))) + 0.9936*((cos(x2)+sin(x1)))^2,generation budget reached
trig_product,exception,0.1,300,4,9005,centralized-residual-counterexample-gp,0.0,0.25,0.5,0.000260352300500884,0.02795897093844769,0.0,1.0,0.9521348159998979,0,1580,"I(x3>1)*x3^2;expr:mul(sin(x1),sin(x1));expr:sin(mul(cos(x2),cos(x2)));expr:square(add(cos(x2),sin(x1)))",0.01883 + 0.7531*I(x3>1)*((x3)^2) - 0.9964*(sin(x1)*sin(x1)) - 1.148*sin((cos(x2)*cos(x2))) + 0.9936*((cos(x2)+sin(x1)))^2,generation budget reached
interaction,complementary,0.03,300,4,9001,fedfalsify-v05,1.0,1.0,1.0,4.876849491713716e-07,0.004058037251793943,0.0,1.0,0.194787013999985,180161,3,x1*x2;x3^2,-4.014e-05 + 0.9999·x₁x₂ + 0.4992·x₃²,target federated MSE reached; no replacement passed the federated certificate
interaction,complementary,0.03,300,4,9001,centralized-tree-gp,1.0,1.0,1.0,4.876849491718722e-07,0.0040580372517939455,0.0,1.0,0.7452955080000265,0,1517,x1*x2;x3^2,-4.014e-05 + 0.9999*(x1*x2) + 0.4992*(x3)^2,generation budget reached
interaction,complementary,0.03,300,4,9001,federated-tree-gp-style,1.0,1.0,1.0,4.876849491713728e-07,0.004058037251793944,0.0,1.0,1.3327184209999814,535296,1517,x1*x2;x3^2,-4.014e-05 + 0.9999*(x1*x2) + 0.4992*(x3)^2,generation budget reached
interaction,complementary,0.03,300,4,9001,centralized-residual-counterexample-gp,1.0,1.0,1.0,4.876849491718722e-07,0.0040580372517939455,0.0,1.0,1.2550524079999832,0,1530,x1*x2;x3^2,-4.014e-05 + 0.9999*(x1*x2) + 0.4992*(x3)^2,generation budget reached
interaction,complementary,0.03,300,4,9002,fedfalsify-v05,1.0,1.0,1.0,2.265846316936128e-06,0.003857624669075852,0.0,1.0,0.283004726000172,180548,3,x1*x2;x3^2,0.003095 + 0.9986·x₁x₂ + 0.4993·x₃²,target federated MSE reached; no replacement passed the federated certificate
interaction,complementary,0.03,300,4,9002,centralized-tree-gp,0.0,0.25,0.5,0.0018586265517788183,0.018485229914252804,1.0,1.0,1.3491570270000466,0,1568,"expr:cos(add(cos(x4),square(x3)));expr:square(add(cos(x3),square(x3)));expr:square(mul(cos(x3),x1));x1*x2",0.1912 - 0.2767*cos((cos(x4)+(x3)^2)) + 1.001*(x1*x2) + 0.1259*((cos(x3)+(x3)^2))^2 - 0.0235*((cos(x3)*x1))^2,generation budget reached
interaction,complementary,0.03,300,4,9002,federated-tree-gp-style,0.0,0.25,0.5,0.0018586265517788235,0.018485229914252808,1.0,1.0,1.3719991830000708,594880,1568,"expr:cos(add(cos(x4),square(x3)));expr:square(add(cos(x3),square(x3)));expr:square(mul(cos(x3),x1));x1*x2",0.1912 - 0.2767*cos((cos(x4)+(x3)^2)) + 1.001*(x1*x2) + 0.1259*((cos(x3)+(x3)^2))^2 - 0.0235*((cos(x3)*x1))^2,generation budget reached
interaction,complementary,0.03,300,4,9002,centralized-residual-counterexample-gp,0.0,0.25,0.5,0.002012124489588971,0.01669148801221537,1.0,1.0,0.9096981860000142,0,1577,"expr:add(sin(x3),square(x4));expr:cos(add(cos(x4),square(x3)));expr:square(add(cos(x3),square(x3)));x1*x2",0.1405 + 0.03177*(sin(x3)+(x4)^2) - 0.3098*cos((cos(x4)+(x3)^2)) + 0.9983*(x1*x2) + 0.1266*((cos(x3)+(x3)^2))^2,generation budget reached
interaction,complementary,0.03,300,4,9003,fedfalsify-v05,1.0,1.0,1.0,2.2064435750701423e-06,0.004178773440096366,0.0,1.0,0.1984565099999145,180198,3,x1*x2;x3^2,0.003034 + 1.001·x₁x₂ + 0.4985·x₃²,target federated MSE reached; no replacement passed the federated certificate
interaction,complementary,0.03,300,4,9003,centralized-tree-gp,0.0,0.5,0.5,2.206443573667932e-06,0.0041787734400963675,0.0,1.0,0.7767743150000115,0,1531,"expr:add(square(x3),square(x3));x1*x2",0.003034 + 0.2493*((x3)^2+(x3)^2) + 1.001*(x1*x2),generation budget reached
interaction,complementary,0.03,300,4,9003,federated-tree-gp-style,0.0,0.5,0.5,2.2064435736648003e-06,0.0041787734400963675,0.0,1.0,0.9951126409998778,549056,1531,"expr:add(square(x3),square(x3));x1*x2",0.003034 + 0.2493*((x3)^2+(x3)^2) + 1.001*(x1*x2),generation budget reached
interaction,complementary,0.03,300,4,9003,centralized-residual-counterexample-gp,0.0,0.5,0.5,2.206443573667932e-06,0.0041787734400963675,0.0,1.0,0.7936962979999862,0,1518,"expr:add(square(x3),square(x3));x1*x2",0.003034 + 0.2493*((x3)^2+(x3)^2) + 1.001*(x1*x2),generation budget reached
interaction,complementary,0.03,300,4,9004,fedfalsify-v05,1.0,1.0,1.0,6.427358207405553e-06,0.004439209180318179,0.0,1.0,0.2008650929999476,180280,3,x1*x2;x3^2,-0.00519 + 1.002·x₁x₂ + 0.5013·x₃²,target federated MSE reached; no replacement passed the federated certificate
interaction,complementary,0.03,300,4,9004,centralized-tree-gp,1.0,1.0,1.0,6.427358207406308e-06,0.004439209180318177,0.0,1.0,0.8343839009999101,0,1571,x1*x2;x3^2,-0.00519 + 1.002*(x1*x2) + 0.5013*(x3)^2,generation budget reached
interaction,complementary,0.03,300,4,9004,federated-tree-gp-style,1.0,1.0,1.0,6.427358207405505e-06,0.00443920918031818,0.0,1.0,1.034531030999915,590016,1571,x1*x2;x3^2,-0.00519 + 1.002*(x1*x2) + 0.5013*(x3)^2,generation budget reached
interaction,complementary,0.03,300,4,9004,centralized-residual-counterexample-gp,0.0,0.6666666666666666,1.0,6.750796397123354e-06,0.0044377016393188145,1.0,1.0,0.8400871290000396,0,1569,"expr:add(sin(x2),x4);x1*x2;x3^2",-0.005332 - 0.001001*(sin(x2)+x4) + 1.002*(x1*x2) + 0.5013*(x3)^2,generation budget reached
interaction,complementary,0.03,300,4,9005,fedfalsify-v05,1.0,1.0,1.0,2.995259158761616e-07,0.0036782045918983706,0.0,1.0,0.19508718299994143,180442,3,x1*x2;x3^2,-0.001099 + 0.9996·x₁x₂ + 0.5007·x₃²,target federated MSE reached; no replacement passed the federated certificate
interaction,complementary,0.03,300,4,9005,centralized-tree-gp,0.0,0.5,0.5,2.995259167758511e-07,0.0036782045918983693,0.0,1.0,0.8411329299999579,0,1575,"expr:square(add(x3,x3));x1*x2",-0.001099 + 0.9996*(x1*x2) + 0.1252*((x3+x3))^2,generation budget reached
interaction,complementary,0.03,300,4,9005,federated-tree-gp-style,0.0,0.5,0.5,2.9952591677683545e-07,0.0036782045918983693,0.0,1.0,1.1114237899998898,617600,1575,"expr:square(add(x3,x3));x1*x2",-0.001099 + 0.9996*(x1*x2) + 0.1252*((x3+x3))^2,generation budget reached
interaction,complementary,0.03,300,4,9005,centralized-residual-counterexample-gp,0.0,0.5,0.5,2.995259167758511e-07,0.0036782045918983693,0.0,1.0,1.2576897699998426,0,1603,"expr:square(add(x3,x3));x1*x2",-0.001099 + 0.9996*(x1*x2) + 0.1252*((x3+x3))^2,generation budget reached
interaction,complementary,0.1,300,4,9001,fedfalsify-v05,1.0,1.0,1.0,5.418721644769929e-06,0.04508930279771049,0.0,1.0,0.2602770270000292,179806,3,x1*x2;x3^2,-0.0001338 + 0.9995·x₁x₂ + 0.4974·x₃²,target federated MSE reached; no replacement passed the federated certificate
interaction,complementary,0.1,300,4,9001,centralized-tree-gp,0.0,0.3333333333333333,0.5,0.00032510507053856046,0.0471440301680706,0.0,1.0,1.4241785740000523,0,1589,"expr:square(add(cos(x3),square(x3)));expr:square(mul(square(x3),x3));x1*x2",-0.2316 + 0.9995*(x1*x2) + 0.2949*((cos(x3)+(x3)^2))^2 - 0.02319*(((x3)^2*x3))^2,generation budget reached
interaction,complementary,0.1,300,4,9001,federated-tree-gp-style,0.0,0.3333333333333333,0.5,0.00032510507053853894,0.0471440301680706,0.0,1.0,1.8344400290000067,619840,1589,"expr:square(add(cos(x3),square(x3)));expr:square(mul(square(x3),x3));x1*x2",-0.2316 + 0.9995*(x1*x2) + 0.2949*((cos(x3)+(x3)^2))^2 - 0.02319*(((x3)^2*x3))^2,generation budget reached
interaction,complementary,0.1,300,4,9001,centralized-residual-counterexample-gp,0.0,0.3333333333333333,0.5,0.00032510507053856046,0.0471440301680706,0.0,1.0,1.166558741000017,0,1576,"expr:square(add(cos(x3),square(x3)));expr:square(mul(square(x3),x3));x1*x2",-0.2316 + 0.9995*(x1*x2) + 0.2949*((cos(x3)+(x3)^2))^2 - 0.02319*(((x3)^2*x3))^2,generation budget reached
interaction,complementary,0.1,300,4,9002,fedfalsify-v05,1.0,1.0,1.0,2.51760701344484e-05,0.04286249632306505,0.0,1.0,0.1996014369999557,180072,3,x1*x2;x3^2,0.01032 + 0.9953·x₁x₂ + 0.4977·x₃²,target federated MSE reached; no replacement passed the federated certificate
interaction,complementary,0.1,300,4,9002,centralized-tree-gp,0.0,0.3333333333333333,0.5,3.0821621352496854e-05,0.04283862075099055,1.0,1.0,0.8565216779998082,0,1547,"expr:square(mul(cos(x4),x3));expr:square(mul(sin(x4),x3));x1*x2",0.01059 + 0.9952*(x1*x2) + 0.5004*((cos(x4)*x3))^2 + 0.4935*((sin(x4)*x3))^2,generation budget reached
interaction,complementary,0.1,300,4,9002,federated-tree-gp-style,0.0,0.3333333333333333,0.5,3.082162135250481e-05,0.042838620750990555,1.0,1.0,1.1126394470002197,574144,1547,"expr:square(mul(cos(x4),x3));expr:square(mul(sin(x4),x3));x1*x2",0.01059 + 0.9952*(x1*x2) + 0.5004*((cos(x4)*x3))^2 + 0.4935*((sin(x4)*x3))^2,generation budget reached
interaction,complementary,0.1,300,4,9002,centralized-residual-counterexample-gp,0.0,0.3333333333333333,0.5,3.0821621352496854e-05,0.04283862075099055,1.0,1.0,0.899499447999915,0,1569,"expr:square(mul(cos(x4),x3));expr:square(mul(sin(x4),x3));x1*x2",0.01059 + 0.9952*(x1*x2) + 0.5004*((cos(x4)*x3))^2 + 0.4935*((sin(x4)*x3))^2,generation budget reached
interaction,complementary,0.1,300,4,9003,fedfalsify-v05,1.0,1.0,1.0,2.451603974544109e-05,0.04643081600107077,0.0,1.0,0.20758053400004428,179688,3,x1*x2;x3^2,0.01011 + 1.004·x₁x₂ + 0.4951·x₃²,target federated MSE reached; no replacement passed the federated certificate
interaction,complementary,0.1,300,4,9003,centralized-tree-gp,0.0,0.5,0.5,0.0036924081940581535,0.07094384523057738,0.0,1.0,0.9161445839999942,0,1572,"expr:square(mul(sin(x3),square(x3)));x1*x2",0.2366 + 1.005*(x1*x2) + 0.1482*((sin(x3)*(x3)^2))^2,generation budget reached
interaction,complementary,0.1,300,4,9003,federated-tree-gp-style,0.0,0.5,0.5,0.0036924081940581535,0.07094384523057738,0.0,1.0,1.0964454739998928,583360,1572,"expr:square(mul(sin(x3),square(x3)));x1*x2",0.2366 + 1.005*(x1*x2) + 0.1482*((sin(x3)*(x3)^2))^2,generation budget reached
interaction,complementary,0.1,300,4,9003,centralized-residual-counterexample-gp,0.0,0.5,0.5,0.0036924081940581535,0.07094384523057738,0.0,1.0,0.7878555920001418,0,1491,"expr:square(mul(sin(x3),square(x3)));x1*x2",0.2366 + 1.005*(x1*x2) + 0.1482*((sin(x3)*(x3)^2))^2,generation budget reached
interaction,complementary,0.1,300,4,9004,fedfalsify-v05,1.0,1.0,1.0,7.141509127605153e-05,0.04932454644797977,0.0,1.0,0.19752195000000938,179835,3,x1*x2;x3^2,-0.0173 + 1.008·x₁x₂ + 0.5044·x₃²,target federated MSE reached; no replacement passed the federated certificate
interaction,complementary,0.1,300,4,9004,centralized-tree-gp,0.0,0.3333333333333333,0.5,0.00020392345282908256,0.05016130778710644,0.0,1.0,0.8649994630000037,0,1587,"expr:add(cos(x3),cos(x3));expr:square(add(sin(x3),x3));x1*x2",3.308 - 1.653*(cos(x3)+cos(x3)) + 1.009*(x1*x2) - 0.3121*((sin(x3)+x3))^2,generation budget reached
interaction,complementary,0.1,300,4,9004,federated-tree-gp-style,0.0,0.3333333333333333,0.5,0.00020392345282902155,0.05016130778710643,0.0,1.0,1.1032743390001087,612544,1587,"expr:add(cos(x3),cos(x3));expr:square(add(sin(x3),x3));x1*x2",3.308 - 1.653*(cos(x3)+cos(x3)) + 1.009*(x1*x2) - 0.3121*((sin(x3)+x3))^2,generation budget reached
interaction,complementary,0.1,300,4,9004,centralized-residual-counterexample-gp,0.0,0.6666666666666666,1.0,7.027310314852108e-05,0.0491579945114387,0.0,1.0,0.9552607540001645,0,1634,"expr:add(cos(x1),square(x1));x1*x2;x3^2",-0.03661 + 0.00939*(cos(x1)+(x1)^2) + 1.006*(x1*x2) + 0.5042*(x3)^2,generation budget reached
interaction,complementary,0.1,300,4,9005,fedfalsify-v05,1.0,1.0,1.0,3.3280657253847702e-06,0.04086893990998189,0.0,1.0,0.22593070600009924,179912,3,x1*x2;x3^2,-0.003662 + 0.9987·x₁x₂ + 0.5023·x₃²,target federated MSE reached; no replacement passed the federated certificate
interaction,complementary,0.1,300,4,9005,centralized-tree-gp,0.0,0.5,0.5,3.328065728396161e-06,0.04086893990998189,0.0,1.0,1.2233294499999374,0,1514,"expr:square(add(x3,x3));x1*x2",-0.003662 + 0.9987*(x1*x2) + 0.1256*((x3+x3))^2,generation budget reached
interaction,complementary,0.1,300,4,9005,federated-tree-gp-style,0.0,0.5,0.5,3.3280657283969384e-06,0.040868939909981895,0.0,1.0,1.6709782699999778,534848,1514,"expr:square(add(x3,x3));x1*x2",-0.003662 + 0.9987*(x1*x2) + 0.1256*((x3+x3))^2,generation budget reached
interaction,complementary,0.1,300,4,9005,centralized-residual-counterexample-gp,0.0,0.5,0.5,3.328065728396161e-06,0.04086893990998189,0.0,1.0,1.3417820080001093,0,1518,"expr:square(add(x3,x3));x1*x2",-0.003662 + 0.9987*(x1*x2) + 0.1256*((x3+x3))^2,generation budget reached
interaction,spurious,0.03,300,4,9001,fedfalsify-v05,1.0,1.0,1.0,1.7470395788635719e-06,0.004077019521218707,0.0,1.0,0.3276022620000276,180264,3,x1*x2;x3^2,-0.0002764 + 0.9986·x₁x₂ + 0.5002·x₃²,target federated MSE reached; no replacement passed the federated certificate
interaction,spurious,0.03,300,4,9001,centralized-tree-gp,0.0,0.25,0.5,0.003466725062105217,0.03607034361759828,1.0,1.0,0.9802310810000563,0,1623,"expr:add(cos(x4),square(x3));expr:cos(add(cos(x4),square(x3)));expr:square(mul(square(x3),x3));x1*x2",0.08899 + 0.2432*(cos(x4)+(x3)^2) - 0.2077*cos((cos(x4)+(x3)^2)) + 1.007*(x1*x2) + 0.009109*(((x3)^2*x3))^2,generation budget reached
interaction,spurious,0.03,300,4,9001,federated-tree-gp-style,0.0,0.25,0.5,0.003466725062105212,0.03607034361759828,1.0,1.0,1.1762756150001223,652288,1623,"expr:add(cos(x4),square(x3));expr:cos(add(cos(x4),square(x3)));expr:square(mul(square(x3),x3));x1*x2",0.08899 + 0.2432*(cos(x4)+(x3)^2) - 0.2077*cos((cos(x4)+(x3)^2)) + 1.007*(x1*x2) + 0.009109*(((x3)^2*x3))^2,generation budget reached
interaction,spurious,0.03,300,4,9001,centralized-residual-counterexample-gp,0.0,0.25,0.5,9.944834510103492e-05,0.005407385062996991,1.0,1.0,0.8557947200001763,0,1578,"expr:cos(add(cos(x4),square(x3)));expr:cos(mul(sin(x3),x3));expr:square(mul(cos(x3),x3));x1*x2",1.298 + 0.06499*cos((cos(x4)+(x3)^2)) - 1.36*cos((sin(x3)*x3)) + 0.9986*(x1*x2) + 0.4723*((cos(x3)*x3))^2,generation budget reached
interaction,spurious,0.03,300,4,9002,fedfalsify-v05,1.0,1.0,1.0,1.3432409149345684e-06,0.003680995020437079,0.0,1.0,0.26710636200004956,271030,3,x1*x2;x3^2,-0.001108 + 1.001·x₁x₂ + 0.5006·x₃²,target federated MSE reached; no replacement passed the federated certificate
interaction,spurious,0.03,300,4,9002,centralized-tree-gp,0.0,0.5,0.5,1.3432409157389104e-06,0.00368099502043708,0.0,1.0,0.7082873520000703,0,1505,"expr:square(add(x3,x3));x1*x2",-0.001108 + 1.001*(x1*x2) + 0.1251*((x3+x3))^2,generation budget reached
interaction,spurious,0.03,300,4,9002,federated-tree-gp-style,0.0,0.5,0.5,1.3432409157388349e-06,0.00368099502043708,0.0,1.0,0.9191675489998943,500736,1505,"expr:square(add(x3,x3));x1*x2",-0.001108 + 1.001*(x1*x2) + 0.1251*((x3+x3))^2,generation budget reached
interaction,spurious,0.03,300,4,9002,centralized-residual-counterexample-gp,0.0,0.5,0.5,1.3432409155780045e-06,0.00368099502043708,0.0,1.0,0.7188546140000653,0,1464,"expr:add(square(x3),square(x3));x1*x2",-0.001108 + 0.2503*((x3)^2+(x3)^2) + 1.001*(x1*x2),generation budget reached
interaction,spurious,0.03,300,4,9003,fedfalsify-v05,1.0,1.0,1.0,1.4189740794775421e-06,0.004016385626329578,0.0,1.0,0.18774035000001277,180357,3,x1*x2;x3^2,0.0002717 + 1.001·x₁x₂ + 0.4989·x₃²,target federated MSE reached; no replacement passed the federated certificate
interaction,spurious,0.03,300,4,9003,centralized-tree-gp,1.0,1.0,1.0,1.4189740794772747e-06,0.00401638562632958,0.0,1.0,0.7135556660000475,0,1499,x1*x2;x3^2,0.0002717 + 1.001*(x1*x2) + 0.4989*(x3)^2,generation budget reached
interaction,spurious,0.03,300,4,9003,federated-tree-gp-style,1.0,1.0,1.0,1.418974079477532e-06,0.00401638562632958,0.0,1.0,0.9102922070001114,513088,1499,x1*x2;x3^2,0.0002717 + 1.001*(x1*x2) + 0.4989*(x3)^2,generation budget reached
interaction,spurious,0.03,300,4,9003,centralized-residual-counterexample-gp,0.0,0.5,0.5,1.433648126701915e-06,0.004015985461506421,0.0,1.0,0.8964097309999488,0,1617,"expr:add(square(x3),square(x3));x1*x2",0.0004247 - 0.0004231*(sin(x4)+(x3)^2) + 0.0004373*(sin(x4)+x2) + 0.2497*((x3)^2+(x3)^2) + 1.001*(x1*x2),generation budget reached
interaction,spurious,0.03,300,4,9004,fedfalsify-v05,1.0,1.0,1.0,7.339135809447557e-07,0.004564799927218094,0.0,1.0,0.19375009899999895,180531,3,x1*x2;x3^2,-0.0007408 + 1.001·x₁x₂ + 0.4995·x₃²,target federated MSE reached; no replacement passed the federated certificate
interaction,spurious,0.03,300,4,9004,centralized-tree-gp,0.0,0.6666666666666666,1.0,1.2086445916067016e-06,0.004562925096015854,0.0,1.0,0.8020246779999525,0,1547,"expr:cos(mul(square(x2),x1));x1*x2;x3^2",-0.001491 + 0.001997*cos(((x2)^2*x1)) + 1.001*(x1*x2) + 0.4995*(x3*x3),generation budget reached
interaction,spurious,0.03,300,4,9004,federated-tree-gp-style,0.0,0.6666666666666666,1.0,1.2086445916070334e-06,0.004562925096015855,0.0,1.0,1.1915179809998335,560448,1547,"expr:cos(mul(square(x2),x1));x1*x2;x3^2",-0.001491 + 0.001997*cos(((x2)^2*x1)) + 1.001*(x1*x2) + 0.4995*(x3*x3),generation budget reached
interaction,spurious,0.03,300,4,9004,centralized-residual-counterexample-gp,0.0,0.25,0.5,0.0005338691611066972,0.008948238315510917,0.0,1.0,1.3633629319999727,0,1543,"expr:add(cos(x3),cos(x3));expr:cos(add(square(x3),square(x3)));expr:square(mul(sin(x3),x3));x1*x2",1.935 - 1.069*(cos(x3)+cos(x3)) + 0.103*cos(((x3)^2+(x3)^2)) + 1.001*(x1*x2) - 0.2719*((sin(x3)*x3))^2,generation budget reached
interaction,spurious,0.03,300,4,9005,fedfalsify-v05,1.0,1.0,1.0,1.5186244038536583e-06,0.0038240293524103024,0.0,1.0,0.30460779400004867,180404,3,x1*x2;x3^2,0.000128 + 0.9989·x₁x₂ + 0.5007·x₃²,target federated MSE reached; no replacement passed the federated certificate
interaction,spurious,0.03,300,4,9005,centralized-tree-gp,0.0,0.5,0.5,1.5186244051687083e-06,0.0038240293524103015,0.0,1.0,1.307245680000051,0,1574,"expr:square(add(x3,x3));x1*x2",0.000128 + 0.9989*(x1*x2) + 0.1252*((x3+x3))^2,generation budget reached
interaction,spurious,0.03,300,4,9005,federated-tree-gp-style,0.0,0.5,0.5,1.518624405168298e-06,0.0038240293524103007,0.0,1.0,1.578633858000103,598848,1574,"expr:square(add(x3,x3));x1*x2",0.000128 + 0.9989*(x1*x2) + 0.1252*((x3+x3))^2,generation budget reached
interaction,spurious,0.03,300,4,9005,centralized-residual-counterexample-gp,0.0,0.5,0.5,1.518624404905717e-06,0.0038240293524103024,0.0,1.0,0.8647548630001438,0,1546,"expr:add(square(x3),square(x3));x1*x2",0.000128 + 0.2504*((x3)^2+(x3)^2) + 0.9989*(x1*x2),generation budget reached
interaction,spurious,0.1,300,4,9001,fedfalsify-v05,1.0,1.0,1.0,1.9411550837127367e-05,0.045300216902430086,0.0,1.0,0.19682988800013845,179727,3,x1*x2;x3^2,-0.0009212 + 0.9954·x₁x₂ + 0.5007·x₃²,target federated MSE reached; no replacement passed the federated certificate
interaction,spurious,0.1,300,4,9001,centralized-tree-gp,0.0,0.25,0.5,0.003155780047175404,0.06019914166870303,1.0,1.0,0.9165770459999294,0,1624,"expr:add(cos(x4),square(x3));expr:cos(mul(sin(x3),square(x3)));expr:square(add(cos(x1),square(x3)));x1*x2",0.3021 + 0.1706*(cos(x4)+(x3)^2) - 0.3414*cos((sin(x3)*(x3)^2)) + 1.01*(x1*x2) + 0.02766*((cos(x1)+(x3)^2))^2,generation budget reached
interaction,spurious,0.1,300,4,9001,federated-tree-gp-style,0.0,0.25,0.5,0.0031557800471754003,0.060199141668703056,1.0,1.0,1.164541139999983,656384,1624,"expr:add(cos(x4),square(x3));expr:cos(mul(sin(x3),square(x3)));expr:square(add(cos(x1),square(x3)));x1*x2",0.3021 + 0.1706*(cos(x4)+(x3)^2) - 0.3414*cos((sin(x3)*(x3)^2)) + 1.01*(x1*x2) + 0.02766*((cos(x1)+(x3)^2))^2,generation budget reached
interaction,spurious,0.1,300,4,9001,centralized-residual-counterexample-gp,0.0,0.3333333333333333,0.5,0.008690483796531895,0.08631029676873951,1.0,1.0,0.9280444789999365,0,1583,"expr:add(sin(x4),square(x3));expr:cos(mul(sin(x3),square(x3)));x1*x2",0.53 + 0.2262*(sin(x4)+(x3)^2) - 0.4442*cos((sin(x3)*(x3)^2)) + 0.9836*(x1*x2),generation budget reached
interaction,spurious,0.1,300,4,9002,fedfalsify-v05,1.0,1.0,1.0,1.4924899100168345e-05,0.04089994467152311,0.0,1.0,0.23794496599998638,270721,3,x1*x2;x3^2,-0.003693 + 1.004·x₁x₂ + 0.5019·x₃²,target federated MSE reached; no replacement passed the federated certificate
interaction,spurious,0.1,300,4,9002,centralized-tree-gp,0.0,0.5,0.5,1.4924899102320905e-05,0.04089994467152311,0.0,1.0,0.7047881669998333,0,1494,"expr:add(square(x3),square(x3));x1*x2",-0.003693 + 0.2509*((x3)^2+(x3)^2) + 1.004*(x1*x2),generation budget reached
interaction,spurious,0.1,300,4,9002,federated-tree-gp-style,0.0,0.5,0.5,1.4924899102320942e-05,0.04089994467152311,0.0,1.0,0.9421087400000943,507584,1494,"expr:add(square(x3),square(x3));x1*x2",-0.003693 + 0.2509*((x3)^2+(x3)^2) + 1.004*(x1*x2),generation budget reached
interaction,spurious,0.1,300,4,9002,centralized-residual-counterexample-gp,0.0,0.5,0.5,1.4924899102320905e-05,0.04089994467152311,0.0,1.0,0.7321875570000884,0,1496,"expr:add(square(x3),square(x3));x1*x2",-0.003693 + 0.2509*((x3)^2+(x3)^2) + 1.004*(x1*x2),generation budget reached
interaction,spurious,0.1,300,4,9003,fedfalsify-v05,1.0,1.0,1.0,1.576637867382876e-05,0.04462650695921755,0.0,1.0,0.1991328760000215,179788,3,x1*x2;x3^2,0.0009057 + 1.003·x₁x₂ + 0.4963·x₃²,target federated MSE reached; no replacement passed the federated certificate
interaction,spurious,0.1,300,4,9003,centralized-tree-gp,0.0,0.25,0.5,0.011404236869212075,0.10506640990615096,0.0,1.0,0.8309683469999527,0,1565,"expr:add(cos(x2),square(x3));expr:mul(cos(x3),cos(x3));expr:square(mul(cos(x2),square(x3)));x1*x2",0.2821 + 0.3231*(cos(x2)+(x3)^2) - 0.4003*(cos(x3)*cos(x3)) + 1.032*(x1*x2) + 0.0276*((cos(x2)*(x3)^2))^2,generation budget reached
interaction,spurious,0.1,300,4,9003,federated-tree-gp-style,0.0,0.25,0.5,0.011404236869212126,0.10506640990615096,0.0,1.0,1.0635612559999572,589696,1565,"expr:add(cos(x2),square(x3));expr:mul(cos(x3),cos(x3));expr:square(mul(cos(x2),square(x3)));x1*x2",0.2821 + 0.3231*(cos(x2)+(x3)^2) - 0.4003*(cos(x3)*cos(x3)) + 1.032*(x1*x2) + 0.0276*((cos(x2)*(x3)^2))^2,generation budget reached
interaction,spurious,0.1,300,4,9003,centralized-residual-counterexample-gp,0.0,0.25,0.5,3.110797813755007e-05,0.0444833037428178,1.0,1.0,0.8826101739998649,0,1564,"expr:add(sin(x3),square(x3));expr:add(square(x3),square(x3));expr:sin(mul(cos(x4),square(x2)));x1*x2",-0.001344 - 0.01523*(sin(x3)+(x3)^2) + 0.2557*((x3)^2+(x3)^2) + 1.003*(x1*x2) + 0.007789*sin((cos(x4)*(x2)^2)),generation budget reached
interaction,spurious,0.1,300,4,9004,fedfalsify-v05,1.0,1.0,1.0,8.154595358984118e-06,0.050719999191312155,0.0,1.0,0.27805142100010016,180009,3,x1*x2;x3^2,-0.002469 + 1.002·x₁x₂ + 0.4985·x₃²,target federated MSE reached; no replacement passed the federated certificate
interaction,spurious,0.1,300,4,9004,centralized-tree-gp,0.0,0.6666666666666666,1.0,1.1337631012942763e-05,0.050707079789065766,0.0,1.0,1.3077770879999662,0,1568,"expr:add(cos(x3),sin(x2));x1*x2;x3^2",0.002573 - 0.0007405*(cos(x3)+cos(x3)) - 0.005129*(cos(x3)+sin(x2)) + 1.002*(x1*x2) + 0.4962*(x3*x3),generation budget reached
interaction,spurious,0.1,300,4,9004,federated-tree-gp-style,0.0,0.6666666666666666,1.0,1.133763101293344e-05,0.05070707978906577,0.0,1.0,1.7024254069999643,593536,1568,"expr:add(cos(x3),sin(x2));x1*x2;x3^2",0.002573 - 0.0007405*(cos(x3)+cos(x3)) - 0.005129*(cos(x3)+sin(x2)) + 1.002*(x1*x2) + 0.4962*(x3*x3),generation budget reached
interaction,spurious,0.1,300,4,9004,centralized-residual-counterexample-gp,0.0,0.3333333333333333,0.5,1.476834254013691e-05,0.05056075355726501,0.0,1.0,1.5438010269999722,0,1560,"expr:add(cos(x3),cos(x3));expr:mul(sin(x3),x3);x1*x2",2.252 - 1.124*(cos(x3)+cos(x3)) - 0.6519*(sin(x3)*x3) + 1.002*(x1*x2),generation budget reached
interaction,spurious,0.1,300,4,9005,fedfalsify-v05,1.0,1.0,1.0,1.6873604460435057e-05,0.04248921502678113,0.0,1.0,0.19430876799992802,179866,3,x1*x2;x3^2,0.0004267 + 0.9963·x₁x₂ + 0.5024·x₃²,target federated MSE reached; no replacement passed the federated certificate
interaction,spurious,0.1,300,4,9005,centralized-tree-gp,0.0,0.5,0.5,1.6873604464827417e-05,0.04248921502678112,0.0,1.0,0.8059609990000354,0,1506,"expr:square(add(x3,x3));x1*x2",0.0004267 + 0.9963*(x1*x2) + 0.1256*((x3+x3))^2,generation budget reached
interaction,spurious,0.1,300,4,9005,federated-tree-gp-style,0.0,0.5,0.5,1.6873604464831507e-05,0.04248921502678113,0.0,1.0,1.0376677869999185,541696,1506,"expr:square(add(x3,x3));x1*x2",0.0004267 + 0.9963*(x1*x2) + 0.1256*((x3+x3))^2,generation budget reached
interaction,spurious,0.1,300,4,9005,centralized-residual-counterexample-gp,0.0,0.5,0.5,1.6873604464827417e-05,0.04248921502678112,0.0,1.0,0.8603199520000544,0,1515,"expr:square(add(x3,x3));x1*x2",0.0004267 + 0.9963*(x1*x2) + 0.1256*((x3+x3))^2,generation budget reached
interaction,exception,0.03,300,4,9001,fedfalsify-v05,1.0,1.0,1.0,1.7290235847760133e-06,0.0069243972564421085,0.0,1.0,0.3403897630000756,247565,5,I(x3>1)*x3^2;x1*x2;x3^2,0.0007411 + 0.9998·x₁x₂ + 0.7531·𝟙[x₃>1]·x₃² + 0.4974·x₃²,target federated MSE reached; no replacement passed the federated certificate
interaction,exception,0.03,300,4,9001,centralized-tree-gp,0.0,0.0,0.0,0.31333513061037593,0.6423999947940696,1.0,0.0,0.9471767959998942,0,1624,"expr:add(square(x3),x3);expr:mul(sin(x1),x2);expr:sin(add(cos(x4),sin(x3)));expr:square(add(sin(x2),square(x1)))",0.08691 + 0.8609*((x3)^2+x3) + 1.581*(sin(x1)*x2) - 0.5251*sin((cos(x4)+sin(x3))) + 0.0367*((sin(x2)+(x1)^2))^2,generation budget reached
interaction,exception,0.03,300,4,9001,federated-tree-gp-style,0.0,0.0,0.0,0.3133351306103765,0.6423999947940696,1.0,0.0,1.221457743999963,659264,1624,"expr:add(square(x3),x3);expr:mul(sin(x1),x2);expr:sin(add(cos(x4),sin(x3)));expr:square(add(sin(x2),square(x1)))",0.08691 + 0.8609*((x3)^2+x3) + 1.581*(sin(x1)*x2) - 0.5251*sin((cos(x4)+sin(x3))) + 0.0367*((sin(x2)+(x1)^2))^2,generation budget reached
interaction,exception,0.03,300,4,9001,centralized-residual-counterexample-gp,0.0,0.0,0.0,0.32865586733792845,0.6702564836410716,0.0,0.0,0.9811135310001191,0,1627,"cos(x3);expr:add(square(x3),x3);expr:mul(sin(x1),x2);expr:square(mul(cos(x1),square(x1)))",0.5613 + 0.6717*((x3)^2+x3) - 0.6874*cos(x3) + 1.599*(sin(x1)*x2) + 0.04778*((cos(x1)*(x1)^2))^2,generation budget reached
interaction,exception,0.03,300,4,9002,fedfalsify-v05,1.0,1.0,1.0,3.427630648645209e-06,0.007141759535871503,0.0,1.0,0.3249395350001123,247831,5,I(x3>1)*x3^2;x1*x2;x3^2,0.00462 + 0.9981·x₁x₂ + 0.7493·𝟙[x₃>1]·x₃² + 0.4994·x₃²,target federated MSE reached; no replacement passed the federated certificate
interaction,exception,0.03,300,4,9002,centralized-tree-gp,0.0,0.25,0.3333333333333333,0.19529037529527263,0.4943890651443161,0.0,1.0,0.8900329589998819,0,1579,"I(x3>1)*x3^2;expr:sin(mul(sin(x1),x2));expr:square(add(square(x3),square(x3)));expr:square(add(x1,x2))",-0.31 + 0.7319*I(x3>1)*((x3)^2) + 1.332*sin((sin(x1)*x2)) + 0.02185*(((x3)^2+(x3)^2))^2 + 0.2007*((x1+x2))^2,generation budget reached
interaction,exception,0.03,300,4,9002,federated-tree-gp-style,0.0,0.25,0.3333333333333333,0.19529037529527266,0.49438906514431596,0.0,1.0,1.1486910019998504,644160,1579,"I(x3>1)*x3^2;expr:sin(mul(sin(x1),x2));expr:square(add(square(x3),square(x3)));expr:square(add(x1,x2))",-0.31 + 0.7319*I(x3>1)*((x3)^2) + 1.332*sin((sin(x1)*x2)) + 0.02185*(((x3)^2+(x3)^2))^2 + 0.2007*((x1+x2))^2,generation budget reached
interaction,exception,0.03,300,4,9002,centralized-residual-counterexample-gp,0.0,0.0,0.0,0.03798583613814721,0.3172885341681235,0.0,0.0,0.9306826910001291,0,1620,"expr:add(square(x2),square(x2));expr:square(add(cos(x3),square(x1)));expr:square(add(sin(x3),square(x3)));expr:square(add(x1,x2))",0.03691 - 0.2305*((x2)^2+(x2)^2) - 0.05724*((cos(x3)+(x1)^2))^2 + 0.162*((sin(x3)+(x3)^2))^2 + 0.4727*((x1+x2))^2,generation budget reached
interaction,exception,0.03,300,4,9003,fedfalsify-v05,1.0,1.0,1.0,2.43063982577878e-06,0.00688164367462272,0.0,1.0,0.34892882799999825,247597,5,I(x3>1)*x3^2;x1*x2;x3^2,0.002043 + 1.002·x₁x₂ + 0.7484·𝟙[x₃>1]·x₃² + 0.5002·x₃²,target federated MSE reached; no replacement passed the federated certificate
interaction,exception,0.03,300,4,9003,centralized-tree-gp,0.0,0.0,0.0,0.18189637986558096,0.4511507718138143,0.0,0.0,1.5055332389999876,0,1603,"expr:mul(sin(x1),x2);expr:square(add(square(x3),x3));expr:square(add(x1,x2));expr:square(mul(sin(x3),square(x3)))",-0.2616 + 0.8764*(sin(x1)*x2) + 0.08114*(((x3)^2+x3))^2 + 0.1803*((x1+x2))^2 + 0.1153*((sin(x3)*(x3)^2))^2,generation budget reached
interaction,exception,0.03,300,4,9003,federated-tree-gp-style,0.0,0.0,0.0,0.18189637986558113,0.4511507718138143,0.0,0.0,1.9541033049999896,659712,1603,"expr:mul(sin(x1),x2);expr:square(add(square(x3),x3));expr:square(add(x1,x2));expr:square(mul(sin(x3),square(x3)))",-0.2616 + 0.8764*(sin(x1)*x2) + 0.08114*(((x3)^2+x3))^2 + 0.1803*((x1+x2))^2 + 0.1153*((sin(x3)*(x3)^2))^2,generation budget reached
interaction,exception,0.03,300,4,9003,centralized-residual-counterexample-gp,0.0,0.0,0.0,0.21069507591128206,0.45079275497240784,0.0,0.0,1.451418669000077,0,1612,"expr:add(square(x3),x2);expr:mul(sin(x1),x2);expr:square(add(square(x3),x3));expr:square(add(x1,x2))",-0.1393 + 0.273*((x3)^2+x2) + 0.8563*(sin(x1)*x2) + 0.08029*(((x3)^2+x3))^2 + 0.1869*((x1+x2))^2,generation budget reached
interaction,exception,0.03,300,4,9004,fedfalsify-v05,1.0,1.0,1.0,8.818658931546618e-06,0.0076075083421582364,0.0,1.0,0.3160227410000971,247584,5,I(x3>1)*x3^2;x1*x2;x3^2,-0.00636 + 1.003·x₁x₂ + 0.7486·𝟙[x₃>1]·x₃² + 0.5018·x₃²,target federated MSE reached; no replacement passed the federated certificate
interaction,exception,0.03,300,4,9004,centralized-tree-gp,0.0,0.25,0.3333333333333333,0.003963396951887041,0.057272008090977926,0.0,0.0,0.8472518169999148,0,1522,"expr:add(cos(x3),cos(x3));expr:add(sin(x3),square(x3));expr:add(square(x3),x3);x1*x2",1.615 - 0.9328*(cos(x3)+cos(x3)) - 0.8567*(sin(x3)+(x3)^2) + 1.147*((x3)^2+x3) + 1.006*(x1*x2),generation budget reached
interaction,exception,0.03,300,4,9004,federated-tree-gp-style,0.0,0.25,0.3333333333333333,0.00396339695188709,0.05727200809097794,0.0,0.0,1.08519936100015,563456,1522,"expr:add(cos(x3),cos(x3));expr:add(sin(x3),square(x3));expr:add(square(x3),x3);x1*x2",1.615 - 0.9328*(cos(x3)+cos(x3)) - 0.8567*(sin(x3)+(x3)^2) + 1.147*((x3)^2+x3) + 1.006*(x1*x2),generation budget reached
interaction,exception,0.03,300,4,9004,centralized-residual-counterexample-gp,0.0,0.3333333333333333,0.3333333333333333,0.008402548941871753,0.11915369538927843,0.0,0.0,0.9291607320001276,0,1540,"expr:add(cos(x3),cos(x3));expr:add(square(x3),x3);x1*x2",0.5002 - 0.3231*(cos(x3)+cos(x3)) + 0.6912*((x3)^2+x3) + 1.002*(x1*x2),generation budget reached
interaction,exception,0.03,300,4,9005,fedfalsify-v05,1.0,1.0,1.0,8.479583203816739e-07,0.006443390689279209,0.0,1.0,0.31470612499992967,247919,5,I(x3>1)*x3^2;x1*x2;x3^2,-6.152e-05 + 0.9995·x₁x₂ + 0.7522·𝟙[x₃>1]·x₃² + 0.499·x₃²,target federated MSE reached; no replacement passed the federated certificate
interaction,exception,0.03,300,4,9005,centralized-tree-gp,0.0,0.25,0.3333333333333333,0.007756266999783301,0.07886016128397424,0.0,0.0,0.8602411609999763,0,1616,"expr:add(sin(x3),x2);expr:square(add(square(x3),x3));expr:square(add(x3,x3));x1*x2",0.1579 + 0.07052*(sin(x3)+x2) + 0.9971*(x1*x2) + 0.07494*(((x3)^2+x3))^2 + 0.1068*((x3+x3))^2,generation budget reached
interaction,exception,0.03,300,4,9005,federated-tree-gp-style,0.0,0.25,0.3333333333333333,0.0077562669997833286,0.07886016128397426,0.0,0.0,1.1154303570001503,645056,1616,"expr:add(sin(x3),x2);expr:square(add(square(x3),x3));expr:square(add(x3,x3));x1*x2",0.1579 + 0.07052*(sin(x3)+x2) + 0.9971*(x1*x2) + 0.07494*(((x3)^2+x3))^2 + 0.1068*((x3+x3))^2,generation budget reached
interaction,exception,0.03,300,4,9005,centralized-residual-counterexample-gp,0.0,0.25,0.3333333333333333,0.002589302743659824,0.037443516092230546,0.0,0.0,0.915818489000003,0,1604,"expr:cos(mul(x3,x3));expr:square(add(square(x3),x3));expr:square(add(x3,x3));x1*x2",0.4387 - 0.4088*cos((x3*x3)) + 0.9978*(x1*x2) + 0.08877*(((x3)^2+x3))^2 + 0.06365*((x3+x3))^2,generation budget reached
interaction,exception,0.1,300,4,9001,fedfalsify-v05,1.0,1.0,1.0,1.9211373173435607e-05,0.07693774729380126,0.0,1.0,0.3102821180000319,246874,5,I(x3>1)*x3^2;x1*x2;x3^2,0.00247 + 0.9995·x₁x₂ + 0.7603·𝟙[x₃>1]·x₃² + 0.4915·x₃²,target federated MSE reached; no replacement passed the federated certificate
interaction,exception,0.1,300,4,9001,centralized-tree-gp,0.0,0.0,0.0,0.35606022489456246,0.7854134636579689,0.0,0.0,0.9220850470001096,0,1601,"expr:mul(sin(x1),x2);expr:mul(sin(x3),x3);expr:square(add(sin(x3),square(x3)));expr:square(mul(cos(x1),square(x1)))",0.001587 + 1.567*(sin(x1)*x2) + 0.5146*(sin(x3)*x3) + 0.1481*((sin(x3)+(x3)^2))^2 + 0.05239*((cos(x1)*(x1)^2))^2,generation budget reached
interaction,exception,0.1,300,4,9001,federated-tree-gp-style,0.0,0.0,0.0,0.3560602248945623,0.7854134636579689,0.0,0.0,1.1596480739999606,638848,1601,"expr:mul(sin(x1),x2);expr:mul(sin(x3),x3);expr:square(add(sin(x3),square(x3)));expr:square(mul(cos(x1),square(x1)))",0.001587 + 1.567*(sin(x1)*x2) + 0.5146*(sin(x3)*x3) + 0.1481*((sin(x3)+(x3)^2))^2 + 0.05239*((cos(x1)*(x1)^2))^2,generation budget reached
interaction,exception,0.1,300,4,9001,centralized-residual-counterexample-gp,0.0,0.0,0.0,0.23988899977027675,0.7060627757043623,0.0,0.0,0.9127846079998108,0,1576,"expr:mul(sin(x1),x2);expr:square(add(sin(x2),x1));expr:square(add(sin(x3),square(x3)));expr:square(mul(square(x3),x3))",-0.02446 + 1.307*(sin(x1)*x2) + 0.2046*((sin(x2)+x1))^2 + 0.2423*((sin(x3)+(x3)^2))^2 - 0.01608*(((x3)^2*x3))^2,generation budget reached
interaction,exception,0.1,300,4,9002,fedfalsify-v05,1.0,1.0,1.0,3.8084784928024335e-05,0.07935288373190562,0.0,1.0,0.45254734100012683,247265,5,I(x3>1)*x3^2;x1*x2;x3^2,0.0154 + 0.9937·x₁x₂ + 0.7477·𝟙[x₃>1]·x₃² + 0.4979·x₃²,target federated MSE reached; no replacement passed the federated certificate
interaction,exception,0.1,300,4,9002,centralized-tree-gp,0.0,0.25,0.3333333333333333,0.19573080879826485,0.6742592247310335,1.0,1.0,1.3166173900001468,0,1591,"I(x3>1)*x3^2;expr:add(cos(x2),square(x3));expr:mul(square(x1),square(x4));expr:square(add(x1,x2))",-1.256 + 0.5376*(cos(x2)+(x3)^2) + 0.6841*I(x3>1)*((x3)^2) - 0.05058*((x1)^2*(x4)^2) + 0.3334*((x1+x2))^2,generation budget reached
interaction,exception,0.1,300,4,9002,federated-tree-gp-style,0.0,0.25,0.3333333333333333,0.1957308087982654,0.6742592247310335,1.0,1.0,1.7691683559999092,639808,1591,"I(x3>1)*x3^2;expr:add(cos(x2),square(x3));expr:mul(square(x1),square(x4));expr:square(add(x1,x2))",-1.256 + 0.5376*(cos(x2)+(x3)^2) + 0.6841*I(x3>1)*((x3)^2) - 0.05058*((x1)^2*(x4)^2) + 0.3334*((x1+x2))^2,generation budget reached
interaction,exception,0.1,300,4,9002,centralized-residual-counterexample-gp,0.0,0.25,0.3333333333333333,0.11363473365822807,0.49310395173824645,0.0,1.0,1.3354625879999276,0,1567,"I(x3>1)*x3^2;expr:add(cos(x2),square(x3));expr:square(add(sin(x1),square(x1)));expr:square(add(x1,x2))",-1.316 + 0.5695*(cos(x2)+(x3)^2) + 0.7263*I(x3>1)*((x3)^2) - 0.03902*((sin(x1)+(x1)^2))^2 + 0.3633*((x1+x2))^2,generation budget reached
interaction,exception,0.1,300,4,9003,fedfalsify-v05,1.0,1.0,1.0,2.7007109200203297e-05,0.07646270749580801,0.0,1.0,0.4765660420000586,524004,5,I(x3>1)*x3^2;x1*x2;x3^2,0.006811 + 1.005·x₁x₂ + 0.7448·𝟙[x₃>1]·x₃² + 0.5006·x₃²,target federated MSE reached; no replacement passed the federated certificate
interaction,exception,0.1,300,4,9003,centralized-tree-gp,0.0,0.25,0.3333333333333333,0.00528475972258142,0.13828983162281938,1.0,0.0,0.8253671550000945,0,1580,"expr:add(sin(x3),square(x3));expr:cos(add(square(x3),square(x4)));expr:square(add(square(x3),x3));x1*x2",0.2241 + 0.4545*(sin(x3)+(x3)^2) - 0.1992*cos(((x3)^2+(x4)^2)) + 1.007*(x1*x2) + 0.065*(((x3)^2+x3))^2,generation budget reached
interaction,exception,0.1,300,4,9003,federated-tree-gp-style,0.0,0.25,0.3333333333333333,0.005284759722581429,0.13828983162281938,1.0,0.0,1.0912854770001559,619200,1580,"expr:add(sin(x3),square(x3));expr:cos(add(square(x3),square(x4)));expr:square(add(square(x3),x3));x1*x2",0.2241 + 0.4545*(sin(x3)+(x3)^2) - 0.1992*cos(((x3)^2+(x4)^2)) + 1.007*(x1*x2) + 0.065*(((x3)^2+x3))^2,generation budget reached
interaction,exception,0.1,300,4,9003,centralized-residual-counterexample-gp,0.0,0.3333333333333333,0.3333333333333333,0.0064147751244252055,0.1567136337211028,0.0,0.0,0.8526767750001909,0,1573,"expr:add(sin(x3),square(x3));expr:square(add(square(x3),x3));x1*x2",0.176 + 0.4843*(sin(x3)+(x3)^2) + 1.005*(x1*x2) + 0.06175*(((x3)^2+x3))^2,generation budget reached
interaction,exception,0.1,300,4,9004,fedfalsify-v05,1.0,1.0,1.0,9.798509931267801e-05,0.0845278704684249,0.0,1.0,0.3080687359999956,246974,5,I(x3>1)*x3^2;x1*x2;x3^2,-0.0212 + 1.011·x₁x₂ + 0.7452·𝟙[x₃>1]·x₃² + 0.5059·x₃²,target federated MSE reached; no replacement passed the federated certificate
interaction,exception,0.1,300,4,9004,centralized-tree-gp,0.0,0.25,0.3333333333333333,0.0024118813036171356,0.11205752419427763,0.0,0.0,0.8468321989998913,0,1584,"expr:add(cos(x3),cos(x3));expr:add(square(x3),x3);expr:square(add(square(x3),x3));x1*x2",0.9364 - 0.496*(cos(x3)+cos(x3)) + 0.2407*((x3)^2+x3) + 1.008*(x1*x2) + 0.05619*(((x3)^2+x3))^2,generation budget reached
interaction,exception,0.1,300,4,9004,federated-tree-gp-style,0.0,0.25,0.3333333333333333,0.0024118813036171026,0.11205752419427763,0.0,0.0,1.095265240000117,624768,1584,"expr:add(cos(x3),cos(x3));expr:add(square(x3),x3);expr:square(add(square(x3),x3));x1*x2",0.9364 - 0.496*(cos(x3)+cos(x3)) + 0.2407*((x3)^2+x3) + 1.008*(x1*x2) + 0.05619*(((x3)^2+x3))^2,generation budget reached
interaction,exception,0.1,300,4,9004,centralized-residual-counterexample-gp,0.0,0.25,0.3333333333333333,0.0024118813036171356,0.11205752419427763,0.0,0.0,0.8718614370000068,0,1570,"expr:add(cos(x3),cos(x3));expr:add(square(x3),x3);expr:square(add(square(x3),x3));x1*x2",0.9364 - 0.496*(cos(x3)+cos(x3)) + 0.2407*((x3)^2+x3) + 1.008*(x1*x2) + 0.05619*(((x3)^2+x3))^2,generation budget reached
interaction,exception,0.1,300,4,9005,fedfalsify-v05,1.0,1.0,1.0,9.421759114468473e-06,0.07159322988088013,0.0,1.0,0.2982849190000252,247370,5,I(x3>1)*x3^2;x1*x2;x3^2,-0.0002051 + 0.9984·x₁x₂ + 0.7574·𝟙[x₃>1]·x₃² + 0.4966·x₃²,target federated MSE reached; no replacement passed the federated certificate
interaction,exception,0.1,300,4,9005,centralized-tree-gp,0.0,0.0,0.0,0.2816384792364284,0.6764812410380432,0.0,0.0,0.873222781000095,0,1601,"expr:add(square(x1),square(x3));expr:add(square(x3),x3);expr:mul(sin(x1),x2);expr:square(add(cos(x3),sin(x3)))",0.2071 + 0.1882*((x1)^2+(x3)^2) + 0.6851*((x3)^2+x3) + 1.536*(sin(x1)*x2) - 0.4426*((cos(x3)+sin(x3)))^2,generation budget reached
interaction,exception,0.1,300,4,9005,federated-tree-gp-style,0.0,0.0,0.0,0.28163847923642876,0.6764812410380431,0.0,0.0,1.1008053880000261,643136,1601,"expr:add(square(x1),square(x3));expr:add(square(x3),x3);expr:mul(sin(x1),x2);expr:square(add(cos(x3),sin(x3)))",0.2071 + 0.1882*((x1)^2+(x3)^2) + 0.6851*((x3)^2+x3) + 1.536*(sin(x1)*x2) - 0.4426*((cos(x3)+sin(x3)))^2,generation budget reached
interaction,exception,0.1,300,4,9005,centralized-residual-counterexample-gp,0.0,0.0,0.0,0.26399369010522666,0.7912985461538196,0.0,0.0,0.8440104729997984,0,1538,"expr:add(square(x3),x3);expr:mul(sin(x1),x2);expr:mul(x2,x3);expr:square(add(sin(x3),square(x3)))",0.2374 + 0.4839*((x3)^2+x3) + 1.55*(sin(x1)*x2) + 0.1235*(x2*x3) + 0.07193*((sin(x3)+(x3)^2))^2,generation budget reached
base,complementary,0.03,300,4,9006,fedfalsify-v05,1.0,1.0,1.0,1.911364736511285e-06,0.007816584013229644,0.0,1.0,0.6883392089998779,238264,5,sin(x2);x1;x3^2,0.001731 + 1.999·x₁ + 0.4982·x₃² + 0.9966·sin(x₂),target federated MSE reached; no replacement passed the federated certificate
base,complementary,0.03,300,4,9006,centralized-tree-gp,0.0,0.0,0.0,1.9113647283422894e-06,0.007816584013229641,0.0,1.0,3.360258052000063,0,1572,"expr:add(sin(x2),square(x3));expr:add(sin(x2),x1);expr:add(x1,x1)",0.001731 + 0.4982*(sin(x2)+(x3)^2) + 0.4984*(sin(x2)+x1) + 0.7502*(x1+x1),generation budget reached
base,complementary,0.03,300,4,9006,federated-tree-gp-style,0.0,0.0,0.0,1.9113647283433566e-06,0.007816584013229644,0.0,1.0,2.361676774999978,606528,1572,"expr:add(sin(x2),square(x3));expr:add(sin(x2),x1);expr:add(x1,x1)",0.001731 + 0.4982*(sin(x2)+(x3)^2) + 0.4984*(sin(x2)+x1) + 0.7502*(x1+x1),generation budget reached
base,complementary,0.03,300,4,9006,centralized-residual-counterexample-gp,0.0,0.0,0.0,1.9113647283422894e-06,0.007816584013229641,0.0,1.0,0.8407876269998269,0,1547,"expr:add(sin(x2),square(x3));expr:add(sin(x2),x1);expr:add(x1,x1)",0.001731 + 0.4982*(sin(x2)+(x3)^2) + 0.4984*(sin(x2)+x1) + 0.7502*(x1+x1),generation budget reached
base,complementary,0.03,300,4,9007,fedfalsify-v05,1.0,1.0,1.0,3.5794267156664244e-06,0.007612524602412729,0.0,1.0,0.2808632450000914,238513,5,sin(x2);x1;x3^2,-0.002844 + 2.001·x₁ + 0.503·x₃² + 0.998·sin(x₂),target federated MSE reached; no replacement passed the federated certificate
base,complementary,0.03,300,4,9007,centralized-tree-gp,0.0,0.3333333333333333,0.3333333333333333,3.5794267071906383e-06,0.007612524602412727,0.0,1.0,0.8825072110000747,0,1608,"expr:add(sin(x2),square(x3));expr:add(sin(x2),x1);x1",-0.002844 + 0.503*(sin(x2)+(x3)^2) + 0.4951*(sin(x2)+x1) + 1.506*x1,generation budget reached
base,complementary,0.03,300,4,9007,federated-tree-gp-style,0.0,0.3333333333333333,0.3333333333333333,3.5794267071911126e-06,0.007612524602412729,0.0,1.0,1.122056238000141,657600,1608,"expr:add(sin(x2),square(x3));expr:add(sin(x2),x1);x1",-0.002844 + 0.503*(sin(x2)+(x3)^2) + 0.4951*(sin(x2)+x1) + 1.506*x1,generation budget reached
base,complementary,0.03,300,4,9007,centralized-residual-counterexample-gp,0.0,0.0,0.0,4.464935647303529e-06,0.007597218175076576,0.0,1.0,0.9158287660000042,0,1607,"expr:add(sin(x2),square(x3));expr:add(sin(x2),x1);expr:add(x1,x1)",-0.003272 + 0.5064*(sin(x2)+(x3)^2) + 0.4916*(sin(x2)+x1) + 0.756*(x1+x1) - 0.000769*(((x3)^2+x1))^2,generation budget reached
base,complementary,0.03,300,4,9008,fedfalsify-v05,1.0,1.0,1.0,2.2072916059011736e-06,0.007792168508862531,0.0,1.0,0.4287797029999183,421170,5,sin(x2);x1;x3^2,0.00102 + 1.999·x₁ + 0.4979·x₃² + 1.002·sin(x₂),target federated MSE reached; no replacement passed the federated certificate
base,complementary,0.03,300,4,9008,centralized-tree-gp,0.0,0.0,0.0,0.009576722159866139,0.06516502648286221,0.0,1.0,0.8501843960000315,0,1598,"expr:add(sin(x2),x1);expr:add(x1,x1);expr:sin(add(cos(x3),sin(x1)));expr:square(add(cos(x1),square(x3)))",0.5106 + 1*(sin(x2)+x1) + 0.5857*(x1+x1) - 0.5153*sin((cos(x3)+sin(x1))) + 0.062*((cos(x1)+(x3)^2))^2,generation budget reached
base,complementary,0.03,300,4,9008,federated-tree-gp-style,0.0,0.0,0.0,0.009576722159866102,0.06516502648286222,0.0,1.0,1.1399759319999703,631168,1598,"expr:add(sin(x2),x1);expr:add(x1,x1);expr:sin(add(cos(x3),sin(x1)));expr:square(add(cos(x1),square(x3)))",0.5106 + 1*(sin(x2)+x1) + 0.5857*(x1+x1) - 0.5153*sin((cos(x3)+sin(x1))) + 0.062*((cos(x1)+(x3)^2))^2,generation budget reached
base,complementary,0.03,300,4,9008,centralized-residual-counterexample-gp,0.0,0.25,0.3333333333333333,0.01035114440582195,0.09677566668539361,0.0,1.0,0.9162848099999792,0,1618,"expr:add(sin(x2),x1);expr:sin(add(cos(x3),sin(x1)));expr:square(add(sin(x3),square(x3)));x1",0.6228 + 0.9562*(sin(x2)+x1) - 0.6417*sin((cos(x3)+sin(x1))) + 0.05574*((sin(x3)+(x3)^2))^2 + 1.246*x1,generation budget reached
base,complementary,0.03,300,4,9009,fedfalsify-v05,1.0,1.0,1.0,3.952097609926752e-06,0.007610551751624929,0.0,1.0,0.4959756910000124,238321,5,sin(x2);x1;x3^2,0.003793 + 1.997·x₁ + 0.5001·x₃² + 1.004·sin(x₂),target federated MSE reached; no replacement passed the federated certificate
base,complementary,0.03,300,4,9009,centralized-tree-gp,0.0,0.3333333333333333,0.3333333333333333,0.008520572409576675,0.08542878812755887,0.0,1.0,1.426163679999945,0,1613,"expr:add(sin(x2),x1);expr:square(add(cos(x2),square(x3)));x1",0.2862 + 0.9936*(sin(x2)+x1) + 0.0728*((cos(x2)+(x3)^2))^2 + 0.000956*(((x2)^2*(x3)^2))^2 + 1.009*x1,generation budget reached
base,complementary,0.03,300,4,9009,federated-tree-gp-style,0.0,0.3333333333333333,0.3333333333333333,0.0085205724095767,0.08542878812755884,0.0,1.0,1.8925855299999057,652224,1613,"expr:add(sin(x2),x1);expr:square(add(cos(x2),square(x3)));x1",0.2862 + 0.9936*(sin(x2)+x1) + 0.0728*((cos(x2)+(x3)^2))^2 + 0.000956*(((x2)^2*(x3)^2))^2 + 1.009*x1,generation budget reached
base,complementary,0.03,300,4,9009,centralized-residual-counterexample-gp,0.0,0.0,0.0,0.007958213848166749,0.05619415452872147,0.0,1.0,1.2849602399999185,0,1624,"expr:add(sin(x2),x1);expr:add(x1,x1);expr:cos(add(cos(x3),cos(x3)));expr:square(add(cos(x2),square(x3)))",0.1866 + 0.9815*(sin(x2)+x1) + 0.5076*(x1+x1) + 0.5344*cos((cos(x3)+cos(x3))) + 0.06864*((cos(x2)+(x3)^2))^2,generation budget reached
base,complementary,0.03,300,4,9010,fedfalsify-v05,1.0,1.0,1.0,1.4635983146532082e-06,0.007964440498238223,0.0,1.0,0.3022956120000799,238384,5,sin(x2);x1;x3^2,0.005129 + 2·x₁ + 0.4978·x₃² + 1.002·sin(x₂),target federated MSE reached; no replacement passed the federated certificate
base,complementary,0.03,300,4,9010,centralized-tree-gp,0.0,0.3333333333333333,0.3333333333333333,1.4613194069170692e-06,0.007964361709375069,0.0,1.0,1.0236203970000588,0,1582,"expr:add(sin(x2),x1);expr:add(x1,x1);x3^2",0.00437 + 0.0008557*(cos(x3)+sin(x1)) + 1.002*(sin(x2)+x1) + 0.4989*(x1+x1) + 0.4981*(x3*x3),generation budget reached
base,complementary,0.03,300,4,9010,federated-tree-gp-style,0.0,0.3333333333333333,0.3333333333333333,1.4613194069174997e-06,0.007964361709375065,0.0,1.0,1.2147799379999924,642176,1582,"expr:add(sin(x2),x1);expr:add(x1,x1);x3^2",0.00437 + 0.0008557*(cos(x3)+sin(x1)) + 1.002*(sin(x2)+x1) + 0.4989*(x1+x1) + 0.4981*(x3*x3),generation budget reached
base,complementary,0.03,300,4,9010,centralized-residual-counterexample-gp,0.0,0.3333333333333333,0.3333333333333333,1.4613194069170692e-06,0.007964361709375069,0.0,1.0,0.871827015000008,0,1587,"expr:add(sin(x2),x1);expr:add(x1,x1);x3^2",0.00437 + 0.0008557*(cos(x3)+sin(x1)) + 1.002*(sin(x2)+x1) + 0.4989*(x1+x1) + 0.4981*(x3*x3),generation budget reached
base,complementary,0.1,300,4,9006,fedfalsify-v05,1.0,1.0,1.0,2.1237385873700482e-05,0.08685093348032939,0.0,1.0,0.2740797510000448,237755,5,sin(x2);x1;x3^2,0.005768 + 1.996·x₁ + 0.494·x₃² + 0.9887·sin(x₂),target federated MSE reached; no replacement passed the federated certificate
base,complementary,0.1,300,4,9006,centralized-tree-gp,0.0,0.0,0.0,3.0174530741870936e-05,0.08681302750245298,0.0,1.0,0.8273714459999155,0,1576,"expr:add(sin(x1),square(x3));expr:add(sin(x1),x1);expr:add(sin(x2),x1);expr:add(x1,x1)",0.006486 + 0.494*(sin(x1)+(x3)^2) - 0.4753*(sin(x1)+x1) + 0.9896*(sin(x2)+x1) + 0.7363*(x1+x1),generation budget reached
base,complementary,0.1,300,4,9006,federated-tree-gp-style,0.0,0.0,0.0,3.01745307419625e-05,0.08681302750245298,0.0,1.0,1.0704947199999424,613568,1576,"expr:add(sin(x1),square(x3));expr:add(sin(x1),x1);expr:add(sin(x2),x1);expr:add(x1,x1)",0.006486 + 0.494*(sin(x1)+(x3)^2) - 0.4753*(sin(x1)+x1) + 0.9896*(sin(x2)+x1) + 0.7363*(x1+x1),generation budget reached
base,complementary,0.1,300,4,9006,centralized-residual-counterexample-gp,0.0,0.0,0.0,3.0174530741870936e-05,0.08681302750245298,0.0,1.0,0.8844853129999137,0,1584,"expr:add(sin(x1),square(x3));expr:add(sin(x1),x1);expr:add(sin(x2),x1);expr:add(x1,x1)",0.006486 + 0.494*(sin(x1)+(x3)^2) - 0.4753*(sin(x1)+x1) + 0.9896*(sin(x2)+x1) + 0.7363*(x1+x1),generation budget reached
base,complementary,0.1,300,4,9007,fedfalsify-v05,1.0,1.0,1.0,3.977140800933047e-05,0.08458360669347478,0.0,1.0,0.2967523610000171,237982,5,sin(x2);x1;x3^2,-0.009479 + 2.004·x₁ + 0.5099·x₃² + 0.9934·sin(x₂),target federated MSE reached; no replacement passed the federated certificate
base,complementary,0.1,300,4,9007,centralized-tree-gp,0.0,0.3333333333333333,0.3333333333333333,3.977140798029243e-05,0.08458360669347478,0.0,1.0,0.8759823299999425,0,1611,"expr:add(sin(x2),square(x3));expr:add(sin(x2),x1);x1",-0.009479 + 0.5099*(sin(x2)+(x3)^2) + 0.4835*(sin(x2)+x1) + 1.52*x1,generation budget reached
base,complementary,0.1,300,4,9007,federated-tree-gp-style,0.0,0.3333333333333333,0.3333333333333333,3.977140798028884e-05,0.08458360669347478,0.0,1.0,1.1261120239998945,655936,1611,"expr:add(sin(x2),square(x3));expr:add(sin(x2),x1);x1",-0.009479 + 0.5099*(sin(x2)+(x3)^2) + 0.4835*(sin(x2)+x1) + 1.52*x1,generation budget reached
base,complementary,0.1,300,4,9007,centralized-residual-counterexample-gp,0.0,0.3333333333333333,0.3333333333333333,3.977140798029243e-05,0.08458360669347478,0.0,1.0,1.0729059069999494,0,1636,"expr:add(sin(x2),square(x3));expr:add(sin(x2),x1);x1",-0.009479 + 0.5099*(sin(x2)+(x3)^2) + 0.4835*(sin(x2)+x1) + 1.52*x1,generation budget reached
base,complementary,0.1,300,4,9008,fedfalsify-v05,1.0,1.0,1.0,2.452546224913532e-05,0.08657965009847257,0.0,1.0,0.5934205159999237,420570,5,sin(x2);x1;x3^2,0.003401 + 1.997·x₁ + 0.4932·x₃² + 1.006·sin(x₂),target federated MSE reached; no replacement passed the federated certificate
base,complementary,0.1,300,4,9008,centralized-tree-gp,0.0,0.25,0.3333333333333333,0.02459677780506858,0.21662277985071304,0.0,1.0,1.339571726999793,0,1580,"expr:add(cos(x1),sin(x1));expr:add(cos(x3),sin(x1));expr:add(sin(x2),x1);x1",1.082 + 0.2795*(cos(x1)+sin(x1)) - 1.105*(cos(x3)+sin(x1)) + 0.9881*(sin(x2)+x1) + 1.408*x1,generation budget reached
base,complementary,0.1,300,4,9008,federated-tree-gp-style,0.0,0.25,0.3333333333333333,0.024596777805068547,0.216622779850713,0.0,1.0,1.7355060600000343,629248,1580,"expr:add(cos(x1),sin(x1));expr:add(cos(x3),sin(x1));expr:add(sin(x2),x1);x1",1.082 + 0.2795*(cos(x1)+sin(x1)) - 1.105*(cos(x3)+sin(x1)) + 0.9881*(sin(x2)+x1) + 1.408*x1,generation budget reached
base,complementary,0.1,300,4,9008,centralized-residual-counterexample-gp,0.0,0.3333333333333333,0.3333333333333333,0.005386393988873072,0.12971058084598355,0.0,1.0,1.1434275799999796,0,1566,"expr:add(sin(x2),x1);expr:square(add(cos(x3),square(x3)));x1",0.1207 + 1.016*(sin(x2)+x1) + 0.1323*((cos(x3)+(x3)^2))^2 + 0.9805*x1,generation budget reached
base,complementary,0.1,300,4,9009,fedfalsify-v05,1.0,1.0,1.0,4.391219562543952e-05,0.08456168612916588,0.0,1.0,0.2992271860000528,237787,5,sin(x2);x1;x3^2,0.01264 + 1.989·x₁ + 0.5003·x₃² + 1.013·sin(x₂),target federated MSE reached; no replacement passed the federated certificate
base,complementary,0.1,300,4,9009,centralized-tree-gp,0.0,0.3333333333333333,0.3333333333333333,4.3912195658283706e-05,0.08456168612916587,0.0,1.0,0.8447200620000785,0,1600,"expr:add(sin(x2),square(x3));expr:add(sin(x2),x1);x1",0.01264 + 0.5003*(sin(x2)+(x3)^2) + 0.5128*(sin(x2)+x1) + 1.477*x1,generation budget reached
base,complementary,0.1,300,4,9009,federated-tree-gp-style,0.0,0.3333333333333333,0.3333333333333333,4.391219565830274e-05,0.08456168612916588,0.0,1.0,1.08562833100018,639168,1600,"expr:add(sin(x2),square(x3));expr:add(sin(x2),x1);x1",0.01264 + 0.5003*(sin(x2)+(x3)^2) + 0.5128*(sin(x2)+x1) + 1.477*x1,generation budget reached
base,complementary,0.1,300,4,9009,centralized-residual-counterexample-gp,0.0,0.25,0.3333333333333333,5.992808439108419e-05,0.08450565898812647,0.0,1.0,0.9007075259999056,0,1593,"expr:add(sin(x2),x1);expr:add(square(x2),square(x3));expr:add(square(x2),x1);x1",0.006213 + 1.014*(sin(x2)+x1) + 0.4999*((x2)^2+(x3)^2) - 0.4967*((x2)^2+x1) + 1.472*x1,generation budget reached
base,complementary,0.1,300,4,9010,fedfalsify-v05,1.0,1.0,1.0,1.6262203492785198e-05,0.08849378331375801,0.0,1.0,0.3055318960000477,237732,5,sin(x2);x1;x3^2,0.0171 + 2·x₁ + 0.4927·x₃² + 1.006·sin(x₂),target federated MSE reached; no replacement passed the federated certificate
base,complementary,0.1,300,4,9010,centralized-tree-gp,0.0,0.0,0.0,0.005014158794161785,0.12156278761480195,0.0,1.0,0.8674886080000306,0,1586,"expr:add(cos(x3),cos(x3));expr:add(sin(x1),x1);expr:add(sin(x2),x1);expr:sin(add(cos(x3),sin(x1)))",1.355 - 0.4799*(cos(x3)+cos(x3)) + 0.7774*(sin(x1)+x1) + 1.06*(sin(x2)+x1) - 0.6918*sin((cos(x3)+sin(x1))),generation budget reached
base,complementary,0.1,300,4,9010,federated-tree-gp-style,0.0,0.0,0.0,0.005014158794161754,0.12156278761480195,0.0,1.0,1.1989509939999152,644224,1586,"expr:add(cos(x3),cos(x3));expr:add(sin(x1),x1);expr:add(sin(x2),x1);expr:sin(add(cos(x3),sin(x1)))",1.355 - 0.4799*(cos(x3)+cos(x3)) + 0.7774*(sin(x1)+x1) + 1.06*(sin(x2)+x1) - 0.6918*sin((cos(x3)+sin(x1))),generation budget reached
base,complementary,0.1,300,4,9010,centralized-residual-counterexample-gp,0.0,0.0,0.0,0.005014158794161785,0.12156278761480195,0.0,1.0,0.9288006719998521,0,1582,"expr:add(cos(x3),cos(x3));expr:add(sin(x1),x1);expr:add(sin(x2),x1);expr:sin(add(cos(x3),sin(x1)))",1.355 - 0.4799*(cos(x3)+cos(x3)) + 0.7774*(sin(x1)+x1) + 1.06*(sin(x2)+x1) - 0.6918*sin((cos(x3)+sin(x1))),generation budget reached
base,spurious,0.03,300,4,9006,fedfalsify-v05,1.0,1.0,1.0,3.880674298661868e-06,0.007597557109540195,0.0,1.0,0.2998796570000195,238339,5,sin(x2);x1;x3^2,-0.005414 + 1.999·x₁ + 0.5035·x₃² + 0.9972·sin(x₂),target federated MSE reached; no replacement passed the federated certificate
base,spurious,0.03,300,4,9006,centralized-tree-gp,0.0,0.0,0.0,0.0002579710459622389,0.010241309599861768,0.0,1.0,0.7694213590000345,0,1517,"expr:add(sin(x1),x1);expr:add(sin(x2),x1);expr:add(square(x3),x1);expr:sin(add(sin(x1),sin(x2)))",-0.01202 + 0.259*(sin(x1)+x1) + 1.196*(sin(x2)+x1) + 0.5074*((x3)^2+x1) - 0.2887*sin((sin(x1)+sin(x2))),generation budget reached
base,spurious,0.03,300,4,9006,federated-tree-gp-style,0.0,0.0,0.0,0.00025797104596224975,0.01024130959986177,0.0,1.0,0.9944206999998642,561728,1517,"expr:add(sin(x1),x1);expr:add(sin(x2),x1);expr:add(square(x3),x1);expr:sin(add(sin(x1),sin(x2)))",-0.01202 + 0.259*(sin(x1)+x1) + 1.196*(sin(x2)+x1) + 0.5074*((x3)^2+x1) - 0.2887*sin((sin(x1)+sin(x2))),generation budget reached
base,spurious,0.03,300,4,9006,centralized-residual-counterexample-gp,0.0,0.0,0.0,4.426421276069827e-06,0.007594842386146657,0.0,1.0,0.8923444669999299,0,1563,"expr:add(sin(x1),sin(x2));expr:add(sin(x1),x1);expr:add(sin(x2),x1);expr:add(square(x3),x1)",-0.005312 - 0.2456*(sin(x1)+sin(x2)) + 0.2506*(sin(x1)+x1) + 1.243*(sin(x2)+x1) + 0.5035*((x3)^2+x1),generation budget reached
base,spurious,0.03,300,4,9007,fedfalsify-v05,0.0,0.75,1.0,2.1993242903339943e-05,0.007274884828038722,0.0,1.0,0.44925955200005774,238421,5,sin(x2);x1;x2;x3^2,0.005048 + 1.994·x₁ + 0.01087·x₂ + 0.4989·x₃² + 0.9837·sin(x₂),target federated MSE reached; no replacement passed the federated certificate
base,spurious,0.03,300,4,9007,centralized-tree-gp,0.0,0.3333333333333333,0.3333333333333333,5.607367012379312e-06,0.007352501777773489,0.0,1.0,1.3694449569998142,0,1620,"expr:add(sin(x2),square(x3));expr:add(sin(x2),x1);x1",0.004693 + 0.4987*(sin(x2)+(x3)^2) + 0.5035*(sin(x2)+x1) + 1.492*x1,generation budget reached
base,spurious,0.03,300,4,9007,federated-tree-gp-style,0.0,0.3333333333333333,0.3333333333333333,5.607367012379808e-06,0.007352501777773487,0.0,1.0,1.8007495309998376,669696,1620,"expr:add(sin(x2),square(x3));expr:add(sin(x2),x1);x1",0.004693 + 0.4987*(sin(x2)+(x3)^2) + 0.5035*(sin(x2)+x1) + 1.492*x1,generation budget reached
base,spurious,0.03,300,4,9007,centralized-residual-counterexample-gp,0.0,0.3333333333333333,0.3333333333333333,5.607367012379312e-06,0.007352501777773489,0.0,1.0,1.3588339400000677,0,1586,"expr:add(sin(x2),square(x3));expr:add(sin(x2),x1);x1",0.004693 + 0.4987*(sin(x2)+(x3)^2) + 0.5035*(sin(x2)+x1) + 1.492*x1,generation budget reached
base,spurious,0.03,300,4,9008,fedfalsify-v05,1.0,1.0,1.0,1.0221895106611302e-06,0.007625910772430166,0.0,1.0,0.2832318270000087,238379,5,sin(x2);x1;x3^2,-0.001505 + 1.998·x₁ + 0.5008·x₃² + 1.001·sin(x₂),target federated MSE reached; no replacement passed the federated certificate
base,spurious,0.03,300,4,9008,centralized-tree-gp,0.0,0.6666666666666666,0.6666666666666666,1.0221895089634549e-06,0.007625910772430163,0.0,1.0,0.8612934500001757,0,1619,"expr:add(sin(x2),x1);x1;x3^2",-0.001505 + 1.001*(sin(x2)+x1) + 0.5008*(x3*x3) + 0.997*x1,generation budget reached
base,spurious,0.03,300,4,9008,federated-tree-gp-style,0.0,0.6666666666666666,0.6666666666666666,1.022189508964833e-06,0.007625910772430166,0.0,1.0,1.1743613280000318,649408,1619,"expr:add(sin(x2),x1);x1;x3^2",-0.001505 + 1.001*(sin(x2)+x1) + 0.5008*(x3*x3) + 0.997*x1,generation budget reached
base,spurious,0.03,300,4,9008,centralized-residual-counterexample-gp,0.0,0.0,0.0,0.008031804146755325,0.03896362267680135,0.0,1.0,0.9310031119998712,0,1598,"expr:add(sin(x2),x1);expr:add(x1,x1);expr:cos(add(cos(x3),square(x3)));expr:square(add(cos(x1),square(x3)))",0.3373 + 0.9999*(sin(x2)+x1) + 0.4963*(x1+x1) - 0.5389*cos((cos(x3)+(x3)^2)) + 0.06248*((cos(x1)+(x3)^2))^2,generation budget reached
base,spurious,0.03,300,4,9009,fedfalsify-v05,1.0,1.0,1.0,2.3038585313356395e-06,0.007197385122889557,0.0,1.0,0.29318900100020073,238527,5,sin(x2);x1;x3^2,0.0003451 + 1.999·x₁ + 0.4993·x₃² + 0.9934·sin(x₂),target federated MSE reached; no replacement passed the federated certificate
base,spurious,0.03,300,4,9009,centralized-tree-gp,0.0,0.3333333333333333,0.3333333333333333,2.3038585225921495e-06,0.007197385122889557,0.0,1.0,0.8531510370000888,0,1583,"expr:add(sin(x2),x1);expr:add(square(x3),x1);x1",0.0003451 + 0.9934*(sin(x2)+x1) + 0.4993*((x3)^2+x1) + 0.5059*x1,generation budget reached
base,spurious,0.03,300,4,9009,federated-tree-gp-style,0.0,0.3333333333333333,0.3333333333333333,2.3038585225912766e-06,0.007197385122889555,0.0,1.0,1.1240246819997992,632832,1583,"expr:add(sin(x2),x1);expr:add(square(x3),x1);x1",0.0003451 + 0.9934*(sin(x2)+x1) + 0.4993*((x3)^2+x1) + 0.5059*x1,generation budget reached
base,spurious,0.03,300,4,9009,centralized-residual-counterexample-gp,0.0,0.3333333333333333,0.3333333333333333,2.3038585225921495e-06,0.007197385122889557,0.0,1.0,0.944730644999936,0,1616,"expr:add(sin(x2),x1);expr:add(square(x3),x1);x1",0.0003451 + 0.9934*(sin(x2)+x1) + 0.4993*((x3)^2+x1) + 0.5059*x1,generation budget reached
base,spurious,0.03,300,4,9010,fedfalsify-v05,1.0,1.0,1.0,1.504837124657331e-06,0.008498882849003476,0.0,1.0,0.3123395679999703,238650,5,sin(x2);x1;x3^2,0.004904 + 2.001·x₁ + 0.4993·x₃² + 1.003·sin(x₂),target federated MSE reached; no replacement passed the federated certificate
base,spurious,0.03,300,4,9010,centralized-tree-gp,0.0,0.25,0.3333333333333333,0.0014316282684523906,0.017256316225509147,0.0,1.0,0.8451360679998743,0,1591,"expr:add(cos(x3),cos(x3));expr:add(sin(x1),square(x3));expr:add(x1,x1);sin(x2)",0.9324 - 0.4937*(cos(x3)+cos(x3)) + 0.1575*(sin(x1)+(x3)^2) + 0.9621*(x1+x1) + 1.007*sin(x2),generation budget reached
base,spurious,0.03,300,4,9010,federated-tree-gp-style,0.0,0.25,0.3333333333333333,0.001431628268452387,0.01725631622550915,0.0,1.0,1.0958683920000567,643008,1591,"expr:add(cos(x3),cos(x3));expr:add(sin(x1),square(x3));expr:add(x1,x1);sin(x2)",0.9324 - 0.4937*(cos(x3)+cos(x3)) + 0.1575*(sin(x1)+(x3)^2) + 0.9621*(x1+x1) + 1.007*sin(x2),generation budget reached
base,spurious,0.03,300,4,9010,centralized-residual-counterexample-gp,0.0,0.25,0.3333333333333333,0.0017911376335628996,0.01998247170664176,0.0,1.0,0.8426488590000645,0,1555,"expr:add(cos(x3),cos(x3));expr:add(sin(x2),square(x3));expr:add(square(x3),x2);x1",-1.191 + 0.6368*(cos(x3)+cos(x3)) + 0.9184*(sin(x2)+(x3)^2) + 0.02134*((x3)^2+x2) + 2.006*x1,generation budget reached
base,spurious,0.1,300,4,9006,fedfalsify-v05,1.0,1.0,1.0,4.3118603315729545e-05,0.0844173012171133,0.0,1.0,0.3835720520000905,237748,5,sin(x2);x1;x3^2,-0.01805 + 1.998·x₁ + 0.5116·x₃² + 0.9907·sin(x₂),target federated MSE reached; no replacement passed the federated certificate
base,spurious,0.1,300,4,9006,centralized-tree-gp,0.0,0.3333333333333333,0.3333333333333333,4.311860332047011e-05,0.0844173012171133,0.0,1.0,1.2819671439999638,0,1572,"expr:add(sin(x2),x1);expr:add(square(x3),x1);x1",-0.01805 + 0.9907*(sin(x2)+x1) + 0.5116*((x3)^2+x1) + 0.4959*x1,generation budget reached
base,spurious,0.1,300,4,9006,federated-tree-gp-style,0.0,0.3333333333333333,0.3333333333333333,4.3118603320465557e-05,0.0844173012171133,0.0,1.0,1.6527015229999051,582848,1572,"expr:add(sin(x2),x1);expr:add(square(x3),x1);x1",-0.01805 + 0.9907*(sin(x2)+x1) + 0.5116*((x3)^2+x1) + 0.4959*x1,generation budget reached
base,spurious,0.1,300,4,9006,centralized-residual-counterexample-gp,0.0,0.0,0.0,4.3118603314165644e-05,0.0844173012171133,0.0,1.0,1.3903522820000944,0,1544,"expr:add(sin(x2),x1);expr:add(square(x3),x1);expr:add(x1,x1)",-0.01805 + 0.9907*(sin(x2)+x1) + 0.5116*((x3)^2+x1) + 0.248*(x1+x1),generation budget reached
base,spurious,0.1,300,4,9007,fedfalsify-v05,0.0,0.75,1.0,0.00024436936496226134,0.0808320536448747,0.0,1.0,0.3665642560001743,237755,5,sin(x2);x1;x2;x3^2,0.01683 + 1.981·x₁ + 0.03622·x₂ + 0.4964·x₃² + 0.9456·sin(x₂),target federated MSE reached; no replacement passed the federated certificate
base,spurious,0.1,300,4,9007,centralized-tree-gp,0.0,0.3333333333333333,0.3333333333333333,6.230407763977901e-05,0.0816944641974832,0.0,1.0,0.8212739699999929,0,1531,"expr:add(sin(x2),x1);expr:add(x1,x1);x3^2",0.01564 + 1.007*(sin(x2)+x1) + 0.4888*(x1+x1) + 0.4956*(x3*x3),generation budget reached
base,spurious,0.1,300,4,9007,federated-tree-gp-style,0.0,0.3333333333333333,0.3333333333333333,6.230407763977036e-05,0.0816944641974832,0.0,1.0,1.0502000859999043,577600,1531,"expr:add(sin(x2),x1);expr:add(x1,x1);x3^2",0.01564 + 1.007*(sin(x2)+x1) + 0.4888*(x1+x1) + 0.4956*(x3*x3),generation budget reached
base,spurious,0.1,300,4,9007,centralized-residual-counterexample-gp,0.0,0.3333333333333333,0.3333333333333333,6.230407763977901e-05,0.0816944641974832,0.0,1.0,0.8632549110000127,0,1524,"expr:add(sin(x2),x1);expr:add(x1,x1);x3^2",0.01564 + 1.007*(sin(x2)+x1) + 0.4888*(x1+x1) + 0.4956*(x3*x3),generation budget reached
base,spurious,0.1,300,4,9008,fedfalsify-v05,1.0,1.0,1.0,1.1357661191727232e-05,0.08473234191589071,0.0,1.0,0.31777850399998897,237842,5,sin(x2);x1;x3^2,-0.005018 + 1.994·x₁ + 0.5027·x₃² + 1.004·sin(x₂),target federated MSE reached; no replacement passed the federated certificate
base,spurious,0.1,300,4,9008,centralized-tree-gp,0.0,0.25,0.3333333333333333,0.0022256715950170645,0.0978905491428254,0.0,1.0,0.9058607169999959,0,1588,"expr:add(cos(x3),sin(x1));expr:add(sin(x1),x1);expr:add(x1,x1);sin(x2)",1.352 - 1.459*(cos(x3)+sin(x1)) + 1.512*(sin(x1)+x1) + 0.2277*(x1+x1) + 1.006*sin(x2),generation budget reached
base,spurious,0.1,300,4,9008,federated-tree-gp-style,0.0,0.25,0.3333333333333333,0.0022256715950171486,0.0978905491428254,0.0,1.0,1.1023720369998955,620864,1588,"expr:add(cos(x3),sin(x1));expr:add(sin(x1),x1);expr:add(x1,x1);sin(x2)",1.352 - 1.459*(cos(x3)+sin(x1)) + 1.512*(sin(x1)+x1) + 0.2277*(x1+x1) + 1.006*sin(x2),generation budget reached
base,spurious,0.1,300,4,9008,centralized-residual-counterexample-gp,0.0,0.0,0.0,0.003887076565692405,0.10853237198085011,0.0,1.0,0.9336726330000147,0,1609,"expr:add(cos(x3),sin(x1));expr:add(sin(x1),x1);expr:add(sin(x2),x1)",1.315 - 1.392*(cos(x3)+sin(x1)) + 1.162*(sin(x1)+x1) + 0.9586*(sin(x2)+x1),generation budget reached
base,spurious,0.1,300,4,9009,fedfalsify-v05,1.0,1.0,1.0,2.5598428017028624e-05,0.07997094580988397,0.0,1.0,0.3106527530001131,238009,5,sin(x2);x1;x3^2,0.00115 + 1.995·x₁ + 0.4977·x₃² + 0.9779·sin(x₂),target federated MSE reached; no replacement passed the federated certificate
base,spurious,0.1,300,4,9009,centralized-tree-gp,0.0,0.25,0.3333333333333333,2.5787636006423432e-05,0.07996507959683888,0.0,1.0,0.8714529890000904,0,1635,"expr:add(sin(x2),x1);expr:add(square(x3),x2);expr:add(x1,x2);x1",0.001253 + 0.9726*(sin(x2)+x1) + 0.4977*((x3)^2+x2) - 0.4946*(x1+x2) + 1.517*x1,generation budget reached
base,spurious,0.1,300,4,9009,federated-tree-gp-style,0.0,0.25,0.3333333333333333,2.578763600644358e-05,0.07996507959683886,0.0,1.0,1.1193028259999664,658624,1635,"expr:add(sin(x2),x1);expr:add(square(x3),x2);expr:add(x1,x2);x1",0.001253 + 0.9726*(sin(x2)+x1) + 0.4977*((x3)^2+x2) - 0.4946*(x1+x2) + 1.517*x1,generation budget reached
base,spurious,0.1,300,4,9009,centralized-residual-counterexample-gp,0.0,0.25,0.3333333333333333,2.5787636006423432e-05,0.07996507959683888,0.0,1.0,0.8721274510000967,0,1600,"expr:add(sin(x2),x1);expr:add(square(x3),x2);expr:add(x1,x2);x1",0.001253 + 0.9726*(sin(x2)+x1) + 0.4977*((x3)^2+x2) - 0.4946*(x1+x2) + 1.517*x1,generation budget reached
base,spurious,0.1,300,4,9010,fedfalsify-v05,1.0,1.0,1.0,1.6720412550156362e-05,0.0944320316555942,0.0,1.0,0.29328380700007983,238042,5,sin(x2);x1;x3^2,0.01635 + 2.003·x₁ + 0.4976·x₃² + 1.009·sin(x₂),target federated MSE reached; no replacement passed the federated certificate
base,spurious,0.1,300,4,9010,centralized-tree-gp,0.0,0.3333333333333333,0.3333333333333333,1.6720412550031323e-05,0.0944320316555942,0.0,1.0,1.2368922089999614,0,1587,"expr:add(sin(x2),square(x3));expr:add(x1,x1);x3^2",0.01635 + 1.009*(sin(x2)+(x3)^2) + 1.002*(x1+x1) - 0.5118*(x3*x3),generation budget reached
base,spurious,0.1,300,4,9010,federated-tree-gp-style,0.0,0.3333333333333333,0.3333333333333333,1.6720412550023375e-05,0.0944320316555942,0.0,1.0,1.8267195119999542,649344,1587,"expr:add(sin(x2),square(x3));expr:add(x1,x1);x3^2",0.01635 + 1.009*(sin(x2)+(x3)^2) + 1.002*(x1+x1) - 0.5118*(x3*x3),generation budget reached
base,spurious,0.1,300,4,9010,centralized-residual-counterexample-gp,0.0,0.3333333333333333,0.3333333333333333,1.6720412550031323e-05,0.0944320316555942,0.0,1.0,1.471422523000001,0,1582,"expr:add(sin(x2),square(x3));expr:add(x1,x1);x3^2",0.01635 + 1.009*(sin(x2)+(x3)^2) + 1.002*(x1+x1) - 0.5118*(x3*x3),generation budget reached
base,exception,0.03,300,4,9006,fedfalsify-v05,1.0,1.0,1.0,3.0594228484941825e-06,0.013672301269196652,0.0,1.0,0.6422883949999232,307770,7,I(x3>1)*x3^2;sin(x2);x1;x3^2,0.004237 + 2·x₁ + 0.7474·𝟙[x₃>1]·x₃² + 0.4985·x₃² + 0.9968·sin(x₂),target federated MSE reached; no replacement passed the federated certificate
base,exception,0.03,300,4,9006,centralized-tree-gp,0.0,0.0,0.0,0.001684259531790458,0.03663725243339337,0.0,0.0,0.8269386250001389,0,1571,"expr:add(sin(x2),x1);expr:add(square(x3),square(x3));expr:add(x1,x3);expr:sin(add(sin(x3),sin(x3)))",-0.09193 + 0.9431*(sin(x2)+x1) + 0.4475*((x3)^2+(x3)^2) + 1.087*(x1+x3) - 0.7551*sin((sin(x3)+sin(x3))),generation budget reached
base,exception,0.03,300,4,9006,federated-tree-gp-style,0.0,0.0,0.0,0.0016842595317904567,0.03663725243339337,0.0,0.0,1.1239983890000076,619712,1571,"expr:add(sin(x2),x1);expr:add(square(x3),square(x3));expr:add(x1,x3);expr:sin(add(sin(x3),sin(x3)))",-0.09193 + 0.9431*(sin(x2)+x1) + 0.4475*((x3)^2+(x3)^2) + 1.087*(x1+x3) - 0.7551*sin((sin(x3)+sin(x3))),generation budget reached
base,exception,0.03,300,4,9006,centralized-residual-counterexample-gp,0.0,0.0,0.0,0.009089540823257079,0.12759829478604728,0.0,0.0,0.8640843420000692,0,1557,"expr:add(sin(x1),x1);expr:add(sin(x2),x1);expr:add(square(x3),x1);expr:add(x1,x3)",-0.06865 - 0.3056*(sin(x1)+x1) + 0.9555*(sin(x2)+x1) + 0.8833*((x3)^2+x1) + 0.6496*(x1+x3),generation budget reached
base,exception,0.03,300,4,9007,fedfalsify-v05,1.0,1.0,1.0,4.914255793027072e-06,0.012663011282635264,0.0,1.0,0.462644192000198,307924,7,I(x3>1)*x3^2;sin(x2);x1;x3^2,-0.006236 + 2.001·x₁ + 0.748·𝟙[x₃>1]·x₃² + 0.5051·x₃² + 0.9973·sin(x₂),target federated MSE reached; no replacement passed the federated certificate
base,exception,0.03,300,4,9007,centralized-tree-gp,0.0,0.0,0.0,0.029798938772999,0.3538100178918119,0.0,0.0,0.9250990979999187,0,1609,"expr:add(sin(x1),sin(x3));expr:add(sin(x1),x1);expr:sin(add(sin(x2),sin(x3)));expr:square(add(sin(x3),square(x3)))",0.4427 - 1.103*(sin(x1)+sin(x3)) + 1.715*(sin(x1)+x1) + 1.767*sin((sin(x2)+sin(x3))) + 0.1664*((sin(x3)+(x3)^2))^2,generation budget reached
base,exception,0.03,300,4,9007,federated-tree-gp-style,0.0,0.0,0.0,0.029798938772998967,0.3538100178918118,0.0,0.0,1.1799209640000754,668800,1609,"expr:add(sin(x1),sin(x3));expr:add(sin(x1),x1);expr:sin(add(sin(x2),sin(x3)));expr:square(add(sin(x3),square(x3)))",0.4427 - 1.103*(sin(x1)+sin(x3)) + 1.715*(sin(x1)+x1) + 1.767*sin((sin(x2)+sin(x3))) + 0.1664*((sin(x3)+(x3)^2))^2,generation budget reached
base,exception,0.03,300,4,9007,centralized-residual-counterexample-gp,0.0,0.0,0.0,0.029798938772999,0.3538100178918119,0.0,0.0,1.0061010609999812,0,1624,"expr:add(sin(x1),sin(x3));expr:add(sin(x1),x1);expr:sin(add(sin(x2),sin(x3)));expr:square(add(sin(x3),square(x3)))",0.4427 - 1.103*(sin(x1)+sin(x3)) + 1.715*(sin(x1)+x1) + 1.767*sin((sin(x2)+sin(x3))) + 0.1664*((sin(x3)+(x3)^2))^2,generation budget reached
base,exception,0.03,300,4,9008,fedfalsify-v05,1.0,1.0,1.0,4.440210625391499e-06,0.013411938601034968,0.0,1.0,0.5141225729998951,403004,7,I(x3>1)*x3^2;sin(x2);x1;x3^2,-1.687e-05 + 1.998·x₁ + 0.7548·𝟙[x₃>1]·x₃² + 0.4964·x₃² + 1.001·sin(x₂),target federated MSE reached; no replacement passed the federated certificate
base,exception,0.03,300,4,9008,centralized-tree-gp,0.0,0.0,0.0,0.014234215702442961,0.16854716268940714,0.0,0.0,0.882369510999979,0,1587,"expr:add(sin(x2),sin(x2));expr:add(square(x3),x1);expr:add(x1,x2);expr:add(x1,x3)",-0.0992 + 0.311*(sin(x2)+sin(x2)) + 0.9303*((x3)^2+x1) + 0.2205*(x1+x2) + 0.7326*(x1+x3),generation budget reached
base,exception,0.03,300,4,9008,federated-tree-gp-style,0.0,0.0,0.0,0.01423421570244283,0.1685471626894071,0.0,0.0,1.1287663529999463,647488,1587,"expr:add(sin(x2),sin(x2));expr:add(square(x3),x1);expr:add(x1,x2);expr:add(x1,x3)",-0.0992 + 0.311*(sin(x2)+sin(x2)) + 0.9303*((x3)^2+x1) + 0.2205*(x1+x2) + 0.7326*(x1+x3),generation budget reached
base,exception,0.03,300,4,9008,centralized-residual-counterexample-gp,0.0,0.0,0.0,0.023733457213706257,0.23784570562902918,0.0,0.0,1.0358032139999978,0,1595,"expr:add(sin(x3),x1);expr:add(square(x3),x1);expr:add(x1,x2);expr:sin(add(x3,x3))",-0.04306 + 0.8234*(sin(x3)+x1) + 0.8669*((x3)^2+x1) + 0.4109*(x1+x2) - 0.7297*sin((x3+x3)),generation budget reached
base,exception,0.03,300,4,9009,fedfalsify-v05,1.0,1.0,1.0,6.6592088636389595e-06,0.013260707150210799,0.0,1.0,0.6734088929999871,308037,7,I(x3>1)*x3^2;sin(x2);x1;x3^2,0.002142 + 1.996·x₁ + 0.7497·𝟙[x₃>1]·x₃² + 0.5017·x₃² + 1.005·sin(x₂),target federated MSE reached; no replacement passed the federated certificate
base,exception,0.03,300,4,9009,centralized-tree-gp,0.0,0.0,0.0,0.020497786585024182,0.1800989724325115,0.0,0.0,1.3899901360000513,0,1581,"expr:add(square(x3),x3);expr:add(x1,x1);expr:add(x1,x2);sin(x3)",-0.0971 + 0.8975*((x3)^2+x3) + 0.7703*(x1+x1) + 0.4581*(x1+x2) - 0.6272*sin(x3),generation budget reached
base,exception,0.03,300,4,9009,federated-tree-gp-style,0.0,0.0,0.0,0.020497786585024193,0.1800989724325115,0.0,0.0,1.852810682000154,638976,1581,"expr:add(square(x3),x3);expr:add(x1,x1);expr:add(x1,x2);sin(x3)",-0.0971 + 0.8975*((x3)^2+x3) + 0.7703*(x1+x1) + 0.4581*(x1+x2) - 0.6272*sin(x3),generation budget reached
base,exception,0.03,300,4,9009,centralized-residual-counterexample-gp,0.0,0.3333333333333333,0.25,0.025410455691177926,0.32343013339396065,0.0,0.0,1.2453192289999606,0,1583,"expr:add(square(x3),x3);expr:add(x1,x2);x1",0.1134 + 0.7948*((x3)^2+x3) + 0.4167*(x1+x2) + 1.536*x1,generation budget reached
base,exception,0.03,300,4,9010,fedfalsify-v05,1.0,1.0,1.0,2.319187113992962e-06,0.01386104824096304,0.0,1.0,1.8489616589999969,1919516,8,I(x3>1)*x3^2;sin(x2);x1;x3^2,0.004689 + 2.001·x₁ + 0.7471·𝟙[x₃>1]·x₃² + 1.003·sin(x₂) + 0.5002·x₃²,target federated MSE reached; no replacement passed the federated certificate
base,exception,0.03,300,4,9010,centralized-tree-gp,0.0,0.0,0.0,0.0014384941850136151,0.032465945755941354,0.0,0.0,0.9403224100001353,0,1620,"expr:add(sin(x2),x1);expr:add(square(x3),x1);expr:mul(square(x3),x3);expr:sin(add(square(x3),x3))",-0.06016 + 1.083*(sin(x2)+x1) + 0.9079*((x3)^2+x1) + 0.1701*((x3)^2*x3) - 0.221*sin(((x3)^2+x3)),generation budget reached
base,exception,0.03,300,4,9010,federated-tree-gp-style,0.0,0.0,0.0,0.0014384941850136067,0.03246594575594134,0.0,0.0,1.2180670029999874,681728,1620,"expr:add(sin(x2),x1);expr:add(square(x3),x1);expr:mul(square(x3),x3);expr:sin(add(square(x3),x3))",-0.06016 + 1.083*(sin(x2)+x1) + 0.9079*((x3)^2+x1) + 0.1701*((x3)^2*x3) - 0.221*sin(((x3)^2+x3)),generation budget reached
base,exception,0.03,300,4,9010,centralized-residual-counterexample-gp,0.0,0.0,0.0,0.00982513752511418,0.16125224887174214,0.0,0.0,0.9415590229998543,0,1599,"expr:add(sin(x2),x3);expr:add(square(x3),x1);expr:cos(add(cos(x1),sin(x1)));expr:square(add(x3,x3))",-0.1614 + 0.7506*(sin(x2)+x3) + 2.008*((x3)^2+x1) + 0.0609*cos((cos(x1)+sin(x1))) - 0.2751*((x3+x3))^2,generation budget reached
base,exception,0.1,300,4,9006,fedfalsify-v05,1.0,1.0,1.0,3.3993587183283155e-05,0.1519144585466295,0.0,1.0,0.5270218819998718,458507,7,I(x3>1)*x3^2;sin(x2);x1;x3^2,0.01412 + 1.999·x₁ + 0.7412·𝟙[x₃>1]·x₃² + 0.495·x₃² + 0.9895·sin(x₂),target federated MSE reached; no replacement passed the federated certificate
base,exception,0.1,300,4,9006,centralized-tree-gp,0.0,0.0,0.0,0.014738295898791188,0.3507680846101698,0.0,0.0,0.8675740410001254,0,1536,"expr:add(sin(x2),sin(x3));expr:add(sin(x2),x1);expr:add(x3,x3);expr:square(add(sin(x3),x3))",-0.4769 - 1.034*(sin(x2)+sin(x3)) + 1.97*(sin(x2)+x1) + 0.6174*(x3+x3) + 0.4688*((sin(x3)+x3))^2,generation budget reached
base,exception,0.1,300,4,9006,federated-tree-gp-style,0.0,0.0,0.0,0.01473829589879121,0.3507680846101699,0.0,0.0,1.1033353889999944,597312,1536,"expr:add(sin(x2),sin(x3));expr:add(sin(x2),x1);expr:add(x3,x3);expr:square(add(sin(x3),x3))",-0.4769 - 1.034*(sin(x2)+sin(x3)) + 1.97*(sin(x2)+x1) + 0.6174*(x3+x3) + 0.4688*((sin(x3)+x3))^2,generation budget reached
base,exception,0.1,300,4,9006,centralized-residual-counterexample-gp,0.0,0.0,0.0,0.014738295898791188,0.3507680846101698,0.0,0.0,0.9391083479999907,0,1541,"expr:add(sin(x2),sin(x3));expr:add(sin(x2),x1);expr:add(x3,x3);expr:square(add(sin(x3),x3))",-0.4769 - 1.034*(sin(x2)+sin(x3)) + 1.97*(sin(x2)+x1) + 0.6174*(x3+x3) + 0.4688*((sin(x3)+x3))^2,generation budget reached
base,exception,0.1,300,4,9007,fedfalsify-v05,1.0,1.0,1.0,5.460284217469215e-05,0.14070012536261398,0.0,1.0,0.5562994560000334,460266,7,I(x3>1)*x3^2;sin(x2);x1;x3^2,-0.02079 + 2.005·x₁ + 0.7432·𝟙[x₃>1]·x₃² + 0.5169·x₃² + 0.991·sin(x₂),target federated MSE reached; no replacement passed the federated certificate
base,exception,0.1,300,4,9007,centralized-tree-gp,0.0,0.25,0.25,0.11680414546685242,0.7749576613779053,1.0,0.0,1.2318667550000555,0,1648,"expr:add(square(x3),x2);expr:cos(add(cos(x2),sin(x3)));expr:mul(cos(x4),sin(x3));x1",0.7798 + 0.73*((x3)^2+x2) - 0.8334*cos((cos(x2)+sin(x3))) + 0.6135*(cos(x4)*sin(x3)) + 2.068*x1,generation budget reached
base,exception,0.1,300,4,9007,federated-tree-gp-style,0.0,0.25,0.25,0.11680414546685239,0.7749576613779052,1.0,0.0,2.0799781959999564,694208,1648,"expr:add(square(x3),x2);expr:cos(add(cos(x2),sin(x3)));expr:mul(cos(x4),sin(x3));x1",0.7798 + 0.73*((x3)^2+x2) - 0.8334*cos((cos(x2)+sin(x3))) + 0.6135*(cos(x4)*sin(x3)) + 2.068*x1,generation budget reached
base,exception,0.1,300,4,9007,centralized-residual-counterexample-gp,0.0,0.0,0.0,0.05111795710250032,0.75522252938934,0.0,0.0,1.8018377989999408,0,1615,"expr:add(sin(x2),square(x3));expr:add(square(x3),x1);expr:sin(add(cos(x2),x3));expr:sin(add(sin(x2),sin(x2)))",-0.3583 - 1.078*(sin(x2)+(x3)^2) + 2.062*((x3)^2+x1) + 0.9127*sin((cos(x2)+x3)) + 1.767*sin((sin(x2)+sin(x2))),generation budget reached
base,exception,0.1,300,4,9008,fedfalsify-v05,1.0,1.0,1.0,4.933567354282622e-05,0.14902154001149978,0.0,1.0,1.315339720000111,859703,7,I(x3>1)*x3^2;sin(x2);x1;x3^2,-5.622e-05 + 1.993·x₁ + 0.766·𝟙[x₃>1]·x₃² + 0.4881·x₃² + 1.002·sin(x₂),target federated MSE reached; no replacement passed the federated certificate
base,exception,0.1,300,4,9008,centralized-tree-gp,0.0,0.0,0.0,0.021492480510424208,0.3327656464160143,1.0,0.0,0.8877261479999561,0,1586,"expr:add(cos(x4),square(x3));expr:add(sin(x3),x3);expr:add(square(x3),x2);expr:add(x1,x3)",-0.2336 + 0.3773*(cos(x4)+(x3)^2) - 0.9052*(sin(x3)+x3) + 0.4802*((x3)^2+x2) + 1.991*(x1+x3),generation budget reached
base,exception,0.1,300,4,9008,federated-tree-gp-style,0.0,0.0,0.0,0.02149248051042406,0.33276564641601436,1.0,0.0,1.1706775190000371,646336,1586,"expr:add(cos(x4),square(x3));expr:add(sin(x3),x3);expr:add(square(x3),x2);expr:add(x1,x3)",-0.2336 + 0.3773*(cos(x4)+(x3)^2) - 0.9052*(sin(x3)+x3) + 0.4802*((x3)^2+x2) + 1.991*(x1+x3),generation budget reached
base,exception,0.1,300,4,9008,centralized-residual-counterexample-gp,0.0,0.0,0.0,0.03103589473416259,0.4661343739508904,0.0,0.0,0.953165977000026,0,1629,"expr:add(cos(x3),square(x3));expr:add(sin(x3),x3);expr:add(square(x3),x2);expr:add(x1,x1)",-0.587 + 0.6277*(cos(x3)+(x3)^2) + 0.3892*(sin(x3)+x3) + 0.4577*((x3)^2+x2) + 0.9972*(x1+x1),generation budget reached
base,exception,0.1,300,4,9009,fedfalsify-v05,1.0,1.0,1.0,7.399120953122156e-05,0.14734119055789782,0.0,1.0,0.6617950440002005,611757,7,I(x3>1)*x3^2;sin(x2);x1;x3^2,0.007138 + 1.985·x₁ + 0.749·𝟙[x₃>1]·x₃² + 0.5057·x₃² + 1.017·sin(x₂),target federated MSE reached; no replacement passed the federated certificate
base,exception,0.1,300,4,9009,centralized-tree-gp,0.0,0.0,0.0,0.0051289237678290595,0.23057154068236926,1.0,0.0,0.813460583999813,0,1526,"expr:add(sin(x2),x1);expr:add(square(x3),x3);expr:add(x1,x1);expr:sin(add(cos(x4),x3))",0.1469 + 1.032*(sin(x2)+x1) + 0.8259*((x3)^2+x3) + 0.4822*(x1+x1) - 0.444*sin((cos(x4)+x3)),generation budget reached
base,exception,0.1,300,4,9009,federated-tree-gp-style,0.0,0.0,0.0,0.005128923767829071,0.23057154068236932,1.0,0.0,1.105404591000024,592064,1526,"expr:add(sin(x2),x1);expr:add(square(x3),x3);expr:add(x1,x1);expr:sin(add(cos(x4),x3))",0.1469 + 1.032*(sin(x2)+x1) + 0.8259*((x3)^2+x3) + 0.4822*(x1+x1) - 0.444*sin((cos(x4)+x3)),generation budget reached
base,exception,0.1,300,4,9009,centralized-residual-counterexample-gp,0.0,0.0,0.0,0.0051289237678290595,0.23057154068236926,1.0,0.0,0.9035454419999951,0,1526,"expr:add(sin(x2),x1);expr:add(square(x3),x3);expr:add(x1,x1);expr:sin(add(cos(x4),x3))",0.1469 + 1.032*(sin(x2)+x1) + 0.8259*((x3)^2+x3) + 0.4822*(x1+x1) - 0.444*sin((cos(x4)+x3)),generation budget reached
base,exception,0.1,300,4,9010,fedfalsify-v05,1.0,1.0,1.0,2.576874577803431e-05,0.1540116471218116,0.0,1.0,0.5485807350000869,458410,7,I(x3>1)*x3^2;sin(x2);x1;x3^2,0.01563 + 2.004·x₁ + 0.7405·𝟙[x₃>1]·x₃² + 0.5005·x₃² + 1.011·sin(x₂),target federated MSE reached; no replacement passed the federated certificate
base,exception,0.1,300,4,9010,centralized-tree-gp,0.0,0.25,0.25,0.003325733012380829,0.19854962029398096,0.0,1.0,0.9052974620001351,0,1582,"I(x3>1)*x3^2;expr:add(sin(x1),square(x3));expr:add(sin(x2),x1);expr:add(square(x3),x1)",-0.007625 - 0.4136*(sin(x1)+(x3)^2) + 1.197*(sin(x2)+x1) + 0.9517*((x3)^2+x1) + 0.6986*I(x3>1)*((x3)^2),generation budget reached
base,exception,0.1,300,4,9010,federated-tree-gp-style,0.0,0.25,0.25,0.0033257330123805766,0.19854962029398093,0.0,1.0,1.1330435410000064,624960,1582,"I(x3>1)*x3^2;expr:add(sin(x1),square(x3));expr:add(sin(x2),x1);expr:add(square(x3),x1)",-0.007625 - 0.4136*(sin(x1)+(x3)^2) + 1.197*(sin(x2)+x1) + 0.9517*((x3)^2+x1) + 0.6986*I(x3>1)*((x3)^2),generation budget reached
base,exception,0.1,300,4,9010,centralized-residual-counterexample-gp,0.0,0.25,0.25,0.00030006237123386827,0.15633171183107808,0.0,1.0,1.4168944900000042,0,1578,"I(x3>1)*x3^2;expr:add(cos(x3),sin(x2));expr:add(sin(x2),x1);expr:add(square(x3),x1)",0.6388 - 0.6928*(cos(x3)+sin(x2)) + 1.713*(sin(x2)+x1) + 0.2787*((x3)^2+x1) + 0.7457*I(x3>1)*((x3)^2),generation budget reached
poly3,complementary,0.03,300,4,9006,fedfalsify-v05,1.0,1.0,1.0,1.7019232120792032e-06,0.05680165994010449,0.0,1.0,0.5301419279999209,267809,6,x1;x1^2;x1^3,-0.002015 + 1.007·x₁ + 0.9975·x₁³ + 1.001·x₁²,target federated MSE reached; no replacement passed the federated certificate
poly3,complementary,0.03,300,4,9006,centralized-tree-gp,0.0,0.25,0.3333333333333333,0.004402107323950716,0.2135703726779219,1.0,1.0,1.3846176629999718,0,1599,"expr:add(cos(x1),cos(x1));expr:cos(mul(cos(x1),cos(x4)));expr:mul(cos(x1),x1);x1^3",4.665 - 1.697*(cos(x1)+cos(x1)) - 1.952*cos((cos(x1)*cos(x4))) + 1.383*(cos(x1)*x1) + 1.348*((x1)^2*x1),generation budget reached
poly3,complementary,0.03,300,4,9006,federated-tree-gp-style,0.0,0.25,0.3333333333333333,0.004402107323950691,0.21357037267792178,1.0,1.0,1.700870888999816,628544,1599,"expr:add(cos(x1),cos(x1));expr:cos(mul(cos(x1),cos(x4)));expr:mul(cos(x1),x1);x1^3",4.665 - 1.697*(cos(x1)+cos(x1)) - 1.952*cos((cos(x1)*cos(x4))) + 1.383*(cos(x1)*x1) + 1.348*((x1)^2*x1),generation budget reached
poly3,complementary,0.03,300,4,9006,centralized-residual-counterexample-gp,0.0,0.25,0.3333333333333333,0.0004840941120245533,0.14806906752766494,1.0,1.0,0.9098740280001039,0,1567,"expr:add(cos(x4),square(x1));expr:add(sin(x1),x1);expr:cos(mul(sin(x3),square(x4)));x1^3",-0.06572 + 0.9809*(cos(x4)+(x1)^2) + 0.5204*(sin(x1)+x1) - 0.6949*cos((sin(x3)*(x4)^2)) + 1.058*((x1)^2*x1),generation budget reached
poly3,complementary,0.03,300,4,9007,fedfalsify-v05,1.0,1.0,1.0,3.9127925786861755e-06,0.04823957490889113,0.0,1.0,0.31236203200001,238121,5,x1;x1^2;x1^3,0.01498 + 0.9917·x₁ + 0.9938·x₁² + 1.003·x₁³,target federated MSE reached; no replacement passed the federated certificate
poly3,complementary,0.03,300,4,9007,centralized-tree-gp,0.0,0.5,0.6666666666666666,0.003654013646508071,0.3209420082253741,1.0,1.0,0.9205806090001261,0,1605,"expr:cos(add(cos(x3),x1));expr:square(add(cos(x4),square(x1)));x1;x1^3",1.056 - 0.8189*cos((cos(x3)+x1)) + 1.025*((x1)^2*x1) + 0.09931*((cos(x4)+(x1)^2))^2 + 0.728*x1,generation budget reached
poly3,complementary,0.03,300,4,9007,federated-tree-gp-style,0.0,0.5,0.6666666666666666,0.0036540136465080643,0.32094200822537405,1.0,1.0,1.1489397660000122,660800,1605,"expr:cos(add(cos(x3),x1));expr:square(add(cos(x4),square(x1)));x1;x1^3",1.056 - 0.8189*cos((cos(x3)+x1)) + 1.025*((x1)^2*x1) + 0.09931*((cos(x4)+(x1)^2))^2 + 0.728*x1,generation budget reached
poly3,complementary,0.03,300,4,9007,centralized-residual-counterexample-gp,0.0,0.25,0.3333333333333333,0.0037059045385306874,0.3442120320807568,0.0,1.0,0.9621530009999333,0,1555,"expr:cos(add(cos(x1),cos(x1)));expr:cos(add(cos(x3),x1));expr:mul(cos(x1),square(x1));x1^3",1.302 + 1.181*cos((cos(x1)+cos(x1))) - 0.9437*cos((cos(x3)+x1)) - 0.8333*(cos(x1)*(x1)^2) + 1.173*((x1)^2*x1),generation budget reached
poly3,complementary,0.03,300,4,9008,fedfalsify-v05,1.0,1.0,1.0,1.3755182759385448e-06,0.05185635289698079,0.0,1.0,0.6166205790000276,479224,6,x1;x1^2;x1^3,-0.000887 + 0.9895·x₁ + 1.002·x₁³ + 0.9974·x₁²,target federated MSE reached; no replacement passed the federated certificate
poly3,complementary,0.03,300,4,9008,centralized-tree-gp,0.0,0.5,0.3333333333333333,1.1254976290208258e-06,0.05188178512275132,0.0,1.0,1.0287846690000606,0,1613,"expr:add(square(x1),x1);x1^3",0.0004209 + 0.9968*((x1)^2+x1) + 1.001*((x1)^2*x1),generation budget reached
poly3,complementary,0.03,300,4,9008,federated-tree-gp-style,0.0,0.5,0.3333333333333333,1.1254976290245013e-06,0.05188178512275132,0.0,1.0,1.2522710240000379,637952,1613,"expr:add(square(x1),x1);x1^3",0.0004209 + 0.9968*((x1)^2+x1) + 1.001*((x1)^2*x1),generation budget reached
poly3,complementary,0.03,300,4,9008,centralized-residual-counterexample-gp,0.0,0.5,0.3333333333333333,1.1254976290208258e-06,0.05188178512275132,0.0,1.0,1.0503153369998017,0,1644,"expr:add(square(x1),x1);x1^3",0.0004209 + 0.9968*((x1)^2+x1) + 1.001*((x1)^2*x1),generation budget reached
poly3,complementary,0.03,300,4,9009,fedfalsify-v05,1.0,1.0,1.0,5.632197115014129e-06,0.056116683211278516,0.0,1.0,0.4221025299998473,267874,6,x1;x1^2;x1^3,0.0003798 + 0.9977·x₁ + 0.9984·x₁³ + 1.005·x₁²,target federated MSE reached; no replacement passed the federated certificate
poly3,complementary,0.03,300,4,9009,centralized-tree-gp,0.0,0.6666666666666666,0.6666666666666666,2.429548729337471e-05,0.05791998067182367,0.0,1.0,0.7837134979999973,0,1502,"expr:add(sin(x1),square(x1));x1;x1^3",0.00938 + 0.9986*(sin(x1)+(x1)^2) + 1.105*((x1)^2*x1) + 0.08669*x1,generation budget reached
poly3,complementary,0.03,300,4,9009,federated-tree-gp-style,0.0,0.6666666666666666,0.6666666666666666,2.4295487293375322e-05,0.05791998067182366,0.0,1.0,1.4268595119999645,539200,1502,"expr:add(sin(x1),square(x1));x1;x1^3",0.00938 + 0.9986*(sin(x1)+(x1)^2) + 1.105*((x1)^2*x1) + 0.08669*x1,generation budget reached
poly3,complementary,0.03,300,4,9009,centralized-residual-counterexample-gp,0.0,0.5,0.3333333333333333,7.226072452802288e-05,0.061154868604737754,0.0,1.0,1.2946445709999352,0,1491,"expr:add(sin(x1),square(x1));x1^3",-0.006874 + 1.004*(sin(x1)+(x1)^2) + 1.12*((x1)^2*x1),generation budget reached
poly3,complementary,0.03,300,4,9010,fedfalsify-v05,1.0,1.0,1.0,1.1853088307302727e-07,0.05556441892640594,0.0,1.0,0.5223323539999001,267618,6,x1;x1^2;x1^3,0.004908 + 1.001·x₁ + 1·x₁³ + 0.9995·x₁²,target federated MSE reached; no replacement passed the federated certificate
poly3,complementary,0.03,300,4,9010,centralized-tree-gp,0.0,0.5,0.3333333333333333,1.2461606324041116e-07,0.05556486314375043,0.0,1.0,1.4136490799999137,0,1567,"expr:add(square(x1),x1);x1^3",0.00471 + 0.9996*((x1)^2+x1) + 1*((x1)^2*x1),generation budget reached
poly3,complementary,0.03,300,4,9010,federated-tree-gp-style,0.0,0.5,0.3333333333333333,1.2461606324028985e-07,0.05556486314375044,0.0,1.0,1.3371222670000407,601344,1567,"expr:add(square(x1),x1);x1^3",0.00471 + 0.9996*((x1)^2+x1) + 1*((x1)^2*x1),generation budget reached
poly3,complementary,0.03,300,4,9010,centralized-residual-counterexample-gp,0.0,0.5,0.3333333333333333,1.2461606324041116e-07,0.05556486314375043,0.0,1.0,0.8593704580000576,0,1573,"expr:add(square(x1),x1);x1^3",0.00471 + 0.9996*((x1)^2+x1) + 1*((x1)^2*x1),generation budget reached
poly3,complementary,0.1,300,4,9006,fedfalsify-v05,0.0,0.6666666666666666,0.6666666666666666,0.003979425052792125,0.8405208648994136,0.0,1.0,0.8535166909998679,916512,5,cos(x1);x1;x1^3,2.964 + 0.9542·x₁ - 3.322·cos(x₁) + 1.025·x₁³,target federated MSE reached; no replacement passed the federated certificate
poly3,complementary,0.1,300,4,9006,centralized-tree-gp,0.0,0.5,0.3333333333333333,1.4595785929566581e-05,0.6312932643755772,0.0,1.0,0.9254676840000684,0,1586,"expr:add(square(x1),x1);x1^3",-0.01083 + 1.004*((x1)^2+x1) + 0.995*((x1)^2*x1),generation budget reached
poly3,complementary,0.1,300,4,9006,federated-tree-gp-style,0.0,0.5,0.3333333333333333,1.4595785929561428e-05,0.6312932643755772,0.0,1.0,1.1925051219998295,611392,1586,"expr:add(square(x1),x1);x1^3",-0.01083 + 1.004*((x1)^2+x1) + 0.995*((x1)^2*x1),generation budget reached
poly3,complementary,0.1,300,4,9006,centralized-residual-counterexample-gp,0.0,0.25,0.3333333333333333,0.0002967536770257514,0.6866417756953879,0.0,1.0,0.9642096480001783,0,1625,"expr:sin(add(sin(x1),sin(x1)));expr:square(add(square(x1),square(x1)));expr:square(add(square(x1),x1));x1^3",-0.02388 - 0.9169*((x1)^2*x1) + 0.9174*sin((sin(x1)+sin(x1))) - 0.2545*(((x1)^2+(x1)^2))^2 + 1.015*(((x1)^2+x1))^2,generation budget reached
poly3,complementary,0.1,300,4,9007,fedfalsify-v05,1.0,1.0,1.0,4.347547306621709e-05,0.5359952767654571,0.0,1.0,0.7800649630000862,888671,5,x1;x1^2;x1^3,0.04992 + 0.9725·x₁ + 0.9795·x₁² + 1.01·x₁³,target federated MSE reached; no replacement passed the federated certificate
poly3,complementary,0.1,300,4,9007,centralized-tree-gp,0.0,0.3333333333333333,0.3333333333333333,4.34754730536634e-05,0.5359952767654571,0.0,1.0,0.8057413910000832,0,1515,"expr:add(square(x1),square(x1));expr:add(x1,x1);x1^3",0.04992 + 0.4897*((x1)^2+(x1)^2) + 0.4862*(x1+x1) + 1.01*((x1)^2*x1),generation budget reached
poly3,complementary,0.1,300,4,9007,federated-tree-gp-style,0.0,0.3333333333333333,0.3333333333333333,4.3475473053657233e-05,0.5359952767654571,0.0,1.0,1.1222489910001059,567552,1515,"expr:add(square(x1),square(x1));expr:add(x1,x1);x1^3",0.04992 + 0.4897*((x1)^2+(x1)^2) + 0.4862*(x1+x1) + 1.01*((x1)^2*x1),generation budget reached
poly3,complementary,0.1,300,4,9007,centralized-residual-counterexample-gp,0.0,0.6666666666666666,0.6666666666666666,4.347547306182374e-05,0.535995276765457,0.0,1.0,0.8662263740000071,0,1541,"expr:add(square(x1),square(x1));x1;x1^3",0.04992 + 0.4897*((x1)^2+(x1)^2) + 1.01*((x1)^2*x1) + 0.9725*x1,generation budget reached
poly3,complementary,0.1,300,4,9008,fedfalsify-v05,1.0,1.0,1.0,1.528353637977793e-05,0.5761816988553424,0.0,1.0,1.8671077779999905,1809441,6,x1;x1^2;x1^3,-0.002957 + 0.965·x₁ + 0.9913·x₁² + 1.007·x₁³,target federated MSE reached; no replacement passed the federated certificate
poly3,complementary,0.1,300,4,9008,centralized-tree-gp,0.0,0.5,0.3333333333333333,0.00012267755894930879,0.5807565291116673,0.0,1.0,1.4273408670001118,0,1559,"expr:add(sin(x1),square(x1));x1^3",-0.008451 + 0.991*(sin(x1)+(x1)^2) + 1.125*((x1)^2*x1),generation budget reached
poly3,complementary,0.1,300,4,9008,federated-tree-gp-style,0.0,0.5,0.3333333333333333,0.0001226775589493116,0.5807565291116674,0.0,1.0,1.8514255999998568,608384,1559,"expr:add(sin(x1),square(x1));x1^3",-0.008451 + 0.991*(sin(x1)+(x1)^2) + 1.125*((x1)^2*x1),generation budget reached
poly3,complementary,0.1,300,4,9008,centralized-residual-counterexample-gp,0.0,0.0,0.0,0.003111910084844361,0.7075627562484386,0.0,1.0,1.0771199639998486,0,1537,"expr:add(sin(x1),square(x1));expr:add(sin(x1),x1);expr:add(x1,x1)",-0.03084 + 1.027*(sin(x1)+(x1)^2) - 10.25*(sin(x1)+x1) + 9.862*(x1+x1),generation budget reached
poly3,complementary,0.1,300,4,9009,fedfalsify-v05,0.0,0.3333333333333333,0.3333333333333333,0.004211295996092277,0.778987173918256,0.0,1.0,0.8169459929999903,888165,5,cos(x1);sin(x1);x1^3,2.996 + 0.991·sin(x₁) - 3.341·cos(x₁) + 1.142·x₁³,target federated MSE reached; no replacement passed the federated certificate
poly3,complementary,0.1,300,4,9009,centralized-tree-gp,0.0,0.6666666666666666,0.6666666666666666,6.257996797713302e-05,0.6235187023475393,0.0,1.0,0.9133312799999658,0,1588,"expr:add(square(x1),square(x1));x1;x1^3",0.001266 + 0.5087*((x1)^2+(x1)^2) + 0.9948*((x1)^2*x1) + 0.9924*x1,generation budget reached
poly3,complementary,0.1,300,4,9009,federated-tree-gp-style,0.0,0.6666666666666666,0.6666666666666666,6.257996797712998e-05,0.6235187023475393,0.0,1.0,1.1936502900000505,626496,1588,"expr:add(square(x1),square(x1));x1;x1^3",0.001266 + 0.5087*((x1)^2+(x1)^2) + 0.9948*((x1)^2*x1) + 0.9924*x1,generation budget reached
poly3,complementary,0.1,300,4,9009,centralized-residual-counterexample-gp,0.0,0.3333333333333333,0.3333333333333333,0.0011256901636235662,0.7828859570176276,1.0,1.0,0.9600024320000102,0,1546,"expr:add(square(x1),square(x1));expr:sin(add(cos(x4),x1));x1^3",-0.4499 + 0.573*((x1)^2+(x1)^2) + 1.133*((x1)^2*x1) + 0.9769*sin((cos(x4)+x1)),generation budget reached
poly3,complementary,0.1,300,4,9010,fedfalsify-v05,0.0,0.3333333333333333,0.3333333333333333,0.004573713539911417,0.8215546492289418,0.0,1.0,0.7846897710001031,887573,5,cos(x1);sin(x1);x1^3,2.957 + 1.042·sin(x₁) - 3.256·cos(x₁) + 1.137·x₁³,target federated MSE reached; no replacement passed the federated certificate
poly3,complementary,0.1,300,4,9010,centralized-tree-gp,0.0,0.5,0.3333333333333333,1.3846229253519755e-06,0.6173873682638942,0.0,1.0,0.7734150019998651,0,1522,"expr:add(square(x1),x1);x1^3",0.0157 + 0.9988*((x1)^2+x1) + 1.001*((x1)^2*x1),generation budget reached
poly3,complementary,0.1,300,4,9010,federated-tree-gp-style,0.0,0.5,0.3333333333333333,1.3846229253529486e-06,0.6173873682638942,0.0,1.0,0.9924001730000782,555008,1522,"expr:add(square(x1),x1);x1^3",0.0157 + 0.9988*((x1)^2+x1) + 1.001*((x1)^2*x1),generation budget reached
poly3,complementary,0.1,300,4,9010,centralized-residual-counterexample-gp,0.0,0.5,0.3333333333333333,1.3846229253519755e-06,0.6173873682638942,0.0,1.0,0.7959836119998727,0,1521,"expr:add(square(x1),x1);x1^3",0.0157 + 0.9988*((x1)^2+x1) + 1.001*((x1)^2*x1),generation budget reached
poly3,spurious,0.03,300,4,9006,fedfalsify-v05,1.0,1.0,1.0,1.1854878647122975e-06,0.05353561767266452,0.0,1.0,0.39165389000004325,267445,6,x1;x1^2;x1^3,0.006931 + 1.005·x₁ + 0.9984·x₁³ + 0.9968·x₁²,target federated MSE reached; no replacement passed the federated certificate
poly3,spurious,0.03,300,4,9006,centralized-tree-gp,0.0,0.25,0.3333333333333333,0.00043253460716117614,0.09043376220484603,0.0,1.0,0.9097780770000554,0,1569,"expr:add(x1,x1);expr:cos(mul(sin(x1),square(x1)));expr:square(add(square(x1),x1));x1^3",1.196 + 0.5044*(x1+x1) - 0.9161*cos((sin(x1)*(x1)^2)) + 0.8105*((x1)^2*x1) + 0.09176*(((x1)^2+x1))^2,generation budget reached
poly3,spurious,0.03,300,4,9006,federated-tree-gp-style,0.0,0.25,0.3333333333333333,0.00043253460716122276,0.09043376220484602,0.0,1.0,1.2302687300000343,600128,1569,"expr:add(x1,x1);expr:cos(mul(sin(x1),square(x1)));expr:square(add(square(x1),x1));x1^3",1.196 + 0.5044*(x1+x1) - 0.9161*cos((sin(x1)*(x1)^2)) + 0.8105*((x1)^2*x1) + 0.09176*(((x1)^2+x1))^2,generation budget reached
poly3,spurious,0.03,300,4,9006,centralized-residual-counterexample-gp,0.0,0.0,0.0,0.0023217933536872066,0.20889333111092506,1.0,1.0,1.3626219319999109,0,1582,"expr:cos(add(cos(x4),x1));expr:square(add(square(x1),x1));expr:square(mul(x1,x1))",0.9263 - 1.22*cos((cos(x4)+x1)) + 0.5784*(((x1)^2+x1))^2 - 0.5613*((x1*x1))^2,generation budget reached
poly3,spurious,0.03,300,4,9007,fedfalsify-v05,1.0,1.0,1.0,3.990578117300775e-06,0.05221490788107905,0.0,1.0,0.6216988470000615,267619,6,x1;x1^2;x1^3,0.0009309 + 0.9871·x₁ + 1·x₁³ + 1.003·x₁²,target federated MSE reached; no replacement passed the federated certificate
poly3,spurious,0.03,300,4,9007,centralized-tree-gp,1.0,1.0,1.0,3.990578117300835e-06,0.05221490788107904,0.0,1.0,1.515554136999981,0,1603,x1;x1^2;x1^3,0.0009309 + 1*((x1)^2*x1) + 1.003*(x1*x1) + 0.9871*x1,generation budget reached
poly3,spurious,0.03,300,4,9007,federated-tree-gp-style,1.0,1.0,1.0,3.990578117300841e-06,0.05221490788107904,0.0,1.0,1.5365612900000087,655360,1603,x1;x1^2;x1^3,0.0009309 + 1*((x1)^2*x1) + 1.003*(x1*x1) + 0.9871*x1,generation budget reached
poly3,spurious,0.03,300,4,9007,centralized-residual-counterexample-gp,1.0,1.0,1.0,3.990578117300835e-06,0.05221490788107904,0.0,1.0,0.9496193830000266,0,1587,x1;x1^2;x1^3,0.0009309 + 1*((x1)^2*x1) + 1.003*(x1*x1) + 0.9871*x1,generation budget reached
poly3,spurious,0.03,300,4,9008,fedfalsify-v05,1.0,1.0,1.0,2.668171125766848e-06,0.04952171408767758,0.0,1.0,0.3790849150000213,268085,6,x1;x1^2;x1^3,-4.053e-05 + 1.007·x₁ + 0.9971·x₁³ + 0.9995·x₁²,target federated MSE reached; no replacement passed the federated certificate
poly3,spurious,0.03,300,4,9008,centralized-tree-gp,0.0,0.5,0.3333333333333333,1.8410995226928016e-06,0.0495441750859575,0.0,1.0,0.8283510329999899,0,1584,"expr:add(square(x1),x1);x1^3",-0.001258 + 1*((x1)^2+x1) + 0.9984*((x1)^2*x1),generation budget reached
poly3,spurious,0.03,300,4,9008,federated-tree-gp-style,0.0,0.5,0.3333333333333333,1.841099522697069e-06,0.04954417508595749,0.0,1.0,1.1873455059999287,621376,1584,"expr:add(square(x1),x1);x1^3",-0.001258 + 1*((x1)^2+x1) + 0.9984*((x1)^2*x1),generation budget reached
poly3,spurious,0.03,300,4,9008,centralized-residual-counterexample-gp,0.0,0.5,0.3333333333333333,1.8410995226928016e-06,0.0495441750859575,0.0,1.0,0.9012543139999707,0,1582,"expr:add(square(x1),x1);x1^3",-0.001258 + 1*((x1)^2+x1) + 0.9984*((x1)^2*x1),generation budget reached
poly3,spurious,0.03,300,4,9009,fedfalsify-v05,1.0,1.0,1.0,5.8815998842887e-06,0.049715365622283826,0.0,1.0,0.32954141200002596,238140,5,x1;x1^2;x1^3,-0.001382 + 1.013·x₁ + 1.002·x₁² + 0.9953·x₁³,target federated MSE reached; no replacement passed the federated certificate
poly3,spurious,0.03,300,4,9009,centralized-tree-gp,0.0,0.5,0.3333333333333333,4.3102057689408025e-06,0.04976681328562984,0.0,1.0,0.8114763010000843,0,1558,"expr:add(square(x1),x1);x1^3",-0.00364 + 1.003*((x1)^2+x1) + 0.9973*((x1)^2*x1),generation budget reached
poly3,spurious,0.03,300,4,9009,federated-tree-gp-style,0.0,0.5,0.3333333333333333,4.310205768939928e-06,0.04976681328562983,0.0,1.0,1.0470336780001617,589184,1558,"expr:add(square(x1),x1);x1^3",-0.00364 + 1.003*((x1)^2+x1) + 0.9973*((x1)^2*x1),generation budget reached
poly3,spurious,0.03,300,4,9009,centralized-residual-counterexample-gp,0.0,0.5,0.3333333333333333,4.3102057689408025e-06,0.04976681328562984,0.0,1.0,0.8282888890000777,0,1521,"expr:add(square(x1),x1);x1^3",-0.00364 + 1.003*((x1)^2+x1) + 0.9973*((x1)^2*x1),generation budget reached
poly3,spurious,0.03,300,4,9010,fedfalsify-v05,0.0,0.5,0.6666666666666666,0.004927654589868336,0.24912420121762668,0.0,1.0,0.36694996099981836,237760,5,cos(x1);sin(x1);x1;x1^3,2.951 - 1.398·x₁ + 2.555·sin(x₁) - 3.271·cos(x₁) + 1.302·x₁³,no sufficiently supported counterexample repair; no replacement passed the federated certificate
poly3,spurious,0.03,300,4,9010,centralized-tree-gp,0.0,0.5,0.3333333333333333,1.129845923755628e-06,0.060169376646165444,0.0,1.0,0.7414251209997929,0,1505,"expr:add(square(x1),x1);x1^3",0.01308 + 0.9977*((x1)^2+x1) + 1.001*((x1)^2*x1),generation budget reached
poly3,spurious,0.03,300,4,9010,federated-tree-gp-style,0.0,0.5,0.3333333333333333,1.1298459237558655e-06,0.060169376646165465,0.0,1.0,1.03545096799985,529216,1505,"expr:add(square(x1),x1);x1^3",0.01308 + 0.9977*((x1)^2+x1) + 1.001*((x1)^2*x1),generation budget reached
poly3,spurious,0.03,300,4,9010,centralized-residual-counterexample-gp,0.0,0.5,0.3333333333333333,1.129845923755628e-06,0.060169376646165444,0.0,1.0,1.4424837029998798,0,1519,"expr:add(square(x1),x1);x1^3",0.01308 + 0.9977*((x1)^2+x1) + 1.001*((x1)^2*x1),generation budget reached
poly3,spurious,0.1,300,4,9006,fedfalsify-v05,0.0,0.6666666666666666,0.6666666666666666,0.0040882570487519795,0.8087984763204138,0.0,1.0,1.196217463000039,887284,5,cos(x1);x1;x1^3,2.949 + 0.9555·x₁ - 3.269·cos(x₁) + 1.021·x₁³,target federated MSE reached; no replacement passed the federated certificate
poly3,spurious,0.1,300,4,9006,centralized-tree-gp,0.0,0.5,0.3333333333333333,7.941782112739597e-06,0.5951267963137681,0.0,1.0,1.2082912060000126,0,1501,"expr:add(square(x1),x1);x1^3",0.01812 + 0.9914*((x1)^2+x1) + 0.9991*((x1)^2*x1),generation budget reached
poly3,spurious,0.1,300,4,9006,federated-tree-gp-style,0.0,0.5,0.3333333333333333,7.941782112738132e-06,0.5951267963137681,0.0,1.0,1.359587145999967,515904,1501,"expr:add(square(x1),x1);x1^3",0.01812 + 0.9914*((x1)^2+x1) + 0.9991*((x1)^2*x1),generation budget reached
poly3,spurious,0.1,300,4,9006,centralized-residual-counterexample-gp,0.0,0.5,0.3333333333333333,7.941782112739597e-06,0.5951267963137681,0.0,1.0,0.7877882779998799,0,1502,"expr:add(square(x1),x1);x1^3",0.01812 + 0.9914*((x1)^2+x1) + 0.9991*((x1)^2*x1),generation budget reached
poly3,spurious,0.1,300,4,9007,fedfalsify-v05,1.0,1.0,1.0,4.433975687046129e-05,0.5801656431231006,0.0,1.0,0.7720359690001715,887931,5,x1;x1^2;x1^3,0.003103 + 0.9571·x₁ + 1.01·x₁² + 1.001·x₁³,target federated MSE reached; no replacement passed the federated certificate
poly3,spurious,0.1,300,4,9007,centralized-tree-gp,0.0,0.6666666666666666,0.6666666666666666,4.433975687493717e-05,0.5801656431231006,0.0,1.0,0.9007368090001364,0,1605,"expr:square(add(x1,x1));x1;x1^3",0.003103 + 1.001*((x1)^2*x1) + 0.2526*((x1+x1))^2 + 0.9571*x1,generation budget reached
poly3,spurious,0.1,300,4,9007,federated-tree-gp-style,0.0,0.6666666666666666,0.6666666666666666,4.433975687493406e-05,0.5801656431231006,0.0,1.0,1.1233271060000334,662464,1605,"expr:square(add(x1,x1));x1;x1^3",0.003103 + 1.001*((x1)^2*x1) + 0.2526*((x1+x1))^2 + 0.9571*x1,generation budget reached
poly3,spurious,0.1,300,4,9007,centralized-residual-counterexample-gp,0.0,0.25,0.3333333333333333,0.0015491697980227303,0.684228369241517,1.0,1.0,0.9344596040000397,0,1600,"expr:add(sin(x1),x4);expr:add(x1,x4);expr:square(add(x1,x1));x1^3",-0.07038 - 6.64*(sin(x1)+x4) + 6.771*(x1+x4) + 0.3332*((x1)^2*x1) + 0.2637*((x1+x1))^2,generation budget reached
poly3,spurious,0.1,300,4,9008,fedfalsify-v05,0.0,0.6666666666666666,0.6666666666666666,3.286795411784215e-05,0.5515133316936036,0.0,1.0,1.1266318049999882,1243742,6,sin(x1);x1^2;x1^3,0.002691 + 1.115·sin(x₁) + 1.111·x₁³ + 0.9946·x₁²,target federated MSE reached; no replacement passed the federated certificate
poly3,spurious,0.1,300,4,9008,centralized-tree-gp,0.0,0.5,0.3333333333333333,2.045666136050368e-05,0.5504908342884164,0.0,1.0,0.9068715559999418,0,1606,"expr:add(square(x1),x1);x1^3",-0.004193 + 1*((x1)^2+x1) + 0.9946*((x1)^2*x1),generation budget reached
poly3,spurious,0.1,300,4,9008,federated-tree-gp-style,0.0,0.5,0.3333333333333333,2.0456661360510795e-05,0.5504908342884164,0.0,1.0,1.1840272199999617,639104,1606,"expr:add(square(x1),x1);x1^3",-0.004193 + 1*((x1)^2+x1) + 0.9946*((x1)^2*x1),generation budget reached
poly3,spurious,0.1,300,4,9008,centralized-residual-counterexample-gp,0.0,0.5,0.3333333333333333,2.045666136050368e-05,0.5504908342884164,0.0,1.0,0.9800696699999207,0,1632,"expr:add(square(x1),x1);x1^3",-0.004193 + 1*((x1)^2+x1) + 0.9946*((x1)^2*x1),generation budget reached
poly3,spurious,0.1,300,4,9009,fedfalsify-v05,1.0,1.0,1.0,6.535110985860392e-05,0.5523929513587096,0.0,1.0,0.7901229730000523,888568,5,x1;x1^2;x1^3,-0.004607 + 1.044·x₁ + 1.006·x₁² + 0.9843·x₁³,target federated MSE reached; no replacement passed the federated certificate
poly3,spurious,0.1,300,4,9009,centralized-tree-gp,0.0,0.5,0.3333333333333333,4.789117521316448e-05,0.5529645920625541,0.0,1.0,1.2175978580000901,0,1489,"expr:add(square(x1),x1);x1^3",-0.01213 + 1.01*((x1)^2+x1) + 0.9909*((x1)^2*x1),generation budget reached
poly3,spurious,0.1,300,4,9009,federated-tree-gp-style,0.0,0.5,0.3333333333333333,4.789117521316953e-05,0.5529645920625539,0.0,1.0,1.6003789369999595,504832,1489,"expr:add(square(x1),x1);x1^3",-0.01213 + 1.01*((x1)^2+x1) + 0.9909*((x1)^2*x1),generation budget reached
poly3,spurious,0.1,300,4,9009,centralized-residual-counterexample-gp,0.0,0.5,0.3333333333333333,4.789117521316448e-05,0.5529645920625541,0.0,1.0,1.2388333179999336,0,1497,"expr:add(square(x1),x1);x1^3",-0.01213 + 1.01*((x1)^2+x1) + 0.9909*((x1)^2*x1),generation budget reached
poly3,spurious,0.1,300,4,9010,fedfalsify-v05,1.0,1.0,1.0,1.1681700464057673e-05,0.668427138392529,0.0,1.0,1.0815947809999216,860091,5,x1;x1^2;x1^3,0.04689 + 1.008·x₁ + 0.991·x₁² + 1.001·x₁³,target federated MSE reached; no replacement passed the federated certificate
poly3,spurious,0.1,300,4,9010,centralized-tree-gp,0.0,0.5,0.3333333333333333,1.2553843596224846e-05,0.6685486294018387,0.0,1.0,0.8028996190000726,0,1508,"expr:add(square(x1),x1);x1^3",0.04359 + 0.9923*((x1)^2+x1) + 1.004*((x1)^2*x1),generation budget reached
poly3,spurious,0.1,300,4,9010,federated-tree-gp-style,0.0,0.5,0.3333333333333333,1.2553843596218849e-05,0.6685486294018387,0.0,1.0,0.9934684659999675,536448,1508,"expr:add(square(x1),x1);x1^3",0.04359 + 0.9923*((x1)^2+x1) + 1.004*((x1)^2*x1),generation budget reached
poly3,spurious,0.1,300,4,9010,centralized-residual-counterexample-gp,0.0,0.5,0.3333333333333333,1.2553843596224846e-05,0.6685486294018387,0.0,1.0,0.8296949069999755,0,1509,"expr:add(square(x1),x1);x1^3",0.04359 + 0.9923*((x1)^2+x1) + 1.004*((x1)^2*x1),generation budget reached
poly3,exception,0.03,300,4,9006,fedfalsify-v05,1.0,1.0,1.0,1.997443387730343e-06,0.06448567134676422,0.0,1.0,0.44257150699991143,308017,7,I(x3>1)*x3^2;x1;x1^2;x1^3,0.003952 + 1.007·x₁ + 0.7421·𝟙[x₃>1]·x₃² + 0.998·x₁³ + 1.001·x₁²,target federated MSE reached; no replacement passed the federated certificate
poly3,exception,0.03,300,4,9006,centralized-tree-gp,0.0,0.25,0.25,0.005397540923177907,0.7103596298315854,0.0,0.0,0.8704969400000664,0,1622,"expr:add(x1,x3);expr:mul(sin(x1),x1);expr:square(add(square(x1),x1));x1^3",0.7103 + 0.7049*(x1+x3) + 0.9647*(sin(x1)*x1) + 0.8596*((x1)^2*x1) + 0.1039*(((x1)^2+x1))^2,generation budget reached
poly3,exception,0.03,300,4,9006,federated-tree-gp-style,0.0,0.25,0.25,0.005397540923177913,0.7103596298315855,0.0,0.0,1.2325171380000484,665600,1622,"expr:add(x1,x3);expr:mul(sin(x1),x1);expr:square(add(square(x1),x1));x1^3",0.7103 + 0.7049*(x1+x3) + 0.9647*(sin(x1)*x1) + 0.8596*((x1)^2*x1) + 0.1039*(((x1)^2+x1))^2,generation budget reached
poly3,exception,0.03,300,4,9006,centralized-residual-counterexample-gp,0.0,0.25,0.25,0.004549177138456896,0.5312054221336786,0.0,0.0,0.9333519279998654,0,1607,"expr:add(x1,x3);expr:square(add(square(x1),x1));expr:square(mul(sin(x1),square(x3)));x1^3",1.005 + 0.7202*(x1+x3) + 0.7993*((x1)^2*x1) + 0.1226*(((x1)^2+x1))^2 + 0.1072*((sin(x1)*(x3)^2))^2,generation budget reached
poly3,exception,0.03,300,4,9007,fedfalsify-v05,1.0,1.0,1.0,4.176995298796259e-06,0.05490349294868653,0.0,1.0,0.40673443099990436,277153,6,I(x3>1)*x3^2;x1;x1^2;x1^3,0.01445 + 0.9911·x₁ + 0.7521·𝟙[x₃>1]·x₃² + 0.9933·x₁² + 1.003·x₁³,target federated MSE reached; no replacement passed the federated certificate
poly3,exception,0.03,300,4,9007,centralized-tree-gp,0.0,0.25,0.25,0.0022916001545304557,0.28725739675202117,1.0,0.0,0.8889477489999535,0,1607,"expr:add(cos(x3),x4);expr:add(sin(x1),x4);expr:add(square(x1),x3);x1^3",1.248 - 1.178*(cos(x3)+x4) + 1.154*(sin(x1)+x4) + 0.8832*((x1)^2+x3) + 1.102*((x1)^2*x1),generation budget reached
poly3,exception,0.03,300,4,9007,federated-tree-gp-style,0.0,0.25,0.25,0.0022916001545304683,0.2872573967520211,1.0,0.0,1.2485496199999488,654272,1607,"expr:add(cos(x3),x4);expr:add(sin(x1),x4);expr:add(square(x1),x3);x1^3",1.248 - 1.178*(cos(x3)+x4) + 1.154*(sin(x1)+x4) + 0.8832*((x1)^2+x3) + 1.102*((x1)^2*x1),generation budget reached
poly3,exception,0.03,300,4,9007,centralized-residual-counterexample-gp,0.0,0.25,0.25,0.004243049995163524,0.49883862462322204,1.0,0.0,0.981345575999967,0,1605,"expr:add(cos(x4),sin(x1));expr:add(square(x1),x3);expr:mul(sin(x3),x3);x1^3",-0.5508 + 0.6728*(cos(x4)+sin(x1)) + 0.8806*((x1)^2+x3) + 1.035*(sin(x3)*x3) + 1.137*((x1)^2*x1),generation budget reached
poly3,exception,0.03,300,4,9008,fedfalsify-v05,1.0,1.0,1.0,1.8415473376889143e-06,0.05885037780503533,0.0,1.0,1.0039081299998998,527210,7,I(x3>1)*x3^2;x1;x1^2;x1^3,-0.004581 + 0.9882·x₁ + 0.7548·𝟙[x₃>1]·x₃² + 1.002·x₁³ + 0.997·x₁²,target federated MSE reached; no replacement passed the federated certificate
poly3,exception,0.03,300,4,9008,centralized-tree-gp,0.0,0.25,0.25,0.010495845526785248,0.8704261466885242,0.0,0.0,1.4611676609999904,0,1598,"expr:cos(add(cos(x1),cos(x3)));expr:sin(add(sin(x1),sin(x3)));expr:square(add(square(x1),x1));x1^3",0.6451 + 1.587*cos((cos(x1)+cos(x3))) + 0.9227*((x1)^2*x1) + 1.529*sin((sin(x1)+sin(x3))) + 0.1132*(((x1)^2+x1))^2,generation budget reached
poly3,exception,0.03,300,4,9008,federated-tree-gp-style,0.0,0.25,0.25,0.010495845526785282,0.8704261466885242,0.0,0.0,1.8463113949999297,653568,1598,"expr:cos(add(cos(x1),cos(x3)));expr:sin(add(sin(x1),sin(x3)));expr:square(add(square(x1),x1));x1^3",0.6451 + 1.587*cos((cos(x1)+cos(x3))) + 0.9227*((x1)^2*x1) + 1.529*sin((sin(x1)+sin(x3))) + 0.1132*(((x1)^2+x1))^2,generation budget reached
poly3,exception,0.03,300,4,9008,centralized-residual-counterexample-gp,0.0,0.25,0.25,0.0033784258521947002,0.47844311427922925,1.0,0.0,1.1552246810001634,0,1616,"expr:add(square(x1),x1);expr:add(x1,x3);expr:cos(add(cos(x4),x3));x1^3",0.9776 + 0.971*((x1)^2+x1) + 0.3192*(x1+x3) - 0.9957*cos((cos(x4)+x3)) + 0.9563*((x1)^2*x1),generation budget reached
poly3,exception,0.03,300,4,9009,fedfalsify-v05,1.0,1.0,1.0,7.207629725706295e-06,0.06369768304441102,0.0,1.0,0.43500649899988275,308020,7,I(x3>1)*x3^2;x1;x1^2;x1^3,-0.001556 + 0.9972·x₁ + 0.7527·𝟙[x₃>1]·x₃² + 0.9982·x₁³ + 1.005·x₁²,target federated MSE reached; no replacement passed the federated certificate
poly3,exception,0.03,300,4,9009,centralized-tree-gp,0.0,0.25,0.25,0.0031277954997052,0.39936439852739664,0.0,0.0,0.9308671409999079,0,1623,"expr:add(sin(x1),square(x1));expr:mul(square(x2),square(x3));expr:mul(square(x3),x3);x1^3",0.3761 + 1.017*(sin(x1)+(x1)^2) + 1.142*((x1)^2*x1) + 0.05075*((x2)^2*(x3)^2) + 0.1644*((x3)^2*x3),generation budget reached
poly3,exception,0.03,300,4,9009,federated-tree-gp-style,0.0,0.25,0.25,0.0031277954997051944,0.39936439852739664,0.0,0.0,1.1842536450001262,664128,1623,"expr:add(sin(x1),square(x1));expr:mul(square(x2),square(x3));expr:mul(square(x3),x3);x1^3",0.3761 + 1.017*(sin(x1)+(x1)^2) + 1.142*((x1)^2*x1) + 0.05075*((x2)^2*(x3)^2) + 0.1644*((x3)^2*x3),generation budget reached
poly3,exception,0.03,300,4,9009,centralized-residual-counterexample-gp,0.0,0.5,0.5,0.007081949801541526,0.7914874075174764,0.0,0.0,0.9084449360000235,0,1596,"expr:add(square(x1),square(x3));x1;x1^3;x3",-0.2143 + 0.7322*((x1)^2+(x3)^2) + 1.017*((x1)^2*x1) + 0.8773*x1 + 0.7207*x3,generation budget reached
poly3,exception,0.03,300,4,9010,fedfalsify-v05,1.0,1.0,1.0,1.0078535156622292e-06,0.06318866061490173,0.0,1.0,0.4567312279998532,307816,7,I(x3>1)*x3^2;x1;x1^2;x1^3,0.009203 + 1.001·x₁ + 0.7446·𝟙[x₃>1]·x₃² + 1.001·x₁³ + 0.9998·x₁²,target federated MSE reached; no replacement passed the federated certificate
poly3,exception,0.03,300,4,9010,centralized-tree-gp,0.0,0.25,0.25,0.015266441403983057,1.1652929469842197,0.0,0.0,0.9002465700000357,0,1618,"expr:add(sin(x2),x3);expr:add(x1,x1);expr:sin(add(cos(x1),cos(x1)));x1^3",3.615 + 0.5221*(sin(x2)+x3) + 0.4258*(x1+x1) + 1.07*((x1)^2*x1) - 2.651*sin((cos(x1)+cos(x1))),generation budget reached
poly3,exception,0.03,300,4,9010,federated-tree-gp-style,0.0,0.25,0.25,0.015266441403983134,1.1652929469842195,0.0,0.0,1.140718705999916,654336,1618,"expr:add(sin(x2),x3);expr:add(x1,x1);expr:sin(add(cos(x1),cos(x1)));x1^3",3.615 + 0.5221*(sin(x2)+x3) + 0.4258*(x1+x1) + 1.07*((x1)^2*x1) - 2.651*sin((cos(x1)+cos(x1))),generation budget reached
poly3,exception,0.03,300,4,9010,centralized-residual-counterexample-gp,0.0,0.25,0.25,0.00727876823450237,0.9134247666462143,0.0,0.0,1.0244091770000523,0,1604,"expr:add(sin(x1),x3);expr:mul(square(x1),square(x1));expr:square(mul(square(x3),x1));x1^3",1.408 + 0.7226*(sin(x1)+x3) + 0.1179*((x1)^2*(x1)^2) + 1.126*((x1)^2*x1) + 0.0165*(((x3)^2*x1))^2,generation budget reached
poly3,exception,0.1,300,4,9006,fedfalsify-v05,0.0,0.75,0.75,0.0038876221993923033,0.9272754245566717,0.0,1.0,0.9532974539999941,977089,6,I(x3>1)*x3^2;cos(x1);x1;x1^3,2.954 + 0.9556·x₁ + 0.7606·𝟙[x₃>1]·x₃² - 3.321·cos(x₁) + 1.023·x₁³,target federated MSE reached; no replacement passed the federated certificate
poly3,exception,0.1,300,4,9006,centralized-tree-gp,0.0,0.25,0.25,0.0061190449929232095,1.2025092267285922,0.0,0.0,0.8288514299999861,0,1582,"expr:add(cos(x1),cos(x1));expr:add(x1,x3);expr:square(mul(x1,x3));x1^3",2.879 - 1.184*(cos(x1)+cos(x1)) + 0.7473*(x1+x3) + 1.042*((x1)^2*x1) + 0.12*((x1*x3))^2,generation budget reached
poly3,exception,0.1,300,4,9006,federated-tree-gp-style,0.0,0.25,0.25,0.0061190449929231705,1.2025092267285922,0.0,0.0,1.404556704000015,626880,1582,"expr:add(cos(x1),cos(x1));expr:add(x1,x3);expr:square(mul(x1,x3));x1^3",2.879 - 1.184*(cos(x1)+cos(x1)) + 0.7473*(x1+x3) + 1.042*((x1)^2*x1) + 0.12*((x1*x3))^2,generation budget reached
poly3,exception,0.1,300,4,9006,centralized-residual-counterexample-gp,0.0,0.25,0.25,0.005837850799208698,1.2985612501713555,0.0,0.0,1.399504115000127,0,1559,"expr:add(sin(x2),square(x3));expr:add(x1,x3);expr:square(add(square(x1),x1));x1^3",0.8644 + 0.2872*(sin(x2)+(x3)^2) + 0.6994*(x1+x3) + 0.788*((x1)^2*x1) + 0.1213*(((x1)^2+x1))^2,generation budget reached
poly3,exception,0.1,300,4,9007,fedfalsify-v05,1.0,1.0,1.0,4.641105884292234e-05,0.6100388105409613,0.0,1.0,1.352805885999942,948555,6,I(x3>1)*x3^2;x1;x1^2;x1^3,0.04816 + 0.9703·x₁ + 0.7571·𝟙[x₃>1]·x₃² + 0.9777·x₁² + 1.01·x₁³,target federated MSE reached; no replacement passed the federated certificate
poly3,exception,0.1,300,4,9007,centralized-tree-gp,0.0,0.5,0.5,0.002769038044203804,0.911826659098291,0.0,0.0,1.329356555000004,0,1608,"expr:add(sin(x2),square(x3));expr:add(square(x1),x3);x1;x1^3",0.3085 + 0.3685*(sin(x2)+(x3)^2) + 0.8604*((x1)^2+x3) + 1.012*((x1)^2*x1) + 0.8895*x1,generation budget reached
poly3,exception,0.1,300,4,9007,federated-tree-gp-style,0.0,0.5,0.5,0.0027690380442037974,0.9118266590982907,0.0,0.0,1.1435902390001047,652864,1608,"expr:add(sin(x2),square(x3));expr:add(square(x1),x3);x1;x1^3",0.3085 + 0.3685*(sin(x2)+(x3)^2) + 0.8604*((x1)^2+x3) + 1.012*((x1)^2*x1) + 0.8895*x1,generation budget reached
poly3,exception,0.1,300,4,9007,centralized-residual-counterexample-gp,0.0,0.3333333333333333,0.25,0.0037413280474183643,0.9122440493745578,0.0,0.0,0.9746084529999735,0,1596,"expr:add(sin(x1),square(x3));expr:add(square(x1),x3);x1^3",-0.03506 + 0.4988*(sin(x1)+(x3)^2) + 0.8605*((x1)^2+x3) + 1.152*((x1)^2*x1),generation budget reached
poly3,exception,0.1,300,4,9008,fedfalsify-v05,1.0,1.0,1.0,2.0461637068772206e-05,0.6538930867226149,0.0,1.0,1.6852504090002185,1869791,7,I(x3>1)*x3^2;x1;x1^2;x1^3,-0.01527 + 0.9607·x₁ + 0.7661·𝟙[x₃>1]·x₃² + 0.9899·x₁² + 1.007·x₁³,target federated MSE reached; no replacement passed the federated certificate
poly3,exception,0.1,300,4,9008,centralized-tree-gp,0.0,0.5,0.5,0.003625919595751048,1.091970640453948,1.0,0.0,0.8850504310000815,0,1622,"expr:add(sin(x3),square(x1));expr:add(sin(x4),square(x3));x1;x1^3",0.05081 + 0.9901*(sin(x3)+(x1)^2) + 0.3462*(sin(x4)+(x3)^2) + 1.023*((x1)^2*x1) + 0.9528*x1,generation budget reached
poly3,exception,0.1,300,4,9008,federated-tree-gp-style,0.0,0.5,0.5,0.0036259195957510375,1.091970640453948,1.0,0.0,1.1961698190000334,664832,1622,"expr:add(sin(x3),square(x1));expr:add(sin(x4),square(x3));x1;x1^3",0.05081 + 0.9901*(sin(x3)+(x1)^2) + 0.3462*(sin(x4)+(x3)^2) + 1.023*((x1)^2*x1) + 0.9528*x1,generation budget reached
poly3,exception,0.1,300,4,9008,centralized-residual-counterexample-gp,0.0,0.25,0.25,0.0035447813102716078,1.0383572532047822,0.0,0.0,0.9332829840000159,0,1623,"expr:add(cos(x2),cos(x3));expr:add(square(x1),square(x1));expr:add(x1,x3);x1^3",1.02 - 0.5362*(cos(x2)+cos(x3)) + 0.4862*((x1)^2+(x1)^2) + 0.7451*(x1+x3) + 1.057*((x1)^2*x1),generation budget reached
poly3,exception,0.1,300,4,9009,fedfalsify-v05,0.0,0.75,0.75,0.003930504666766899,0.8689293593094162,0.0,1.0,0.9506023330000062,947853,6,I(x3>1)*x3^2;cos(x1);x1;x1^3,2.975 + 0.8873·x₁ + 0.7865·𝟙[x₃>1]·x₃² - 3.356·cos(x₁) + 1.036·x₁³,target federated MSE reached; no replacement passed the federated certificate
poly3,exception,0.1,300,4,9009,centralized-tree-gp,0.0,0.25,0.25,0.012407303118978872,1.7653536943413553,0.0,0.0,0.8442134869999336,0,1573,"expr:add(sin(x3),x1);expr:cos(add(sin(x1),x3));expr:square(add(cos(x2),square(x1)));x1^3",1.61 + 1.053*(sin(x3)+x1) - 1.052*cos((sin(x1)+x3)) + 0.9845*((x1)^2*x1) + 0.1205*((cos(x2)+(x1)^2))^2,generation budget reached
poly3,exception,0.1,300,4,9009,federated-tree-gp-style,0.0,0.25,0.25,0.012407303118978863,1.765353694341355,0.0,0.0,1.1079848919998767,624512,1573,"expr:add(sin(x3),x1);expr:cos(add(sin(x1),x3));expr:square(add(cos(x2),square(x1)));x1^3",1.61 + 1.053*(sin(x3)+x1) - 1.052*cos((sin(x1)+x3)) + 0.9845*((x1)^2*x1) + 0.1205*((cos(x2)+(x1)^2))^2,generation budget reached
poly3,exception,0.1,300,4,9009,centralized-residual-counterexample-gp,0.0,0.25,0.25,0.008695715294206133,1.608989822538641,0.0,0.0,1.4035085520001758,0,1593,"expr:add(sin(x1),square(x1));expr:add(sin(x3),x1);expr:add(square(x2),x3);x1^3",0.3824 + 1.018*(sin(x1)+(x1)^2) + 0.3748*(sin(x3)+x1) + 0.1323*((x2)^2+x3) + 1.089*((x1)^2*x1),generation budget reached
poly3,exception,0.1,300,4,9010,fedfalsify-v05,0.0,0.5,0.5,0.004490137488112075,0.9073134709224328,0.0,1.0,1.4242252250001002,947731,6,I(x3>1)*x3^2;cos(x1);sin(x1);x1^3,2.941 + 1.041·sin(x₁) + 0.7689·𝟙[x₃>1]·x₃² - 3.253·cos(x₁) + 1.135·x₁³,target federated MSE reached; no replacement passed the federated certificate
poly3,exception,0.1,300,4,9010,centralized-tree-gp,0.0,0.25,0.25,0.009234137265641335,1.5884186057996605,0.0,0.0,1.385969427999953,0,1601,"expr:add(sin(x2),square(x1));expr:add(sin(x3),x1);expr:square(mul(sin(x2),x3));x1^3",0.6071 + 0.9176*(sin(x2)+(x1)^2) + 0.8674*(sin(x3)+x1) + 1.037*((x1)^2*x1) + 0.3575*((sin(x2)*x3))^2,generation budget reached
poly3,exception,0.1,300,4,9010,federated-tree-gp-style,0.0,0.25,0.25,0.00923413726564132,1.5884186057996605,0.0,0.0,1.423614630999964,623872,1601,"expr:add(sin(x2),square(x1));expr:add(sin(x3),x1);expr:square(mul(sin(x2),x3));x1^3",0.6071 + 0.9176*(sin(x2)+(x1)^2) + 0.8674*(sin(x3)+x1) + 1.037*((x1)^2*x1) + 0.3575*((sin(x2)*x3))^2,generation budget reached
poly3,exception,0.1,300,4,9010,centralized-residual-counterexample-gp,0.0,0.5,0.5,0.006449442390940877,1.2797523537145192,0.0,0.0,0.9029426600000079,0,1598,"expr:add(sin(x3),x1);expr:cos(add(sin(x1),x3));x1^2;x1^3",0.8296 + 0.9668*(sin(x3)+x1) - 0.731*cos((sin(x1)+x3)) + 1.036*((x1)^2*x1) + 0.9683*(x1)^2,generation budget reached
nested_sine,complementary,0.03,300,4,9006,fedfalsify-v05,1.0,1.0,1.0,1.0901212510418376e-06,0.000685727884768755,0.0,1.0,0.26353635200007375,210391,4,sin(x1);sin(x1+x1^2),0.0001374 + 0.9996·sin(x₁) + 0.9985·sin(x₁+x₁²),target federated MSE reached; no replacement passed the federated certificate
nested_sine,complementary,0.03,300,4,9006,centralized-tree-gp,0.0,0.0,0.0,0.18152358764495777,0.10181404585828194,0.0,1.0,0.9110039380000217,0,1550,"expr:add(sin(x1),sin(x1));expr:sin(add(sin(x1),sin(x1)));expr:sin(add(x1,x1));expr:square(mul(x1,x1))",0.2536 - 0.6176*(sin(x1)+sin(x1)) + 1.841*sin((sin(x1)+sin(x1))) + 0.2569*sin((x1+x1)) - 0.01115*((x1*x1))^2,generation budget reached
nested_sine,complementary,0.03,300,4,9006,federated-tree-gp-style,0.0,0.0,0.0,0.181523587644958,0.10181404585828194,0.0,1.0,1.1427863820001676,579776,1550,"expr:add(sin(x1),sin(x1));expr:sin(add(sin(x1),sin(x1)));expr:sin(add(x1,x1));expr:square(mul(x1,x1))",0.2536 - 0.6176*(sin(x1)+sin(x1)) + 1.841*sin((sin(x1)+sin(x1))) + 0.2569*sin((x1+x1)) - 0.01115*((x1*x1))^2,generation budget reached
nested_sine,complementary,0.03,300,4,9006,centralized-residual-counterexample-gp,0.0,0.0,0.0,0.18250638321923493,0.10372257926319325,0.0,1.0,0.8979596859999219,0,1502,"expr:add(sin(x1),sin(x1));expr:sin(add(sin(x1),sin(x1)));expr:sin(add(sin(x1),x1));expr:square(mul(x1,x1))",0.2529 - 0.6539*(sin(x1)+sin(x1)) + 1.599*sin((sin(x1)+sin(x1))) + 0.5428*sin((sin(x1)+x1)) - 0.01109*((x1*x1))^2,generation budget reached
nested_sine,complementary,0.03,300,4,9007,fedfalsify-v05,1.0,1.0,1.0,2.311566536205268e-06,0.000703561414069933,0.0,1.0,0.27268277100006344,210405,4,sin(x1);sin(x1+x1^2),0.0009572 + 0.9982·sin(x₁+x₁²) + 0.9999·sin(x₁),target federated MSE reached; no replacement passed the federated certificate
nested_sine,complementary,0.03,300,4,9007,centralized-tree-gp,1.0,1.0,1.0,2.311566536202927e-06,0.000703561414069933,0.0,1.0,0.8566588749999937,0,1537,sin(x1);sin(x1+x1^2),0.0009572 + 0.9982*sin(((x1)^2+x1)) + 0.9999*sin(x1),generation budget reached
nested_sine,complementary,0.03,300,4,9007,federated-tree-gp-style,1.0,1.0,1.0,2.311566536205272e-06,0.0007035614140699331,0.0,1.0,1.0899552339999445,567936,1537,sin(x1);sin(x1+x1^2),0.0009572 + 0.9982*sin(((x1)^2+x1)) + 0.9999*sin(x1),generation budget reached
nested_sine,complementary,0.03,300,4,9007,centralized-residual-counterexample-gp,1.0,1.0,1.0,2.311566536202927e-06,0.000703561414069933,0.0,1.0,0.8983779840000352,0,1524,sin(x1);sin(x1+x1^2),0.0009572 + 0.9982*sin(((x1)^2+x1)) + 0.9999*sin(x1),generation budget reached
nested_sine,complementary,0.03,300,4,9008,fedfalsify-v05,1.0,1.0,1.0,1.3772314693219424e-06,0.0007058563535023171,0.0,1.0,0.31962386800000786,301827,4,sin(x1);sin(x1+x1^2),-0.0003716 + 0.9988·sin(x₁+x₁²) + 0.9991·sin(x₁),target federated MSE reached; no replacement passed the federated certificate
nested_sine,complementary,0.03,300,4,9008,centralized-tree-gp,0.0,0.5,0.5,1.3772314569007968e-06,0.0007058563535023171,0.0,1.0,0.8339329360001102,0,1485,"expr:add(sin(x1),sin(x1));sin(x1+x1^2)",-0.0003716 + 0.4996*(sin(x1)+sin(x1)) + 0.9988*sin(((x1)^2+x1)),generation budget reached
nested_sine,complementary,0.03,300,4,9008,federated-tree-gp-style,0.0,0.5,0.5,1.3772314569000482e-06,0.0007058563535023171,0.0,1.0,1.2344132580001315,515520,1485,"expr:add(sin(x1),sin(x1));sin(x1+x1^2)",-0.0003716 + 0.4996*(sin(x1)+sin(x1)) + 0.9988*sin(((x1)^2+x1)),generation budget reached
nested_sine,complementary,0.03,300,4,9008,centralized-residual-counterexample-gp,0.0,0.0,0.0,0.3366272953450532,0.14883536911603557,0.0,1.0,1.4003767179999613,0,1504,"expr:mul(sin(x1),square(x1));expr:sin(add(sin(x1),sin(x1)))",0.194 - 0.203*(sin(x1)*(x1)^2) + 1.268*sin((sin(x1)+sin(x1))),generation budget reached
nested_sine,complementary,0.03,300,4,9009,fedfalsify-v05,1.0,1.0,1.0,3.711067104077827e-06,0.0007065081886793722,0.0,1.0,0.4066195460000017,210131,4,sin(x1);sin(x1+x1^2),0.0005882 + 0.9988·sin(x₁) + 1.002·sin(x₁+x₁²),target federated MSE reached; no replacement passed the federated certificate
nested_sine,complementary,0.03,300,4,9009,centralized-tree-gp,0.0,0.0,0.0,0.3135357859898237,0.13001490704007812,0.0,1.0,1.294656500999963,0,1485,"expr:sin(add(sin(x1),x1));expr:sin(mul(sin(x1),square(x1)));expr:square(mul(cos(x1),x1))",0.2671 + 1.408*sin((sin(x1)+x1)) - 0.4025*sin((sin(x1)*(x1)^2)) - 0.06583*((cos(x1)*x1))^2,generation budget reached
nested_sine,complementary,0.03,300,4,9009,federated-tree-gp-style,0.0,0.0,0.0,0.3135357859898237,0.13001490704007812,0.0,1.0,1.5148231000000578,502528,1485,"expr:sin(add(sin(x1),x1));expr:sin(mul(sin(x1),square(x1)));expr:square(mul(cos(x1),x1))",0.2671 + 1.408*sin((sin(x1)+x1)) - 0.4025*sin((sin(x1)*(x1)^2)) - 0.06583*((cos(x1)*x1))^2,generation budget reached
nested_sine,complementary,0.03,300,4,9009,centralized-residual-counterexample-gp,0.0,0.0,0.0,0.41391512363762417,0.1385979977865386,0.0,1.0,0.7980732200001057,0,1457,"expr:sin(add(sin(x1),x1));expr:sin(mul(sin(x1),square(x1)))",0.2257 + 1.424*sin((sin(x1)+x1)) - 0.4384*sin((sin(x1)*(x1)^2)),generation budget reached
nested_sine,complementary,0.03,300,4,9010,fedfalsify-v05,1.0,1.0,1.0,1.8264244868890141e-06,0.0007198983507769849,0.0,1.0,0.2494098170000143,210304,4,sin(x1);sin(x1+x1^2),0.0001205 + 1.002·sin(x₁+x₁²) + 1·sin(x₁),target federated MSE reached; no replacement passed the federated certificate
nested_sine,complementary,0.03,300,4,9010,centralized-tree-gp,0.0,0.0,0.0,0.14834613724116058,0.08295415571848636,0.0,1.0,0.8899725830001444,0,1532,"expr:mul(square(x1),square(x1));expr:sin(add(sin(x1),sin(x1)));expr:sin(add(sin(x1),x1));expr:sin(mul(cos(x1),sin(x1)))",0.2617 - 0.01194*((x1)^2*(x1)^2) + 7.255*sin((sin(x1)+sin(x1))) - 11.45*sin((sin(x1)+x1)) + 11.26*sin((cos(x1)*sin(x1))),generation budget reached
nested_sine,complementary,0.03,300,4,9010,federated-tree-gp-style,0.0,0.0,0.0,0.1483461372412131,0.08295415571848638,0.0,1.0,1.1189410689999022,575872,1532,"expr:mul(square(x1),square(x1));expr:sin(add(sin(x1),sin(x1)));expr:sin(add(sin(x1),x1));expr:sin(mul(cos(x1),sin(x1)))",0.2617 - 0.01194*((x1)^2*(x1)^2) + 7.255*sin((sin(x1)+sin(x1))) - 11.45*sin((sin(x1)+x1)) + 11.26*sin((cos(x1)*sin(x1))),generation budget reached
nested_sine,complementary,0.03,300,4,9010,centralized-residual-counterexample-gp,1.0,1.0,1.0,1.82642448688986e-06,0.0007198983507769848,0.0,1.0,0.9603700519999165,0,1599,sin(x1);sin(x1+x1^2),0.0001205 + 1.002*sin(((x1)^2+x1)) + 1*sin(x1),generation budget reached
nested_sine,complementary,0.1,300,4,9006,fedfalsify-v05,1.0,1.0,1.0,1.2112457988312914e-05,0.0076191987196528345,0.0,1.0,0.2583405870000206,209873,4,sin(x1);sin(x1+x1^2),0.0004579 + 0.9988·sin(x₁) + 0.995·sin(x₁+x₁²),target federated MSE reached; no replacement passed the federated certificate
nested_sine,complementary,0.1,300,4,9006,centralized-tree-gp,0.0,0.0,0.0,0.2420701473363107,0.10988114784982624,1.0,1.0,0.9252172239998799,0,1592,"expr:add(cos(x4),x1);expr:sin(add(sin(x1),sin(x1)));expr:sin(add(sin(x1),x1));expr:sin(mul(cos(x1),sin(x1)))",0.2627 - 0.1448*(cos(x4)+x1) + 7.477*sin((sin(x1)+sin(x1))) - 11.44*sin((sin(x1)+x1)) + 10.99*sin((cos(x1)*sin(x1))),generation budget reached
nested_sine,complementary,0.1,300,4,9006,federated-tree-gp-style,0.0,0.0,0.0,0.24207014733631113,0.10988114784982618,1.0,1.0,1.1988106000001153,605888,1592,"expr:add(cos(x4),x1);expr:sin(add(sin(x1),sin(x1)));expr:sin(add(sin(x1),x1));expr:sin(mul(cos(x1),sin(x1)))",0.2627 - 0.1448*(cos(x4)+x1) + 7.477*sin((sin(x1)+sin(x1))) - 11.44*sin((sin(x1)+x1)) + 10.99*sin((cos(x1)*sin(x1))),generation budget reached
nested_sine,complementary,0.1,300,4,9006,centralized-residual-counterexample-gp,0.0,0.0,0.0,0.21963369582128253,0.09551631514214547,0.0,1.0,0.9149338330000774,0,1538,"expr:cos(add(cos(x1),sin(x1)));expr:sin(add(sin(x1),sin(x1)));expr:sin(add(sin(x1),x1));expr:sin(mul(cos(x1),sin(x1)))",-5.585 + 10.3*cos((cos(x1)+sin(x1))) + 6.917*sin((sin(x1)+sin(x1))) - 10.87*sin((sin(x1)+x1)) + 19.69*sin((cos(x1)*sin(x1))),generation budget reached
nested_sine,complementary,0.1,300,4,9007,fedfalsify-v05,1.0,1.0,1.0,2.568407220584779e-05,0.00781734904522148,0.0,1.0,0.2833472790000542,209826,4,sin(x1);sin(x1+x1^2),0.003191 + 0.9938·sin(x₁+x₁²) + 0.9996·sin(x₁),target federated MSE reached; no replacement passed the federated certificate
nested_sine,complementary,0.1,300,4,9007,centralized-tree-gp,1.0,1.0,1.0,2.5684072205844558e-05,0.00781734904522148,0.0,1.0,0.8514185440001256,0,1524,sin(x1);sin(x1+x1^2),0.003191 + 0.9938*sin(((x1)^2+x1)) + 0.9996*sin(x1),generation budget reached
nested_sine,complementary,0.1,300,4,9007,federated-tree-gp-style,1.0,1.0,1.0,2.568407220584779e-05,0.00781734904522148,0.0,1.0,1.097103240000024,557376,1524,sin(x1);sin(x1+x1^2),0.003191 + 0.9938*sin(((x1)^2+x1)) + 0.9996*sin(x1),generation budget reached
nested_sine,complementary,0.1,300,4,9007,centralized-residual-counterexample-gp,1.0,1.0,1.0,2.5684072205844558e-05,0.00781734904522148,0.0,1.0,1.3450022829999853,0,1533,sin(x1);sin(x1+x1^2),0.003191 + 0.9938*sin(((x1)^2+x1)) + 0.9996*sin(x1),generation budget reached
nested_sine,complementary,0.1,300,4,9008,fedfalsify-v05,1.0,1.0,1.0,1.530257155196241e-05,0.00784284837224797,0.0,1.0,0.4244443279999359,301086,4,sin(x1);sin(x1+x1^2),-0.001239 + 0.9959·sin(x₁+x₁²) + 0.9971·sin(x₁),target federated MSE reached; no replacement passed the federated certificate
nested_sine,complementary,0.1,300,4,9008,centralized-tree-gp,0.0,0.0,0.0,0.18461587655699216,0.10964128729468385,0.0,1.0,1.4115065989999493,0,1527,"expr:add(sin(x1),sin(x1));expr:sin(add(sin(x1),sin(x1)));expr:sin(mul(square(x1),x1));expr:square(mul(x1,x1))",0.266 - 0.7367*(sin(x1)+sin(x1)) + 2.045*sin((sin(x1)+sin(x1))) + 0.3157*sin(((x1)^2*x1)) - 0.01116*((x1*x1))^2,generation budget reached
nested_sine,complementary,0.1,300,4,9008,federated-tree-gp-style,0.0,0.0,0.0,0.18461587655699224,0.10964128729468385,0.0,1.0,1.7646488939999472,571264,1527,"expr:add(sin(x1),sin(x1));expr:sin(add(sin(x1),sin(x1)));expr:sin(mul(square(x1),x1));expr:square(mul(x1,x1))",0.266 - 0.7367*(sin(x1)+sin(x1)) + 2.045*sin((sin(x1)+sin(x1))) + 0.3157*sin(((x1)^2*x1)) - 0.01116*((x1*x1))^2,generation budget reached
nested_sine,complementary,0.1,300,4,9008,centralized-residual-counterexample-gp,0.0,0.0,0.0,0.2769714739920177,0.13376777566835218,0.0,1.0,0.8471423649998542,0,1493,"expr:add(sin(x1),sin(x1));expr:sin(add(sin(x1),sin(x1)));expr:sin(add(sin(x1),x1))",0.1817 - 0.6556*(sin(x1)+sin(x1)) + 1.608*sin((sin(x1)+sin(x1))) + 0.5462*sin((sin(x1)+x1)),generation budget reached
nested_sine,complementary,0.1,300,4,9009,fedfalsify-v05,1.0,1.0,1.0,4.123407912812504e-05,0.007850090985326358,0.0,1.0,0.2632184839999354,209597,4,sin(x1);sin(x1+x1^2),0.001961 + 0.9961·sin(x₁) + 1.007·sin(x₁+x₁²),target federated MSE reached; no replacement passed the federated certificate
nested_sine,complementary,0.1,300,4,9009,centralized-tree-gp,0.0,0.25,0.5,0.316675963111694,0.1274420772517352,0.0,1.0,0.8098714879999989,0,1537,"expr:add(cos(x3),x1);expr:cos(add(sin(x3),x3));expr:sin(add(sin(x1),sin(x1)));sin(x1)",0.3743 - 0.291*(cos(x3)+x1) + 0.1975*cos((sin(x3)+x3)) + 2.293*sin((sin(x1)+sin(x1))) - 1.181*sin(x1),generation budget reached
nested_sine,complementary,0.1,300,4,9009,federated-tree-gp-style,0.0,0.25,0.5,0.3166759631116942,0.12744207725173518,0.0,1.0,1.038277139999991,549824,1537,"expr:add(cos(x3),x1);expr:cos(add(sin(x3),x3));expr:sin(add(sin(x1),sin(x1)));sin(x1)",0.3743 - 0.291*(cos(x3)+x1) + 0.1975*cos((sin(x3)+x3)) + 2.293*sin((sin(x1)+sin(x1))) - 1.181*sin(x1),generation budget reached
nested_sine,complementary,0.1,300,4,9009,centralized-residual-counterexample-gp,0.0,0.0,0.0,0.4782567410428754,0.1772860279456708,0.0,1.0,0.744835725999792,0,1487,"expr:sin(add(sin(x1),x1))",0.2223 + 1.178*sin((sin(x1)+x1)),generation budget reached
nested_sine,complementary,0.1,300,4,9010,fedfalsify-v05,1.0,1.0,1.0,2.029360582233572e-05,0.00799887056418872,0.0,1.0,0.2540761749999092,209658,4,sin(x1);sin(x1+x1^2),0.0004018 + 1.006·sin(x₁+x₁²) + 1.001·sin(x₁),target federated MSE reached; no replacement passed the federated certificate
nested_sine,complementary,0.1,300,4,9010,centralized-tree-gp,1.0,1.0,1.0,2.0293605822332655e-05,0.00799887056418872,0.0,1.0,0.9249805839999681,0,1601,sin(x1);sin(x1+x1^2),0.0004018 + 1.006*sin(((x1)^2+x1)) + 1.001*sin(x1),generation budget reached
nested_sine,complementary,0.1,300,4,9010,federated-tree-gp-style,1.0,1.0,1.0,2.0293605822335986e-05,0.00799887056418872,0.0,1.0,1.1768106389999957,637056,1601,sin(x1);sin(x1+x1^2),0.0004018 + 1.006*sin(((x1)^2+x1)) + 1.001*sin(x1),generation budget reached
nested_sine,complementary,0.1,300,4,9010,centralized-residual-counterexample-gp,0.0,0.3333333333333333,0.5,0.16204642395540853,0.11905743209562464,0.0,1.0,0.9993927359998906,0,1560,"expr:sin(add(sin(x1),sin(x1)));expr:square(add(square(x1),x1));sin(x1)",0.267 + 2.352*sin((sin(x1)+sin(x1))) - 1.644*sin(x1) - 0.009609*(((x1)^2+x1))^2,generation budget reached
nested_sine,spurious,0.03,300,4,9006,fedfalsify-v05,1.0,1.0,1.0,2.267817120077229e-07,0.0006927450407004421,0.0,1.0,0.259672061999936,210080,4,sin(x1);sin(x1+x1^2),0.0002077 + 0.9999·sin(x₁) + 0.9993·sin(x₁+x₁²),target federated MSE reached; no replacement passed the federated certificate
nested_sine,spurious,0.03,300,4,9006,centralized-tree-gp,0.0,0.5,0.5,2.2678171108370126e-07,0.0006927450407004419,0.0,1.0,0.8090416970001115,0,1496,"expr:add(sin(x1),sin(x1));sin(x1+x1^2)",0.0002077 + 0.4999*(sin(x1)+sin(x1)) + 0.9993*sin(((x1)^2+x1)),generation budget reached
nested_sine,spurious,0.03,300,4,9006,federated-tree-gp-style,0.0,0.5,0.5,2.2678171108334424e-07,0.0006927450407004423,0.0,1.0,1.0412021339998319,511360,1496,"expr:add(sin(x1),sin(x1));sin(x1+x1^2)",0.0002077 + 0.4999*(sin(x1)+sin(x1)) + 0.9993*sin(((x1)^2+x1)),generation budget reached
nested_sine,spurious,0.03,300,4,9006,centralized-residual-counterexample-gp,0.0,0.5,0.5,2.2678171108370126e-07,0.0006927450407004419,0.0,1.0,0.9053670510002121,0,1501,"expr:add(sin(x1),sin(x1));sin(x1+x1^2)",0.0002077 + 0.4999*(sin(x1)+sin(x1)) + 0.9993*sin(((x1)^2+x1)),generation budget reached
nested_sine,spurious,0.03,300,4,9007,fedfalsify-v05,1.0,1.0,1.0,4.421035846622905e-06,0.0006378437301766584,0.0,1.0,0.3488600509999742,210350,4,sin(x1);sin(x1+x1^2),0.0008787 + 0.9976·sin(x₁) + 0.9989·sin(x₁+x₁²),target federated MSE reached; no replacement passed the federated certificate
nested_sine,spurious,0.03,300,4,9007,centralized-tree-gp,0.0,0.0,0.0,0.214938519018093,0.0958179956960576,0.0,1.0,1.4185597670000334,0,1564,"expr:mul(cos(x1),sin(x1));expr:sin(add(sin(x1),x1));expr:sin(mul(cos(x1),x1));expr:square(add(sin(x2),square(x1)))",0.2356 + 4.2*(cos(x1)*sin(x1)) + 0.6147*sin((sin(x1)+x1)) - 2.768*sin((cos(x1)*x1)) - 0.007022*((sin(x2)+(x1)^2))^2,generation budget reached
nested_sine,spurious,0.03,300,4,9007,federated-tree-gp-style,0.0,0.0,0.0,0.2149385190180936,0.0958179956960576,0.0,1.0,1.7933074519999082,593216,1564,"expr:mul(cos(x1),sin(x1));expr:sin(add(sin(x1),x1));expr:sin(mul(cos(x1),x1));expr:square(add(sin(x2),square(x1)))",0.2356 + 4.2*(cos(x1)*sin(x1)) + 0.6147*sin((sin(x1)+x1)) - 2.768*sin((cos(x1)*x1)) - 0.007022*((sin(x2)+(x1)^2))^2,generation budget reached
nested_sine,spurious,0.03,300,4,9007,centralized-residual-counterexample-gp,0.0,0.0,0.0,0.2314148880263923,0.10021781567033791,1.0,1.0,1.2277916470000036,0,1532,"expr:cos(mul(sin(x4),x1));expr:sin(add(sin(x1),sin(x1)));expr:sin(add(sin(x1),x1));expr:sin(mul(cos(x1),sin(x1)))",0.03108 + 0.2013*cos((sin(x4)*x1)) + 5.615*sin((sin(x1)+sin(x1))) - 8.609*sin((sin(x1)+x1)) + 8.71*sin((cos(x1)*sin(x1))),generation budget reached
nested_sine,spurious,0.03,300,4,9008,fedfalsify-v05,1.0,1.0,1.0,8.855660625851864e-08,0.0006791664752235449,0.0,1.0,0.2652917929999603,210422,4,sin(x1);sin(x1+x1^2),-7.454e-05 + 0.9997·sin(x₁) + 0.9997·sin(x₁+x₁²),target federated MSE reached; no replacement passed the federated certificate
nested_sine,spurious,0.03,300,4,9008,centralized-tree-gp,1.0,1.0,1.0,8.855660625864771e-08,0.0006791664752235449,0.0,1.0,0.8301074379999136,0,1547,sin(x1);sin(x1+x1^2),-7.454e-05 + 0.9997*sin(((x1)^2+x1)) + 0.9997*sin(x1),generation budget reached
nested_sine,spurious,0.03,300,4,9008,federated-tree-gp-style,1.0,1.0,1.0,8.855660625845706e-08,0.000679166475223545,0.0,1.0,1.0418618530000003,558144,1547,sin(x1);sin(x1+x1^2),-7.454e-05 + 0.9997*sin(((x1)^2+x1)) + 0.9997*sin(x1),generation budget reached
nested_sine,spurious,0.03,300,4,9008,centralized-residual-counterexample-gp,0.0,0.5,0.5,8.855660230022473e-08,0.0006791664752235448,0.0,1.0,0.8933480240000335,0,1548,"expr:add(sin(x1),sin(x1));sin(x1+x1^2)",-7.454e-05 + 0.4999*(sin(x1)+sin(x1)) + 0.9997*sin(((x1)^2+x1)),generation budget reached
nested_sine,spurious,0.03,300,4,9009,fedfalsify-v05,1.0,1.0,1.0,4.3791808021593635e-07,0.0006535535977154823,0.0,1.0,0.2579936090000956,210517,4,sin(x1);sin(x1+x1^2),0.0002473 + 0.9991·sin(x₁+x₁²) + 0.9999·sin(x₁),target federated MSE reached; no replacement passed the federated certificate
nested_sine,spurious,0.03,300,4,9009,centralized-tree-gp,0.0,0.0,0.0,0.24633558805433697,0.08426655313402968,0.0,1.0,0.8566227690000687,0,1556,"expr:sin(add(sin(x1),sin(x1)));expr:sin(add(sin(x1),x1));expr:sin(add(x1,x1));x1",0.1959 + 8.888*sin((sin(x1)+sin(x1))) - 12.82*sin((sin(x1)+x1)) + 5.631*sin((x1+x1)) - 0.5242*x1,generation budget reached
nested_sine,spurious,0.03,300,4,9009,federated-tree-gp-style,0.0,0.0,0.0,0.24633558805432937,0.08426655313402966,0.0,1.0,1.1240592030001153,589504,1556,"expr:sin(add(sin(x1),sin(x1)));expr:sin(add(sin(x1),x1));expr:sin(add(x1,x1));x1",0.1959 + 8.888*sin((sin(x1)+sin(x1))) - 12.82*sin((sin(x1)+x1)) + 5.631*sin((x1+x1)) - 0.5242*x1,generation budget reached
nested_sine,spurious,0.03,300,4,9009,centralized-residual-counterexample-gp,0.0,0.0,0.0,0.4745677224454067,0.16512742277654088,0.0,1.0,0.7438771110000744,0,1474,"expr:sin(add(sin(x1),x1))",0.211 + 1.149*sin((sin(x1)+x1)),generation budget reached
nested_sine,spurious,0.03,300,4,9010,fedfalsify-v05,1.0,1.0,1.0,1.5107195311318187e-06,0.000746397115560266,0.0,1.0,0.25431438099985826,210303,4,sin(x1);sin(x1+x1^2),0.001102 + 0.9996·sin(x₁+x₁²) + 1.001·sin(x₁),target federated MSE reached; no replacement passed the federated certificate
nested_sine,spurious,0.03,300,4,9010,centralized-tree-gp,1.0,1.0,1.0,1.510719531133375e-06,0.0007463971155602661,0.0,1.0,0.7848055679999106,0,1495,sin(x1);sin(x1+x1^2),0.001102 + 0.9996*sin(((x1)^2+x1)) + 1.001*sin(x1),generation budget reached
nested_sine,spurious,0.03,300,4,9010,federated-tree-gp-style,1.0,1.0,1.0,1.5107195311317333e-06,0.0007463971155602661,0.0,1.0,1.0476313019998997,507840,1495,sin(x1);sin(x1+x1^2),0.001102 + 0.9996*sin(((x1)^2+x1)) + 1.001*sin(x1),generation budget reached
nested_sine,spurious,0.03,300,4,9010,centralized-residual-counterexample-gp,1.0,1.0,1.0,1.510719531133375e-06,0.0007463971155602661,0.0,1.0,0.8802691139999297,0,1491,sin(x1);sin(x1+x1^2),0.001102 + 0.9996*sin(((x1)^2+x1)) + 1.001*sin(x1),generation budget reached
nested_sine,spurious,0.1,300,4,9006,fedfalsify-v05,1.0,1.0,1.0,2.5197966545899067e-06,0.0076971671188938015,0.0,1.0,0.2725214199999755,209430,4,sin(x1);sin(x1+x1^2),0.0006923 + 0.9997·sin(x₁) + 0.9978·sin(x₁+x₁²),target federated MSE reached; no replacement passed the federated certificate
nested_sine,spurious,0.1,300,4,9006,centralized-tree-gp,0.0,0.0,0.0,0.21732688629372032,0.10974676559863634,1.0,1.0,1.4714794859999074,0,1592,"expr:cos(add(cos(x4),x1));expr:sin(add(cos(x1),x1));expr:sin(add(sin(x1),sin(x1)));expr:sin(add(x1,x1))",0.3233 + 0.2689*cos((cos(x4)+x1)) - 0.5182*sin((cos(x1)+x1)) + 1.31*sin((sin(x1)+sin(x1))) + 0.286*sin((x1+x1)),generation budget reached
nested_sine,spurious,0.1,300,4,9006,federated-tree-gp-style,0.0,0.0,0.0,0.21732688629372116,0.10974676559863634,1.0,1.0,2.150993797999945,628992,1592,"expr:cos(add(cos(x4),x1));expr:sin(add(cos(x1),x1));expr:sin(add(sin(x1),sin(x1)));expr:sin(add(x1,x1))",0.3233 + 0.2689*cos((cos(x4)+x1)) - 0.5182*sin((cos(x1)+x1)) + 1.31*sin((sin(x1)+sin(x1))) + 0.286*sin((x1+x1)),generation budget reached
nested_sine,spurious,0.1,300,4,9006,centralized-residual-counterexample-gp,0.0,0.0,0.0,0.4703520697159017,0.14839245960448386,1.0,1.0,1.2437115940001604,0,1452,"expr:mul(sin(x4),square(x1));expr:sin(add(sin(x1),x1));expr:square(add(sin(x4),x1))",0.3155 + 0.06896*(sin(x4)*(x1)^2) + 1.164*sin((sin(x1)+x1)) - 0.04189*((sin(x4)+x1))^2,generation budget reached
nested_sine,spurious,0.1,300,4,9007,fedfalsify-v05,1.0,1.0,1.0,4.9122619897360164e-05,0.007087152557518432,0.0,1.0,0.40796551399989767,209769,4,sin(x1);sin(x1+x1^2),0.002929 + 0.9921·sin(x₁) + 0.9963·sin(x₁+x₁²),target federated MSE reached; no replacement passed the federated certificate
nested_sine,spurious,0.1,300,4,9007,centralized-tree-gp,0.0,0.5,0.5,4.912261978586106e-05,0.007087152557518432,0.0,1.0,0.9046032710000418,0,1564,"expr:add(sin(x1),sin(x1));sin(x1+x1^2)",0.002929 + 0.496*(sin(x1)+sin(x1)) + 0.9963*sin(((x1)^2+x1)),generation budget reached
nested_sine,spurious,0.1,300,4,9007,federated-tree-gp-style,0.0,0.5,0.5,4.9122619785866274e-05,0.007087152557518432,0.0,1.0,1.146074408000004,607872,1564,"expr:add(sin(x1),sin(x1));sin(x1+x1^2)",0.002929 + 0.496*(sin(x1)+sin(x1)) + 0.9963*sin(((x1)^2+x1)),generation budget reached
nested_sine,spurious,0.1,300,4,9007,centralized-residual-counterexample-gp,0.0,0.5,0.5,4.912261978586106e-05,0.007087152557518432,0.0,1.0,0.9794628429999648,0,1573,"expr:add(sin(x1),sin(x1));sin(x1+x1^2)",0.002929 + 0.496*(sin(x1)+sin(x1)) + 0.9963*sin(((x1)^2+x1)),generation budget reached
nested_sine,spurious,0.1,300,4,9008,fedfalsify-v05,1.0,1.0,1.0,9.83962203122304e-07,0.0075462941691505,0.0,1.0,0.2860506060001171,209901,4,sin(x1);sin(x1+x1^2),-0.0002485 + 0.9991·sin(x₁) + 0.9991·sin(x₁+x₁²),target federated MSE reached; no replacement passed the federated certificate
nested_sine,spurious,0.1,300,4,9008,centralized-tree-gp,0.0,0.25,0.5,0.22529059955961628,0.11572384907892617,0.0,1.0,0.8958587249999255,0,1546,"expr:sin(add(sin(x1),sin(x1)));expr:sin(mul(square(x1),x1));expr:square(mul(sin(x2),square(x1)));sin(x1)",0.2293 + 2.042*sin((sin(x1)+sin(x1))) + 0.2898*sin(((x1)^2*x1)) - 1.447*sin(x1) - 0.01234*((sin(x2)*(x1)^2))^2,generation budget reached
nested_sine,spurious,0.1,300,4,9008,federated-tree-gp-style,0.0,0.25,0.5,0.22529059955961614,0.11572384907892617,0.0,1.0,1.1596584149999671,586176,1546,"expr:sin(add(sin(x1),sin(x1)));expr:sin(mul(square(x1),x1));expr:square(mul(sin(x2),square(x1)));sin(x1)",0.2293 + 2.042*sin((sin(x1)+sin(x1))) + 0.2898*sin(((x1)^2*x1)) - 1.447*sin(x1) - 0.01234*((sin(x2)*(x1)^2))^2,generation budget reached
nested_sine,spurious,0.1,300,4,9008,centralized-residual-counterexample-gp,0.0,0.3333333333333333,0.5,0.28801000082306827,0.1253332833689942,0.0,1.0,0.9013364639999963,0,1537,"expr:sin(add(sin(x1),sin(x1)));expr:sin(mul(square(x1),x1));sin(x1)",0.1866 + 2.041*sin((sin(x1)+sin(x1))) + 0.2939*sin(((x1)^2*x1)) - 1.452*sin(x1),generation budget reached
nested_sine,spurious,0.1,300,4,9009,fedfalsify-v05,1.0,1.0,1.0,4.865756231125412e-06,0.00726170664128314,0.0,1.0,0.257479271999955,209982,4,sin(x1);sin(x1+x1^2),0.0008245 + 0.9969·sin(x₁+x₁²) + 0.9996·sin(x₁),target federated MSE reached; no replacement passed the federated certificate
nested_sine,spurious,0.1,300,4,9009,centralized-tree-gp,0.0,0.0,0.0,0.3809832533508664,0.12221328850359207,0.0,1.0,0.7619154300000446,0,1487,"expr:sin(add(sin(x1),x1));expr:sin(mul(sin(x1),square(x1)));expr:square(mul(cos(x1),sin(x1)))",-0.001082 + 1.382*sin((sin(x1)+x1)) - 0.4031*sin((sin(x1)*(x1)^2)) + 1.631*((cos(x1)*sin(x1)))^2,generation budget reached
nested_sine,spurious,0.1,300,4,9009,federated-tree-gp-style,0.0,0.0,0.0,0.3809832533508665,0.12221328850359207,0.0,1.0,0.9914551639999445,504384,1487,"expr:sin(add(sin(x1),x1));expr:sin(mul(sin(x1),square(x1)));expr:square(mul(cos(x1),sin(x1)))",-0.001082 + 1.382*sin((sin(x1)+x1)) - 0.4031*sin((sin(x1)*(x1)^2)) + 1.631*((cos(x1)*sin(x1)))^2,generation budget reached
nested_sine,spurious,0.1,300,4,9009,centralized-residual-counterexample-gp,0.0,0.0,0.0,0.3546219203560875,0.13680233963109645,0.0,1.0,0.8854966439998861,0,1506,"expr:add(x1,x1);expr:sin(add(sin(x1),x1));expr:sin(mul(sin(x1),square(x1)))",0.2053 + 0.03817*(x1+x1) + 1.267*sin((sin(x1)+x1)) - 0.3769*sin((sin(x1)*(x1)^2)),generation budget reached
nested_sine,spurious,0.1,300,4,9010,fedfalsify-v05,1.0,1.0,1.0,1.678577253842005e-05,0.008293301284002958,0.0,1.0,0.2979395209999893,209668,4,sin(x1);sin(x1+x1^2),0.003673 + 0.9988·sin(x₁+x₁²) + 1.002·sin(x₁),target federated MSE reached; no replacement passed the federated certificate
nested_sine,spurious,0.1,300,4,9010,centralized-tree-gp,1.0,1.0,1.0,1.6785772538421783e-05,0.008293301284002958,0.0,1.0,1.0966568029998598,0,1557,sin(x1);sin(x1+x1^2),0.003673 + 0.9988*sin(((x1)^2+x1)) + 1.002*sin(x1),generation budget reached
nested_sine,spurious,0.1,300,4,9010,federated-tree-gp-style,1.0,1.0,1.0,1.6785772538420082e-05,0.008293301284002958,0.0,1.0,1.7659421430000748,566336,1557,sin(x1);sin(x1+x1^2),0.003673 + 0.9988*sin(((x1)^2+x1)) + 1.002*sin(x1),generation budget reached
nested_sine,spurious,0.1,300,4,9010,centralized-residual-counterexample-gp,1.0,1.0,1.0,1.6785772538421783e-05,0.008293301284002958,0.0,1.0,1.466239837999865,0,1582,sin(x1);sin(x1+x1^2),0.003673 + 0.9988*sin(((x1)^2+x1)) + 1.002*sin(x1),generation budget reached
nested_sine,exception,0.03,300,4,9006,fedfalsify-v05,1.0,1.0,1.0,5.1592577737754586e-06,0.002226963424625153,0.0,1.0,0.49895886700005576,247859,5,I(x3>1)*x3^2;sin(x1);sin(x1+x1^2),0.001891 + 0.7483·𝟙[x₃>1]·x₃² + 1·sin(x₁) + 0.9968·sin(x₁+x₁²),target federated MSE reached; no replacement passed the federated certificate
nested_sine,exception,0.03,300,4,9006,centralized-tree-gp,0.0,0.0,0.0,0.13294944651432072,0.1942510648167491,0.0,0.0,1.0365604829999029,0,1588,"expr:add(square(x3),x1);expr:mul(sin(x3),square(x3));expr:sin(add(sin(x1),x1));expr:square(add(square(x3),x3))",0.2415 + 0.1612*((x3)^2+x1) + 0.2594*(sin(x3)*(x3)^2) + 0.957*sin((sin(x1)+x1)) + 0.03439*(((x3)^2+x3))^2,generation budget reached
nested_sine,exception,0.03,300,4,9006,federated-tree-gp-style,0.0,0.0,0.0,0.13294944651432064,0.1942510648167491,0.0,0.0,1.1356474530000469,636736,1588,"expr:add(square(x3),x1);expr:mul(sin(x3),square(x3));expr:sin(add(sin(x1),x1));expr:square(add(square(x3),x3))",0.2415 + 0.1612*((x3)^2+x1) + 0.2594*(sin(x3)*(x3)^2) + 0.957*sin((sin(x1)+x1)) + 0.03439*(((x3)^2+x3))^2,generation budget reached
nested_sine,exception,0.03,300,4,9006,centralized-residual-counterexample-gp,0.0,0.0,0.0,0.13902413504816452,0.1988423274469685,0.0,0.0,0.9160873629998605,0,1584,"expr:add(sin(x1),x1);expr:add(square(x3),x1);expr:mul(sin(x3),square(x3));expr:sin(add(sin(x1),x1))",0.1088 - 0.2132*(sin(x1)+x1) + 0.3909*((x3)^2+x1) + 0.4336*(sin(x3)*(x3)^2) + 1.12*sin((sin(x1)+x1)),generation budget reached
nested_sine,exception,0.03,300,4,9007,fedfalsify-v05,1.0,1.0,1.0,2.729841131089108e-06,0.0021643038767043352,0.0,1.0,0.317646724000042,247879,5,I(x3>1)*x3^2;sin(x1);sin(x1+x1^2),0.001267 + 0.7505·𝟙[x₃>1]·x₃² + 0.9969·sin(x₁+x₁²) + 0.9996·sin(x₁),target federated MSE reached; no replacement passed the federated certificate
nested_sine,exception,0.03,300,4,9007,centralized-tree-gp,0.0,0.5,0.6666666666666666,0.10633801096375514,0.12801818576563523,0.0,1.0,0.890543550999837,0,1608,"I(x3>1)*x3^2;expr:sin(add(sin(x1),x1));expr:square(add(cos(x1),sin(x1)));sin(x1)",1.604 + 0.7483*I(x3>1)*((x3)^2) + 3.654*sin((sin(x1)+x1)) - 1.497*sin(x1) - 1.401*((cos(x1)+sin(x1)))^2,generation budget reached
nested_sine,exception,0.03,300,4,9007,federated-tree-gp-style,0.0,0.5,0.6666666666666666,0.10633801096375622,0.12801818576563523,0.0,1.0,1.169502704000024,656768,1608,"I(x3>1)*x3^2;expr:sin(add(sin(x1),x1));expr:square(add(cos(x1),sin(x1)));sin(x1)",1.604 + 0.7483*I(x3>1)*((x3)^2) + 3.654*sin((sin(x1)+x1)) - 1.497*sin(x1) - 1.401*((cos(x1)+sin(x1)))^2,generation budget reached
nested_sine,exception,0.03,300,4,9007,centralized-residual-counterexample-gp,0.0,0.5,0.3333333333333333,0.16204715012958668,0.1742858448525534,0.0,1.0,0.8384471740000663,0,1531,"I(x3>1)*x3^2;expr:sin(add(sin(x1),x1))",0.1867 + 0.7734*I(x3>1)*((x3)^2) + 1.15*sin((sin(x1)+x1)),generation budget reached
nested_sine,exception,0.03,300,4,9008,fedfalsify-v05,1.0,1.0,1.0,2.3772521592538328e-06,0.002171607198941004,0.0,1.0,0.37906256200017197,342600,5,I(x3>1)*x3^2;sin(x1);sin(x1+x1^2),-0.001477 + 0.7509·𝟙[x₃>1]·x₃² + 0.9982·sin(x₁+x₁²) + 0.998·sin(x₁),target federated MSE reached; no replacement passed the federated certificate
nested_sine,exception,0.03,300,4,9008,centralized-tree-gp,0.0,0.0,0.0,0.19606960682865632,0.33148334386734407,0.0,0.0,0.8865232949999609,0,1592,"expr:add(cos(x3),sin(x3));expr:add(sin(x1),x3)",1.201 - 1.088*(cos(x3)+sin(x3)) + 1.128*(sin(x1)+x3),generation budget reached
nested_sine,exception,0.03,300,4,9008,federated-tree-gp-style,0.0,0.0,0.0,0.19606960682865635,0.33148334386734407,0.0,0.0,1.1386768760000905,627136,1592,"expr:add(cos(x3),sin(x3));expr:add(sin(x1),x3)",1.201 - 1.088*(cos(x3)+sin(x3)) + 1.128*(sin(x1)+x3),generation budget reached
nested_sine,exception,0.03,300,4,9008,centralized-residual-counterexample-gp,0.0,0.0,0.0,0.19525205569413712,0.3745199213226276,1.0,0.0,0.9199605069998142,0,1579,"expr:add(sin(x1),sin(x3));expr:mul(cos(x3),x3);expr:square(add(cos(x4),square(x3)))",0.3524 + 0.875*(sin(x1)+sin(x3)) - 0.832*(cos(x3)*x3) + 0.054*((cos(x4)+(x3)^2))^2,generation budget reached
nested_sine,exception,0.03,300,4,9009,fedfalsify-v05,1.0,1.0,1.0,4.407086989538051e-06,0.002193993089546266,0.0,1.0,0.3311942740001541,247740,5,I(x3>1)*x3^2;sin(x1);sin(x1+x1^2),0.0006493 + 0.7504·𝟙[x₃>1]·x₃² + 0.9977·sin(x₁) + 1.004·sin(x₁+x₁²),target federated MSE reached; no replacement passed the federated certificate
nested_sine,exception,0.03,300,4,9009,centralized-tree-gp,0.0,1.0,0.6666666666666666,0.16689197552594648,0.3073405051389193,0.0,1.0,1.042144492000034,0,1514,I(x3>1)*x3^2;sin(x1),0.2524 + 0.7086*I(x3>1)*((x3)^2) + 0.9918*sin(x1),generation budget reached
nested_sine,exception,0.03,300,4,9009,federated-tree-gp-style,0.0,1.0,0.6666666666666666,0.16689197552594637,0.3073405051389193,0.0,1.0,1.5486795530000563,538688,1514,I(x3>1)*x3^2;sin(x1),0.2524 + 0.7086*I(x3>1)*((x3)^2) + 0.9918*sin(x1),generation budget reached
nested_sine,exception,0.03,300,4,9009,centralized-residual-counterexample-gp,0.0,0.3333333333333333,0.3333333333333333,0.14415948853288343,0.18459592233503364,0.0,1.0,1.480773015000068,0,1610,"I(x3>1)*x3^2;expr:sin(add(x1,x1));x1",0.2189 + 0.733*I(x3>1)*((x3)^2) + 0.7674*sin((x1+x1)) + 0.4391*x1,generation budget reached
nested_sine,exception,0.03,300,4,9010,fedfalsify-v05,1.0,1.0,1.0,2.694187458582215e-06,0.002334050693506755,0.0,1.0,0.5002439140000661,247754,5,I(x3>1)*x3^2;sin(x1);sin(x1+x1^2),0.0009892 + 0.7491·𝟙[x₃>1]·x₃² + 1.003·sin(x₁+x₁²) + 1.001·sin(x₁),target federated MSE reached; no replacement passed the federated certificate
nested_sine,exception,0.03,300,4,9010,centralized-tree-gp,0.0,0.25,0.3333333333333333,0.039398748783545066,0.07983840718238103,0.0,0.0,1.0548946480000723,0,1591,"expr:sin(add(sin(x1),sin(x1)));expr:sin(add(sin(x1),sin(x3)));expr:square(add(square(x3),x3));sin(x1+x1^2)",0.1275 + 0.6966*sin((sin(x1)+sin(x1))) + 0.3923*sin((sin(x1)+sin(x3))) + 0.7824*sin(((x1)^2+x1)) + 0.06529*(((x3)^2+x3))^2,generation budget reached
nested_sine,exception,0.03,300,4,9010,federated-tree-gp-style,0.0,0.25,0.3333333333333333,0.03939874878354505,0.07983840718238104,0.0,0.0,1.1617748900000606,640896,1591,"expr:sin(add(sin(x1),sin(x1)));expr:sin(add(sin(x1),sin(x3)));expr:square(add(square(x3),x3));sin(x1+x1^2)",0.1275 + 0.6966*sin((sin(x1)+sin(x1))) + 0.3923*sin((sin(x1)+sin(x3))) + 0.7824*sin(((x1)^2+x1)) + 0.06529*(((x3)^2+x3))^2,generation budget reached
nested_sine,exception,0.03,300,4,9010,centralized-residual-counterexample-gp,0.0,0.25,0.3333333333333333,0.050040424757253725,0.07964865167669051,0.0,0.0,0.9696892580000167,0,1609,"expr:sin(add(sin(x1),sin(x1)));expr:sin(add(square(x3),x3));expr:square(add(square(x3),x3));sin(x1+x1^2)",0.1484 + 0.9265*sin((sin(x1)+sin(x1))) + 0.7342*sin(((x1)^2+x1)) - 0.3126*sin(((x3)^2+x3)) + 0.07092*(((x3)^2+x3))^2,generation budget reached
nested_sine,exception,0.1,300,4,9006,fedfalsify-v05,1.0,1.0,1.0,5.732508609295443e-05,0.024744038051390606,0.0,1.0,0.3334643769999275,247293,5,I(x3>1)*x3^2;sin(x1);sin(x1+x1^2),0.006304 + 0.7442·𝟙[x₃>1]·x₃² + 1·sin(x₁) + 0.9893·sin(x₁+x₁²),target federated MSE reached; no replacement passed the federated certificate
nested_sine,exception,0.1,300,4,9006,centralized-tree-gp,0.0,0.25,0.3333333333333333,0.08538243974516008,0.16164749612701382,0.0,1.0,0.8377232880000065,0,1553,"I(x3>1)*x3^2;expr:add(sin(x1),sin(x1));expr:add(square(x1),x3);expr:sin(add(sin(x1),sin(x1)))",0.2508 - 0.7604*(sin(x1)+sin(x1)) - 0.03608*((x1)^2+x3) + 0.728*I(x3>1)*((x3)^2) + 2.178*sin((sin(x1)+sin(x1))),generation budget reached
nested_sine,exception,0.1,300,4,9006,federated-tree-gp-style,0.0,0.25,0.3333333333333333,0.08538243974516022,0.16164749612701382,0.0,1.0,1.0840633059999618,594240,1553,"I(x3>1)*x3^2;expr:add(sin(x1),sin(x1));expr:add(square(x1),x3);expr:sin(add(sin(x1),sin(x1)))",0.2508 - 0.7604*(sin(x1)+sin(x1)) - 0.03608*((x1)^2+x3) + 0.728*I(x3>1)*((x3)^2) + 2.178*sin((sin(x1)+sin(x1))),generation budget reached
nested_sine,exception,0.1,300,4,9006,centralized-residual-counterexample-gp,0.0,0.3333333333333333,0.3333333333333333,0.09980117341341281,0.1680720746013679,0.0,1.0,0.9266967800001567,0,1582,"I(x3>1)*x3^2;expr:add(sin(x1),sin(x1));expr:sin(add(sin(x1),sin(x1)))",0.2124 - 0.7514*(sin(x1)+sin(x1)) + 0.7004*I(x3>1)*((x3)^2) + 2.162*sin((sin(x1)+sin(x1))),generation budget reached
nested_sine,exception,0.1,300,4,9007,fedfalsify-v05,1.0,1.0,1.0,3.0331567873907266e-05,0.024047820852270405,0.0,1.0,0.3269737199998417,247354,5,I(x3>1)*x3^2;sin(x1);sin(x1+x1^2),0.004223 + 0.7515·𝟙[x₃>1]·x₃² + 0.9896·sin(x₁+x₁²) + 0.9986·sin(x₁),target federated MSE reached; no replacement passed the federated certificate
nested_sine,exception,0.1,300,4,9007,centralized-tree-gp,0.0,0.0,0.0,0.1856577492352259,0.33074843611633153,0.0,0.0,0.8945925340001395,0,1627,"expr:add(cos(x3),square(x3));expr:add(sin(x1),x3);expr:add(x3,x3);expr:sin(mul(cos(x3),x3))",-0.3626 + 0.5649*(cos(x3)+(x3)^2) + 0.9793*(sin(x1)+x3) - 0.2262*(x3+x3) - 0.6714*sin((cos(x3)*x3)),generation budget reached
nested_sine,exception,0.1,300,4,9007,federated-tree-gp-style,0.0,0.0,0.0,0.1856577492352257,0.33074843611633153,0.0,0.0,1.1586415169999782,668608,1627,"expr:add(cos(x3),square(x3));expr:add(sin(x1),x3);expr:add(x3,x3);expr:sin(mul(cos(x3),x3))",-0.3626 + 0.5649*(cos(x3)+(x3)^2) + 0.9793*(sin(x1)+x3) - 0.2262*(x3+x3) - 0.6714*sin((cos(x3)*x3)),generation budget reached
nested_sine,exception,0.1,300,4,9007,centralized-residual-counterexample-gp,0.0,0.25,0.3333333333333333,0.17051877769530344,0.2412904377864977,0.0,1.0,0.9407604420000553,0,1623,"I(x3>1)*x3^2;expr:add(sin(x3),x2);expr:add(x1,x2);expr:square(add(cos(x1),sin(x1)))",-0.6063 - 0.3173*(sin(x3)+x2) + 0.3869*(x1+x2) + 0.8354*I(x3>1)*((x3)^2) + 0.7371*((cos(x1)+sin(x1)))^2,generation budget reached
nested_sine,exception,0.1,300,4,9008,fedfalsify-v05,1.0,1.0,1.0,2.6413912726454867e-05,0.02412896887712229,0.0,1.0,0.3978822490000766,341877,5,I(x3>1)*x3^2;sin(x1);sin(x1+x1^2),-0.004925 + 0.7529·𝟙[x₃>1]·x₃² + 0.9941·sin(x₁+x₁²) + 0.9934·sin(x₁),target federated MSE reached; no replacement passed the federated certificate
nested_sine,exception,0.1,300,4,9008,centralized-tree-gp,0.0,0.5,0.3333333333333333,0.16821285433168687,0.328074379465795,0.0,1.0,1.2840226230000553,0,1582,"I(x3>1)*x3^2;expr:add(sin(x1),sin(x1))",0.2608 + 0.4936*(sin(x1)+sin(x1)) + 0.6992*I(x3>1)*((x3)^2),generation budget reached
nested_sine,exception,0.1,300,4,9008,federated-tree-gp-style,0.0,0.5,0.3333333333333333,0.1682128543316868,0.328074379465795,0.0,1.0,1.7845566410001084,619968,1582,"I(x3>1)*x3^2;expr:add(sin(x1),sin(x1))",0.2608 + 0.4936*(sin(x1)+sin(x1)) + 0.6992*I(x3>1)*((x3)^2),generation budget reached
nested_sine,exception,0.1,300,4,9008,centralized-residual-counterexample-gp,0.0,0.3333333333333333,0.3333333333333333,0.17657910538406765,0.320931496769108,0.0,1.0,1.3917108750001717,0,1536,"I(x3>1)*x3^2;expr:add(sin(x1),sin(x1));x1",0.2491 + 0.6108*(sin(x1)+sin(x1)) + 0.7139*I(x3>1)*((x3)^2) - 0.1466*x1,generation budget reached
nested_sine,exception,0.1,300,4,9009,fedfalsify-v05,1.0,1.0,1.0,4.896763335965705e-05,0.024377700994958527,0.0,1.0,0.48459374499998376,247232,5,I(x3>1)*x3^2;sin(x1);sin(x1+x1^2),0.002164 + 0.7514·𝟙[x₃>1]·x₃² + 0.9924·sin(x₁) + 1.012·sin(x₁+x₁²),target federated MSE reached; no replacement passed the federated certificate
nested_sine,exception,0.1,300,4,9009,centralized-tree-gp,0.0,0.3333333333333333,0.3333333333333333,0.1631315385545708,0.2478590773032687,0.0,1.0,0.9270247400002063,0,1626,"I(x3>1)*x3^2;expr:add(cos(x3),x1);expr:mul(cos(x1),sin(x1))",0.0265 + 0.3758*(cos(x3)+x1) + 0.83*I(x3>1)*((x3)^2) + 1.547*(cos(x1)*sin(x1)),generation budget reached
nested_sine,exception,0.1,300,4,9009,federated-tree-gp-style,0.0,0.3333333333333333,0.3333333333333333,0.16313153855457085,0.2478590773032687,0.0,1.0,1.158125494999922,646208,1626,"I(x3>1)*x3^2;expr:add(cos(x3),x1);expr:mul(cos(x1),sin(x1))",0.0265 + 0.3758*(cos(x3)+x1) + 0.83*I(x3>1)*((x3)^2) + 1.547*(cos(x1)*sin(x1)),generation budget reached
nested_sine,exception,0.1,300,4,9009,centralized-residual-counterexample-gp,0.0,0.0,0.0,0.22386780131880707,0.5123330850663164,0.0,0.0,0.8673087320000832,0,1546,"expr:add(sin(x1),x3);expr:sin(add(cos(x3),cos(x3)))",1.172 + 0.7167*(sin(x1)+x3) - 0.9221*sin((cos(x3)+cos(x3))),generation budget reached
nested_sine,exception,0.1,300,4,9010,fedfalsify-v05,1.0,1.0,1.0,2.9935416435234502e-05,0.02593389659451949,0.0,1.0,0.32809181299990087,247159,5,I(x3>1)*x3^2;sin(x1);sin(x1+x1^2),0.003297 + 0.7471·𝟙[x₃>1]·x₃² + 1.011·sin(x₁+x₁²) + 1.004·sin(x₁),target federated MSE reached; no replacement passed the federated certificate
nested_sine,exception,0.1,300,4,9010,centralized-tree-gp,0.0,0.25,0.3333333333333333,0.08334469421466735,0.13256288062260888,0.0,1.0,0.8302636960002019,0,1531,"I(x3>1)*x3^2;expr:sin(add(sin(x1),sin(x1)));expr:sin(add(sin(x1),x1));expr:sin(add(x1,x1))",0.2082 + 0.717*I(x3>1)*((x3)^2) + 7.275*sin((sin(x1)+sin(x1))) - 11.47*sin((sin(x1)+x1)) + 5.458*sin((x1+x1)),generation budget reached
nested_sine,exception,0.1,300,4,9010,federated-tree-gp-style,0.0,0.25,0.3333333333333333,0.08334469421467053,0.13256288062260888,0.0,1.0,1.0749552479999238,571776,1531,"I(x3>1)*x3^2;expr:sin(add(sin(x1),sin(x1)));expr:sin(add(sin(x1),x1));expr:sin(add(x1,x1))",0.2082 + 0.717*I(x3>1)*((x3)^2) + 7.275*sin((sin(x1)+sin(x1))) - 11.47*sin((sin(x1)+x1)) + 5.458*sin((x1+x1)),generation budget reached
nested_sine,exception,0.1,300,4,9010,centralized-residual-counterexample-gp,0.0,0.3333333333333333,0.3333333333333333,0.11265102616396121,0.19430055962090256,0.0,1.0,0.8586389189999863,0,1524,"I(x3>1)*x3^2;expr:sin(add(sin(x1),sin(x1)));expr:sin(add(sin(x1),x1))",0.203 + 0.7368*I(x3>1)*((x3)^2) + 0.3819*sin((sin(x1)+sin(x1))) + 0.7221*sin((sin(x1)+x1)),generation budget reached
trig_product,complementary,0.03,300,4,9006,fedfalsify-v05,1.0,1.0,1.0,6.138553786317753e-08,0.0009010410218673059,0.0,1.0,0.17243734699991364,152265,2,sin(x1)*cos(x2),-0.0001407 + 2·sin(x₁)cos(x₂),target federated MSE reached; no replacement passed the federated certificate
trig_product,complementary,0.03,300,4,9006,centralized-tree-gp,1.0,1.0,1.0,6.13855378632411e-08,0.0009010410218673056,0.0,1.0,0.6807612069999323,0,1445,sin(x1)*cos(x2),-0.0001407 + 2*(cos(x2)*sin(x1)),generation budget reached
trig_product,complementary,0.03,300,4,9006,federated-tree-gp-style,1.0,1.0,1.0,6.138553786317753e-08,0.0009010410218673059,0.0,1.0,0.8647193589999915,427136,1445,sin(x1)*cos(x2),-0.0001407 + 2*(cos(x2)*sin(x1)),generation budget reached
trig_product,complementary,0.03,300,4,9006,centralized-residual-counterexample-gp,1.0,1.0,1.0,6.13855378632411e-08,0.0009010410218673056,0.0,1.0,0.7037226919999284,0,1449,sin(x1)*cos(x2),-0.0001407 + 2*(cos(x2)*sin(x1)),generation budget reached
trig_product,complementary,0.03,300,4,9007,fedfalsify-v05,1.0,1.0,1.0,1.3826618451055376e-06,0.0009061977093982552,0.0,1.0,0.16151329500007705,152154,2,sin(x1)*cos(x2),0.0006346 + 2.002·sin(x₁)cos(x₂),target federated MSE reached; no replacement passed the federated certificate
trig_product,complementary,0.03,300,4,9007,centralized-tree-gp,1.0,1.0,1.0,1.3826618451068046e-06,0.0009061977093982552,0.0,1.0,0.7177657340000678,0,1478,sin(x1)*cos(x2),0.0006346 + 2.002*(cos(x2)*sin(x1)),generation budget reached
trig_product,complementary,0.03,300,4,9007,federated-tree-gp-style,1.0,1.0,1.0,1.3826618451055376e-06,0.0009061977093982552,0.0,1.0,1.1256324820001282,438016,1478,sin(x1)*cos(x2),0.0006346 + 2.002*(cos(x2)*sin(x1)),generation budget reached
trig_product,complementary,0.03,300,4,9007,centralized-residual-counterexample-gp,1.0,1.0,1.0,1.3826618451068046e-06,0.0009061977093982552,0.0,1.0,1.172559819000071,0,1478,sin(x1)*cos(x2),0.0006346 + 2.002*(cos(x2)*sin(x1)),generation budget reached
trig_product,complementary,0.03,300,4,9008,fedfalsify-v05,1.0,1.0,1.0,1.3863800826720166e-06,0.0008770635711360745,0.0,1.0,0.3000390239999433,212078,2,sin(x1)*cos(x2),-0.0006624 + 1.998·sin(x₁)cos(x₂),target federated MSE reached; no replacement passed the federated certificate
trig_product,complementary,0.03,300,4,9008,centralized-tree-gp,1.0,1.0,1.0,1.3863800826735317e-06,0.0008770635711360745,0.0,1.0,1.0512088250000033,0,1449,sin(x1)*cos(x2),-0.0006624 + 1.998*(cos(x2)*sin(x1)),generation budget reached
trig_product,complementary,0.03,300,4,9008,federated-tree-gp-style,1.0,1.0,1.0,1.3863800826720166e-06,0.0008770635711360745,0.0,1.0,1.3825441520000368,422528,1449,sin(x1)*cos(x2),-0.0006624 + 1.998*(cos(x2)*sin(x1)),generation budget reached
trig_product,complementary,0.03,300,4,9008,centralized-residual-counterexample-gp,1.0,1.0,1.0,1.3863800826735317e-06,0.0008770635711360745,0.0,1.0,0.717506627000148,0,1449,sin(x1)*cos(x2),-0.0006624 + 1.998*(cos(x2)*sin(x1)),generation budget reached
trig_product,complementary,0.03,300,4,9009,fedfalsify-v05,1.0,1.0,1.0,4.085344285310368e-06,0.0008678282409877421,0.0,1.0,0.18229862400016827,182242,2,sin(x1)*cos(x2),0.001341 + 2.003·sin(x₁)cos(x₂),target federated MSE reached; no replacement passed the federated certificate
trig_product,complementary,0.03,300,4,9009,centralized-tree-gp,1.0,1.0,1.0,4.085344285311004e-06,0.0008678282409877419,0.0,1.0,0.6799656179998692,0,1472,sin(x1)*cos(x2),0.001341 + 2.003*(cos(x2)*sin(x1)),generation budget reached
trig_product,complementary,0.03,300,4,9009,federated-tree-gp-style,1.0,1.0,1.0,4.085344285310368e-06,0.0008678282409877421,0.0,1.0,0.8827491220001775,436096,1472,sin(x1)*cos(x2),0.001341 + 2.003*(cos(x2)*sin(x1)),generation budget reached
trig_product,complementary,0.03,300,4,9009,centralized-residual-counterexample-gp,1.0,1.0,1.0,4.085344285311004e-06,0.0008678282409877419,0.0,1.0,0.7399527679999665,0,1472,sin(x1)*cos(x2),0.001341 + 2.003*(cos(x2)*sin(x1)),generation budget reached
trig_product,complementary,0.03,300,4,9010,fedfalsify-v05,1.0,1.0,1.0,6.156451532218425e-07,0.0009066258990831711,0.0,1.0,0.1629835119999825,151921,2,sin(x1)*cos(x2),0.0005499 + 2.001·sin(x₁)cos(x₂),target federated MSE reached; no replacement passed the federated certificate
trig_product,complementary,0.03,300,4,9010,centralized-tree-gp,1.0,1.0,1.0,6.156451532221068e-07,0.0009066258990831711,0.0,1.0,0.7258636430001388,0,1477,sin(x1)*cos(x2),0.0005499 + 2.001*(cos(x2)*sin(x1)),generation budget reached
trig_product,complementary,0.03,300,4,9010,federated-tree-gp-style,1.0,1.0,1.0,6.156451532218425e-07,0.0009066258990831711,0.0,1.0,0.9687628369999857,442880,1477,sin(x1)*cos(x2),0.0005499 + 2.001*(cos(x2)*sin(x1)),generation budget reached
trig_product,complementary,0.03,300,4,9010,centralized-residual-counterexample-gp,1.0,1.0,1.0,6.156451532221068e-07,0.0009066258990831711,0.0,1.0,0.803710983999963,0,1483,sin(x1)*cos(x2),0.0005499 + 2.001*(cos(x2)*sin(x1)),generation budget reached
trig_product,complementary,0.1,300,4,9006,fedfalsify-v05,1.0,1.0,1.0,6.820616374493631e-07,0.010011566909636732,0.0,1.0,0.18362183999988702,151712,2,sin(x1)*cos(x2),-0.0004691 + 2.001·sin(x₁)cos(x₂),target federated MSE reached; no replacement passed the federated certificate
trig_product,complementary,0.1,300,4,9006,centralized-tree-gp,1.0,1.0,1.0,6.820616374500706e-07,0.010011566909636732,0.0,1.0,0.7018421179998313,0,1456,sin(x1)*cos(x2),-0.0004691 + 2.001*(cos(x2)*sin(x1)),generation budget reached
trig_product,complementary,0.1,300,4,9006,federated-tree-gp-style,1.0,1.0,1.0,6.820616374493631e-07,0.010011566909636732,0.0,1.0,0.9273638089998713,429824,1456,sin(x1)*cos(x2),-0.0004691 + 2.001*(cos(x2)*sin(x1)),generation budget reached
trig_product,complementary,0.1,300,4,9006,centralized-residual-counterexample-gp,1.0,1.0,1.0,6.820616374500706e-07,0.010011566909636732,0.0,1.0,0.7987047049998637,0,1456,sin(x1)*cos(x2),-0.0004691 + 2.001*(cos(x2)*sin(x1)),generation budget reached
trig_product,complementary,0.1,300,4,9007,fedfalsify-v05,1.0,1.0,1.0,1.536290989555209e-05,0.010068863437758395,0.0,1.0,0.1797866189999695,151556,2,sin(x1)*cos(x2),0.002115 + 2.007·sin(x₁)cos(x₂),target federated MSE reached; no replacement passed the federated certificate
trig_product,complementary,0.1,300,4,9007,centralized-tree-gp,1.0,1.0,1.0,1.5362909895548934e-05,0.010068863437758395,0.0,1.0,0.7674253570000928,0,1481,sin(x1)*cos(x2),0.002115 + 2.007*(cos(x2)*sin(x1)),generation budget reached
trig_product,complementary,0.1,300,4,9007,federated-tree-gp-style,1.0,1.0,1.0,1.536290989555209e-05,0.010068863437758395,0.0,1.0,1.2090701069998886,439296,1481,sin(x1)*cos(x2),0.002115 + 2.007*(cos(x2)*sin(x1)),generation budget reached
trig_product,complementary,0.1,300,4,9007,centralized-residual-counterexample-gp,1.0,1.0,1.0,1.5362909895548934e-05,0.010068863437758395,0.0,1.0,1.2072646629999326,0,1481,sin(x1)*cos(x2),0.002115 + 2.007*(cos(x2)*sin(x1)),generation budget reached
trig_product,complementary,0.1,300,4,9008,fedfalsify-v05,1.0,1.0,1.0,1.540422264514395e-05,0.00974515079040083,0.0,1.0,0.2867718170000444,211572,2,sin(x1)*cos(x2),-0.002208 + 1.993·sin(x₁)cos(x₂),target federated MSE reached; no replacement passed the federated certificate
trig_product,complementary,0.1,300,4,9008,centralized-tree-gp,1.0,1.0,1.0,1.540422264514399e-05,0.00974515079040083,0.0,1.0,1.1115785750000668,0,1451,sin(x1)*cos(x2),-0.002208 + 1.993*(cos(x2)*sin(x1)),generation budget reached
trig_product,complementary,0.1,300,4,9008,federated-tree-gp-style,1.0,1.0,1.0,1.540422264514395e-05,0.00974515079040083,0.0,1.0,1.4208399139999983,422656,1451,sin(x1)*cos(x2),-0.002208 + 1.993*(cos(x2)*sin(x1)),generation budget reached
trig_product,complementary,0.1,300,4,9008,centralized-residual-counterexample-gp,1.0,1.0,1.0,1.540422264514399e-05,0.00974515079040083,0.0,1.0,0.7213031979999869,0,1452,sin(x1)*cos(x2),-0.002208 + 1.993*(cos(x2)*sin(x1)),generation budget reached
trig_product,complementary,0.1,300,4,9009,fedfalsify-v05,1.0,1.0,1.0,4.539271513290384e-05,0.009642536010974914,0.0,1.0,0.21626299799982007,211058,2,sin(x1)*cos(x2),0.004471 + 2.01·sin(x₁)cos(x₂),target federated MSE reached; no replacement passed the federated certificate
trig_product,complementary,0.1,300,4,9009,centralized-tree-gp,1.0,1.0,1.0,4.539271513290434e-05,0.009642536010974914,0.0,1.0,0.7263897170000746,0,1467,sin(x1)*cos(x2),0.004471 + 2.01*(cos(x2)*sin(x1)),generation budget reached
trig_product,complementary,0.1,300,4,9009,federated-tree-gp-style,1.0,1.0,1.0,4.539271513290384e-05,0.009642536010974914,0.0,1.0,0.9367203849999441,431680,1467,sin(x1)*cos(x2),0.004471 + 2.01*(cos(x2)*sin(x1)),generation budget reached
trig_product,complementary,0.1,300,4,9009,centralized-residual-counterexample-gp,1.0,1.0,1.0,4.539271513290434e-05,0.009642536010974914,0.0,1.0,0.7686573189998853,0,1467,sin(x1)*cos(x2),0.004471 + 2.01*(cos(x2)*sin(x1)),generation budget reached
trig_product,complementary,0.1,300,4,9010,fedfalsify-v05,1.0,1.0,1.0,6.840502020286936e-06,0.010073621100924125,0.0,1.0,0.16356591499993556,151399,2,sin(x1)*cos(x2),0.001833 + 2.004·sin(x₁)cos(x₂),target federated MSE reached; no replacement passed the federated certificate
trig_product,complementary,0.1,300,4,9010,centralized-tree-gp,1.0,1.0,1.0,6.8405020202867606e-06,0.010073621100924125,0.0,1.0,0.6963680429998931,0,1473,sin(x1)*cos(x2),0.001833 + 2.004*(cos(x2)*sin(x1)),generation budget reached
trig_product,complementary,0.1,300,4,9010,federated-tree-gp-style,1.0,1.0,1.0,6.840502020286936e-06,0.010073621100924125,0.0,1.0,0.8848913580000044,443584,1473,sin(x1)*cos(x2),0.001833 + 2.004*(cos(x2)*sin(x1)),generation budget reached
trig_product,complementary,0.1,300,4,9010,centralized-residual-counterexample-gp,1.0,1.0,1.0,6.8405020202867606e-06,0.010073621100924125,0.0,1.0,0.7303372360001958,0,1473,sin(x1)*cos(x2),0.001833 + 2.004*(cos(x2)*sin(x1)),generation budget reached
trig_product,spurious,0.03,300,4,9006,fedfalsify-v05,1.0,1.0,1.0,1.6490648081678096e-06,0.0008483159973199835,0.0,1.0,0.1788976459999958,152016,2,sin(x1)*cos(x2),7.256e-05 + 2.003·sin(x₁)cos(x₂),target federated MSE reached; no replacement passed the federated certificate
trig_product,spurious,0.03,300,4,9006,centralized-tree-gp,1.0,1.0,1.0,1.6490648081700868e-06,0.0008483159973199839,0.0,1.0,0.6911441160000322,0,1455,sin(x1)*cos(x2),7.256e-05 + 2.003*(cos(x2)*sin(x1)),generation budget reached
trig_product,spurious,0.03,300,4,9006,federated-tree-gp-style,1.0,1.0,1.0,1.6490648081678096e-06,0.0008483159973199835,0.0,1.0,0.8732261549998839,428800,1455,sin(x1)*cos(x2),7.256e-05 + 2.003*(cos(x2)*sin(x1)),generation budget reached
trig_product,spurious,0.03,300,4,9006,centralized-residual-counterexample-gp,1.0,1.0,1.0,1.6490648081700868e-06,0.0008483159973199839,0.0,1.0,0.7132848399999148,0,1455,sin(x1)*cos(x2),7.256e-05 + 2.003*(cos(x2)*sin(x1)),generation budget reached
trig_product,spurious,0.03,300,4,9007,fedfalsify-v05,1.0,1.0,1.0,7.769862247948329e-06,0.0008297260422735371,0.0,1.0,0.1629123290001644,152267,2,sin(x1)*cos(x2),0.0007816 + 1.995·sin(x₁)cos(x₂),target federated MSE reached; no replacement passed the federated certificate
trig_product,spurious,0.03,300,4,9007,centralized-tree-gp,1.0,1.0,1.0,7.769862247951325e-06,0.000829726042273537,0.0,1.0,0.6910047149999627,0,1478,sin(x1)*cos(x2),0.0007816 + 1.995*(cos(x2)*sin(x1)),generation budget reached
trig_product,spurious,0.03,300,4,9007,federated-tree-gp-style,1.0,1.0,1.0,7.769862247948329e-06,0.0008297260422735371,0.0,1.0,1.0550565640000968,438144,1478,sin(x1)*cos(x2),0.0007816 + 1.995*(cos(x2)*sin(x1)),generation budget reached
trig_product,spurious,0.03,300,4,9007,centralized-residual-counterexample-gp,1.0,1.0,1.0,7.769862247951325e-06,0.000829726042273537,0.0,1.0,1.1530569219999052,0,1479,sin(x1)*cos(x2),0.0007816 + 1.995*(cos(x2)*sin(x1)),generation budget reached
trig_product,spurious,0.03,300,4,9008,fedfalsify-v05,1.0,1.0,1.0,2.66931405766794e-08,0.0009006782774018385,0.0,1.0,0.23593501899995317,152260,2,sin(x1)*cos(x2),-0.0001455 + 2·sin(x₁)cos(x₂),target federated MSE reached; no replacement passed the federated certificate
trig_product,spurious,0.03,300,4,9008,centralized-tree-gp,1.0,1.0,1.0,2.6693140576709798e-08,0.0009006782774018385,0.0,1.0,1.1185599130001265,0,1460,sin(x1)*cos(x2),-0.0001455 + 2*(cos(x2)*sin(x1)),generation budget reached
trig_product,spurious,0.03,300,4,9008,federated-tree-gp-style,1.0,1.0,1.0,2.66931405766794e-08,0.0009006782774018385,0.0,1.0,1.4377739210001437,433216,1460,sin(x1)*cos(x2),-0.0001455 + 2*(cos(x2)*sin(x1)),generation budget reached
trig_product,spurious,0.03,300,4,9008,centralized-residual-counterexample-gp,1.0,1.0,1.0,2.6693140576709798e-08,0.0009006782774018385,0.0,1.0,0.7314061199999742,0,1455,sin(x1)*cos(x2),-0.0001455 + 2*(cos(x2)*sin(x1)),generation budget reached
trig_product,spurious,0.03,300,4,9009,fedfalsify-v05,1.0,1.0,1.0,1.609373509703334e-06,0.0008391036487768199,0.0,1.0,0.1638845869999841,152345,2,sin(x1)*cos(x2),0.00014 + 2.003·sin(x₁)cos(x₂),target federated MSE reached; no replacement passed the federated certificate
trig_product,spurious,0.03,300,4,9009,centralized-tree-gp,1.0,1.0,1.0,1.60937350970169e-06,0.0008391036487768199,0.0,1.0,0.6872792730000583,0,1467,sin(x1)*cos(x2),0.00014 + 2.003*(cos(x2)*sin(x1)),generation budget reached
trig_product,spurious,0.03,300,4,9009,federated-tree-gp-style,1.0,1.0,1.0,1.609373509703334e-06,0.0008391036487768199,0.0,1.0,0.8736315510000168,429696,1467,sin(x1)*cos(x2),0.00014 + 2.003*(cos(x2)*sin(x1)),generation budget reached
trig_product,spurious,0.03,300,4,9009,centralized-residual-counterexample-gp,1.0,1.0,1.0,1.60937350970169e-06,0.0008391036487768199,0.0,1.0,0.719186271000126,0,1467,sin(x1)*cos(x2),0.00014 + 2.003*(cos(x2)*sin(x1)),generation budget reached
trig_product,spurious,0.03,300,4,9010,fedfalsify-v05,1.0,1.0,1.0,1.1949403875753108e-06,0.0009152911222180467,0.0,1.0,0.16971288400009144,152151,2,sin(x1)*cos(x2),0.001117 + 2·sin(x₁)cos(x₂),target federated MSE reached; no replacement passed the federated certificate
trig_product,spurious,0.03,300,4,9010,centralized-tree-gp,1.0,1.0,1.0,1.1949403875753072e-06,0.0009152911222180467,0.0,1.0,0.7269819980001557,0,1474,sin(x1)*cos(x2),0.001117 + 2*(cos(x2)*sin(x1)),generation budget reached
trig_product,spurious,0.03,300,4,9010,federated-tree-gp-style,1.0,1.0,1.0,1.1949403875753108e-06,0.0009152911222180467,0.0,1.0,0.8964815720000843,441920,1474,sin(x1)*cos(x2),0.001117 + 2*(cos(x2)*sin(x1)),generation budget reached
trig_product,spurious,0.03,300,4,9010,centralized-residual-counterexample-gp,1.0,1.0,1.0,1.1949403875753072e-06,0.0009152911222180467,0.0,1.0,0.7503912100000889,0,1474,sin(x1)*cos(x2),0.001117 + 2*(cos(x2)*sin(x1)),generation budget reached
trig_product,spurious,0.1,300,4,9006,fedfalsify-v05,1.0,1.0,1.0,1.832294297600672e-05,0.009425733303555377,0.0,1.0,0.1696146399999634,151528,2,sin(x1)*cos(x2),0.0002419 + 2.009·sin(x₁)cos(x₂),target federated MSE reached; no replacement passed the federated certificate
trig_product,spurious,0.1,300,4,9006,centralized-tree-gp,1.0,1.0,1.0,1.8322942976016226e-05,0.009425733303555377,0.0,1.0,0.6968164879999676,0,1457,sin(x1)*cos(x2),0.0002419 + 2.009*(cos(x2)*sin(x1)),generation budget reached
trig_product,spurious,0.1,300,4,9006,federated-tree-gp-style,1.0,1.0,1.0,1.832294297600672e-05,0.009425733303555377,0.0,1.0,0.8636778019999838,429312,1457,sin(x1)*cos(x2),0.0002419 + 2.009*(cos(x2)*sin(x1)),generation budget reached
trig_product,spurious,0.1,300,4,9006,centralized-residual-counterexample-gp,1.0,1.0,1.0,1.8322942976016226e-05,0.009425733303555377,0.0,1.0,0.7249452999999448,0,1457,sin(x1)*cos(x2),0.0002419 + 2.009*(cos(x2)*sin(x1)),generation budget reached
trig_product,spurious,0.1,300,4,9007,fedfalsify-v05,1.0,1.0,1.0,8.633180134680091e-05,0.009219178247483747,0.0,1.0,0.16005994400006784,151621,2,sin(x1)*cos(x2),0.002605 + 1.982·sin(x₁)cos(x₂),target federated MSE reached; no replacement passed the federated certificate
trig_product,spurious,0.1,300,4,9007,centralized-tree-gp,1.0,1.0,1.0,8.633180134680547e-05,0.009219178247483747,0.0,1.0,0.6822200460001113,0,1466,sin(x1)*cos(x2),0.002605 + 1.982*(cos(x2)*sin(x1)),generation budget reached
trig_product,spurious,0.1,300,4,9007,federated-tree-gp-style,1.0,1.0,1.0,8.633180134680091e-05,0.009219178247483747,0.0,1.0,0.8700957990001825,433984,1466,sin(x1)*cos(x2),0.002605 + 1.982*(cos(x2)*sin(x1)),generation budget reached
trig_product,spurious,0.1,300,4,9007,centralized-residual-counterexample-gp,1.0,1.0,1.0,8.633180134680547e-05,0.009219178247483747,0.0,1.0,1.1498458539999774,0,1470,sin(x1)*cos(x2),0.002605 + 1.982*(cos(x2)*sin(x1)),generation budget reached
trig_product,spurious,0.1,300,4,9008,fedfalsify-v05,1.0,1.0,1.0,2.965904874743219e-07,0.010007536415575983,0.0,1.0,0.2183379909999985,151678,2,sin(x1)*cos(x2),-0.0004848 + 2·sin(x₁)cos(x₂),target federated MSE reached; no replacement passed the federated certificate
trig_product,spurious,0.1,300,4,9008,centralized-tree-gp,1.0,1.0,1.0,2.9659048747442284e-07,0.010007536415575984,0.0,1.0,1.087902923999991,0,1448,sin(x1)*cos(x2),-0.0004848 + 2*(cos(x2)*sin(x1)),generation budget reached
trig_product,spurious,0.1,300,4,9008,federated-tree-gp-style,1.0,1.0,1.0,2.965904874743219e-07,0.010007536415575983,0.0,1.0,1.3913416880000113,425920,1448,sin(x1)*cos(x2),-0.0004848 + 2*(cos(x2)*sin(x1)),generation budget reached
trig_product,spurious,0.1,300,4,9008,centralized-residual-counterexample-gp,1.0,1.0,1.0,2.9659048747442284e-07,0.010007536415575984,0.0,1.0,1.0131908309999744,0,1448,sin(x1)*cos(x2),-0.0004848 + 2*(cos(x2)*sin(x1)),generation budget reached
trig_product,spurious,0.1,300,4,9009,fedfalsify-v05,1.0,1.0,1.0,1.7881928542912634e-05,0.009323373875298,0.0,1.0,0.16019226200000958,151813,2,sin(x1)*cos(x2),0.0004665 + 2.008·sin(x₁)cos(x₂),target federated MSE reached; no replacement passed the federated certificate
trig_product,spurious,0.1,300,4,9009,centralized-tree-gp,1.0,1.0,1.0,1.7881928542912634e-05,0.009323373875298,0.0,1.0,0.6857560000000831,0,1467,sin(x1)*cos(x2),0.0004665 + 2.008*(cos(x2)*sin(x1)),generation budget reached
trig_product,spurious,0.1,300,4,9009,federated-tree-gp-style,1.0,1.0,1.0,1.7881928542912634e-05,0.009323373875298,0.0,1.0,0.9237887570000112,429248,1467,sin(x1)*cos(x2),0.0004665 + 2.008*(cos(x2)*sin(x1)),generation budget reached
trig_product,spurious,0.1,300,4,9009,centralized-residual-counterexample-gp,1.0,1.0,1.0,1.7881928542912634e-05,0.009323373875298,0.0,1.0,0.7485537550001027,0,1467,sin(x1)*cos(x2),0.0004665 + 2.008*(cos(x2)*sin(x1)),generation budget reached
trig_product,spurious,0.1,300,4,9010,fedfalsify-v05,1.0,1.0,1.0,1.3277115418630997e-05,0.010169901357978298,0.0,1.0,0.17312006999986806,151558,2,sin(x1)*cos(x2),0.003724 + 2·sin(x₁)cos(x₂),target federated MSE reached; no replacement passed the federated certificate
trig_product,spurious,0.1,300,4,9010,centralized-tree-gp,1.0,1.0,1.0,1.3277115418631866e-05,0.0101699013579783,0.0,1.0,0.7344586609999624,0,1474,sin(x1)*cos(x2),0.003724 + 2*(cos(x2)*sin(x1)),generation budget reached
trig_product,spurious,0.1,300,4,9010,federated-tree-gp-style,1.0,1.0,1.0,1.3277115418630997e-05,0.010169901357978298,0.0,1.0,0.8692541689999871,442112,1474,sin(x1)*cos(x2),0.003724 + 2*(cos(x2)*sin(x1)),generation budget reached
trig_product,spurious,0.1,300,4,9010,centralized-residual-counterexample-gp,1.0,1.0,1.0,1.3277115418631866e-05,0.0101699013579783,0.0,1.0,0.7310379490002106,0,1473,sin(x1)*cos(x2),0.003724 + 2*(cos(x2)*sin(x1)),generation budget reached
trig_product,exception,0.03,300,4,9006,fedfalsify-v05,1.0,1.0,1.0,3.1620324708719686e-06,0.0023866900485230397,0.0,1.0,0.22535927300009462,187641,3,I(x3>1)*x3^2;sin(x1)*cos(x2),0.0012 + 0.7483·𝟙[x₃>1]·x₃² + 2.001·sin(x₁)cos(x₂),target federated MSE reached; no replacement passed the federated certificate
trig_product,exception,0.03,300,4,9006,centralized-tree-gp,0.0,0.5,0.5,0.0008702793720909496,0.0047991430744006225,0.0,1.0,0.885380658000031,0,1553,"I(x3>1)*x3^2;expr:sin(mul(cos(x2),sin(x1)))",0.001585 + 0.7476*I(x3>1)*((x3)^2) + 2.194*sin((cos(x2)*sin(x1))),generation budget reached
trig_product,exception,0.03,300,4,9006,federated-tree-gp-style,0.0,0.5,0.5,0.0008702793720909511,0.004799143074400624,0.0,1.0,1.0573400599998877,561856,1553,"I(x3>1)*x3^2;expr:sin(mul(cos(x2),sin(x1)))",0.001585 + 0.7476*I(x3>1)*((x3)^2) + 2.194*sin((cos(x2)*sin(x1))),generation budget reached
trig_product,exception,0.03,300,4,9006,centralized-residual-counterexample-gp,0.0,0.5,0.5,0.0008702793720909496,0.0047991430744006225,0.0,1.0,0.9078384839999671,0,1583,"I(x3>1)*x3^2;expr:sin(mul(cos(x2),sin(x1)))",0.001585 + 0.7476*I(x3>1)*((x3)^2) + 2.194*sin((cos(x2)*sin(x1))),generation budget reached
trig_product,exception,0.03,300,4,9007,fedfalsify-v05,1.0,1.0,1.0,1.652566767792897e-06,0.0022644209791293033,0.0,1.0,0.23382112800004506,187577,3,I(x3>1)*x3^2;sin(x1)*cos(x2),0.0005955 + 0.7505·𝟙[x₃>1]·x₃² + 2.003·sin(x₁)cos(x₂),target federated MSE reached; no replacement passed the federated certificate
trig_product,exception,0.03,300,4,9007,centralized-tree-gp,0.0,0.5,0.5,0.0008886388080978823,0.004171647495218629,0.0,1.0,0.7785625129999971,0,1521,"I(x3>1)*x3^2;expr:sin(mul(cos(x2),sin(x1)))",-5.26e-05 + 0.7512*I(x3>1)*((x3)^2) + 2.196*sin((cos(x2)*sin(x1))),generation budget reached
trig_product,exception,0.03,300,4,9007,federated-tree-gp-style,0.0,0.5,0.5,0.0008886388080978844,0.0041716474952186305,0.0,1.0,1.3410794440001155,547840,1521,"I(x3>1)*x3^2;expr:sin(mul(cos(x2),sin(x1)))",-5.26e-05 + 0.7512*I(x3>1)*((x3)^2) + 2.196*sin((cos(x2)*sin(x1))),generation budget reached
trig_product,exception,0.03,300,4,9007,centralized-residual-counterexample-gp,0.0,0.5,0.5,0.0008886388080978823,0.004171647495218629,0.0,1.0,1.3519285410000066,0,1534,"I(x3>1)*x3^2;expr:sin(mul(cos(x2),sin(x1)))",-5.26e-05 + 0.7512*I(x3>1)*((x3)^2) + 2.196*sin((cos(x2)*sin(x1))),generation budget reached
trig_product,exception,0.03,300,4,9008,fedfalsify-v05,1.0,1.0,1.0,2.1662142195989143e-06,0.0022852326630405225,0.0,1.0,0.3440796729998965,249047,3,I(x3>1)*x3^2;sin(x1)*cos(x2),-0.001767 + 0.7508·𝟙[x₃>1]·x₃² + 1.997·sin(x₁)cos(x₂),target federated MSE reached; no replacement passed the federated certificate
trig_product,exception,0.03,300,4,9008,centralized-tree-gp,0.0,0.0,0.0,0.00920492385134137,0.023150747455994203,0.0,0.0,1.3567814370001088,0,1556,"expr:add(square(x3),x3);expr:add(x3,x3);expr:mul(square(x3),x3);expr:sin(mul(cos(x2),sin(x1)))",-0.08007 + 0.389*((x3)^2+x3) - 0.09774*(x3+x3) + 0.1323*((x3)^2*x3) + 2.188*sin((cos(x2)*sin(x1))),generation budget reached
trig_product,exception,0.03,300,4,9008,federated-tree-gp-style,0.0,0.0,0.0,0.009204923851341364,0.023150747455994207,0.0,0.0,1.408343758000001,616448,1556,"expr:add(square(x3),x3);expr:add(x3,x3);expr:mul(square(x3),x3);expr:sin(mul(cos(x2),sin(x1)))",-0.08007 + 0.389*((x3)^2+x3) - 0.09774*(x3+x3) + 0.1323*((x3)^2*x3) + 2.188*sin((cos(x2)*sin(x1))),generation budget reached
trig_product,exception,0.03,300,4,9008,centralized-residual-counterexample-gp,0.0,0.0,0.0,0.013329486475106072,0.033984032675944596,0.0,0.0,0.9080806189999748,0,1571,"expr:add(square(x3),x3);expr:mul(square(x3),x3);expr:sin(mul(cos(x2),sin(x1)))",-0.03316 + 0.3717*((x3)^2+x3) + 0.09128*((x3)^2*x3) + 2.18*sin((cos(x2)*sin(x1))),generation budget reached
trig_product,exception,0.03,300,4,9009,fedfalsify-v05,1.0,1.0,1.0,4.109738470551444e-06,0.0022696026201782776,0.0,1.0,0.2720518880000782,218934,3,I(x3>1)*x3^2;sin(x1)*cos(x2),0.002256 + 0.7499·𝟙[x₃>1]·x₃² + 2.005·sin(x₁)cos(x₂),target federated MSE reached; no replacement passed the federated certificate
trig_product,exception,0.03,300,4,9009,centralized-tree-gp,0.0,0.5,0.5,0.0008908382748432412,0.004365294879075534,0.0,1.0,0.8140476639998724,0,1538,"I(x3>1)*x3^2;expr:sin(mul(cos(x2),sin(x1)))",0.000828 + 0.7505*I(x3>1)*((x3)^2) + 2.194*sin((cos(x2)*sin(x1))),generation budget reached
trig_product,exception,0.03,300,4,9009,federated-tree-gp-style,0.0,0.5,0.5,0.0008908382748432412,0.004365294879075533,0.0,1.0,1.0874299990000509,571712,1538,"I(x3>1)*x3^2;expr:sin(mul(cos(x2),sin(x1)))",0.000828 + 0.7505*I(x3>1)*((x3)^2) + 2.194*sin((cos(x2)*sin(x1))),generation budget reached
trig_product,exception,0.03,300,4,9009,centralized-residual-counterexample-gp,0.0,0.5,0.5,0.0008908382748432412,0.004365294879075534,0.0,1.0,0.8763051429998541,0,1532,"I(x3>1)*x3^2;expr:sin(mul(cos(x2),sin(x1)))",0.000828 + 0.7505*I(x3>1)*((x3)^2) + 2.194*sin((cos(x2)*sin(x1))),generation budget reached
trig_product,exception,0.03,300,4,9010,fedfalsify-v05,1.0,1.0,1.0,1.3909793679471384e-06,0.002333070865161273,0.0,1.0,0.23367451599983724,187654,3,I(x3>1)*x3^2;sin(x1)*cos(x2),0.001614 + 0.7491·𝟙[x₃>1]·x₃² + 2.002·sin(x₁)cos(x₂),target federated MSE reached; no replacement passed the federated certificate
trig_product,exception,0.03,300,4,9010,centralized-tree-gp,0.0,0.0,0.0,0.012319475431998857,0.030206635411701016,0.0,0.0,0.876567729999806,0,1570,"expr:add(square(x3),x3);expr:sin(mul(cos(x2),sin(x1)));expr:square(add(square(x3),x3));expr:square(mul(cos(x3),square(x3)))",-0.04747 + 0.1039*((x3)^2+x3) + 2.191*sin((cos(x2)*sin(x1))) + 0.07543*(((x3)^2+x3))^2 - 0.08158*((cos(x3)*(x3)^2))^2,generation budget reached
trig_product,exception,0.03,300,4,9010,federated-tree-gp-style,0.0,0.0,0.0,0.01231947543199883,0.030206635411701016,0.0,0.0,1.1819843749999563,615744,1570,"expr:add(square(x3),x3);expr:sin(mul(cos(x2),sin(x1)));expr:square(add(square(x3),x3));expr:square(mul(cos(x3),square(x3)))",-0.04747 + 0.1039*((x3)^2+x3) + 2.191*sin((cos(x2)*sin(x1))) + 0.07543*(((x3)^2+x3))^2 - 0.08158*((cos(x3)*(x3)^2))^2,generation budget reached
trig_product,exception,0.03,300,4,9010,centralized-residual-counterexample-gp,0.0,0.0,0.0,0.020288202635456307,0.050551228449487964,0.0,0.0,0.9771582719999969,0,1592,"expr:add(sin(x3),sin(x3));expr:cos(add(x3,x3));expr:sin(mul(cos(x2),sin(x1)));expr:square(add(square(x3),x3))",0.07545 + 0.1755*(sin(x3)+sin(x3)) - 0.218*cos((x3+x3)) + 2.194*sin((cos(x2)*sin(x1))) + 0.06294*(((x3)^2+x3))^2,generation budget reached
trig_product,exception,0.1,300,4,9006,fedfalsify-v05,1.0,1.0,1.0,3.513369417215114e-05,0.026518778316922655,0.0,1.0,0.22549373399988326,187067,3,I(x3>1)*x3^2;sin(x1)*cos(x2),0.004 + 0.7444·𝟙[x₃>1]·x₃² + 2.003·sin(x₁)cos(x₂),target federated MSE reached; no replacement passed the federated certificate
trig_product,exception,0.1,300,4,9006,centralized-tree-gp,1.0,1.0,1.0,3.513369417214771e-05,0.026518778316922658,0.0,1.0,0.8353112560000682,0,1557,I(x3>1)*x3^2;sin(x1)*cos(x2),0.004 + 0.7444*I(x3>1)*((x3)^2) + 2.003*(cos(x2)*sin(x1)),generation budget reached
trig_product,exception,0.1,300,4,9006,federated-tree-gp-style,1.0,1.0,1.0,3.513369417215116e-05,0.02651877831692266,0.0,1.0,1.1638489849999587,577792,1557,I(x3>1)*x3^2;sin(x1)*cos(x2),0.004 + 0.7444*I(x3>1)*((x3)^2) + 2.003*(cos(x2)*sin(x1)),generation budget reached
trig_product,exception,0.1,300,4,9006,centralized-residual-counterexample-gp,1.0,1.0,1.0,3.513369417214771e-05,0.026518778316922658,0.0,1.0,1.3701913620000141,0,1526,I(x3>1)*x3^2;sin(x1)*cos(x2),0.004 + 0.7444*I(x3>1)*((x3)^2) + 2.003*(cos(x2)*sin(x1)),generation budget reached
trig_product,exception,0.1,300,4,9007,fedfalsify-v05,1.0,1.0,1.0,1.8361853295286e-05,0.025160233101436707,0.0,1.0,0.30784367499995824,186985,3,I(x3>1)*x3^2;sin(x1)*cos(x2),0.001985 + 0.7517·𝟙[x₃>1]·x₃² + 2.01·sin(x₁)cos(x₂),target federated MSE reached; no replacement passed the federated certificate
trig_product,exception,0.1,300,4,9007,centralized-tree-gp,0.0,0.5,0.5,0.0009097140565989459,0.02644272942267743,0.0,1.0,1.3205505920000178,0,1537,"I(x3>1)*x3^2;expr:sin(mul(cos(x2),sin(x1)))",0.001339 + 0.7524*I(x3>1)*((x3)^2) + 2.205*sin((cos(x2)*sin(x1))),generation budget reached
trig_product,exception,0.1,300,4,9007,federated-tree-gp-style,0.0,0.5,0.5,0.0009097140565989485,0.02644272942267743,0.0,1.0,1.7404855089998819,569728,1537,"I(x3>1)*x3^2;expr:sin(mul(cos(x2),sin(x1)))",0.001339 + 0.7524*I(x3>1)*((x3)^2) + 2.205*sin((cos(x2)*sin(x1))),generation budget reached
trig_product,exception,0.1,300,4,9007,centralized-residual-counterexample-gp,0.0,0.5,0.5,0.0009097140565989459,0.02644272942267743,0.0,1.0,0.8630356109999866,0,1516,"I(x3>1)*x3^2;expr:sin(mul(cos(x2),sin(x1)))",0.001339 + 0.7524*I(x3>1)*((x3)^2) + 2.205*sin((cos(x2)*sin(x1))),generation budget reached
trig_product,exception,0.1,300,4,9008,fedfalsify-v05,1.0,1.0,1.0,2.406904658169066e-05,0.025391474033783588,0.0,1.0,0.27048791299989716,248434,3,I(x3>1)*x3^2;sin(x1)*cos(x2),-0.00589 + 0.7528·𝟙[x₃>1]·x₃² + 1.989·sin(x₁)cos(x₂),target federated MSE reached; no replacement passed the federated certificate
trig_product,exception,0.1,300,4,9008,centralized-tree-gp,0.0,0.25,0.5,0.0809245763532598,0.12295575078897832,0.0,1.0,0.8610119380000469,0,1572,"I(x3>1)*x3^2;expr:mul(cos(x2),x1);expr:square(add(cos(x2),sin(x1)));expr:square(add(cos(x2),x1))",-0.3688 + 0.756*I(x3>1)*((x3)^2) + 0.6331*(cos(x2)*x1) + 0.4772*((cos(x2)+sin(x1)))^2 - 0.05695*((cos(x2)+x1))^2,generation budget reached
trig_product,exception,0.1,300,4,9008,federated-tree-gp-style,0.0,0.25,0.5,0.08092457635325943,0.12295575078897832,0.0,1.0,1.1177764110000226,605632,1572,"I(x3>1)*x3^2;expr:mul(cos(x2),x1);expr:square(add(cos(x2),sin(x1)));expr:square(add(cos(x2),x1))",-0.3688 + 0.756*I(x3>1)*((x3)^2) + 0.6331*(cos(x2)*x1) + 0.4772*((cos(x2)+sin(x1)))^2 - 0.05695*((cos(x2)+x1))^2,generation budget reached
trig_product,exception,0.1,300,4,9008,centralized-residual-counterexample-gp,0.0,0.25,0.5,0.06201669712391029,0.12118792757627835,0.0,1.0,0.9232761620000929,0,1563,"I(x3>1)*x3^2;expr:cos(add(cos(x3),square(x1)));expr:mul(cos(x2),x1);expr:square(add(cos(x2),sin(x1)))",-0.5677 + 0.1908*cos((cos(x3)+(x1)^2)) + 0.7385*I(x3>1)*((x3)^2) + 0.4703*(cos(x2)*x1) + 0.5214*((cos(x2)+sin(x1)))^2,generation budget reached
trig_product,exception,0.1,300,4,9009,fedfalsify-v05,1.0,1.0,1.0,4.5663761312988874e-05,0.025217806890869752,0.0,1.0,0.2696618809998199,248430,3,I(x3>1)*x3^2;sin(x1)*cos(x2),0.007521 + 0.7497·𝟙[x₃>1]·x₃² + 2.017·sin(x₁)cos(x₂),target federated MSE reached; no replacement passed the federated certificate
trig_product,exception,0.1,300,4,9009,centralized-tree-gp,1.0,1.0,1.0,4.566376131299502e-05,0.025217806890869752,0.0,1.0,0.8702820940000038,0,1558,I(x3>1)*x3^2;sin(x1)*cos(x2),0.007521 + 0.7497*I(x3>1)*((x3)^2) + 2.017*(cos(x2)*sin(x1)),generation budget reached
trig_product,exception,0.1,300,4,9009,federated-tree-gp-style,1.0,1.0,1.0,4.5663761312988935e-05,0.025217806890869752,0.0,1.0,1.1015307129998746,589376,1558,I(x3>1)*x3^2;sin(x1)*cos(x2),0.007521 + 0.7497*I(x3>1)*((x3)^2) + 2.017*(cos(x2)*sin(x1)),generation budget reached
trig_product,exception,0.1,300,4,9009,centralized-residual-counterexample-gp,1.0,1.0,1.0,4.566376131299502e-05,0.025217806890869752,0.0,1.0,0.9040445069999805,0,1555,I(x3>1)*x3^2;sin(x1)*cos(x2),0.007521 + 0.7497*I(x3>1)*((x3)^2) + 2.017*(cos(x2)*sin(x1)),generation budget reached
trig_product,exception,0.1,300,4,9010,fedfalsify-v05,1.0,1.0,1.0,1.5455326481312546e-05,0.025923009612903038,0.0,1.0,0.2290855730000203,186842,3,I(x3>1)*x3^2;sin(x1)*cos(x2),0.005379 + 0.7471·𝟙[x₃>1]·x₃² + 2.006·sin(x₁)cos(x₂),target federated MSE reached; no replacement passed the federated certificate
trig_product,exception,0.1,300,4,9010,centralized-tree-gp,1.0,1.0,1.0,1.5455326481315917e-05,0.025923009612903034,0.0,1.0,0.9360141419999763,0,1615,I(x3>1)*x3^2;sin(x1)*cos(x2),0.005379 + 0.7471*I(x3>1)*((x3)^2) + 2.006*(cos(x2)*sin(x1)),generation budget reached
trig_product,exception,0.1,300,4,9010,federated-tree-gp-style,1.0,1.0,1.0,1.545532648131261e-05,0.025923009612903034,0.0,1.0,1.2540195459998813,656896,1615,I(x3>1)*x3^2;sin(x1)*cos(x2),0.005379 + 0.7471*I(x3>1)*((x3)^2) + 2.006*(cos(x2)*sin(x1)),generation budget reached
trig_product,exception,0.1,300,4,9010,centralized-residual-counterexample-gp,1.0,1.0,1.0,1.5455326481315917e-05,0.025923009612903034,0.0,1.0,1.5133400070001244,0,1603,I(x3>1)*x3^2;sin(x1)*cos(x2),0.005379 + 0.7471*I(x3>1)*((x3)^2) + 2.006*(cos(x2)*sin(x1)),generation budget reached
interaction,complementary,0.03,300,4,9006,fedfalsify-v05,1.0,1.0,1.0,3.3583047404910643e-06,0.004443291624864215,0.0,1.0,0.27047497599983217,180492,3,x1*x2;x3^2,0.001069 + 1.002·x₁x₂ + 0.4986·x₃²,target federated MSE reached; no replacement passed the federated certificate
interaction,complementary,0.03,300,4,9006,centralized-tree-gp,1.0,1.0,1.0,3.3583047404918567e-06,0.004443291624864217,0.0,1.0,1.388828445999934,0,1564,x1*x2;x3^2,0.001069 + 1.002*(x1*x2) + 0.4986*(x3)^2,generation budget reached
interaction,complementary,0.03,300,4,9006,federated-tree-gp-style,1.0,1.0,1.0,3.358304740491041e-06,0.004443291624864217,0.0,1.0,1.7436293750001823,575808,1564,x1*x2;x3^2,0.001069 + 1.002*(x1*x2) + 0.4986*(x3)^2,generation budget reached
interaction,complementary,0.03,300,4,9006,centralized-residual-counterexample-gp,0.0,0.3333333333333333,0.5,0.0005022430405555294,0.007006660281520766,0.0,1.0,0.9465611369998896,0,1594,"expr:mul(square(x3),square(x3));expr:sin(mul(cos(x3),cos(x3)));x1*x2",0.7071 + 0.08382*((x3)^2*(x3)^2) + 1.001*(x1*x2) - 0.8591*sin((cos(x3)*cos(x3))),generation budget reached
interaction,complementary,0.03,300,4,9007,fedfalsify-v05,1.0,1.0,1.0,4.133589541058065e-06,0.0037840606179055875,0.0,1.0,0.20428684100011196,180396,3,x1*x2;x3^2,-0.00122 + 0.9986·x₁x₂ + 0.5021·x₃²,target federated MSE reached; no replacement passed the federated certificate
interaction,complementary,0.03,300,4,9007,centralized-tree-gp,1.0,1.0,1.0,4.133589541063888e-06,0.0037840606179055884,0.0,1.0,0.8119286210001064,0,1561,x1*x2;x3^2,-0.00122 + 0.9986*(x1*x2) + 0.5021*(x3*x3),generation budget reached
interaction,complementary,0.03,300,4,9007,federated-tree-gp-style,1.0,1.0,1.0,4.133589541058088e-06,0.0037840606179055875,0.0,1.0,1.0512076069999239,600000,1561,x1*x2;x3^2,-0.00122 + 0.9986*(x1*x2) + 0.5021*(x3*x3),generation budget reached
interaction,complementary,0.03,300,4,9007,centralized-residual-counterexample-gp,1.0,1.0,1.0,4.133589541063888e-06,0.0037840606179055884,0.0,1.0,0.8325522909999563,0,1538,x1*x2;x3^2,-0.00122 + 0.9986*(x1*x2) + 0.5021*(x3*x3),generation budget reached
interaction,complementary,0.03,300,4,9008,fedfalsify-v05,1.0,1.0,1.0,1.2783884116218777e-06,0.00395584011480443,0.0,1.0,0.26192073400011395,271091,3,x1*x2;x3^2,0.0006874 + 0.9996·x₁x₂ + 0.4986·x₃²,target federated MSE reached; no replacement passed the federated certificate
interaction,complementary,0.03,300,4,9008,centralized-tree-gp,1.0,1.0,1.0,1.278388411620341e-06,0.003955840114804431,0.0,1.0,0.7192493749998903,0,1479,x1*x2;x3^2,0.0006874 + 0.9996*(x1*x2) + 0.4986*(x3*x3),generation budget reached
interaction,complementary,0.03,300,4,9008,federated-tree-gp-style,1.0,1.0,1.0,1.2783884116219036e-06,0.00395584011480443,0.0,1.0,0.9042500630000632,498048,1479,x1*x2;x3^2,0.0006874 + 0.9996*(x1*x2) + 0.4986*(x3*x3),generation budget reached
interaction,complementary,0.03,300,4,9008,centralized-residual-counterexample-gp,1.0,1.0,1.0,1.278388411620341e-06,0.003955840114804431,0.0,1.0,0.8127011510000557,0,1542,x1*x2;x3^2,0.0006874 + 0.9996*(x1*x2) + 0.4986*(x3*x3),generation budget reached
interaction,complementary,0.03,300,4,9009,fedfalsify-v05,1.0,1.0,1.0,8.044605248662837e-06,0.0039033381085333786,0.0,1.0,0.20406636100005926,180267,3,x1*x2;x3^2,0.001303 + 1.003·x₁x₂ + 0.5·x₃²,target federated MSE reached; no replacement passed the federated certificate
interaction,complementary,0.03,300,4,9009,centralized-tree-gp,0.0,0.25,0.5,0.0006304191317082688,0.008538489880271593,0.0,1.0,0.8905354900000475,0,1587,"expr:cos(add(sin(x3),x3));expr:sin(add(x1,x1));expr:square(add(square(x3),square(x3)));x1*x2",0.3883 - 0.4604*cos((sin(x3)+x3)) + 1.004*(x1*x2) + 0.002503*sin((x1+x1)) + 0.01645*(((x3)^2+(x3)^2))^2,generation budget reached
interaction,complementary,0.03,300,4,9009,federated-tree-gp-style,0.0,0.25,0.5,0.0006304191317082863,0.008538489880271592,0.0,1.0,1.1548869089999698,616576,1587,"expr:cos(add(sin(x3),x3));expr:sin(add(x1,x1));expr:square(add(square(x3),square(x3)));x1*x2",0.3883 - 0.4604*cos((sin(x3)+x3)) + 1.004*(x1*x2) + 0.002503*sin((x1+x1)) + 0.01645*(((x3)^2+(x3)^2))^2,generation budget reached
interaction,complementary,0.03,300,4,9009,centralized-residual-counterexample-gp,0.0,0.25,0.5,0.002252207123880066,0.01768826881929194,0.0,1.0,0.9487905709997904,0,1593,"expr:cos(add(sin(x3),x3));expr:square(add(cos(x2),square(x3)));expr:square(add(square(x2),square(x3)));x1*x2",0.2973 - 0.448*cos((sin(x3)+x3)) + 0.9967*(x1*x2) + 0.05056*((cos(x2)+(x3)^2))^2 + 0.004909*(((x2)^2+(x3)^2))^2,generation budget reached
interaction,complementary,0.03,300,4,9010,fedfalsify-v05,1.0,1.0,1.0,1.3007865831989111e-06,0.004053668920734097,0.0,1.0,0.20558709000010822,180395,3,x1*x2;x3^2,0.003774 + 0.9993·x₁x₂ + 0.4984·x₃²,target federated MSE reached; no replacement passed the federated certificate
interaction,complementary,0.03,300,4,9010,centralized-tree-gp,1.0,1.0,1.0,1.3007865831973329e-06,0.004053668920734097,0.0,1.0,1.1922565209999902,0,1499,x1*x2;x3^2,0.003774 + 0.9993*(x1*x2) + 0.4984*(x3*x3),generation budget reached
interaction,complementary,0.03,300,4,9010,federated-tree-gp-style,1.0,1.0,1.0,1.3007865831989213e-06,0.004053668920734097,0.0,1.0,1.5575010570000813,515968,1499,x1*x2;x3^2,0.003774 + 0.9993*(x1*x2) + 0.4984*(x3*x3),generation budget reached
interaction,complementary,0.03,300,4,9010,centralized-residual-counterexample-gp,1.0,1.0,1.0,1.3007865831973329e-06,0.004053668920734097,0.0,1.0,1.3175115380001898,0,1530,x1*x2;x3^2,0.003774 + 0.9993*(x1*x2) + 0.4984*(x3*x3),generation budget reached
interaction,complementary,0.1,300,4,9006,fedfalsify-v05,1.0,1.0,1.0,3.73144971470001e-05,0.04936990694293575,0.0,1.0,0.29451844899995194,179949,3,x1*x2;x3^2,0.003564 + 1.005·x₁x₂ + 0.4953·x₃²,target federated MSE reached; no replacement passed the federated certificate
interaction,complementary,0.1,300,4,9006,centralized-tree-gp,1.0,1.0,1.0,3.731449714700705e-05,0.04936990694293575,0.0,1.0,0.9788463560000764,0,1522,x1*x2;x3^2,0.003564 + 1.005*(x1*x2) + 0.4953*(x3)^2,generation budget reached
interaction,complementary,0.1,300,4,9006,federated-tree-gp-style,1.0,1.0,1.0,3.731449714700008e-05,0.04936990694293574,0.0,1.0,0.974161969999841,529280,1522,x1*x2;x3^2,0.003564 + 1.005*(x1*x2) + 0.4953*(x3)^2,generation budget reached
interaction,complementary,0.1,300,4,9006,centralized-residual-counterexample-gp,1.0,1.0,1.0,3.731449714700705e-05,0.04936990694293575,0.0,1.0,0.8392962309999348,0,1523,x1*x2;x3^2,0.003564 + 1.005*(x1*x2) + 0.4953*(x3)^2,generation budget reached
interaction,complementary,0.1,300,4,9007,fedfalsify-v05,1.0,1.0,1.0,4.592877265449994e-05,0.04204511797672878,0.0,1.0,0.20397679000006974,179907,3,x1*x2;x3^2,-0.004066 + 0.9954·x₁x₂ + 0.507·x₃²,target federated MSE reached; no replacement passed the federated certificate
interaction,complementary,0.1,300,4,9007,centralized-tree-gp,1.0,1.0,1.0,4.5928772654504096e-05,0.042045117976728774,0.0,1.0,0.8548397269998986,0,1584,x1*x2;x3^2,-0.004066 + 0.9954*(x1*x2) + 0.507*(x3*x3),generation budget reached
interaction,complementary,0.1,300,4,9007,federated-tree-gp-style,1.0,1.0,1.0,4.592877265449999e-05,0.04204511797672878,0.0,1.0,1.1231068499998855,621184,1584,x1*x2;x3^2,-0.004066 + 0.9954*(x1*x2) + 0.507*(x3*x3),generation budget reached
interaction,complementary,0.1,300,4,9007,centralized-residual-counterexample-gp,1.0,1.0,1.0,4.5928772654504096e-05,0.042045117976728774,0.0,1.0,0.8831373429998166,0,1585,x1*x2;x3^2,-0.004066 + 0.9954*(x1*x2) + 0.507*(x3*x3),generation budget reached
interaction,complementary,0.1,300,4,9008,fedfalsify-v05,1.0,1.0,1.0,1.4204315657809141e-05,0.04395377905338258,0.0,1.0,0.26325250900003994,270446,3,x1*x2;x3^2,0.002291 + 0.9988·x₁x₂ + 0.4954·x₃²,target federated MSE reached; no replacement passed the federated certificate
interaction,complementary,0.1,300,4,9008,centralized-tree-gp,1.0,1.0,1.0,1.4204315657803027e-05,0.04395377905338259,0.0,1.0,0.7448845650001203,0,1492,x1*x2;x3^2,0.002291 + 0.9988*(x1*x2) + 0.4954*(x3*x3),generation budget reached
interaction,complementary,0.1,300,4,9008,federated-tree-gp-style,1.0,1.0,1.0,1.4204315657809133e-05,0.04395377905338259,0.0,1.0,0.9628420720000577,511360,1492,x1*x2;x3^2,0.002291 + 0.9988*(x1*x2) + 0.4954*(x3*x3),generation budget reached
interaction,complementary,0.1,300,4,9008,centralized-residual-counterexample-gp,1.0,1.0,1.0,1.4204315657803027e-05,0.04395377905338259,0.0,1.0,0.7861288690000947,0,1485,x1*x2;x3^2,0.002291 + 0.9988*(x1*x2) + 0.4954*(x3*x3),generation budget reached
interaction,complementary,0.1,300,4,9009,fedfalsify-v05,1.0,1.0,1.0,8.938450285210629e-05,0.043370423428148674,0.0,1.0,0.20008669399999235,179778,3,x1*x2;x3^2,0.004343 + 1.01·x₁x₂ + 0.5·x₃²,target federated MSE reached; no replacement passed the federated certificate
interaction,complementary,0.1,300,4,9009,centralized-tree-gp,0.0,0.25,0.5,0.0003231482797177288,0.04435830232533316,0.0,1.0,0.8721903689997816,0,1570,"expr:cos(mul(cos(x3),x3));expr:square(add(cos(x3),cos(x3)));expr:square(add(cos(x3),square(x3)));x1*x2",-0.1879 + 0.6022*cos((cos(x3)*x3)) + 1.01*(x1*x2) - 0.1349*((cos(x3)+cos(x3)))^2 + 0.14*((cos(x3)+(x3)^2))^2,generation budget reached
interaction,complementary,0.1,300,4,9009,federated-tree-gp-style,0.0,0.25,0.5,0.00032314827971777226,0.04435830232533315,0.0,1.0,1.4262626589998035,604608,1570,"expr:cos(mul(cos(x3),x3));expr:square(add(cos(x3),cos(x3)));expr:square(add(cos(x3),square(x3)));x1*x2",-0.1879 + 0.6022*cos((cos(x3)*x3)) + 1.01*(x1*x2) - 0.1349*((cos(x3)+cos(x3)))^2 + 0.14*((cos(x3)+(x3)^2))^2,generation budget reached
interaction,complementary,0.1,300,4,9009,centralized-residual-counterexample-gp,0.0,0.3333333333333333,0.5,0.003369414475656789,0.08053833148814246,0.0,1.0,1.5122338660000878,0,1617,"expr:cos(add(cos(x3),cos(x3)));expr:cos(add(sin(x3),x3));x1*x2",1.005 - 1.632*cos((cos(x3)+cos(x3))) - 1.994*cos((sin(x3)+x3)) + 1.014*(x1*x2),generation budget reached
interaction,complementary,0.1,300,4,9010,fedfalsify-v05,1.0,1.0,1.0,1.4453184220092023e-05,0.045040765785934425,0.0,1.0,0.26396949500008304,179729,3,x1*x2;x3^2,0.01258 + 0.9977·x₁x₂ + 0.4948·x₃²,target federated MSE reached; no replacement passed the federated certificate
interaction,complementary,0.1,300,4,9010,centralized-tree-gp,0.0,0.25,0.5,0.0005409926236412738,0.04764323720253298,0.0,1.0,1.3892257850000078,0,1574,"expr:add(sin(x1),square(x3));expr:cos(add(x3,x3));expr:square(mul(x3,x3));x1*x2",0.3257 + 0.008236*(sin(x1)+(x3)^2) - 0.3667*cos((x3+x3)) + 0.9977*(x1*x2) + 0.08121*((x3*x3))^2,generation budget reached
interaction,complementary,0.1,300,4,9010,federated-tree-gp-style,0.0,0.25,0.5,0.0005409926236412486,0.04764323720253299,0.0,1.0,1.439066645000139,617024,1574,"expr:add(sin(x1),square(x3));expr:cos(add(x3,x3));expr:square(mul(x3,x3));x1*x2",0.3257 + 0.008236*(sin(x1)+(x3)^2) - 0.3667*cos((x3+x3)) + 0.9977*(x1*x2) + 0.08121*((x3*x3))^2,generation budget reached
interaction,complementary,0.1,300,4,9010,centralized-residual-counterexample-gp,1.0,1.0,1.0,1.4453184220093258e-05,0.04504076578593442,0.0,1.0,0.7980234030001156,0,1510,x1*x2;x3^2,0.01258 + 0.9977*(x1*x2) + 0.4948*(x3*x3),generation budget reached
interaction,spurious,0.03,300,4,9006,fedfalsify-v05,1.0,1.0,1.0,2.7991082125713976e-06,0.004243682518033546,0.0,1.0,0.21538241500002187,180075,3,x1*x2;x3^2,-0.003966 + 1.001·x₁x₂ + 0.5025·x₃²,target federated MSE reached; no replacement passed the federated certificate
interaction,spurious,0.03,300,4,9006,centralized-tree-gp,1.0,1.0,1.0,2.7991082125697713e-06,0.004243682518033547,0.0,1.0,0.7267294460000358,0,1500,x1*x2;x3^2,-0.003966 + 1.001*(x1*x2) + 0.5025*(x3*x3),generation budget reached
interaction,spurious,0.03,300,4,9006,federated-tree-gp-style,1.0,1.0,1.0,2.7991082125714298e-06,0.004243682518033546,0.0,1.0,0.9514041679999536,509760,1500,x1*x2;x3^2,-0.003966 + 1.001*(x1*x2) + 0.5025*(x3*x3),generation budget reached
interaction,spurious,0.03,300,4,9006,centralized-residual-counterexample-gp,1.0,1.0,1.0,2.7991082125697713e-06,0.004243682518033547,0.0,1.0,0.7828037849999419,0,1491,x1*x2;x3^2,-0.003966 + 1.001*(x1*x2) + 0.5025*(x3*x3),generation budget reached
interaction,spurious,0.03,300,4,9007,fedfalsify-v05,1.0,1.0,1.0,4.6786421410547794e-07,0.0037818128483565485,0.0,1.0,0.32088815800011616,329228,3,x1*x2;x3^2,0.0032 + 1·x₁x₂ + 0.4991·x₃²,target federated MSE reached; no replacement passed the federated certificate
interaction,spurious,0.03,300,4,9007,centralized-tree-gp,0.0,0.5,0.5,3.094532680461218e-06,0.0037715718428954054,0.0,1.0,0.9974327659999744,0,1629,"expr:square(add(x3,x3));x1*x2",0.002897 + 1*(x1*x2) - 0.0004983*(((x3)^2+x1))^2 + 0.1253*((x3+x3))^2,generation budget reached
interaction,spurious,0.03,300,4,9007,federated-tree-gp-style,0.0,0.5,0.5,3.094532680461223e-06,0.003771571842895405,0.0,1.0,1.2295645049998711,680384,1629,"expr:square(add(x3,x3));x1*x2",0.002897 + 1*(x1*x2) - 0.0004983*(((x3)^2+x1))^2 + 0.1253*((x3+x3))^2,generation budget reached
interaction,spurious,0.03,300,4,9007,centralized-residual-counterexample-gp,0.0,0.5,0.5,4.67864213283959e-07,0.0037818128483565502,0.0,1.0,0.9312032650000219,0,1581,"expr:square(add(x3,x3));x1*x2",0.0032 + 1*(x1*x2) + 0.1248*((x3+x3))^2,generation budget reached
interaction,spurious,0.03,300,4,9008,fedfalsify-v05,1.0,1.0,1.0,2.090267170099815e-07,0.003989198851834444,0.0,1.0,0.22754998699997486,180404,3,x1*x2;x3^2,-0.001306 + 1·x₁x₂ + 0.5006·x₃²,target federated MSE reached; no replacement passed the federated certificate
interaction,spurious,0.03,300,4,9008,centralized-tree-gp,1.0,1.0,1.0,2.0902671701107444e-07,0.003989198851834443,0.0,1.0,0.6937484979998771,0,1447,x1*x2;x3^2,-0.001306 + 1*(x1*x2) + 0.5006*(x3)^2,generation budget reached
interaction,spurious,0.03,300,4,9008,federated-tree-gp-style,1.0,1.0,1.0,2.090267170099932e-07,0.003989198851834444,0.0,1.0,0.9193216160001612,474688,1447,x1*x2;x3^2,-0.001306 + 1*(x1*x2) + 0.5006*(x3)^2,generation budget reached
interaction,spurious,0.03,300,4,9008,centralized-residual-counterexample-gp,1.0,1.0,1.0,2.0902671701107444e-07,0.003989198851834443,0.0,1.0,0.9359121130000858,0,1447,x1*x2;x3^2,-0.001306 + 1*(x1*x2) + 0.5006*(x3)^2,generation budget reached
interaction,spurious,0.03,300,4,9009,fedfalsify-v05,1.0,1.0,1.0,1.5924144067087598e-07,0.003997012891763965,0.0,1.0,0.25665228200000456,180283,3,x1*x2;x3^2,0.0007928 + 1·x₁x₂ + 0.4995·x₃²,target federated MSE reached; no replacement passed the federated certificate
interaction,spurious,0.03,300,4,9009,centralized-tree-gp,0.0,0.3333333333333333,0.5,1.5432993353363335e-07,0.00399701078306142,0.0,1.0,1.3583796649998021,0,1571,"expr:add(square(x1),square(x3));x1*x2;x1^2",0.0007513 + 0.4995*((x1)^2+(x3)^2) - 0.4995*(x1*x1) + 1*(x1*x2),generation budget reached
interaction,spurious,0.03,300,4,9009,federated-tree-gp-style,0.0,0.3333333333333333,0.5,1.5432993353465607e-07,0.0039970107830614235,0.0,1.0,1.7505793970001378,597248,1571,"expr:add(square(x1),square(x3));x1*x2;x1^2",0.0007513 + 0.4995*((x1)^2+(x3)^2) - 0.4995*(x1*x1) + 1*(x1*x2),generation budget reached
interaction,spurious,0.03,300,4,9009,centralized-residual-counterexample-gp,0.0,0.3333333333333333,0.5,0.0007743787326649941,0.01247908251754699,0.0,1.0,1.289138137000009,0,1568,"expr:cos(mul(sin(x3),square(x3)));expr:square(add(square(x3),square(x3)));x1*x2",0.5975 - 0.4423*cos((sin(x3)*(x3)^2)) + 1.002*(x1*x2) + 0.01498*(((x3)^2+(x3)^2))^2,generation budget reached
interaction,spurious,0.03,300,4,9010,fedfalsify-v05,1.0,1.0,1.0,4.78315267718446e-07,0.003983339019871985,0.0,1.0,0.23705854199988607,180634,3,x1*x2;x3^2,0.003079 + 0.9999·x₁x₂ + 0.4995·x₃²,target federated MSE reached; no replacement passed the federated certificate
interaction,spurious,0.03,300,4,9010,centralized-tree-gp,1.0,1.0,1.0,4.783152677188903e-07,0.003983339019871987,0.0,1.0,0.7890511900000092,0,1496,x1*x2;x3^2,0.003079 + 0.9999*(x1*x2) + 0.4995*(x3*x3),generation budget reached
interaction,spurious,0.03,300,4,9010,federated-tree-gp-style,1.0,1.0,1.0,4.783152677184457e-07,0.003983339019871985,0.0,1.0,0.9546819920001326,519936,1496,x1*x2;x3^2,0.003079 + 0.9999*(x1*x2) + 0.4995*(x3*x3),generation budget reached
interaction,spurious,0.03,300,4,9010,centralized-residual-counterexample-gp,1.0,1.0,1.0,4.783152677188903e-07,0.003983339019871987,0.0,1.0,0.7729814040001202,0,1491,x1*x2;x3^2,0.003079 + 0.9999*(x1*x2) + 0.4995*(x3*x3),generation budget reached
interaction,spurious,0.1,300,4,9006,fedfalsify-v05,1.0,1.0,1.0,3.1101202403581226e-05,0.047152027978150504,0.0,1.0,0.20964556900003117,179435,3,x1*x2;x3^2,-0.01322 + 1.002·x₁x₂ + 0.5084·x₃²,target federated MSE reached; no replacement passed the federated certificate
interaction,spurious,0.1,300,4,9006,centralized-tree-gp,0.0,0.25,0.5,0.0009776258187417064,0.05417284627344961,1.0,1.0,0.8743619069998658,0,1590,"expr:cos(mul(cos(x3),cos(x3)));expr:cos(mul(cos(x4),square(x3)));expr:square(mul(x3,x3));x1*x2",-0.639 + 1.288*cos((cos(x3)*cos(x3))) - 0.14*cos((cos(x4)*(x3)^2)) + 1.005*(x1*x2) + 0.07877*((x3*x3))^2,generation budget reached
interaction,spurious,0.1,300,4,9006,federated-tree-gp-style,0.0,0.25,0.5,0.000977625818741677,0.0541728462734496,1.0,1.0,1.0774494049999248,616640,1590,"expr:cos(mul(cos(x3),cos(x3)));expr:cos(mul(cos(x4),square(x3)));expr:square(mul(x3,x3));x1*x2",-0.639 + 1.288*cos((cos(x3)*cos(x3))) - 0.14*cos((cos(x4)*(x3)^2)) + 1.005*(x1*x2) + 0.07877*((x3*x3))^2,generation budget reached
interaction,spurious,0.1,300,4,9006,centralized-residual-counterexample-gp,0.0,0.25,0.5,0.0006118592620058469,0.05510076594498879,1.0,1.0,0.8522927110000182,0,1558,"expr:cos(mul(cos(x4),square(x3)));expr:cos(mul(x3,x3));expr:square(mul(x3,x3));x1*x2",0.4948 - 0.002689*cos((cos(x4)*(x3)^2)) - 0.3665*cos((x3*x3)) + 1.001*(x1*x2) + 0.08176*((x3*x3))^2,generation budget reached
interaction,spurious,0.1,300,4,9007,fedfalsify-v05,1.0,1.0,1.0,5.198491264964826e-06,0.04202014275951722,0.0,1.0,0.30359991799991803,328752,3,x1*x2;x3^2,0.01067 + 1.001·x₁x₂ + 0.4969·x₃²,target federated MSE reached; no replacement passed the federated certificate
interaction,spurious,0.1,300,4,9007,centralized-tree-gp,0.0,0.5,0.5,5.198491262238101e-06,0.04202014275951722,0.0,1.0,0.8350825429999986,0,1579,"expr:square(add(x3,x3));x1*x2",0.01067 + 1.001*(x1*x2) + 0.1242*((x3+x3))^2,generation budget reached
interaction,spurious,0.1,300,4,9007,federated-tree-gp-style,0.0,0.5,0.5,5.198491262238216e-06,0.04202014275951722,0.0,1.0,1.0739007800000309,603584,1579,"expr:square(add(x3,x3));x1*x2",0.01067 + 1.001*(x1*x2) + 0.1242*((x3+x3))^2,generation budget reached
interaction,spurious,0.1,300,4,9007,centralized-residual-counterexample-gp,0.0,0.5,0.5,5.198491262238101e-06,0.04202014275951722,0.0,1.0,0.9163484299999709,0,1568,"expr:square(add(x3,x3));x1*x2",0.01067 + 1.001*(x1*x2) + 0.1242*((x3+x3))^2,generation budget reached
interaction,spurious,0.1,300,4,9008,fedfalsify-v05,1.0,1.0,1.0,2.3225190928974136e-06,0.04432443168704939,0.0,1.0,0.2094148529999984,179852,3,x1*x2;x3^2,-0.004354 + 1.001·x₁x₂ + 0.5019·x₃²,target federated MSE reached; no replacement passed the federated certificate
interaction,spurious,0.1,300,4,9008,centralized-tree-gp,1.0,1.0,1.0,2.3225190929036978e-06,0.04432443168704939,0.0,1.0,1.065718066999807,0,1578,x1*x2;x3^2,-0.004354 + 1.001*(x1*x2) + 0.5019*(x3*x3),generation budget reached
interaction,spurious,0.1,300,4,9008,federated-tree-gp-style,1.0,1.0,1.0,2.322519092897426e-06,0.04432443168704939,0.0,1.0,1.686907981000104,592768,1578,x1*x2;x3^2,-0.004354 + 1.001*(x1*x2) + 0.5019*(x3*x3),generation budget reached
interaction,spurious,0.1,300,4,9008,centralized-residual-counterexample-gp,0.0,0.5,0.5,2.322519095236194e-06,0.04432443168704939,0.0,1.0,1.3080592109999998,0,1554,"expr:square(add(x3,x3));x1*x2",-0.004354 + 1.001*(x1*x2) + 0.1255*((x3+x3))^2,generation budget reached
interaction,spurious,0.1,300,4,9009,fedfalsify-v05,1.0,1.0,1.0,1.7693493453737634e-06,0.04441125435293296,0.0,1.0,0.2968098420001297,179775,3,x1*x2;x3^2,0.002643 + 1.001·x₁x₂ + 0.4984·x₃²,target federated MSE reached; no replacement passed the federated certificate
interaction,spurious,0.1,300,4,9009,centralized-tree-gp,1.0,1.0,1.0,1.7693493453727893e-06,0.04441125435293296,0.0,1.0,1.11211722500002,0,1535,x1*x2;x3^2,0.002643 + 1.001*(x1*x2) + 0.4984*(x3)^2,generation budget reached
interaction,spurious,0.1,300,4,9009,federated-tree-gp-style,1.0,1.0,1.0,1.7693493453737807e-06,0.04441125435293296,0.0,1.0,1.0105300769998848,547392,1535,x1*x2;x3^2,0.002643 + 1.001*(x1*x2) + 0.4984*(x3)^2,generation budget reached
interaction,spurious,0.1,300,4,9009,centralized-residual-counterexample-gp,0.0,0.3333333333333333,0.5,0.0007802997424142419,0.05293702478899837,0.0,1.0,0.9505780700001196,0,1613,"expr:cos(mul(sin(x3),square(x3)));expr:square(add(square(x3),square(x3)));x1*x2",0.5946 - 0.4364*cos((sin(x3)*(x3)^2)) + 1.003*(x1*x2) + 0.01507*(((x3)^2+(x3)^2))^2,generation budget reached
interaction,spurious,0.1,300,4,9010,fedfalsify-v05,1.0,1.0,1.0,5.314614078975246e-06,0.04425932244302209,0.0,1.0,0.2047229489999154,179940,3,x1*x2;x3^2,0.01026 + 0.9998·x₁x₂ + 0.4983·x₃²,target federated MSE reached; no replacement passed the federated certificate
interaction,spurious,0.1,300,4,9010,centralized-tree-gp,1.0,1.0,1.0,5.3146140789770605e-06,0.04425932244302209,0.0,1.0,0.7012013559999559,0,1457,x1*x2;x3^2,0.01026 + 0.9998*(x1*x2) + 0.4983*(x3)^2,generation budget reached
interaction,spurious,0.1,300,4,9010,federated-tree-gp-style,1.0,1.0,1.0,5.314614078975238e-06,0.04425932244302209,0.0,1.0,0.8771063169999707,482816,1457,x1*x2;x3^2,0.01026 + 0.9998*(x1*x2) + 0.4983*(x3)^2,generation budget reached
interaction,spurious,0.1,300,4,9010,centralized-residual-counterexample-gp,1.0,1.0,1.0,5.3146140789770605e-06,0.04425932244302209,0.0,1.0,0.8880399229999512,0,1597,x1*x2;x3^2,0.01026 + 0.9998*(x1*x2) + 0.4983*(x3*x3),generation budget reached
interaction,exception,0.03,300,4,9006,fedfalsify-v05,1.0,1.0,1.0,5.72271290768975e-06,0.007464386592566221,0.0,1.0,0.31330562900006953,247818,5,I(x3>1)*x3^2;x1*x2;x3^2,0.00296 + 1.002·x₁x₂ + 0.7478·𝟙[x₃>1]·x₃² + 0.4987·x₃²,target federated MSE reached; no replacement passed the federated certificate
interaction,exception,0.03,300,4,9006,centralized-tree-gp,0.0,0.25,0.3333333333333333,0.0034890223180085926,0.04778211562376511,0.0,0.0,0.8800499890000992,0,1616,"expr:square(add(cos(x3),square(x3)));expr:square(add(sin(x3),square(x3)));expr:square(mul(sin(x3),x3));x1*x2",0.2627 + 0.9967*(x1*x2) - 0.1539*((cos(x3)+(x3)^2))^2 + 0.2174*((sin(x3)+(x3)^2))^2 + 0.5065*((sin(x3)*x3))^2,generation budget reached
interaction,exception,0.03,300,4,9006,federated-tree-gp-style,0.0,0.25,0.3333333333333333,0.003489022318008593,0.0477821156237651,0.0,0.0,1.1413510200000019,660160,1616,"expr:square(add(cos(x3),square(x3)));expr:square(add(sin(x3),square(x3)));expr:square(mul(sin(x3),x3));x1*x2",0.2627 + 0.9967*(x1*x2) - 0.1539*((cos(x3)+(x3)^2))^2 + 0.2174*((sin(x3)+(x3)^2))^2 + 0.5065*((sin(x3)*x3))^2,generation budget reached
interaction,exception,0.03,300,4,9006,centralized-residual-counterexample-gp,0.0,0.25,0.3333333333333333,0.0017376788398937488,0.02861272652140609,0.0,0.0,0.9175198010000258,0,1589,"expr:add(square(x3),x3);expr:square(add(cos(x3),sin(x3)));expr:square(mul(sin(x3),square(x3)));x1*x2",0.4598 + 0.6411*((x3)^2+x3) + 1.001*(x1*x2) - 0.449*((cos(x3)+sin(x3)))^2 + 0.07904*((sin(x3)*(x3)^2))^2,generation budget reached
interaction,exception,0.03,300,4,9007,fedfalsify-v05,1.0,1.0,1.0,5.1818813086803486e-06,0.006295471393838419,0.0,1.0,0.311403313000028,247766,5,I(x3>1)*x3^2;x1*x2;x3^2,-0.003408 + 0.9982·x₁x₂ + 0.7486·𝟙[x₃>1]·x₃² + 0.5036·x₃²,target federated MSE reached; no replacement passed the federated certificate
interaction,exception,0.03,300,4,9007,centralized-tree-gp,0.0,0.25,0.3333333333333333,0.0067534105729211815,0.0866101895780173,1.0,0.0,0.8241565240000455,0,1578,"cos(x3);expr:add(square(x3),x3);expr:sin(add(sin(x4),x3));x1*x2",0.1485 + 0.8146*((x3)^2+x3) - 0.2691*cos(x3) + 1.001*(x1*x2) - 0.3491*sin((sin(x4)+x3)),generation budget reached
interaction,exception,0.03,300,4,9007,federated-tree-gp-style,0.0,0.25,0.3333333333333333,0.0067534105729211815,0.0866101895780173,1.0,0.0,1.4158714830000463,619648,1578,"cos(x3);expr:add(square(x3),x3);expr:sin(add(sin(x4),x3));x1*x2",0.1485 + 0.8146*((x3)^2+x3) - 0.2691*cos(x3) + 1.001*(x1*x2) - 0.3491*sin((sin(x4)+x3)),generation budget reached
interaction,exception,0.03,300,4,9007,centralized-residual-counterexample-gp,0.0,0.3333333333333333,0.3333333333333333,0.0076491975841458575,0.10443358366818159,1.0,0.0,1.5385975950000557,0,1633,"expr:add(square(x3),x3);expr:sin(mul(cos(x4),sin(x3)));x1*x2",-0.04238 + 0.8743*((x3)^2+x3) + 1.002*(x1*x2) - 0.5772*sin((cos(x4)*sin(x3))),generation budget reached
interaction,exception,0.03,300,4,9008,fedfalsify-v05,1.0,1.0,1.0,1.8696549679398094e-06,0.006696455003262415,0.0,1.0,0.49136632500017186,278847,5,I(x3>1)*x3^2;x1*x2;x3^2,0.0003787 + 0.9995·x₁x₂ + 0.753·𝟙[x₃>1]·x₃² + 0.4976·x₃²,target federated MSE reached; no replacement passed the federated certificate
interaction,exception,0.03,300,4,9008,centralized-tree-gp,0.0,0.5,0.6666666666666666,0.011896544563958354,0.13875315831065468,1.0,1.0,1.4523334640000485,0,1586,"I(x3>1)*x3^2;expr:add(cos(x2),cos(x3));expr:add(square(x3),x4);x1*x2",0.4738 - 0.233*(cos(x2)+cos(x3)) + 0.2811*((x3)^2+x4) + 0.8364*I(x3>1)*((x3)^2) + 0.9792*(x1*x2),generation budget reached
interaction,exception,0.03,300,4,9008,federated-tree-gp-style,0.0,0.5,0.6666666666666666,0.011896544563958427,0.13875315831065468,1.0,1.0,1.2801600999998755,627648,1586,"I(x3>1)*x3^2;expr:add(cos(x2),cos(x3));expr:add(square(x3),x4);x1*x2",0.4738 - 0.233*(cos(x2)+cos(x3)) + 0.2811*((x3)^2+x4) + 0.8364*I(x3>1)*((x3)^2) + 0.9792*(x1*x2),generation budget reached
interaction,exception,0.03,300,4,9008,centralized-residual-counterexample-gp,0.0,0.5,0.6666666666666666,0.004937235092413051,0.07478689045736163,0.0,1.0,0.9725372049999805,0,1626,"I(x3>1)*x3^2;expr:cos(mul(sin(x1),square(x3)));expr:square(add(sin(x3),square(x3)));x1*x2",0.6604 - 0.3929*cos((sin(x1)*(x3)^2)) + 0.4898*I(x3>1)*((x3)^2) + 0.9981*(x1*x2) + 0.09342*((sin(x3)+(x3)^2))^2,generation budget reached
interaction,exception,0.03,300,4,9009,fedfalsify-v05,1.0,1.0,1.0,1.0896104036828435e-05,0.006693217623692433,0.0,1.0,0.335204825999881,247694,5,I(x3>1)*x3^2;x1*x2;x3^2,0.0003465 + 1.004·x₁x₂ + 0.7491·𝟙[x₃>1]·x₃² + 0.5011·x₃²,target federated MSE reached; no replacement passed the federated certificate
interaction,exception,0.03,300,4,9009,centralized-tree-gp,0.0,0.3333333333333333,0.3333333333333333,0.006867732558955314,0.09912840335441206,1.0,0.0,0.8547345069998755,0,1568,"expr:add(square(x3),x3);expr:sin(add(sin(x4),x3));x1*x2",-0.03461 + 0.8774*((x3)^2+x3) + 0.9993*(x1*x2) - 0.4372*sin((sin(x4)+x3)),generation budget reached
interaction,exception,0.03,300,4,9009,federated-tree-gp-style,0.0,0.3333333333333333,0.3333333333333333,0.006867732558955312,0.09912840335441206,1.0,0.0,1.0807473679999475,607168,1568,"expr:add(square(x3),x3);expr:sin(add(sin(x4),x3));x1*x2",-0.03461 + 0.8774*((x3)^2+x3) + 0.9993*(x1*x2) - 0.4372*sin((sin(x4)+x3)),generation budget reached
interaction,exception,0.03,300,4,9009,centralized-residual-counterexample-gp,0.0,0.25,0.3333333333333333,0.008288212062850983,0.10020082769363253,0.0,0.0,0.8667072230000485,0,1561,"expr:add(square(x3),x3);expr:cos(mul(sin(x3),square(x3)));expr:sin(add(cos(x2),sin(x3)));x1*x2",0.1978 + 0.8001*((x3)^2+x3) - 0.1708*cos((sin(x3)*(x3)^2)) + 0.9814*(x1*x2) - 0.3285*sin((cos(x2)+sin(x3))),generation budget reached
interaction,exception,0.03,300,4,9010,fedfalsify-v05,1.0,1.0,1.0,1.162301777314097e-06,0.007354569922252562,0.0,1.0,0.33413635499982774,247634,5,I(x3>1)*x3^2;x1*x2;x3^2,0.003033 + 0.9992·x₁x₂ + 0.7485·𝟙[x₃>1]·x₃² + 0.5·x₃²,target federated MSE reached; no replacement passed the federated certificate
interaction,exception,0.03,300,4,9010,centralized-tree-gp,0.0,0.25,0.3333333333333333,0.011127455192606146,0.10461282947067052,0.0,0.0,0.9318491909998556,0,1622,"expr:add(cos(x1),square(x3));expr:sin(mul(sin(x3),sin(x3)));expr:square(add(sin(x3),square(x3)));x1*x2",-0.1591 - 0.1953*(cos(x1)+(x3)^2) + 0.9783*(x1*x2) + 1.652*sin((sin(x3)*sin(x3))) + 0.186*((sin(x3)+(x3)^2))^2,generation budget reached
interaction,exception,0.03,300,4,9010,federated-tree-gp-style,0.0,0.25,0.3333333333333333,0.011127455192606078,0.10461282947067052,0.0,0.0,1.1985764369999288,677056,1622,"expr:add(cos(x1),square(x3));expr:sin(mul(sin(x3),sin(x3)));expr:square(add(sin(x3),square(x3)));x1*x2",-0.1591 - 0.1953*(cos(x1)+(x3)^2) + 0.9783*(x1*x2) + 1.652*sin((sin(x3)*sin(x3))) + 0.186*((sin(x3)+(x3)^2))^2,generation budget reached
interaction,exception,0.03,300,4,9010,centralized-residual-counterexample-gp,0.0,0.25,0.3333333333333333,0.006788158922545036,0.10066046917657807,0.0,0.0,0.9386041259999729,0,1622,"expr:add(square(x3),x3);expr:square(add(cos(x3),sin(x3)));expr:square(mul(square(x3),x2));x1*x2",0.4844 + 0.7706*((x3)^2+x3) + 0.9852*(x1*x2) - 0.3623*((cos(x3)+sin(x3)))^2 + 0.003531*(((x3)^2*x2))^2,generation budget reached
interaction,exception,0.1,300,4,9006,fedfalsify-v05,1.0,1.0,1.0,6.358569899807949e-05,0.08293762880629134,0.0,1.0,0.32362895500000377,247236,5,I(x3>1)*x3^2;x1*x2;x3^2,0.009865 + 1.007·x₁x₂ + 0.7426·𝟙[x₃>1]·x₃² + 0.4958·x₃²,target federated MSE reached; no replacement passed the federated certificate
interaction,exception,0.1,300,4,9006,centralized-tree-gp,0.0,0.5,0.6666666666666666,0.0004587763948890242,0.08732287866477521,0.0,1.0,0.9136077690000093,0,1617,"I(x3>1)*x3^2;expr:add(sin(x3),square(x3));expr:sin(add(sin(x3),sin(x3)));x1*x2",0.01576 + 0.5052*(sin(x3)+(x3)^2) + 0.7226*I(x3>1)*((x3)^2) + 1.005*(x1*x2) - 0.4109*sin((sin(x3)+sin(x3))),generation budget reached
interaction,exception,0.1,300,4,9006,federated-tree-gp-style,0.0,0.5,0.6666666666666666,0.0004587763948890251,0.08732287866477523,0.0,1.0,1.78070068299985,660672,1617,"I(x3>1)*x3^2;expr:add(sin(x3),square(x3));expr:sin(add(sin(x3),sin(x3)));x1*x2",0.01576 + 0.5052*(sin(x3)+(x3)^2) + 0.7226*I(x3>1)*((x3)^2) + 1.005*(x1*x2) - 0.4109*sin((sin(x3)+sin(x3))),generation budget reached
interaction,exception,0.1,300,4,9006,centralized-residual-counterexample-gp,0.0,0.3333333333333333,0.3333333333333333,0.0010237851569100244,0.0983615503571705,0.0,0.0,1.4619907629999034,0,1576,"expr:add(sin(x3),square(x3));expr:mul(cos(x3),x3);x1*x2",-0.07746 + 0.8851*(sin(x3)+(x3)^2) - 0.87*(cos(x3)*x3) + 1.009*(x1*x2),generation budget reached
interaction,exception,0.1,300,4,9007,fedfalsify-v05,1.0,1.0,1.0,5.7576458945771814e-05,0.06994968215376021,0.0,1.0,0.4734731160001502,247143,5,I(x3>1)*x3^2;x1*x2;x3^2,-0.01136 + 0.9939·x₁x₂ + 0.7454·𝟙[x₃>1]·x₃² + 0.512·x₃²,target federated MSE reached; no replacement passed the federated certificate
interaction,exception,0.1,300,4,9007,centralized-tree-gp,0.0,0.5,0.6666666666666666,0.005357589292406156,0.11266520238208774,0.0,0.0,1.3787148309997974,0,1598,"expr:cos(mul(sin(x3),sin(x3)));expr:square(add(sin(x3),square(x3)));x1*x2;x3^2",3.485 - 3.512*cos((sin(x3)*sin(x3))) + 0.9923*(x1*x2) - 0.3315*(x3*x3) + 0.2089*((sin(x3)+(x3)^2))^2,generation budget reached
interaction,exception,0.1,300,4,9007,federated-tree-gp-style,0.0,0.5,0.6666666666666666,0.005357589292405992,0.11266520238208774,0.0,0.0,1.1224534160000985,633024,1598,"expr:cos(mul(sin(x3),sin(x3)));expr:square(add(sin(x3),square(x3)));x1*x2;x3^2",3.485 - 3.512*cos((sin(x3)*sin(x3))) + 0.9923*(x1*x2) - 0.3315*(x3*x3) + 0.2089*((sin(x3)+(x3)^2))^2,generation budget reached
interaction,exception,0.1,300,4,9007,centralized-residual-counterexample-gp,0.0,0.5,0.6666666666666666,0.005357589292406156,0.11266520238208774,0.0,0.0,0.9378837129997919,0,1605,"expr:cos(mul(sin(x3),sin(x3)));expr:square(add(sin(x3),square(x3)));x1*x2;x3^2",3.485 - 3.512*cos((sin(x3)*sin(x3))) + 0.9923*(x1*x2) - 0.3315*(x3*x3) + 0.2089*((sin(x3)+(x3)^2))^2,generation budget reached
interaction,exception,0.1,300,4,9008,fedfalsify-v05,1.0,1.0,1.0,2.077394408935321e-05,0.07440505559180463,0.0,1.0,0.34386934900021515,278361,5,I(x3>1)*x3^2;x1*x2;x3^2,0.001262 + 0.9984·x₁x₂ + 0.7598·𝟙[x₃>1]·x₃² + 0.492·x₃²,target federated MSE reached; no replacement passed the federated certificate
interaction,exception,0.1,300,4,9008,centralized-tree-gp,0.0,0.0,0.0,0.4593110066456621,0.6541602718012134,0.0,0.0,0.8904160400002183,0,1569,"expr:sin(mul(cos(x1),cos(x2)));expr:square(add(sin(x1),x2));expr:square(add(sin(x2),x1));expr:square(add(sin(x3),square(x3)))",-1.268 + 1.696*sin((cos(x1)*cos(x2))) + 0.3349*((sin(x1)+x2))^2 + 0.3473*((sin(x2)+x1))^2 + 0.1689*((sin(x3)+(x3)^2))^2,generation budget reached
interaction,exception,0.1,300,4,9008,federated-tree-gp-style,0.0,0.0,0.0,0.45931100664566216,0.6541602718012134,0.0,0.0,1.1744021469999097,626496,1569,"expr:sin(mul(cos(x1),cos(x2)));expr:square(add(sin(x1),x2));expr:square(add(sin(x2),x1));expr:square(add(sin(x3),square(x3)))",-1.268 + 1.696*sin((cos(x1)*cos(x2))) + 0.3349*((sin(x1)+x2))^2 + 0.3473*((sin(x2)+x1))^2 + 0.1689*((sin(x3)+(x3)^2))^2,generation budget reached
interaction,exception,0.1,300,4,9008,centralized-residual-counterexample-gp,0.0,0.0,0.0,0.4593110066456621,0.6541602718012134,0.0,0.0,0.9291487209998195,0,1576,"expr:sin(mul(cos(x1),cos(x2)));expr:square(add(sin(x1),x2));expr:square(add(sin(x2),x1));expr:square(add(sin(x3),square(x3)))",-1.268 + 1.696*sin((cos(x1)*cos(x2))) + 0.3349*((sin(x1)+x2))^2 + 0.3473*((sin(x2)+x1))^2 + 0.1689*((sin(x3)+(x3)^2))^2,generation budget reached
interaction,exception,0.1,300,4,9009,fedfalsify-v05,1.0,1.0,1.0,0.00012106782271700144,0.07436908470769373,0.0,1.0,0.3537026710000646,247127,5,I(x3>1)*x3^2;x1*x2;x3^2,0.001155 + 1.013·x₁x₂ + 0.7471·𝟙[x₃>1]·x₃² + 0.5037·x₃²,target federated MSE reached; no replacement passed the federated certificate
interaction,exception,0.1,300,4,9009,centralized-tree-gp,0.0,0.0,0.0,0.14845922767369368,0.5198555826836935,0.0,0.0,0.909198232000108,0,1622,"expr:add(square(x3),x3);expr:mul(sin(x1),x2);expr:mul(sin(x2),x1);expr:square(add(x1,x2))",-0.3858 + 0.7919*((x3)^2+x3) + 0.5487*(sin(x1)*x2) + 0.6517*(sin(x2)*x1) + 0.1597*((x1+x2))^2,generation budget reached
interaction,exception,0.1,300,4,9009,federated-tree-gp-style,0.0,0.0,0.0,0.14845922767369388,0.5198555826836935,0.0,0.0,1.1573057190003055,667264,1622,"expr:add(square(x3),x3);expr:mul(sin(x1),x2);expr:mul(sin(x2),x1);expr:square(add(x1,x2))",-0.3858 + 0.7919*((x3)^2+x3) + 0.5487*(sin(x1)*x2) + 0.6517*(sin(x2)*x1) + 0.1597*((x1+x2))^2,generation budget reached
interaction,exception,0.1,300,4,9009,centralized-residual-counterexample-gp,0.0,0.25,0.3333333333333333,0.00286565526628486,0.10451565779490489,0.0,0.0,0.8699764819998563,0,1596,"expr:add(square(x3),x3);expr:mul(sin(x3),square(x3));x1*x2;x3",-0.08551 + 0.9017*((x3)^2+x3) + 0.5679*(sin(x3)*(x3)^2) + 1.009*(x1*x2) - 1.121*x3,generation budget reached
interaction,exception,0.1,300,4,9010,fedfalsify-v05,1.0,1.0,1.0,1.2914464161410959e-05,0.08171744358058404,0.0,1.0,0.3325287779998689,247062,5,I(x3>1)*x3^2;x1*x2;x3^2,0.01011 + 0.9972·x₁x₂ + 0.745·𝟙[x₃>1]·x₃² + 0.5002·x₃²,target federated MSE reached; no replacement passed the federated certificate
interaction,exception,0.1,300,4,9010,centralized-tree-gp,0.0,0.25,0.3333333333333333,0.006235450115733782,0.16077180925699439,0.0,0.0,0.913105416000235,0,1593,"expr:add(cos(x3),cos(x3));expr:cos(mul(sin(x3),x3));expr:square(add(sin(x3),square(x3)));x1*x2",0.7451 + 1.598*(cos(x3)+cos(x3)) - 3.566*cos((sin(x3)*x3)) + 0.9958*(x1*x2) + 0.1969*((sin(x3)+(x3)^2))^2,generation budget reached
interaction,exception,0.1,300,4,9010,federated-tree-gp-style,0.0,0.25,0.3333333333333333,0.0062354501157336085,0.16077180925699439,0.0,0.0,1.8339636900000187,626176,1593,"expr:add(cos(x3),cos(x3));expr:cos(mul(sin(x3),x3));expr:square(add(sin(x3),square(x3)));x1*x2",0.7451 + 1.598*(cos(x3)+cos(x3)) - 3.566*cos((sin(x3)*x3)) + 0.9958*(x1*x2) + 0.1969*((sin(x3)+(x3)^2))^2,generation budget reached
interaction,exception,0.1,300,4,9010,centralized-residual-counterexample-gp,0.0,0.5,0.6666666666666666,0.0004208451599112387,0.08731907853525854,0.0,1.0,1.4297898700001497,0,1557,"I(x3>1)*x3^2;expr:cos(mul(sin(x3),x3));expr:square(add(sin(x3),square(x3)));x1*x2",1.07 - 0.9932*cos((sin(x3)*x3)) + 0.5092*I(x3>1)*((x3)^2) + 0.9955*(x1*x2) + 0.07146*((sin(x3)+(x3)^2))^2,generation budget reached
base,complementary,0.03,300,4,9011,fedfalsify-v05,1.0,1.0,1.0,5.206347393030049e-07,0.00818922535816707,0.0,1.0,0.5045053560002088,238514,5,sin(x2);x1;x3^2,-0.002474 + 1.999·x₁ + 0.5005·x₃² + 1·sin(x₂),target federated MSE reached; no replacement passed the federated certificate
base,complementary,0.03,300,4,9011,centralized-tree-gp,0.0,0.25,0.3333333333333333,0.00013511385452181734,0.008951844357960814,0.0,1.0,1.3591012719998616,0,1564,"expr:add(sin(x2),x1);expr:cos(add(cos(x3),cos(x3)));expr:square(add(sin(x3),x3));x1",-0.3106 + 0.9999*(sin(x2)+x1) - 0.6894*cos((cos(x3)+cos(x3))) + 0.335*((sin(x3)+x3))^2 + 0.9994*x1,generation budget reached
base,complementary,0.03,300,4,9011,federated-tree-gp-style,0.0,0.25,0.3333333333333333,0.00013511385452181823,0.008951844357960814,0.0,1.0,3.3508011069998247,584128,1564,"expr:add(sin(x2),x1);expr:cos(add(cos(x3),cos(x3)));expr:square(add(sin(x3),x3));x1",-0.3106 + 0.9999*(sin(x2)+x1) - 0.6894*cos((cos(x3)+cos(x3))) + 0.335*((sin(x3)+x3))^2 + 0.9994*x1,generation budget reached
base,complementary,0.03,300,4,9011,centralized-residual-counterexample-gp,0.0,0.3333333333333333,0.3333333333333333,0.004029962289884723,0.03467088102023028,0.0,1.0,1.7500180010001714,0,1600,"expr:add(sin(x1),square(x3));expr:add(sin(x2),x1);x1",0.04475 + 0.4754*(sin(x1)+(x3)^2) + 1.017*(sin(x2)+x1) + 0.7527*x1,generation budget reached
base,complementary,0.03,300,4,9012,fedfalsify-v05,1.0,1.0,1.0,8.51670329245835e-07,0.007204379551704119,0.0,1.0,0.46660441399990304,238404,5,sin(x2);x1;x3^2,0.003187 + 1.999·x₁ + 0.4998·x₃² + 1.002·sin(x₂),target federated MSE reached; no replacement passed the federated certificate
base,complementary,0.03,300,4,9012,centralized-tree-gp,0.0,0.3333333333333333,0.3333333333333333,8.516703353865481e-07,0.007204379551704119,0.0,1.0,1.3956961899998532,0,1600,"expr:add(sin(x2),square(x3));expr:add(sin(x2),x1);x1",0.003187 + 0.4998*(sin(x2)+(x3)^2) + 0.5019*(sin(x2)+x1) + 1.497*x1,generation budget reached
base,complementary,0.03,300,4,9012,federated-tree-gp-style,0.0,0.3333333333333333,0.3333333333333333,8.516703353860034e-07,0.007204379551704118,0.0,1.0,1.4230371990001913,629696,1600,"expr:add(sin(x2),square(x3));expr:add(sin(x2),x1);x1",0.003187 + 0.4998*(sin(x2)+(x3)^2) + 0.5019*(sin(x2)+x1) + 1.497*x1,generation budget reached
base,complementary,0.03,300,4,9012,centralized-residual-counterexample-gp,0.0,0.3333333333333333,0.3333333333333333,8.516703353865481e-07,0.007204379551704119,0.0,1.0,1.1520334609999736,0,1610,"expr:add(sin(x2),square(x3));expr:add(sin(x2),x1);x1",0.003187 + 0.4998*(sin(x2)+(x3)^2) + 0.5019*(sin(x2)+x1) + 1.497*x1,generation budget reached
base,complementary,0.03,300,4,9013,fedfalsify-v05,1.0,1.0,1.0,5.349705218978376e-06,0.00761884823485221,0.0,1.0,0.45913735599970096,238267,5,sin(x2);x1;x3^2,-0.001234 + 2·x₁ + 0.4974·x₃² + 0.9961·sin(x₂),target federated MSE reached; no replacement passed the federated certificate
base,complementary,0.03,300,4,9013,centralized-tree-gp,0.0,0.3333333333333333,0.3333333333333333,5.3497052116398065e-06,0.0076188482348522124,0.0,1.0,0.8375007230001756,0,1491,"expr:add(sin(x2),x1);expr:add(square(x3),x1);x1",-0.001234 + 0.9961*(sin(x2)+x1) + 0.4974*((x3)^2+x1) + 0.5062*x1,generation budget reached
base,complementary,0.03,300,4,9013,federated-tree-gp-style,0.0,0.3333333333333333,0.3333333333333333,5.349705211640421e-06,0.0076188482348522124,0.0,1.0,0.9912020899996605,530048,1491,"expr:add(sin(x2),x1);expr:add(square(x3),x1);x1",-0.001234 + 0.9961*(sin(x2)+x1) + 0.4974*((x3)^2+x1) + 0.5062*x1,generation budget reached
base,complementary,0.03,300,4,9013,centralized-residual-counterexample-gp,0.0,0.3333333333333333,0.3333333333333333,5.3497052116398065e-06,0.0076188482348522124,0.0,1.0,0.7984571950000827,0,1488,"expr:add(sin(x2),x1);expr:add(square(x3),x1);x1",-0.001234 + 0.9961*(sin(x2)+x1) + 0.4974*((x3)^2+x1) + 0.5062*x1,generation budget reached
base,complementary,0.03,300,4,9014,fedfalsify-v05,1.0,1.0,1.0,1.4765709947028777e-06,0.0077697267051632995,0.0,1.0,0.3269455139998172,238311,5,sin(x2);x1;x3^2,0.000568 + 2.001·x₁ + 0.5005·x₃² + 0.9948·sin(x₂),target federated MSE reached; no replacement passed the federated certificate
base,complementary,0.03,300,4,9014,centralized-tree-gp,0.0,0.3333333333333333,0.3333333333333333,1.4765709812181407e-06,0.007769726705163301,0.0,1.0,0.9190763589999733,0,1624,"expr:add(sin(x2),square(x3));expr:add(sin(x2),x1);x1",0.000568 + 0.5005*(sin(x2)+(x3)^2) + 0.4943*(sin(x2)+x1) + 1.507*x1,generation budget reached
base,complementary,0.03,300,4,9014,federated-tree-gp-style,0.0,0.3333333333333333,0.3333333333333333,1.4765709812190826e-06,0.007769726705163301,0.0,1.0,1.248517878000257,674560,1624,"expr:add(sin(x2),square(x3));expr:add(sin(x2),x1);x1",0.000568 + 0.5005*(sin(x2)+(x3)^2) + 0.4943*(sin(x2)+x1) + 1.507*x1,generation budget reached
base,complementary,0.03,300,4,9014,centralized-residual-counterexample-gp,0.0,0.25,0.3333333333333333,0.0015181368279431429,0.02148293837828805,0.0,1.0,0.9495442600000388,0,1586,"cos(x3);expr:add(sin(x2),x1);expr:square(mul(square(x3),x2));x1",1.333 + 0.9959*(sin(x2)+x1) - 1.425*cos(x3) + 0.00159*(((x3)^2*x2))^2 + 1.003*x1,generation budget reached
base,complementary,0.03,300,4,9015,fedfalsify-v05,1.0,1.0,1.0,3.483717113997653e-06,0.008302977670154628,0.0,1.0,0.30454768700019486,238281,5,sin(x2);x1;x3^2,0.006049 + 1.997·x₁ + 0.4989·x₃² + 1.003·sin(x₂),target federated MSE reached; no replacement passed the federated certificate
base,complementary,0.03,300,4,9015,centralized-tree-gp,0.0,0.25,0.3333333333333333,0.003722687004479996,0.040732930267864446,0.0,1.0,0.8662033850000626,0,1586,"expr:add(cos(x1),square(x3));expr:add(sin(x2),x1);expr:mul(square(x1),square(x3));x1",-0.06911 + 0.3846*(cos(x1)+(x3)^2) + 1.009*(sin(x2)+x1) + 0.04286*((x1)^2*(x3)^2) + 0.9829*x1,generation budget reached
base,complementary,0.03,300,4,9015,federated-tree-gp-style,0.0,0.25,0.3333333333333333,0.003722687004479991,0.040732930267864474,0.0,1.0,1.5768293399996764,608448,1586,"expr:add(cos(x1),square(x3));expr:add(sin(x2),x1);expr:mul(square(x1),square(x3));x1",-0.06911 + 0.3846*(cos(x1)+(x3)^2) + 1.009*(sin(x2)+x1) + 0.04286*((x1)^2*(x3)^2) + 0.9829*x1,generation budget reached
base,complementary,0.03,300,4,9015,centralized-residual-counterexample-gp,0.0,0.25,0.3333333333333333,4.308965914434962e-06,0.008292724510985028,0.0,1.0,1.4522306839999146,0,1596,"expr:add(sin(x2),x1);expr:add(square(x3),x1);expr:sin(mul(sin(x3),x3));x1",0.01022 + 1.003*(sin(x2)+x1) + 0.5019*((x3)^2+x1) - 0.01413*sin((sin(x3)*x3)) + 0.4926*x1,generation budget reached
base,complementary,0.1,300,4,9011,fedfalsify-v05,1.0,1.0,1.0,5.784830405070248e-06,0.09099139286852306,0.0,1.0,0.43361561599976994,238124,5,sin(x2);x1;x3^2,-0.008245 + 1.996·x₁ + 0.5016·x₃² + 1.001·sin(x₂),target federated MSE reached; no replacement passed the federated certificate
base,complementary,0.1,300,4,9011,centralized-tree-gp,0.0,0.25,0.3333333333333333,2.688661929649934e-05,0.09086301627518942,0.0,1.0,1.3854929069998434,0,1576,"expr:add(cos(x3),sin(x2));expr:add(sin(x2),x1);expr:mul(cos(x3),square(x3));x1",1.232 - 1.224*(cos(x3)+sin(x2)) + 2.226*(sin(x2)+x1) - 0.1685*(cos(x3)*(x3)^2) - 0.2297*x1,generation budget reached
base,complementary,0.1,300,4,9011,federated-tree-gp-style,0.0,0.25,0.3333333333333333,2.6886619296512113e-05,0.09086301627518943,0.0,1.0,1.2303722870001366,595904,1576,"expr:add(cos(x3),sin(x2));expr:add(sin(x2),x1);expr:mul(cos(x3),square(x3));x1",1.232 - 1.224*(cos(x3)+sin(x2)) + 2.226*(sin(x2)+x1) - 0.1685*(cos(x3)*(x3)^2) - 0.2297*x1,generation budget reached
base,complementary,0.1,300,4,9011,centralized-residual-counterexample-gp,0.0,0.25,0.3333333333333333,0.002723412027220954,0.10868300290266933,0.0,1.0,0.9575264529999004,0,1601,"expr:add(sin(x2),x1);expr:cos(mul(cos(x3),square(x3)));expr:square(add(sin(x3),x3));x1",0.3507 + 0.9896*(sin(x2)+x1) - 0.4727*cos((cos(x3)*(x3)^2)) + 0.1975*((sin(x3)+x3))^2 + 1.012*x1,generation budget reached
base,complementary,0.1,300,4,9012,fedfalsify-v05,1.0,1.0,1.0,9.46300365621348e-06,0.08004866168560136,0.0,1.0,0.3103415129999121,237921,5,sin(x2);x1;x3^2,0.01062 + 1.997·x₁ + 0.4992·x₃² + 1.006·sin(x₂),target federated MSE reached; no replacement passed the federated certificate
base,complementary,0.1,300,4,9012,centralized-tree-gp,0.0,0.25,0.3333333333333333,3.0449968199057636e-05,0.07984934101824774,0.0,1.0,0.8858363330000429,0,1598,"expr:add(sin(x1),square(x3));expr:add(sin(x2),x1);expr:square(add(x3,x3));x1",0.008887 - 0.04324*(sin(x1)+(x3)^2) + 1.005*(sin(x2)+x1) + 0.1357*((x3+x3))^2 + 1.014*x1,generation budget reached
base,complementary,0.1,300,4,9012,federated-tree-gp-style,0.0,0.25,0.3333333333333333,3.044996819898043e-05,0.07984934101824774,0.0,1.0,1.1702652949998082,635456,1598,"expr:add(sin(x1),square(x3));expr:add(sin(x2),x1);expr:square(add(x3,x3));x1",0.008887 - 0.04324*(sin(x1)+(x3)^2) + 1.005*(sin(x2)+x1) + 0.1357*((x3+x3))^2 + 1.014*x1,generation budget reached
base,complementary,0.1,300,4,9012,centralized-residual-counterexample-gp,0.0,0.3333333333333333,0.3333333333333333,0.004194173711646902,0.1094852738027322,0.0,1.0,0.8583128469999792,0,1537,"expr:add(sin(x1),square(x3));expr:add(sin(x2),x1);x1",0.06736 + 0.4713*(sin(x1)+(x3)^2) + 1.017*(sin(x2)+x1) + 0.7489*x1,generation budget reached
base,complementary,0.1,300,4,9013,fedfalsify-v05,1.0,1.0,1.0,5.944116902062259e-05,0.08465386927613575,0.0,1.0,0.3218854380002085,237768,5,sin(x2);x1;x3^2,-0.004114 + 1.999·x₁ + 0.4914·x₃² + 0.9871·sin(x₂),target federated MSE reached; no replacement passed the federated certificate
base,complementary,0.1,300,4,9013,centralized-tree-gp,0.0,0.3333333333333333,0.3333333333333333,5.944116899559136e-05,0.08465386927613575,0.0,1.0,0.7950479030000679,0,1512,"expr:add(sin(x2),x1);expr:add(square(x3),x1);x1",-0.004114 + 0.9871*(sin(x2)+x1) + 0.4914*((x3)^2+x1) + 0.5205*x1,generation budget reached
base,complementary,0.1,300,4,9013,federated-tree-gp-style,0.0,0.3333333333333333,0.3333333333333333,5.944116899557338e-05,0.08465386927613575,0.0,1.0,0.994928525999967,548480,1512,"expr:add(sin(x2),x1);expr:add(square(x3),x1);x1",-0.004114 + 0.9871*(sin(x2)+x1) + 0.4914*((x3)^2+x1) + 0.5205*x1,generation budget reached
base,complementary,0.1,300,4,9013,centralized-residual-counterexample-gp,0.0,0.3333333333333333,0.3333333333333333,5.944116899559136e-05,0.08465386927613575,0.0,1.0,0.8378705439999976,0,1502,"expr:add(sin(x2),x1);expr:add(square(x3),x1);x1",-0.004114 + 0.9871*(sin(x2)+x1) + 0.4914*((x3)^2+x1) + 0.5205*x1,generation budget reached
base,complementary,0.1,300,4,9014,fedfalsify-v05,1.0,1.0,1.0,1.6406344379465173e-05,0.08633029672403665,0.0,1.0,0.33128856299981635,237820,5,sin(x2);x1;x3^2,0.001893 + 2.003·x₁ + 0.5016·x₃² + 0.9827·sin(x₂),target federated MSE reached; no replacement passed the federated certificate
base,complementary,0.1,300,4,9014,centralized-tree-gp,0.0,0.5,0.6666666666666666,0.001078762515994308,0.0946277872257187,0.0,1.0,0.8617261780000263,0,1586,"cos(x3);expr:sin(mul(x3,x3));sin(x2);x1",1.405 - 1.419*cos(x3) - 0.1739*sin((x3*x3)) + 0.9825*sin(x2) + 2.002*x1,generation budget reached
base,complementary,0.1,300,4,9014,federated-tree-gp-style,0.0,0.5,0.6666666666666666,0.001078762515994307,0.09462778722571871,0.0,1.0,1.3438258639998821,638912,1586,"cos(x3);expr:sin(mul(x3,x3));sin(x2);x1",1.405 - 1.419*cos(x3) - 0.1739*sin((x3*x3)) + 0.9825*sin(x2) + 2.002*x1,generation budget reached
base,complementary,0.1,300,4,9014,centralized-residual-counterexample-gp,0.0,0.25,0.3333333333333333,2.1425504443498192e-05,0.08642034463664466,0.0,1.0,1.4431965430003402,0,1605,"cos(x3);expr:add(sin(x2),x1);expr:mul(sin(x3),x3);x1",2.284 + 0.9828*(sin(x2)+x1) - 2.274*cos(x3) - 0.6652*(sin(x3)*x3) + 1.021*x1,generation budget reached
base,complementary,0.1,300,4,9015,fedfalsify-v05,1.0,1.0,1.0,3.870796788601169e-05,0.09225530744616253,0.0,1.0,0.49668256099994323,237654,5,sin(x2);x1;x3^2,0.02016 + 1.991·x₁ + 0.4964·x₃² + 1.009·sin(x₂),target federated MSE reached; no replacement passed the federated certificate
base,complementary,0.1,300,4,9015,centralized-tree-gp,0.0,0.0,0.0,4.135815089506458e-05,0.09222795203727743,1.0,1.0,1.3474225960003423,0,1580,"expr:add(sin(x2),x1);expr:add(square(x3),x1);expr:add(square(x3),x4);expr:add(x1,x1)",0.02035 + 1.009*(sin(x2)+x1) + 0.5018*((x3)^2+x1) - 0.005479*((x3)^2+x4) + 0.2399*(x1+x1),generation budget reached
base,complementary,0.1,300,4,9015,federated-tree-gp-style,0.0,0.0,0.0,4.1358150895073894e-05,0.09222795203727745,1.0,1.0,1.5211244469996927,604992,1580,"expr:add(sin(x2),x1);expr:add(square(x3),x1);expr:add(square(x3),x4);expr:add(x1,x1)",0.02035 + 1.009*(sin(x2)+x1) + 0.5018*((x3)^2+x1) - 0.005479*((x3)^2+x4) + 0.2399*(x1+x1),generation budget reached
base,complementary,0.1,300,4,9015,centralized-residual-counterexample-gp,0.0,0.0,0.0,0.0028112805839709378,0.12766286531345905,1.0,1.0,0.8943851880003422,0,1558,"expr:add(sin(x2),sin(x4));expr:add(sin(x2),x1);expr:add(square(x3),x4);expr:add(x1,x1)",0.05665 - 0.6339*(sin(x2)+sin(x4)) + 1.629*(sin(x2)+x1) + 0.4637*((x3)^2+x4) + 0.1795*(x1+x1),generation budget reached
base,spurious,0.03,300,4,9011,fedfalsify-v05,1.0,1.0,1.0,4.850799938778649e-07,0.008347824322405868,0.0,1.0,0.2979221000000507,238474,5,sin(x2);x1;x3^2,-0.003593 + 2·x₁ + 0.5008·x₃² + 0.9999·sin(x₂),target federated MSE reached; no replacement passed the federated certificate
base,spurious,0.03,300,4,9011,centralized-tree-gp,0.0,0.0,0.0,0.0022556158725490845,0.01799101321772327,0.0,1.0,0.840695400000186,0,1531,"expr:add(sin(x1),square(x3));expr:add(sin(x2),x1);expr:add(x1,x1);expr:sin(add(x1,x1))",0.01434 + 0.4928*(sin(x1)+(x3)^2) + 1.008*(sin(x2)+x1) + 0.3734*(x1+x1) - 0.1806*sin((x1+x1)),generation budget reached
base,spurious,0.03,300,4,9011,federated-tree-gp-style,0.0,0.0,0.0,0.0022556158725491266,0.01799101321772326,0.0,1.0,1.122691439999926,579520,1531,"expr:add(sin(x1),square(x3));expr:add(sin(x2),x1);expr:add(x1,x1);expr:sin(add(x1,x1))",0.01434 + 0.4928*(sin(x1)+(x3)^2) + 1.008*(sin(x2)+x1) + 0.3734*(x1+x1) - 0.1806*sin((x1+x1)),generation budget reached
base,spurious,0.03,300,4,9011,centralized-residual-counterexample-gp,0.0,0.0,0.0,0.0022556158725490845,0.01799101321772327,0.0,1.0,0.9205060530002811,0,1525,"expr:add(sin(x1),square(x3));expr:add(sin(x2),x1);expr:add(x1,x1);expr:sin(add(x1,x1))",0.01434 + 0.4928*(sin(x1)+(x3)^2) + 1.008*(sin(x2)+x1) + 0.3734*(x1+x1) - 0.1806*sin((x1+x1)),generation budget reached
base,spurious,0.03,300,4,9012,fedfalsify-v05,1.0,1.0,1.0,1.4474955286611878e-06,0.007339966415384224,0.0,1.0,0.3085102130003179,238452,5,sin(x2);x1;x3^2,0.005731 + 2.001·x₁ + 0.4985·x₃² + 1.001·sin(x₂),target federated MSE reached; no replacement passed the federated certificate
base,spurious,0.03,300,4,9012,centralized-tree-gp,0.0,0.6666666666666666,0.6666666666666666,1.4474955321576242e-06,0.007339966415384225,0.0,1.0,0.8819365800000014,0,1621,"expr:add(sin(x2),x1);x1;x3^2",0.005731 + 1.001*(sin(x2)+x1) + 0.4985*(x3*x3) + 1.001*x1,generation budget reached
base,spurious,0.03,300,4,9012,federated-tree-gp-style,0.0,0.6666666666666666,0.6666666666666666,1.447495532157712e-06,0.007339966415384224,0.0,1.0,1.097544939999807,652864,1621,"expr:add(sin(x2),x1);x1;x3^2",0.005731 + 1.001*(sin(x2)+x1) + 0.4985*(x3*x3) + 1.001*x1,generation budget reached
base,spurious,0.03,300,4,9012,centralized-residual-counterexample-gp,0.0,0.6666666666666666,0.6666666666666666,1.4474955321576242e-06,0.007339966415384225,0.0,1.0,0.8756463649997386,0,1573,"expr:add(sin(x2),x1);x1;x3^2",0.005731 + 1.001*(sin(x2)+x1) + 0.4985*(x3*x3) + 1.001*x1,generation budget reached
base,spurious,0.03,300,4,9013,fedfalsify-v05,1.0,1.0,1.0,4.9229179310632436e-06,0.008406170137167544,0.0,1.0,0.29948447100014164,238325,5,sin(x2);x1;x3^2,-0.008963 + 1.998·x₁ + 0.5028·x₃² + 1.007·sin(x₂),target federated MSE reached; no replacement passed the federated certificate
base,spurious,0.03,300,4,9013,centralized-tree-gp,0.0,0.3333333333333333,0.3333333333333333,0.0004568700496454331,0.01168094892526093,0.0,1.0,0.869290177000039,0,1617,"expr:add(cos(x3),square(x3));expr:add(sin(x2),x1);x1",-0.6937 + 0.7529*(cos(x3)+(x3)^2) + 1.009*(sin(x2)+x1) + 0.99*x1,generation budget reached
base,spurious,0.03,300,4,9013,federated-tree-gp-style,0.0,0.3333333333333333,0.3333333333333333,0.0004568700496454303,0.011680948925260932,0.0,1.0,1.320310167000116,636032,1617,"expr:add(cos(x3),square(x3));expr:add(sin(x2),x1);x1",-0.6937 + 0.7529*(cos(x3)+(x3)^2) + 1.009*(sin(x2)+x1) + 0.99*x1,generation budget reached
base,spurious,0.03,300,4,9013,centralized-residual-counterexample-gp,0.0,0.25,0.3333333333333333,0.0004679522481285914,0.011853189220977172,0.0,1.0,1.4536226810000699,0,1591,"expr:add(sin(x2),x1);expr:square(add(sin(x3),sin(x3)));expr:square(mul(x3,x3));x1",-0.0571 + 1.007*(sin(x2)+x1) + 0.1849*((sin(x3)+sin(x3)))^2 + 0.08413*((x3*x3))^2 + 0.9932*x1,generation budget reached
base,spurious,0.03,300,4,9014,fedfalsify-v05,1.0,1.0,1.0,1.649719684140743e-06,0.008148614715406635,0.0,1.0,0.48330671900021116,238160,5,sin(x2);x1;x3^2,-0.002344 + 1.998·x₁ + 0.501·x₃² + 1.003·sin(x₂),target federated MSE reached; no replacement passed the federated certificate
base,spurious,0.03,300,4,9014,centralized-tree-gp,0.0,0.3333333333333333,0.3333333333333333,1.649719684098461e-06,0.008148614715406635,0.0,1.0,1.4518451180001648,0,1624,"expr:add(sin(x2),x1);expr:add(square(x3),square(x3));x1",-0.002344 + 1.003*(sin(x2)+x1) + 0.2505*((x3)^2+(x3)^2) + 0.995*x1,generation budget reached
base,spurious,0.03,300,4,9014,federated-tree-gp-style,0.0,0.3333333333333333,0.3333333333333333,1.6497196840981996e-06,0.008148614715406637,0.0,1.0,1.670772095999837,667456,1624,"expr:add(sin(x2),x1);expr:add(square(x3),square(x3));x1",-0.002344 + 1.003*(sin(x2)+x1) + 0.2505*((x3)^2+(x3)^2) + 0.995*x1,generation budget reached
base,spurious,0.03,300,4,9014,centralized-residual-counterexample-gp,0.0,0.3333333333333333,0.3333333333333333,1.6497196880715714e-06,0.008148614715406637,0.0,1.0,0.9650533450003422,0,1616,"expr:add(sin(x2),square(x3));expr:add(sin(x2),x1);x1",-0.002344 + 0.501*(sin(x2)+(x3)^2) + 0.5017*(sin(x2)+x1) + 1.496*x1,generation budget reached
base,spurious,0.03,300,4,9015,fedfalsify-v05,1.0,1.0,1.0,2.3293042069219315e-06,0.008082622504486664,0.0,1.0,0.29657204700015427,238391,5,sin(x2);x1;x3^2,0.003895 + 1.999·x₁ + 0.5003·x₃² + 1.004·sin(x₂),target federated MSE reached; no replacement passed the federated certificate
base,spurious,0.03,300,4,9015,centralized-tree-gp,0.0,0.0,0.0,0.003387109734545915,0.0305586531599002,0.0,1.0,0.8845871169996826,0,1587,"expr:add(sin(x1),square(x3));expr:add(sin(x2),x1);expr:add(x1,x1);expr:square(add(cos(x2),square(x3)))",0.06804 + 0.4075*(sin(x1)+(x3)^2) + 1.011*(sin(x2)+x1) + 0.3938*(x1+x1) + 0.01516*((cos(x2)+(x3)^2))^2,generation budget reached
base,spurious,0.03,300,4,9015,federated-tree-gp-style,0.0,0.0,0.0,0.00338710973454597,0.0305586531599002,0.0,1.0,1.1104431210001167,630784,1587,"expr:add(sin(x1),square(x3));expr:add(sin(x2),x1);expr:add(x1,x1);expr:square(add(cos(x2),square(x3)))",0.06804 + 0.4075*(sin(x1)+(x3)^2) + 1.011*(sin(x2)+x1) + 0.3938*(x1+x1) + 0.01516*((cos(x2)+(x3)^2))^2,generation budget reached
base,spurious,0.03,300,4,9015,centralized-residual-counterexample-gp,0.0,0.0,0.0,0.004116370759395574,0.03443916336790557,0.0,1.0,0.8742640450000181,0,1563,"expr:add(sin(x1),square(x3));expr:add(sin(x2),x1);expr:add(x1,x1)",0.04533 + 0.4824*(sin(x1)+(x3)^2) + 1.017*(sin(x2)+x1) + 0.3733*(x1+x1),generation budget reached
base,spurious,0.1,300,4,9011,fedfalsify-v05,1.0,1.0,1.0,5.3897776957257875e-06,0.09275360358228747,0.0,1.0,0.30600730100013607,237899,5,sin(x2);x1;x3^2,-0.01198 + 1.999·x₁ + 0.5026·x₃² + 0.9996·sin(x₂),target federated MSE reached; no replacement passed the federated certificate
base,spurious,0.1,300,4,9011,centralized-tree-gp,0.0,0.0,0.0,7.227666477315918e-06,0.09274639390142281,0.0,1.0,0.7888633789998494,0,1525,"expr:add(sin(x1),square(x3));expr:add(sin(x1),x1);expr:add(sin(x2),x1);expr:add(x1,x1)",-0.01186 + 0.5026*(sin(x1)+(x3)^2) - 0.4944*(sin(x1)+x1) + 0.9998*(sin(x2)+x1) + 0.7447*(x1+x1),generation budget reached
base,spurious,0.1,300,4,9011,federated-tree-gp-style,0.0,0.0,0.0,7.2276664773000755e-06,0.09274639390142281,0.0,1.0,1.0507201289997283,569984,1525,"expr:add(sin(x1),square(x3));expr:add(sin(x1),x1);expr:add(sin(x2),x1);expr:add(x1,x1)",-0.01186 + 0.5026*(sin(x1)+(x3)^2) - 0.4944*(sin(x1)+x1) + 0.9998*(sin(x2)+x1) + 0.7447*(x1+x1),generation budget reached
base,spurious,0.1,300,4,9011,centralized-residual-counterexample-gp,0.0,0.0,0.0,7.227666477315918e-06,0.09274639390142281,0.0,1.0,0.8567202089998318,0,1525,"expr:add(sin(x1),square(x3));expr:add(sin(x1),x1);expr:add(sin(x2),x1);expr:add(x1,x1)",-0.01186 + 0.5026*(sin(x1)+(x3)^2) - 0.4944*(sin(x1)+x1) + 0.9998*(sin(x2)+x1) + 0.7447*(x1+x1),generation budget reached
base,spurious,0.1,300,4,9012,fedfalsify-v05,1.0,1.0,1.0,1.6083283692329883e-05,0.08155518239315805,0.0,1.0,0.30527537300031327,237940,5,sin(x2);x1;x3^2,0.0191 + 2.005·x₁ + 0.4949·x₃² + 1.002·sin(x₂),target federated MSE reached; no replacement passed the federated certificate
base,spurious,0.1,300,4,9012,centralized-tree-gp,0.0,0.3333333333333333,0.3333333333333333,1.6083283703827244e-05,0.08155518239315805,0.0,1.0,0.8999849770002584,0,1606,"expr:add(sin(x2),x1);expr:add(square(x3),x1);x1",0.0191 + 1.002*(sin(x2)+x1) + 0.4949*((x3)^2+x1) + 0.5077*x1,generation budget reached
base,spurious,0.1,300,4,9012,federated-tree-gp-style,0.0,0.3333333333333333,0.3333333333333333,1.608328370382516e-05,0.08155518239315805,0.0,1.0,1.226912263000031,643072,1606,"expr:add(sin(x2),x1);expr:add(square(x3),x1);x1",0.0191 + 1.002*(sin(x2)+x1) + 0.4949*((x3)^2+x1) + 0.5077*x1,generation budget reached
base,spurious,0.1,300,4,9012,centralized-residual-counterexample-gp,0.0,0.0,0.0,1.608328370871612e-05,0.08155518239315805,0.0,1.0,1.4698300730001392,0,1600,"expr:add(sin(x2),x1);expr:add(square(x3),x1);expr:add(x1,x1)",0.0191 + 1.002*(sin(x2)+x1) + 0.4949*((x3)^2+x1) + 0.2538*(x1+x1),generation budget reached
base,spurious,0.1,300,4,9013,fedfalsify-v05,1.0,1.0,1.0,5.469908815341862e-05,0.09340189041297274,0.0,1.0,0.4626148099996499,237771,5,sin(x2);x1;x3^2,-0.02988 + 1.995·x₁ + 0.5092·x₃² + 1.023·sin(x₂),target federated MSE reached; no replacement passed the federated certificate
base,spurious,0.1,300,4,9013,centralized-tree-gp,0.0,0.25,0.3333333333333333,0.0002240509689575302,0.09446770833384005,0.0,1.0,1.4079312560002109,0,1576,"expr:add(sin(x2),x1);expr:mul(cos(x3),square(x3));expr:mul(sin(x3),sin(x3));sin(x2)",-0.05795 + 1.996*(sin(x2)+x1) - 0.5896*(cos(x3)*(x3)^2) + 1.255*(sin(x3)*sin(x3)) - 0.9732*sin(x2),generation budget reached
base,spurious,0.1,300,4,9013,federated-tree-gp-style,0.0,0.25,0.3333333333333333,0.00022405096895753167,0.09446770833384005,0.0,1.0,1.6762902189998385,603648,1576,"expr:add(sin(x2),x1);expr:mul(cos(x3),square(x3));expr:mul(sin(x3),sin(x3));sin(x2)",-0.05795 + 1.996*(sin(x2)+x1) - 0.5896*(cos(x3)*(x3)^2) + 1.255*(sin(x3)*sin(x3)) - 0.9732*sin(x2),generation budget reached
base,spurious,0.1,300,4,9013,centralized-residual-counterexample-gp,0.0,0.25,0.3333333333333333,0.004790949720386712,0.13580526030161869,1.0,1.0,0.938074701000005,0,1566,"expr:add(sin(x2),x1);expr:add(sin(x3),square(x3));expr:square(add(cos(x4),square(x3)));sin(x2)",0.1225 + 1.995*(sin(x2)+x1) + 0.1576*(sin(x3)+(x3)^2) - 0.965*sin(x2) + 0.05543*((cos(x4)+(x3)^2))^2,generation budget reached
base,spurious,0.1,300,4,9014,fedfalsify-v05,1.0,1.0,1.0,1.833021867625086e-05,0.0905401635045182,0.0,1.0,0.31903351500022836,237509,5,sin(x2);x1;x3^2,-0.007814 + 1.993·x₁ + 0.5034·x₃² + 1.009·sin(x₂),target federated MSE reached; no replacement passed the federated certificate
base,spurious,0.1,300,4,9014,centralized-tree-gp,0.0,0.25,0.3333333333333333,0.00011070060793373885,0.09011935394310257,0.0,1.0,0.9026509330001318,0,1568,"expr:add(sin(x1),sin(x2));expr:add(sin(x1),square(x3));expr:add(sin(x2),x1);x1",-0.0067 - 0.4432*(sin(x1)+sin(x2)) + 0.5039*(sin(x1)+(x3)^2) + 1.454*(sin(x2)+x1) + 0.5098*x1,generation budget reached
base,spurious,0.1,300,4,9014,federated-tree-gp-style,0.0,0.25,0.3333333333333333,0.00011070060793374503,0.09011935394310255,0.0,1.0,1.1481997939999928,623872,1568,"expr:add(sin(x1),sin(x2));expr:add(sin(x1),square(x3));expr:add(sin(x2),x1);x1",-0.0067 - 0.4432*(sin(x1)+sin(x2)) + 0.5039*(sin(x1)+(x3)^2) + 1.454*(sin(x2)+x1) + 0.5098*x1,generation budget reached
base,spurious,0.1,300,4,9014,centralized-residual-counterexample-gp,0.0,0.0,0.0,0.00422171055761824,0.11183031589198535,0.0,1.0,0.9943318460000228,0,1593,"expr:add(sin(x1),square(x3));expr:add(sin(x2),x1);expr:add(x1,x1)",0.03286 + 0.4861*(sin(x1)+(x3)^2) + 1.021*(sin(x2)+x1) + 0.3703*(x1+x1),generation budget reached
base,spurious,0.1,300,4,9015,fedfalsify-v05,1.0,1.0,1.0,2.5881157885299596e-05,0.08980691671651853,0.0,1.0,0.32324095000012676,237809,5,sin(x2);x1;x3^2,0.01298 + 1.997·x₁ + 0.5011·x₃² + 1.013·sin(x₂),target federated MSE reached; no replacement passed the federated certificate
base,spurious,0.1,300,4,9015,centralized-tree-gp,0.0,0.25,0.3333333333333333,3.1089841336718054e-05,0.0897507120374404,1.0,1.0,0.9076329289996465,0,1596,"expr:add(sin(x2),x1);expr:sin(mul(square(x4),x4));expr:square(add(x3,x3));x1",0.01318 + 1.014*(sin(x2)+x1) + 0.01469*sin(((x4)^2*x4)) + 0.1252*((x3+x3))^2 + 0.9831*x1,generation budget reached
base,spurious,0.1,300,4,9015,federated-tree-gp-style,0.0,0.25,0.3333333333333333,3.1089841336745145e-05,0.0897507120374404,1.0,1.0,1.2438506890002827,621504,1596,"expr:add(sin(x2),x1);expr:sin(mul(square(x4),x4));expr:square(add(x3,x3));x1",0.01318 + 1.014*(sin(x2)+x1) + 0.01469*sin(((x4)^2*x4)) + 0.1252*((x3+x3))^2 + 0.9831*x1,generation budget reached
base,spurious,0.1,300,4,9015,centralized-residual-counterexample-gp,0.0,0.25,0.3333333333333333,2.7667891545991412e-05,0.08978863105910072,0.0,1.0,0.9564465660000678,0,1606,"expr:add(sin(x2),x1);expr:add(square(x3),x1);expr:cos(mul(square(x3),x2));x1",0.007639 + 1.013*(sin(x2)+x1) + 0.5027*((x3)^2+x1) + 0.007128*cos(((x3)^2*x2)) + 0.4819*x1,generation budget reached
base,exception,0.03,300,4,9011,fedfalsify-v05,1.0,1.0,1.0,2.0453319664584073e-06,0.01393230024679068,0.0,1.0,0.43867341499981194,308007,7,I(x3>1)*x3^2;sin(x2);x1;x3^2,-0.001521 + 1.999·x₁ + 0.7465·𝟙[x₃>1]·x₃² + 0.5012·x₃² + 1.001·sin(x₂),target federated MSE reached; no replacement passed the federated certificate
base,exception,0.03,300,4,9011,centralized-tree-gp,0.0,0.5,0.5,0.015423860235853374,0.1607870770795733,0.0,1.0,0.8548986410000907,0,1580,"I(x3>1)*x3^2;expr:add(square(x3),x1);x1;x2",0.01892 + 0.5034*((x3)^2+x1) + 0.7176*I(x3>1)*((x3)^2) + 1.485*x1 + 0.4223*x2,generation budget reached
base,exception,0.03,300,4,9011,federated-tree-gp-style,0.0,0.5,0.5,0.015423860235853572,0.16078707707957332,0.0,1.0,1.3681847130001188,632000,1580,"I(x3>1)*x3^2;expr:add(square(x3),x1);x1;x2",0.01892 + 0.5034*((x3)^2+x1) + 0.7176*I(x3>1)*((x3)^2) + 1.485*x1 + 0.4223*x2,generation budget reached
base,exception,0.03,300,4,9011,centralized-residual-counterexample-gp,0.0,0.25,0.25,0.0031468644714357902,0.0548416007714217,0.0,1.0,1.3404680690000532,0,1540,"I(x3>1)*x3^2;expr:add(sin(x2),sin(x3));expr:add(sin(x3),square(x3));expr:add(square(x3),x1)",-0.02392 + 1.198*(sin(x2)+sin(x3)) - 1.47*(sin(x3)+(x3)^2) + 1.945*((x3)^2+x1) + 0.8378*I(x3>1)*((x3)^2),generation budget reached
base,exception,0.03,300,4,9012,fedfalsify-v05,1.0,1.0,1.0,1.4818855509787231e-06,0.01248098010633242,0.0,1.0,0.6301456360001794,307746,7,I(x3>1)*x3^2;sin(x2);x1;x3^2,0.002421 + 1.999·x₁ + 0.7504·𝟙[x₃>1]·x₃² + 0.5005·x₃² + 1.002·sin(x₂),target federated MSE reached; no replacement passed the federated certificate
base,exception,0.03,300,4,9012,centralized-tree-gp,0.0,0.0,0.0,0.0021671271958820367,0.039540696439735186,0.0,0.0,1.7839959249999993,0,1579,"expr:add(sin(x2),square(x3));expr:add(sin(x2),x1);expr:add(square(x3),x1);expr:mul(square(x3),x3)",-0.08308 - 0.0504*(sin(x2)+(x3)^2) + 1.079*(sin(x2)+x1) + 0.9372*((x3)^2+x1) + 0.1755*((x3)^2*x3),generation budget reached
base,exception,0.03,300,4,9012,federated-tree-gp-style,0.0,0.0,0.0,0.0021671271958820346,0.039540696439735186,0.0,0.0,1.3919953650001844,635648,1579,"expr:add(sin(x2),square(x3));expr:add(sin(x2),x1);expr:add(square(x3),x1);expr:mul(square(x3),x3)",-0.08308 - 0.0504*(sin(x2)+(x3)^2) + 1.079*(sin(x2)+x1) + 0.9372*((x3)^2+x1) + 0.1755*((x3)^2*x3),generation budget reached
base,exception,0.03,300,4,9012,centralized-residual-counterexample-gp,0.0,0.0,0.0,0.0016098036724036336,0.033921843106026056,0.0,0.0,0.9292083109999112,0,1584,"expr:add(sin(x2),x1);expr:add(square(x3),x1);expr:mul(square(x3),x3);expr:sin(mul(sin(x3),square(x3)))",-0.08187 + 1.087*(sin(x2)+x1) + 0.8964*((x3)^2+x1) + 0.1817*((x3)^2*x3) + 0.1781*sin((sin(x3)*(x3)^2)),generation budget reached
base,exception,0.03,300,4,9013,fedfalsify-v05,1.0,1.0,1.0,3.88974975560406e-06,0.013379152172843996,0.0,1.0,1.8682966359997408,1980978,8,I(x3>1)*x3^2;sin(x2);x1;x3^2,-0.003335 + 2·x₁ + 0.7496·𝟙[x₃>1]·x₃² + 0.9952·sin(x₂) + 0.4985·x₃²,target federated MSE reached; no replacement passed the federated certificate
base,exception,0.03,300,4,9013,centralized-tree-gp,0.0,0.0,0.0,0.024360964600937292,0.3068255724256319,1.0,0.0,0.8391291359998831,0,1554,"expr:add(cos(x3),x1);expr:add(cos(x4),x2);expr:add(square(x3),x1);expr:add(square(x3),x3)",-1.534 + 1.328*(cos(x3)+x1) + 0.3874*(cos(x4)+x2) + 0.7089*((x3)^2+x1) + 0.6154*((x3)^2+x3),generation budget reached
base,exception,0.03,300,4,9013,federated-tree-gp-style,0.0,0.0,0.0,0.024360964600937354,0.30682557242563185,1.0,0.0,1.0860521370000242,596224,1554,"expr:add(cos(x3),x1);expr:add(cos(x4),x2);expr:add(square(x3),x1);expr:add(square(x3),x3)",-1.534 + 1.328*(cos(x3)+x1) + 0.3874*(cos(x4)+x2) + 0.7089*((x3)^2+x1) + 0.6154*((x3)^2+x3),generation budget reached
base,exception,0.03,300,4,9013,centralized-residual-counterexample-gp,0.0,0.0,0.0,0.03059978184875341,0.31664910022397874,1.0,0.0,0.9019722739999452,0,1577,"expr:add(cos(x4),x2);expr:add(sin(x1),x3);expr:add(sin(x3),square(x3));expr:add(square(x3),x1)",-0.3542 + 0.4065*(cos(x4)+x2) + 0.9415*(sin(x1)+x3) - 0.6349*(sin(x3)+(x3)^2) + 1.541*((x3)^2+x1),generation budget reached
base,exception,0.03,300,4,9014,fedfalsify-v05,1.0,1.0,1.0,1.998322706315519e-06,0.013070386713664587,0.0,1.0,0.442357668999648,307816,7,I(x3>1)*x3^2;sin(x2);x1;x3^2,0.0004126 + 2.001·x₁ + 0.7505·𝟙[x₃>1]·x₃² + 0.5004·x₃² + 0.993·sin(x₂),target federated MSE reached; no replacement passed the federated certificate
base,exception,0.03,300,4,9014,centralized-tree-gp,0.0,0.25,0.25,1.998322709024747e-06,0.013070386713664587,0.0,1.0,0.9115036670000336,0,1607,"I(x3>1)*x3^2;expr:add(sin(x2),x1);expr:add(square(x3),x1);expr:add(x1,x1)",0.0004126 + 0.993*(sin(x2)+x1) + 0.5004*((x3)^2+x1) + 0.2538*(x1+x1) + 0.7505*I(x3>1)*((x3)^2),generation budget reached
base,exception,0.03,300,4,9014,federated-tree-gp-style,0.0,0.25,0.25,1.9983227090254814e-06,0.013070386713664587,0.0,1.0,1.1886189869996997,672896,1607,"I(x3>1)*x3^2;expr:add(sin(x2),x1);expr:add(square(x3),x1);expr:add(x1,x1)",0.0004126 + 0.993*(sin(x2)+x1) + 0.5004*((x3)^2+x1) + 0.2538*(x1+x1) + 0.7505*I(x3>1)*((x3)^2),generation budget reached
base,exception,0.03,300,4,9014,centralized-residual-counterexample-gp,0.0,0.0,0.0,0.013178453889226907,0.13662986975976377,0.0,0.0,1.101912011999957,0,1622,"expr:add(sin(x1),sin(x2));expr:add(square(x3),x1);expr:add(x1,x1);expr:mul(sin(x3),square(x3))",-0.1124 + 0.8169*(sin(x1)+sin(x2)) + 0.9146*((x3)^2+x1) + 0.3466*(x1+x1) + 0.4614*(sin(x3)*(x3)^2),generation budget reached
base,exception,0.03,300,4,9015,fedfalsify-v05,1.0,1.0,1.0,6.140066301085294e-06,0.014094908865715733,0.0,1.0,0.6246879459999946,307773,7,I(x3>1)*x3^2;sin(x2);x1;x3^2,0.006263 + 1.996·x₁ + 0.7518·𝟙[x₃>1]·x₃² + 0.499·x₃² + 1.003·sin(x₂),target federated MSE reached; no replacement passed the federated certificate
base,exception,0.03,300,4,9015,centralized-tree-gp,0.0,0.0,0.0,0.015708428440257625,0.18941515260385897,0.0,0.0,1.4871041470000819,0,1610,"cos(x1);expr:add(cos(x1),x1);expr:add(sin(x2),square(x3));expr:add(sin(x2),x3)",0.1259 + 2.021*(cos(x1)+x1) + 0.8274*(sin(x2)+(x3)^2) + 0.5314*(sin(x2)+x3) - 2.074*cos(x1),generation budget reached
base,exception,0.03,300,4,9015,federated-tree-gp-style,0.0,0.0,0.0,0.015708428440257625,0.18941515260385897,0.0,0.0,1.8660565230002248,653824,1610,"cos(x1);expr:add(cos(x1),x1);expr:add(sin(x2),square(x3));expr:add(sin(x2),x3)",0.1259 + 2.021*(cos(x1)+x1) + 0.8274*(sin(x2)+(x3)^2) + 0.5314*(sin(x2)+x3) - 2.074*cos(x1),generation budget reached
base,exception,0.03,300,4,9015,centralized-residual-counterexample-gp,0.0,0.0,0.0,0.009865714061556343,0.15496431367860083,0.0,0.0,1.1464342840004065,0,1587,"cos(x1);expr:add(cos(x1),x1);expr:add(sin(x2),x3);expr:add(square(x3),x1)",-0.08919 + 1.086*(cos(x1)+x1) + 0.7515*(sin(x2)+x3) + 0.9063*((x3)^2+x1) - 1.134*cos(x1),generation budget reached
base,exception,0.1,300,4,9011,fedfalsify-v05,1.0,1.0,1.0,2.272591074354755e-05,0.154803336075452,0.0,1.0,0.5247563090001677,458731,7,I(x3>1)*x3^2;sin(x2);x1;x3^2,-0.005069 + 1.998·x₁ + 0.7382·𝟙[x₃>1]·x₃² + 0.504·x₃² + 1.005·sin(x₂),target federated MSE reached; no replacement passed the federated certificate
base,exception,0.1,300,4,9011,centralized-tree-gp,0.0,0.0,0.0,0.002936443823422127,0.1865389545093286,0.0,0.0,0.8901792569999998,0,1595,"expr:add(sin(x2),x1);expr:add(square(x3),x1);expr:mul(sin(x3),square(x3))",-0.09939 + 1.076*(sin(x2)+x1) + 0.9065*((x3)^2+x1) + 0.4291*(sin(x3)*(x3)^2),generation budget reached
base,exception,0.1,300,4,9011,federated-tree-gp-style,0.0,0.0,0.0,0.002936443823422127,0.1865389545093286,0.0,0.0,1.1326911440000913,636864,1595,"expr:add(sin(x2),x1);expr:add(square(x3),x1);expr:mul(sin(x3),square(x3))",-0.09939 + 1.076*(sin(x2)+x1) + 0.9065*((x3)^2+x1) + 0.4291*(sin(x3)*(x3)^2),generation budget reached
base,exception,0.1,300,4,9011,centralized-residual-counterexample-gp,0.0,0.0,0.0,0.002936443823422127,0.1865389545093286,0.0,0.0,0.9121555910001007,0,1567,"expr:add(sin(x2),x1);expr:add(square(x3),x1);expr:mul(sin(x3),square(x3))",-0.09939 + 1.076*(sin(x2)+x1) + 0.9065*((x3)^2+x1) + 0.4291*(sin(x3)*(x3)^2),generation budget reached
base,exception,0.1,300,4,9012,fedfalsify-v05,1.0,1.0,1.0,1.6465394997421465e-05,0.13867755673702686,0.0,1.0,1.2758160360003785,1348600,7,I(x3>1)*x3^2;sin(x2);x1;x3^2,0.008069 + 1.995·x₁ + 0.7513·𝟙[x₃>1]·x₃² + 1.007·sin(x₂) + 0.5016·x₃²,target federated MSE reached; no replacement passed the federated certificate
base,exception,0.1,300,4,9012,centralized-tree-gp,0.0,0.0,0.0,0.008947321339614404,0.27415187261750856,0.0,0.0,0.9384535590002088,0,1619,"expr:add(sin(x2),x1);expr:add(square(x3),x3);expr:sin(add(cos(x2),x2));expr:sin(add(cos(x3),sin(x2)))",0.6472 + 1.975*(sin(x2)+x1) + 0.6807*((x3)^2+x3) - 0.1876*sin((cos(x2)+x2)) - 0.9909*sin((cos(x3)+sin(x2))),generation budget reached
base,exception,0.1,300,4,9012,federated-tree-gp-style,0.0,0.0,0.0,0.008947321339614404,0.27415187261750856,0.0,0.0,1.2236841189996994,663744,1619,"expr:add(sin(x2),x1);expr:add(square(x3),x3);expr:sin(add(cos(x2),x2));expr:sin(add(cos(x3),sin(x2)))",0.6472 + 1.975*(sin(x2)+x1) + 0.6807*((x3)^2+x3) - 0.1876*sin((cos(x2)+x2)) - 0.9909*sin((cos(x3)+sin(x2))),generation budget reached
base,exception,0.1,300,4,9012,centralized-residual-counterexample-gp,0.0,0.25,0.25,0.010539953258280995,0.2669368366531185,0.0,1.0,0.9314952929998981,0,1577,"I(x3>1)*x3^2;expr:add(sin(x1),x1);expr:add(sin(x2),x1);expr:mul(square(x3),square(x3))",0.3869 + 0.5668*(sin(x1)+x1) + 1.125*(sin(x2)+x1) + 0.7901*I(x3>1)*((x3)^2) + 0.08542*((x3)^2*(x3)^2),generation budget reached
base,exception,0.1,300,4,9013,fedfalsify-v05,1.0,1.0,1.0,4.321944168780022e-05,0.1486572463649333,0.0,1.0,1.4060449930002505,1379758,7,I(x3>1)*x3^2;sin(x2);x1;x3^2,-0.01112 + 2·x₁ + 0.7488·𝟙[x₃>1]·x₃² + 0.9841·sin(x₂) + 0.4951·x₃²,target federated MSE reached; no replacement passed the federated certificate
base,exception,0.1,300,4,9013,centralized-tree-gp,0.0,0.0,0.0,0.007983243750283791,0.27146111508383847,0.0,0.0,1.378385415000139,0,1577,"expr:add(cos(x3),x3);expr:add(x1,x3);expr:sin(add(cos(x2),x2));expr:square(add(square(x3),x3))",1.244 - 1.752*(cos(x3)+x3) + 2.031*(x1+x3) + 0.8377*sin((cos(x2)+x2)) + 0.05654*(((x3)^2+x3))^2,generation budget reached
base,exception,0.1,300,4,9013,federated-tree-gp-style,0.0,0.0,0.0,0.007983243750283829,0.27146111508383847,0.0,0.0,1.8033497460000945,620416,1577,"expr:add(cos(x3),x3);expr:add(x1,x3);expr:sin(add(cos(x2),x2));expr:square(add(square(x3),x3))",1.244 - 1.752*(cos(x3)+x3) + 2.031*(x1+x3) + 0.8377*sin((cos(x2)+x2)) + 0.05654*(((x3)^2+x3))^2,generation budget reached
base,exception,0.1,300,4,9013,centralized-residual-counterexample-gp,0.0,0.0,0.0,0.014419831971575182,0.3717016436658464,1.0,0.0,1.5108085520000714,0,1611,"expr:add(cos(x3),x3);expr:add(x1,x3);expr:sin(mul(cos(x4),x2));expr:square(add(square(x3),x3))",1.546 - 1.752*(cos(x3)+x3) + 2.024*(x1+x3) + 0.8421*sin((cos(x4)*x2)) + 0.05792*(((x3)^2+x3))^2,generation budget reached
base,exception,0.1,300,4,9014,fedfalsify-v05,1.0,1.0,1.0,2.2203585603136384e-05,0.1452265190407177,0.0,1.0,0.6115866360000837,458439,7,I(x3>1)*x3^2;sin(x2);x1;x3^2,0.001375 + 2.003·x₁ + 0.7518·𝟙[x₃>1]·x₃² + 0.5013·x₃² + 0.9768·sin(x₂),target federated MSE reached; no replacement passed the federated certificate
base,exception,0.1,300,4,9014,centralized-tree-gp,0.0,0.5,0.5,0.0003067119278429154,0.1493780222657314,0.0,1.0,0.880253635000372,0,1584,"I(x3>1)*x3^2;expr:add(cos(x3),square(x3));expr:add(x1,x1);sin(x2)",-0.648 + 0.7309*(cos(x3)+(x3)^2) + 1.004*(x1+x1) + 0.7502*I(x3>1)*((x3)^2) + 0.9805*sin(x2),generation budget reached
base,exception,0.1,300,4,9014,federated-tree-gp-style,0.0,0.5,0.5,0.0003067119278429158,0.1493780222657314,0.0,1.0,1.0923723770001743,628416,1584,"I(x3>1)*x3^2;expr:add(cos(x3),square(x3));expr:add(x1,x1);sin(x2)",-0.648 + 0.7309*(cos(x3)+(x3)^2) + 1.004*(x1+x1) + 0.7502*I(x3>1)*((x3)^2) + 0.9805*sin(x2),generation budget reached
base,exception,0.1,300,4,9014,centralized-residual-counterexample-gp,0.0,0.5,0.5,2.2203585614175378e-05,0.1452265190407177,0.0,1.0,0.9015491899999688,0,1592,"I(x3>1)*x3^2;expr:add(square(x3),x1);expr:add(x1,x1);sin(x2)",0.001375 + 0.5013*((x3)^2+x1) + 0.7511*(x1+x1) + 0.7518*I(x3>1)*((x3)^2) + 0.9768*sin(x2),generation budget reached
base,exception,0.1,300,4,9015,fedfalsify-v05,1.0,1.0,1.0,6.822295882229212e-05,0.15661009850795268,0.0,1.0,0.671668813999986,611520,7,I(x3>1)*x3^2;sin(x2);x1;x3^2,0.02088 + 1.986·x₁ + 0.7561·𝟙[x₃>1]·x₃² + 0.4965·x₃² + 1.009·sin(x₂),target federated MSE reached; no replacement passed the federated certificate
base,exception,0.1,300,4,9015,centralized-tree-gp,0.0,0.0,0.0,0.025326763962371487,0.3571463204835809,0.0,0.0,0.8636986189999334,0,1594,"expr:add(square(x3),x1);expr:add(x2,x3);expr:cos(add(cos(x2),sin(x2)));expr:square(add(x3,x3))",0.4859 + 1.98*((x3)^2+x1) + 0.5526*(x2+x3) - 0.8901*cos((cos(x2)+sin(x2))) - 0.2772*((x3+x3))^2,generation budget reached
base,exception,0.1,300,4,9015,federated-tree-gp-style,0.0,0.0,0.0,0.025326763962371587,0.3571463204835809,0.0,0.0,1.1260166829997615,644992,1594,"expr:add(square(x3),x1);expr:add(x2,x3);expr:cos(add(cos(x2),sin(x2)));expr:square(add(x3,x3))",0.4859 + 1.98*((x3)^2+x1) + 0.5526*(x2+x3) - 0.8901*cos((cos(x2)+sin(x2))) - 0.2772*((x3+x3))^2,generation budget reached
base,exception,0.1,300,4,9015,centralized-residual-counterexample-gp,0.0,0.0,0.0,0.018734999884013958,0.3955681764312615,0.0,0.0,0.8915010679997977,0,1555,"expr:add(square(x3),x1);expr:add(x1,x3);expr:sin(add(sin(x1),sin(x2)))",-0.07852 + 0.9138*((x3)^2+x1) + 0.7058*(x1+x3) + 1.198*sin((sin(x1)+sin(x2))),generation budget reached
poly3,complementary,0.03,300,4,9011,fedfalsify-v05,1.0,1.0,1.0,5.729220146383949e-07,0.05801889554553837,0.0,1.0,0.3805313150000984,267978,6,x1;x1^2;x1^3,-0.002498 + 0.9982·x₁ + 0.9997·x₁³ + 0.9988·x₁²,target federated MSE reached; no replacement passed the federated certificate
poly3,complementary,0.03,300,4,9011,centralized-tree-gp,0.0,0.3333333333333333,0.3333333333333333,0.0003819304311677123,0.0855809372430977,0.0,1.0,0.8814294170001631,0,1595,"expr:add(cos(x1),sin(x1));sin(x1);x1^3",2.579 - 2.719*(cos(x1)+sin(x1)) + 1.108*((x1)^2*x1) + 3.851*sin(x1) + 0.000733*(((x1)^2*(x1)^2))^2,generation budget reached
poly3,complementary,0.03,300,4,9011,federated-tree-gp-style,0.0,0.3333333333333333,0.3333333333333333,0.0003819304311677302,0.08558093724309773,0.0,1.0,1.1439713350000602,639104,1595,"expr:add(cos(x1),sin(x1));sin(x1);x1^3",2.579 - 2.719*(cos(x1)+sin(x1)) + 1.108*((x1)^2*x1) + 3.851*sin(x1) + 0.000733*(((x1)^2*(x1)^2))^2,generation budget reached
poly3,complementary,0.03,300,4,9011,centralized-residual-counterexample-gp,0.0,0.3333333333333333,0.3333333333333333,0.000381930430970205,0.08558093724309773,0.0,1.0,1.06420246100015,0,1590,"expr:add(cos(x1),cos(x1));sin(x1);x1^3",2.579 - 1.36*(cos(x1)+cos(x1)) + 1.108*((x1)^2*x1) + 1.131*sin(x1) + 0.000733*(((x1)^2*(x1)^2))^2,generation budget reached
poly3,complementary,0.03,300,4,9012,fedfalsify-v05,1.0,1.0,1.0,2.2544586065805955e-06,0.05117343557254646,0.0,1.0,0.4603834189997542,238149,5,x1;x1^2;x1^3,0.009721 + 0.9835·x₁ + 0.9978·x₁² + 1.004·x₁³,target federated MSE reached; no replacement passed the federated certificate
poly3,complementary,0.03,300,4,9012,centralized-tree-gp,0.0,0.25,0.3333333333333333,0.0011088785781320223,0.08213945854453318,0.0,1.0,1.4570370329997786,0,1597,"cos(x1);expr:add(x1,x1);expr:cos(add(cos(x1),cos(x1)));x1^3",3.355 + 0.4592*(x1+x1) - 0.9426*cos((cos(x1)+cos(x1))) - 3.687*cos(x1) + 1.025*((x1)^2*x1),generation budget reached
poly3,complementary,0.03,300,4,9012,federated-tree-gp-style,0.0,0.25,0.3333333333333333,0.0011088785781320325,0.08213945854453307,0.0,1.0,1.8623514869996143,646848,1597,"cos(x1);expr:add(x1,x1);expr:cos(add(cos(x1),cos(x1)));x1^3",3.355 + 0.4592*(x1+x1) - 0.9426*cos((cos(x1)+cos(x1))) - 3.687*cos(x1) + 1.025*((x1)^2*x1),generation budget reached
poly3,complementary,0.03,300,4,9012,centralized-residual-counterexample-gp,0.0,0.25,0.3333333333333333,0.000538428276640812,0.11963336843228706,1.0,1.0,1.2360490379996918,0,1538,"expr:add(cos(x4),square(x1));expr:add(x1,x1);expr:square(mul(sin(x3),x4));x1^3",-0.7684 + 0.982*(cos(x4)+(x1)^2) + 0.4917*(x1+x1) + 1.005*((x1)^2*x1) + 0.3505*((sin(x3)*x4))^2,generation budget reached
poly3,complementary,0.03,300,4,9013,fedfalsify-v05,1.0,1.0,1.0,3.7560808514380478e-06,0.0477281890820817,0.0,1.0,0.3793751739999607,267567,6,x1;x1^2;x1^3,-0.0221 + 1.008·x₁ + 0.9973·x₁³ + 1.006·x₁²,target federated MSE reached; no replacement passed the federated certificate
poly3,complementary,0.03,300,4,9013,centralized-tree-gp,0.0,0.6666666666666666,0.6666666666666666,3.7560808535822647e-06,0.0477281890820817,0.0,1.0,0.8906569750001836,0,1596,"expr:add(x1,x1);x1^2;x1^3",-0.0221 + 0.5042*(x1+x1) + 0.9973*((x1)^2*x1) + 1.006*(x1)^2,generation budget reached
poly3,complementary,0.03,300,4,9013,federated-tree-gp-style,0.0,0.6666666666666666,0.6666666666666666,3.75608085358127e-06,0.047728189082081714,0.0,1.0,1.2095755010000175,627968,1596,"expr:add(x1,x1);x1^2;x1^3",-0.0221 + 0.5042*(x1+x1) + 0.9973*((x1)^2*x1) + 1.006*(x1)^2,generation budget reached
poly3,complementary,0.03,300,4,9013,centralized-residual-counterexample-gp,0.0,0.5,0.6666666666666666,0.0005035192502465715,0.11419551783333916,0.0,1.0,0.9448721130002014,0,1589,"expr:add(sin(x3),square(x1));expr:sin(add(sin(x1),sin(x3)));x1^2;x1^3",-0.0237 - 0.9727*(sin(x3)+(x1)^2) + 1.123*((x1)^2*x1) + 1.516*sin((sin(x1)+sin(x3))) + 1.975*(x1)^2,generation budget reached
poly3,complementary,0.03,300,4,9014,fedfalsify-v05,1.0,1.0,1.0,1.0146407971698253e-06,0.054490864598795215,0.0,1.0,0.6678082260000338,623070,6,x1;x1^2;x1^3,-0.0001629 + 1.001·x₁ + 1·x₁³ + 1.003·x₁²,target federated MSE reached; no replacement passed the federated certificate
poly3,complementary,0.03,300,4,9014,centralized-tree-gp,0.0,0.25,0.3333333333333333,0.0011455029366061824,0.2027995469929993,0.0,1.0,0.9033094719998189,0,1563,"expr:add(sin(x1),sin(x2));expr:add(square(x1),square(x1));expr:mul(sin(x2),square(x2));x1^3",0.00167 + 0.7329*(sin(x1)+sin(x2)) + 0.4972*((x1)^2+(x1)^2) - 0.2057*(sin(x2)*(x2)^2) + 1.143*((x1)^2*x1),generation budget reached
poly3,complementary,0.03,300,4,9014,federated-tree-gp-style,0.0,0.25,0.3333333333333333,0.0011455029366061707,0.20279954699299932,0.0,1.0,1.1915016799998739,622976,1563,"expr:add(sin(x1),sin(x2));expr:add(square(x1),square(x1));expr:mul(sin(x2),square(x2));x1^3",0.00167 + 0.7329*(sin(x1)+sin(x2)) + 0.4972*((x1)^2+(x1)^2) - 0.2057*(sin(x2)*(x2)^2) + 1.143*((x1)^2*x1),generation budget reached
poly3,complementary,0.03,300,4,9014,centralized-residual-counterexample-gp,0.0,0.25,0.3333333333333333,0.0003024175286751131,0.09464491072464537,0.0,1.0,0.8989488480001455,0,1567,"expr:add(sin(x1),sin(x2));expr:add(square(x1),square(x1));expr:sin(add(sin(x1),sin(x1)));x1^3",0.01278 + 0.04551*(sin(x1)+sin(x2)) + 0.4975*((x1)^2+(x1)^2) + 1.117*((x1)^2*x1) + 0.8592*sin((sin(x1)+sin(x1))),generation budget reached
poly3,complementary,0.03,300,4,9015,fedfalsify-v05,1.0,1.0,1.0,4.897641206396563e-06,0.06030720286126572,0.0,1.0,0.3981539870001143,267848,6,x1;x1^2;x1^3,-0.0006111 + 0.9829·x₁ + 1.002·x₁³ + 1.006·x₁²,target federated MSE reached; no replacement passed the federated certificate
poly3,complementary,0.03,300,4,9015,centralized-tree-gp,0.0,0.5,0.3333333333333333,3.5356938768775436e-06,0.0605374478002203,0.0,1.0,0.8761026659999516,0,1580,"expr:add(square(x1),x1);x1^3",0.003765 + 1.004*((x1)^2+x1) + 0.9984*((x1)^2*x1),generation budget reached
poly3,complementary,0.03,300,4,9015,federated-tree-gp-style,0.0,0.5,0.3333333333333333,3.5356938768761083e-06,0.060537447800220315,0.0,1.0,1.1535598799996478,618048,1580,"expr:add(square(x1),x1);x1^3",0.003765 + 1.004*((x1)^2+x1) + 0.9984*((x1)^2*x1),generation budget reached
poly3,complementary,0.03,300,4,9015,centralized-residual-counterexample-gp,0.0,0.5,0.6666666666666666,0.0008100619090089662,0.17087618487129522,1.0,1.0,1.3931099310002537,0,1555,"expr:add(cos(x4),square(x1));expr:cos(add(cos(x4),x4));x1;x1^3",-0.321 + 0.9812*(cos(x4)+(x1)^2) - 0.621*cos((cos(x4)+x4)) + 1.008*((x1)^2*x1) + 0.961*x1,generation budget reached
poly3,complementary,0.1,300,4,9011,fedfalsify-v05,0.0,0.6666666666666666,0.6666666666666666,3.8511264482870654e-05,0.6445744082866645,0.0,1.0,1.622986243000014,1272202,6,sin(x1);x1^2;x1^3,-0.003774 + 1.088·sin(x₁) + 1.115·x₁³ + 0.9916·x₁²,target federated MSE reached; no replacement passed the federated certificate
poly3,complementary,0.1,300,4,9011,centralized-tree-gp,0.0,0.25,0.3333333333333333,0.005157400335068841,1.0543889066086987,1.0,1.0,1.379881012000169,0,1570,"expr:add(x1,x1);expr:cos(add(sin(x4),x1));expr:square(add(sin(x4),square(x1)));x1^3",1.223 + 0.5249*(x1+x1) - 0.8763*cos((sin(x4)+x1)) + 0.9756*((x1)^2*x1) + 0.1063*((sin(x4)+(x1)^2))^2,generation budget reached
poly3,complementary,0.1,300,4,9011,federated-tree-gp-style,0.0,0.25,0.3333333333333333,0.0051574003350688,1.0543889066086987,1.0,1.0,1.3864127500000905,613440,1570,"expr:add(x1,x1);expr:cos(add(sin(x4),x1));expr:square(add(sin(x4),square(x1)));x1^3",1.223 + 0.5249*(x1+x1) - 0.8763*cos((sin(x4)+x1)) + 0.9756*((x1)^2*x1) + 0.1063*((sin(x4)+(x1)^2))^2,generation budget reached
poly3,complementary,0.1,300,4,9011,centralized-residual-counterexample-gp,0.0,0.5,0.3333333333333333,6.54920312398345e-06,0.6446561406315686,0.0,1.0,0.9550468319998799,0,1610,"expr:add(square(x1),x1);x1^3",-0.007954 + 0.9958*((x1)^2+x1) + 0.9987*((x1)^2*x1),generation budget reached
poly3,complementary,0.1,300,4,9012,fedfalsify-v05,1.0,1.0,1.0,2.5049540048138316e-05,0.5685937285838497,0.0,1.0,0.8003238400001464,888493,5,x1;x1^2;x1^3,0.0324 + 0.9452·x₁ + 0.9926·x₁² + 1.012·x₁³,target federated MSE reached; no replacement passed the federated certificate
poly3,complementary,0.1,300,4,9012,centralized-tree-gp,0.0,0.5,0.6666666666666666,2.6002891393485673e-05,0.5684484241360391,1.0,1.0,0.7984549050001988,0,1539,"expr:add(cos(x4),square(x1));expr:add(cos(x4),x1);x1^2;x1^3",0.04955 - 0.9729*(cos(x4)+(x1)^2) + 0.9455*(cos(x4)+x1) + 1.012*((x1)^2*x1) + 1.965*(x1)^2,generation budget reached
poly3,complementary,0.1,300,4,9012,federated-tree-gp-style,0.0,0.5,0.6666666666666666,2.600289139350296e-05,0.5684484241360392,1.0,1.0,1.0379338749999079,561536,1539,"expr:add(cos(x4),square(x1));expr:add(cos(x4),x1);x1^2;x1^3",0.04955 - 0.9729*(cos(x4)+(x1)^2) + 0.9455*(cos(x4)+x1) + 1.012*((x1)^2*x1) + 1.965*(x1)^2,generation budget reached
poly3,complementary,0.1,300,4,9012,centralized-residual-counterexample-gp,0.0,0.5,0.6666666666666666,2.6002891393485673e-05,0.5684484241360391,1.0,1.0,0.8231212119999327,0,1539,"expr:add(cos(x4),square(x1));expr:add(cos(x4),x1);x1^2;x1^3",0.04955 - 0.9729*(cos(x4)+(x1)^2) + 0.9455*(cos(x4)+x1) + 1.012*((x1)^2*x1) + 1.965*(x1)^2,generation budget reached
poly3,complementary,0.1,300,4,9013,fedfalsify-v05,1.0,1.0,1.0,4.173423170822885e-05,0.5303132120231302,0.0,1.0,1.5809184790000472,1894441,6,x1;x1^2;x1^3,-0.07367 + 1.028·x₁ + 1.021·x₁² + 0.9911·x₁³,target federated MSE reached; no replacement passed the federated certificate
poly3,complementary,0.1,300,4,9013,centralized-tree-gp,0.0,0.6666666666666666,0.6666666666666666,0.0021708532583131672,0.7400101419043752,0.0,1.0,0.851797484999679,0,1561,"expr:sin(add(sin(x3),x1));x1^2;x1^3",-0.1015 + 1.157*((x1)^2*x1) + 1.022*(x1*x1) + 0.7717*sin((sin(x3)+x1)),generation budget reached
poly3,complementary,0.1,300,4,9013,federated-tree-gp-style,0.0,0.6666666666666666,0.6666666666666666,0.002170853258313161,0.7400101419043754,0.0,1.0,1.1202757760001987,577152,1561,"expr:sin(add(sin(x3),x1));x1^2;x1^3",-0.1015 + 1.157*((x1)^2*x1) + 1.022*(x1*x1) + 0.7717*sin((sin(x3)+x1)),generation budget reached
poly3,complementary,0.1,300,4,9013,centralized-residual-counterexample-gp,0.0,0.6666666666666666,0.6666666666666666,0.00045887065408661934,0.5631480878822459,0.0,1.0,0.8534297129999686,0,1523,"expr:add(cos(x1),sin(x1));x1^2;x1^3",-0.9941 + 1.06*(cos(x1)+sin(x1)) + 1.114*((x1)^2*x1) + 1.326*(x1*x1),generation budget reached
poly3,complementary,0.1,300,4,9014,fedfalsify-v05,0.0,0.3333333333333333,0.3333333333333333,0.004294246301633625,0.7585164291803452,0.0,1.0,1.040791340999931,888536,5,cos(x1);sin(x1);x1^3,2.994 + 1.042·sin(x₁) - 3.331·cos(x₁) + 1.137·x₁³,target federated MSE reached; no replacement passed the federated certificate
poly3,complementary,0.1,300,4,9014,centralized-tree-gp,0.0,0.3333333333333333,0.3333333333333333,4.934434267025651e-05,0.6091687270256244,0.0,1.0,1.2782730079998146,0,1525,"expr:add(square(x1),square(x1));sin(x1);x1^3",0.005599 + 0.5027*((x1)^2+(x1)^2) + 1.119*((x1)^2*x1) + 1.088*sin(x1),generation budget reached
poly3,complementary,0.1,300,4,9014,federated-tree-gp-style,0.0,0.3333333333333333,0.3333333333333333,4.934434267025602e-05,0.6091687270256244,0.0,1.0,1.6727018259998658,577152,1525,"expr:add(square(x1),square(x1));sin(x1);x1^3",0.005599 + 0.5027*((x1)^2+(x1)^2) + 1.119*((x1)^2*x1) + 1.088*sin(x1),generation budget reached
poly3,complementary,0.1,300,4,9014,centralized-residual-counterexample-gp,0.0,0.3333333333333333,0.3333333333333333,4.934434267025651e-05,0.6091687270256244,0.0,1.0,1.2985910870002044,0,1530,"expr:add(square(x1),square(x1));sin(x1);x1^3",0.005599 + 0.5027*((x1)^2+(x1)^2) + 1.119*((x1)^2*x1) + 1.088*sin(x1),generation budget reached
poly3,complementary,0.1,300,4,9015,fedfalsify-v05,0.0,0.6666666666666666,0.6666666666666666,8.435364940781642e-05,0.6750592299131326,0.0,1.0,1.0800741019997986,1242417,6,sin(x1);x1^2;x1^3,0.004893 + 1.024·sin(x₁) + 1.118·x₁³ + 1.014·x₁²,target federated MSE reached; no replacement passed the federated certificate
poly3,complementary,0.1,300,4,9015,centralized-tree-gp,0.0,0.5,0.3333333333333333,3.928548752887855e-05,0.6726383088913367,0.0,1.0,0.7987590929997168,0,1549,"expr:add(square(x1),x1);x1^3",0.01255 + 1.014*((x1)^2+x1) + 0.9946*((x1)^2*x1),generation budget reached
poly3,complementary,0.1,300,4,9015,federated-tree-gp-style,0.0,0.5,0.3333333333333333,3.928548752889432e-05,0.6726383088913367,0.0,1.0,1.042581571000028,566336,1549,"expr:add(square(x1),x1);x1^3",0.01255 + 1.014*((x1)^2+x1) + 0.9946*((x1)^2*x1),generation budget reached
poly3,complementary,0.1,300,4,9015,centralized-residual-counterexample-gp,0.0,0.5,0.3333333333333333,3.928548752887855e-05,0.6726383088913367,0.0,1.0,0.8708651590000045,0,1561,"expr:add(square(x1),x1);x1^3",0.01255 + 1.014*((x1)^2+x1) + 0.9946*((x1)^2*x1),generation budget reached
poly3,spurious,0.03,300,4,9011,fedfalsify-v05,1.0,1.0,1.0,4.297657012578542e-07,0.053044301472941376,0.0,1.0,0.3974724609997793,268031,6,x1;x1^2;x1^3,-0.006375 + 1.002·x₁ + 0.9991·x₁³ + 1·x₁²,target federated MSE reached; no replacement passed the federated certificate
poly3,spurious,0.03,300,4,9011,centralized-tree-gp,0.0,0.3333333333333333,0.3333333333333333,4.2976570165401594e-07,0.053044301472941376,0.0,1.0,0.8447878120000496,0,1582,"expr:add(square(x1),square(x1));expr:add(x1,x1);x1^3",-0.006375 + 0.5001*((x1)^2+(x1)^2) + 0.5012*(x1+x1) + 0.9991*((x1)^2*x1),generation budget reached
poly3,spurious,0.03,300,4,9011,federated-tree-gp-style,0.0,0.3333333333333333,0.3333333333333333,4.29765701653954e-07,0.053044301472941376,0.0,1.0,1.1468668480001725,622912,1582,"expr:add(square(x1),square(x1));expr:add(x1,x1);x1^3",-0.006375 + 0.5001*((x1)^2+(x1)^2) + 0.5012*(x1+x1) + 0.9991*((x1)^2*x1),generation budget reached
poly3,spurious,0.03,300,4,9011,centralized-residual-counterexample-gp,0.0,0.3333333333333333,0.3333333333333333,4.2976570165401594e-07,0.053044301472941376,0.0,1.0,0.9209713010000087,0,1609,"expr:add(square(x1),square(x1));expr:add(x1,x1);x1^3",-0.006375 + 0.5001*((x1)^2+(x1)^2) + 0.5012*(x1+x1) + 0.9991*((x1)^2*x1),generation budget reached
poly3,spurious,0.03,300,4,9012,fedfalsify-v05,1.0,1.0,1.0,4.055850621878564e-06,0.050066739399726716,0.0,1.0,0.8230265070001224,831946,6,x1;x1^2;x1^3,-0.001745 + 0.9993·x₁ + 1.001·x₁³ + 1.006·x₁²,no sufficiently supported counterexample repair; no replacement passed the federated certificate
poly3,spurious,0.03,300,4,9012,centralized-tree-gp,0.0,0.6666666666666666,0.6666666666666666,4.055850621931789e-06,0.05006673939972674,0.0,1.0,0.8082829030004177,0,1543,"expr:add(x1,x1);x1^2;x1^3",-0.001745 + 0.4996*(x1+x1) + 1.001*((x1)^2*x1) + 1.006*(x1)^2,generation budget reached
poly3,spurious,0.03,300,4,9012,federated-tree-gp-style,0.0,0.6666666666666666,0.6666666666666666,4.055850621932678e-06,0.050066739399726716,0.0,1.0,1.063919801999873,582848,1543,"expr:add(x1,x1);x1^2;x1^3",-0.001745 + 0.4996*(x1+x1) + 1.001*((x1)^2*x1) + 1.006*(x1)^2,generation budget reached
poly3,spurious,0.03,300,4,9012,centralized-residual-counterexample-gp,0.0,0.6666666666666666,0.6666666666666666,4.055850621931789e-06,0.05006673939972674,0.0,1.0,1.397219612000299,0,1542,"expr:add(x1,x1);x1^2;x1^3",-0.001745 + 0.4996*(x1+x1) + 1.001*((x1)^2*x1) + 1.006*(x1)^2,generation budget reached
poly3,spurious,0.03,300,4,9013,fedfalsify-v05,1.0,1.0,1.0,3.9153135118240555e-06,0.0592657192929187,0.0,1.0,0.5885723290002716,267663,6,x1;x1^2;x1^3,-0.01382 + 0.9841·x₁ + 1.004·x₁³ + 0.9987·x₁²,target federated MSE reached; no replacement passed the federated certificate
poly3,spurious,0.03,300,4,9013,centralized-tree-gp,0.0,0.3333333333333333,0.3333333333333333,0.00012070960244435916,0.061443861636774455,1.0,1.0,1.454558750999695,0,1602,"expr:add(sin(x1),square(x1));expr:mul(cos(x4),x1);x1^3",-0.005291 + 0.9898*(sin(x1)+(x1)^2) + 0.05182*(cos(x4)*x1) + 1.12*((x1)^2*x1),generation budget reached
poly3,spurious,0.03,300,4,9013,federated-tree-gp-style,0.0,0.3333333333333333,0.3333333333333333,0.00012070960244435258,0.06144386163677442,1.0,1.0,1.7098856839998007,634368,1602,"expr:add(sin(x1),square(x1));expr:mul(cos(x4),x1);x1^3",-0.005291 + 0.9898*(sin(x1)+(x1)^2) + 0.05182*(cos(x4)*x1) + 1.12*((x1)^2*x1),generation budget reached
poly3,spurious,0.03,300,4,9013,centralized-residual-counterexample-gp,0.0,0.0,0.0,0.001725680763153948,0.20610632158325634,0.0,1.0,0.9636891830000422,0,1556,"expr:mul(cos(x1),x1);expr:mul(square(x1),square(x1));expr:sin(add(sin(x3),x1));expr:square(add(square(x1),x1))",0.2952 + 1.28*(cos(x1)*x1) - 0.6173*((x1)^2*(x1)^2) + 0.1318*sin((sin(x3)+x1)) + 0.6584*(((x1)^2+x1))^2,generation budget reached
poly3,spurious,0.03,300,4,9014,fedfalsify-v05,1.0,1.0,1.0,5.47729714140924e-06,0.06178023811632594,0.0,1.0,0.390983937999863,267531,6,x1;x1^2;x1^3,-0.002018 + 1.014·x₁ + 0.9952·x₁³ + 1·x₁²,target federated MSE reached; no replacement passed the federated certificate
poly3,spurious,0.03,300,4,9014,centralized-tree-gp,0.0,0.25,0.3333333333333333,0.0017703228838350249,0.20425529341745002,1.0,1.0,0.9535906410001189,0,1614,"expr:add(cos(x1),square(x1));expr:add(cos(x4),sin(x1));expr:cos(add(cos(x3),x4));x1^3",-1.657 + 1.433*(cos(x1)+(x1)^2) + 0.9613*(cos(x4)+sin(x1)) - 0.4886*cos((cos(x3)+x4)) + 1.1*((x1)^2*x1),generation budget reached
poly3,spurious,0.03,300,4,9014,federated-tree-gp-style,0.0,0.25,0.3333333333333333,0.0017703228838350988,0.2042552934174501,1.0,1.0,1.2628411330001654,661568,1614,"expr:add(cos(x1),square(x1));expr:add(cos(x4),sin(x1));expr:cos(add(cos(x3),x4));x1^3",-1.657 + 1.433*(cos(x1)+(x1)^2) + 0.9613*(cos(x4)+sin(x1)) - 0.4886*cos((cos(x3)+x4)) + 1.1*((x1)^2*x1),generation budget reached
poly3,spurious,0.03,300,4,9014,centralized-residual-counterexample-gp,0.0,0.25,0.3333333333333333,0.001444502085320192,0.2092479820527593,1.0,1.0,0.9657141130001037,0,1602,"expr:add(cos(x1),square(x1));expr:add(cos(x4),sin(x1));expr:mul(cos(x4),square(x4));x1^3",-1.832 + 1.399*(cos(x1)+(x1)^2) + 0.9548*(cos(x4)+sin(x1)) - 0.2032*(cos(x4)*(x4)^2) + 1.108*((x1)^2*x1),generation budget reached
poly3,spurious,0.03,300,4,9015,fedfalsify-v05,1.0,1.0,1.0,5.259555841264936e-07,0.0554248727025843,0.0,1.0,0.39269717800016224,267725,6,x1;x1^2;x1^3,0.01242 + 0.9982·x₁ + 1·x₁³ + 0.9983·x₁²,target federated MSE reached; no replacement passed the federated certificate
poly3,spurious,0.03,300,4,9015,centralized-tree-gp,0.0,0.5,0.3333333333333333,5.259416548073942e-07,0.055424875098902454,0.0,1.0,0.7344985139998244,0,1511,"expr:add(square(x1),x1);x1^3",0.01243 + 0.9983*((x1)^2+x1) + 1*((x1)^2*x1),generation budget reached
poly3,spurious,0.03,300,4,9015,federated-tree-gp-style,0.0,0.5,0.3333333333333333,5.259416548067509e-07,0.05542487509890245,0.0,1.0,0.9835999339998125,534016,1511,"expr:add(square(x1),x1);x1^3",0.01243 + 0.9983*((x1)^2+x1) + 1*((x1)^2*x1),generation budget reached
poly3,spurious,0.03,300,4,9015,centralized-residual-counterexample-gp,0.0,0.5,0.3333333333333333,5.259416548073942e-07,0.055424875098902454,0.0,1.0,0.8224567799998113,0,1511,"expr:add(square(x1),x1);x1^3",0.01243 + 0.9983*((x1)^2+x1) + 1*((x1)^2*x1),generation budget reached
poly3,spurious,0.1,300,4,9011,fedfalsify-v05,0.0,0.6666666666666666,0.6666666666666666,0.003959216022560919,0.7863442286109439,0.0,1.0,0.7773094300000594,887135,5,cos(x1);x1;x1^3,2.94 + 0.9593·x₁ - 3.317·cos(x₁) + 1.017·x₁³,target federated MSE reached; no replacement passed the federated certificate
poly3,spurious,0.1,300,4,9011,centralized-tree-gp,0.0,0.3333333333333333,0.3333333333333333,7.353180885604158e-06,0.5892492963000481,0.0,1.0,0.8669018600003255,0,1564,"expr:add(square(x1),x1);expr:square(mul(x1,x1));x1^3",-0.0288 + 1.012*((x1)^2+x1) + 0.9966*((x1)^2*x1) - 0.001962*((x1*x1))^2,generation budget reached
poly3,spurious,0.1,300,4,9011,federated-tree-gp-style,0.0,0.3333333333333333,0.3333333333333333,7.353180885601364e-06,0.5892492963000481,0.0,1.0,1.470936821000123,613696,1564,"expr:add(square(x1),x1);expr:square(mul(x1,x1));x1^3",-0.0288 + 1.012*((x1)^2+x1) + 0.9966*((x1)^2*x1) - 0.001962*((x1*x1))^2,generation budget reached
poly3,spurious,0.1,300,4,9011,centralized-residual-counterexample-gp,0.0,0.5,0.3333333333333333,0.0023044221865901817,0.871400754142471,0.0,1.0,1.372315205999712,0,1548,"expr:square(add(cos(x1),x1));x1^3",-0.3617 + 1.385*((x1)^2*x1) + 0.9406*((cos(x1)+x1))^2,generation budget reached
poly3,spurious,0.1,300,4,9012,fedfalsify-v05,1.0,1.0,1.0,4.5065006925729226e-05,0.5562971044414078,0.0,1.0,1.5856231049997405,1270466,6,x1;x1^2;x1^3,-0.005817 + 0.9976·x₁ + 1.004·x₁³ + 1.02·x₁²,target federated MSE reached; no replacement passed the federated certificate
poly3,spurious,0.1,300,4,9012,centralized-tree-gp,0.0,0.25,0.3333333333333333,0.004428422990644058,0.8145602100047062,0.0,1.0,1.1387179550001747,0,1519,"expr:add(x1,x1);expr:cos(mul(square(x1),x1));expr:square(mul(x1,x1));x1^3",1.146 + 0.5267*(x1+x1) - 0.734*cos(((x1)^2*x1)) + 0.9727*((x1)^2*x1) + 0.131*((x1*x1))^2,generation budget reached
poly3,spurious,0.1,300,4,9012,federated-tree-gp-style,0.0,0.25,0.3333333333333333,0.004428422990644226,0.8145602100047064,0.0,1.0,1.0399572579999585,558144,1519,"expr:add(x1,x1);expr:cos(mul(square(x1),x1));expr:square(mul(x1,x1));x1^3",1.146 + 0.5267*(x1+x1) - 0.734*cos(((x1)^2*x1)) + 0.9727*((x1)^2*x1) + 0.131*((x1*x1))^2,generation budget reached
poly3,spurious,0.1,300,4,9012,centralized-residual-counterexample-gp,0.0,0.25,0.3333333333333333,0.0030161107722096623,0.829782717542945,0.0,1.0,0.8662177320002229,0,1528,"expr:add(sin(x2),square(x1));expr:add(x1,x1);expr:square(mul(x1,x1));x1^3",0.4652 + 0.5082*(sin(x2)+(x1)^2) + 0.5025*(x1+x1) + 0.98*((x1)^2*x1) + 0.07139*((x1*x1))^2,generation budget reached
poly3,spurious,0.1,300,4,9013,fedfalsify-v05,0.0,0.6666666666666666,0.6666666666666666,0.00011040130171655398,0.6581913369467827,0.0,1.0,0.8393644289999429,917903,6,sin(x1);x1^2;x1^3,-0.03987 + 1.039·sin(x₁) + 1.122·x₁³ + 0.9914·x₁²,target federated MSE reached; no replacement passed the federated certificate
poly3,spurious,0.1,300,4,9013,centralized-tree-gp,0.0,0.5,0.6666666666666666,4.116887695043986e-05,0.657332838894091,0.0,1.0,0.8857616440000129,0,1564,"expr:mul(square(x1),square(x1));expr:square(add(square(x1),x1));x1;x1^3",-0.0135 - 0.9418*((x1)^2*(x1)^2) - 0.889*((x1)^2*x1) + 0.9491*(((x1)^2+x1))^2 + 0.9531*x1,generation budget reached
poly3,spurious,0.1,300,4,9013,federated-tree-gp-style,0.0,0.5,0.6666666666666666,4.116887695062343e-05,0.657332838894091,0.0,1.0,1.1222272710001562,598336,1564,"expr:mul(square(x1),square(x1));expr:square(add(square(x1),x1));x1;x1^3",-0.0135 - 0.9418*((x1)^2*(x1)^2) - 0.889*((x1)^2*x1) + 0.9491*(((x1)^2+x1))^2 + 0.9531*x1,generation budget reached
poly3,spurious,0.1,300,4,9013,centralized-residual-counterexample-gp,0.0,0.0,0.0,0.0005397055741046583,0.7023234510062867,0.0,1.0,0.8845025440000427,0,1510,"expr:add(cos(x1),sin(x2));expr:mul(square(x1),square(x1));expr:sin(add(sin(x1),sin(x2)));expr:square(add(square(x1),x1))",0.8167 - 0.8226*(cos(x1)+sin(x2)) - 0.532*((x1)^2*(x1)^2) + 1.419*sin((sin(x1)+sin(x2))) + 0.5618*(((x1)^2+x1))^2,generation budget reached
poly3,spurious,0.1,300,4,9014,fedfalsify-v05,1.0,1.0,1.0,6.0858857149390046e-05,0.6864470901813995,0.0,1.0,0.7920925319999697,887584,5,x1;x1^2;x1^3,-0.006725 + 1.047·x₁ + 0.9999·x₁² + 0.9841·x₁³,target federated MSE reached; no replacement passed the federated certificate
poly3,spurious,0.1,300,4,9014,centralized-tree-gp,0.0,0.25,0.3333333333333333,0.0003246557855355997,0.7211498976757721,1.0,1.0,0.9372374549998312,0,1601,"expr:add(cos(x4),sin(x1));expr:add(cos(x4),square(x1));expr:add(sin(x1),square(x4));x1^3",-1.471 + 0.6479*(cos(x4)+sin(x1)) + 0.9852*(cos(x4)+(x1)^2) + 0.4796*(sin(x1)+(x4)^2) + 1.109*((x1)^2*x1),generation budget reached
poly3,spurious,0.1,300,4,9014,federated-tree-gp-style,0.0,0.25,0.3333333333333333,0.00032465578553559645,0.7211498976757721,1.0,1.0,1.206350453000141,655232,1601,"expr:add(cos(x4),sin(x1));expr:add(cos(x4),square(x1));expr:add(sin(x1),square(x4));x1^3",-1.471 + 0.6479*(cos(x4)+sin(x1)) + 0.9852*(cos(x4)+(x1)^2) + 0.4796*(sin(x1)+(x4)^2) + 1.109*((x1)^2*x1),generation budget reached
poly3,spurious,0.1,300,4,9014,centralized-residual-counterexample-gp,0.0,0.25,0.3333333333333333,6.240350046234658e-05,0.6867780243788592,1.0,1.0,0.9648933630001011,0,1608,"expr:add(cos(x4),sin(x4));expr:add(cos(x4),square(x1));expr:add(sin(x4),x1);x1^3",-0.01739 - 0.9999*(cos(x4)+sin(x4)) + 1.004*(cos(x4)+(x1)^2) + 1.03*(sin(x4)+x1) + 0.9866*((x1)^2*x1),generation budget reached
poly3,spurious,0.1,300,4,9015,fedfalsify-v05,0.0,0.6666666666666666,0.6666666666666666,4.301032526502014e-05,0.6167119748712628,0.0,1.0,1.212931357999878,915905,6,sin(x1);x1^2;x1^3,0.04558 + 1.082·sin(x₁) + 1.117·x₁³ + 0.9902·x₁²,target federated MSE reached; no replacement passed the federated certificate
poly3,spurious,0.1,300,4,9015,centralized-tree-gp,0.0,0.5,0.3333333333333333,5.843796163803683e-06,0.6158319455433606,0.0,1.0,1.2812344009998924,0,1538,"expr:add(square(x1),x1);x1^3",0.04143 + 0.9943*((x1)^2+x1) + 1.001*((x1)^2*x1),generation budget reached
poly3,spurious,0.1,300,4,9015,federated-tree-gp-style,0.0,0.5,0.3333333333333333,5.8437961638027564e-06,0.6158319455433606,0.0,1.0,1.7492268040000454,556480,1538,"expr:add(square(x1),x1);x1^3",0.04143 + 0.9943*((x1)^2+x1) + 1.001*((x1)^2*x1),generation budget reached
poly3,spurious,0.1,300,4,9015,centralized-residual-counterexample-gp,0.0,0.5,0.3333333333333333,5.843796163803683e-06,0.6158319455433606,0.0,1.0,1.1569680179995885,0,1542,"expr:add(square(x1),x1);x1^3",0.04143 + 0.9943*((x1)^2+x1) + 1.001*((x1)^2*x1),generation budget reached
poly3,exception,0.03,300,4,9011,fedfalsify-v05,1.0,1.0,1.0,9.579652139339263e-07,0.06544302369198463,0.0,1.0,0.4672210889998496,308211,7,I(x3>1)*x3^2;x1;x1^2;x1^3,0.001528 + 0.9984·x₁ + 0.7444·𝟙[x₃>1]·x₃² + 1·x₁³ + 0.999·x₁²,target federated MSE reached; no replacement passed the federated certificate
poly3,exception,0.03,300,4,9011,centralized-tree-gp,0.0,0.25,0.25,0.009351032213026519,0.8800350330707709,0.0,0.0,0.9371562260002975,0,1621,"expr:add(x1,x1);expr:square(add(cos(x1),x3));expr:square(add(sin(x3),square(x1)));x1^3",0.5701 + 0.5348*(x1+x1) + 0.9924*((x1)^2*x1) + 0.3441*((cos(x1)+x3))^2 + 0.1368*((sin(x3)+(x1)^2))^2,generation budget reached
poly3,exception,0.03,300,4,9011,federated-tree-gp-style,0.0,0.25,0.25,0.009351032213026536,0.8800350330707709,0.0,0.0,1.1910527889999685,675456,1621,"expr:add(x1,x1);expr:square(add(cos(x1),x3));expr:square(add(sin(x3),square(x1)));x1^3",0.5701 + 0.5348*(x1+x1) + 0.9924*((x1)^2*x1) + 0.3441*((cos(x1)+x3))^2 + 0.1368*((sin(x3)+(x1)^2))^2,generation budget reached
poly3,exception,0.03,300,4,9011,centralized-residual-counterexample-gp,0.0,0.5,0.5,0.01468467570550993,0.573656283315841,0.0,0.0,0.9790174900003876,0,1609,"expr:add(square(x1),square(x1));expr:square(add(cos(x1),x3));x1;x1^3",-0.2516 + 0.5257*((x1)^2+(x1)^2) + 1.089*((x1)^2*x1) + 0.3409*((cos(x1)+x3))^2 + 0.9438*x1,generation budget reached
poly3,exception,0.03,300,4,9012,fedfalsify-v05,1.0,1.0,1.0,2.420691087378762e-06,0.05823756244893847,0.0,1.0,0.4028788639998311,277230,6,I(x3>1)*x3^2;x1;x1^2;x1^3,0.009622 + 0.9823·x₁ + 0.751·𝟙[x₃>1]·x₃² + 0.9976·x₁² + 1.004·x₁³,target federated MSE reached; no replacement passed the federated certificate
poly3,exception,0.03,300,4,9012,centralized-tree-gp,0.0,0.25,0.25,0.003219980812555074,0.4365876212915346,1.0,0.0,0.9448746479997681,0,1616,"expr:add(square(x1),x1);expr:sin(add(cos(x4),sin(x3)));expr:square(add(cos(x4),x3));x1^3",-0.2998 + 1.004*((x1)^2+x1) + 1.019*((x1)^2*x1) + 0.3702*sin((cos(x4)+sin(x3))) + 0.3275*((cos(x4)+x3))^2,generation budget reached
poly3,exception,0.03,300,4,9012,federated-tree-gp-style,0.0,0.25,0.25,0.003219980812555076,0.4365876212915346,1.0,0.0,1.160806115000014,652992,1616,"expr:add(square(x1),x1);expr:sin(add(cos(x4),sin(x3)));expr:square(add(cos(x4),x3));x1^3",-0.2998 + 1.004*((x1)^2+x1) + 1.019*((x1)^2*x1) + 0.3702*sin((cos(x4)+sin(x3))) + 0.3275*((cos(x4)+x3))^2,generation budget reached
poly3,exception,0.03,300,4,9012,centralized-residual-counterexample-gp,0.0,0.25,0.25,0.005113692837282115,0.5949114060996249,0.0,0.0,0.9163905450000129,0,1605,"expr:add(square(x1),x1);expr:mul(square(x1),x3);expr:square(add(x3,x3));x1^3",-0.1552 + 1.001*((x1)^2+x1) + 0.9706*((x1)^2*x1) + 0.1835*((x1)^2*x3) + 0.1028*((x3+x3))^2,generation budget reached
poly3,exception,0.03,300,4,9013,fedfalsify-v05,1.0,1.0,1.0,4.145543868753581e-06,0.05472689954408826,0.0,1.0,0.46874964999960866,307844,7,I(x3>1)*x3^2;x1;x1^2;x1^3,-0.02079 + 1.009·x₁ + 0.7461·𝟙[x₃>1]·x₃² + 0.9975·x₁³ + 1.007·x₁²,target federated MSE reached; no replacement passed the federated certificate
poly3,exception,0.03,300,4,9013,centralized-tree-gp,0.0,0.25,0.25,0.0009530890746403188,0.15674744805393848,0.0,0.0,0.888220347999777,0,1616,"expr:add(square(x1),x1);expr:add(x3,x3);expr:square(add(sin(x3),square(x3)));x1^3",0.1149 + 1.005*((x1)^2+x1) + 0.1991*(x3+x3) + 1.009*((x1)^2*x1) + 0.07407*((sin(x3)+(x3)^2))^2,generation budget reached
poly3,exception,0.03,300,4,9013,federated-tree-gp-style,0.0,0.25,0.25,0.0009530890746403121,0.1567474480539385,0.0,0.0,1.178892254999937,654400,1616,"expr:add(square(x1),x1);expr:add(x3,x3);expr:square(add(sin(x3),square(x3)));x1^3",0.1149 + 1.005*((x1)^2+x1) + 0.1991*(x3+x3) + 1.009*((x1)^2*x1) + 0.07407*((sin(x3)+(x3)^2))^2,generation budget reached
poly3,exception,0.03,300,4,9013,centralized-residual-counterexample-gp,0.0,0.25,0.25,0.003486236078548604,0.44819238862874966,0.0,0.0,1.4901400519997878,0,1596,"expr:add(square(x1),x1);expr:add(x3,x3);expr:sin(add(cos(x3),sin(x1)));x1^3",0.7031 + 1.063*((x1)^2+x1) + 0.3332*(x3+x3) + 1.041*((x1)^2*x1) - 0.775*sin((cos(x3)+sin(x1))),generation budget reached
poly3,exception,0.03,300,4,9014,fedfalsify-v05,1.0,1.0,1.0,1.1278932243907818e-06,0.06184150366051092,0.0,1.0,1.2005016899997827,674481,7,I(x3>1)*x3^2;x1;x1^2;x1^3,-0.000492 + 1.001·x₁ + 0.7505·𝟙[x₃>1]·x₃² + 1·x₁³ + 1.003·x₁²,target federated MSE reached; no replacement passed the federated certificate
poly3,exception,0.03,300,4,9014,centralized-tree-gp,0.0,0.5,0.5,0.004914818857862896,0.5846200346783348,0.0,0.0,1.3357017920002363,0,1555,cos(x3);x1^2;x1^3;x3,1.016 - 1.223*cos(x3) + 1.19*((x1)^2*x1) + 0.9824*(x1)^2 + 0.6886*x3,generation budget reached
poly3,exception,0.03,300,4,9014,federated-tree-gp-style,0.0,0.5,0.5,0.0049148188578629045,0.5846200346783348,0.0,0.0,1.4007060070002808,618176,1555,cos(x3);x1^2;x1^3;x3,1.016 - 1.223*cos(x3) + 1.19*((x1)^2*x1) + 0.9824*(x1)^2 + 0.6886*x3,generation budget reached
poly3,exception,0.03,300,4,9014,centralized-residual-counterexample-gp,0.0,0.5,0.5,0.005829119695666589,0.6148518196302671,0.0,0.0,0.9449968829999307,0,1572,"expr:sin(add(cos(x1),cos(x3)));x1^2;x1^3;x3",2.022 + 1.191*((x1)^2*x1) - 1.694*sin((cos(x1)+cos(x3))) + 0.645*(x1)^2 + 0.6977*x3,generation budget reached
poly3,exception,0.03,300,4,9015,fedfalsify-v05,1.0,1.0,1.0,5.5827712206122095e-06,0.06869676710673353,0.0,1.0,0.4548032980001153,308002,7,I(x3>1)*x3^2;x1;x1^2;x1^3,-0.001145 + 0.9818·x₁ + 0.7508·𝟙[x₃>1]·x₃² + 1.002·x₁³ + 1.006·x₁²,target federated MSE reached; no replacement passed the federated certificate
poly3,exception,0.03,300,4,9015,centralized-tree-gp,0.0,0.25,0.25,0.005721489121508466,0.5282190876280389,0.0,0.0,0.8884439240000575,0,1600,"expr:add(x1,x3);expr:sin(add(cos(x1),cos(x3)));expr:square(add(sin(x3),square(x1)));x1^3",2.957 + 0.6894*(x1+x3) + 1.008*((x1)^2*x1) - 2.237*sin((cos(x1)+cos(x3))) + 0.07047*((sin(x3)+(x1)^2))^2,generation budget reached
poly3,exception,0.03,300,4,9015,federated-tree-gp-style,0.0,0.25,0.25,0.0057214891215085,0.5282190876280389,0.0,0.0,1.1686977890003618,644288,1600,"expr:add(x1,x3);expr:sin(add(cos(x1),cos(x3)));expr:square(add(sin(x3),square(x1)));x1^3",2.957 + 0.6894*(x1+x3) + 1.008*((x1)^2*x1) - 2.237*sin((cos(x1)+cos(x3))) + 0.07047*((sin(x3)+(x1)^2))^2,generation budget reached
poly3,exception,0.03,300,4,9015,centralized-residual-counterexample-gp,0.0,0.25,0.25,0.005721489121508466,0.5282190876280389,0.0,0.0,0.9661234300001524,0,1605,"expr:add(x1,x3);expr:sin(add(cos(x1),cos(x3)));expr:square(add(sin(x3),square(x1)));x1^3",2.957 + 0.6894*(x1+x3) + 1.008*((x1)^2*x1) - 2.237*sin((cos(x1)+cos(x3))) + 0.07047*((sin(x3)+(x1)^2))^2,generation budget reached
poly3,exception,0.1,300,4,9011,fedfalsify-v05,0.0,0.75,0.75,4.6955433666045416e-05,0.7269726570301753,0.0,1.0,1.3054168219996427,1344661,7,I(x3>1)*x3^2;sin(x1);x1^2;x1^3,0.009232 + 1.089·sin(x₁) + 0.7319·𝟙[x₃>1]·x₃² + 1.116·x₁³ + 0.9922·x₁²,target federated MSE reached; no replacement passed the federated certificate
poly3,exception,0.1,300,4,9011,centralized-tree-gp,0.0,0.25,0.25,0.00406506171675953,1.206568983537751,1.0,0.0,0.8936067110003023,0,1601,"expr:add(cos(x4),x3);expr:add(sin(x1),square(x1));expr:cos(add(square(x4),x3));x1^3",0.4846 + 0.485*(cos(x4)+x3) + 1.001*(sin(x1)+(x1)^2) - 0.6295*cos(((x4)^2+x3)) + 1.139*((x1)^2*x1),generation budget reached
poly3,exception,0.1,300,4,9011,federated-tree-gp-style,0.0,0.25,0.25,0.004065061716759499,1.206568983537751,1.0,0.0,1.212002744000074,631680,1601,"expr:add(cos(x4),x3);expr:add(sin(x1),square(x1));expr:cos(add(square(x4),x3));x1^3",0.4846 + 0.485*(cos(x4)+x3) + 1.001*(sin(x1)+(x1)^2) - 0.6295*cos(((x4)^2+x3)) + 1.139*((x1)^2*x1),generation budget reached
poly3,exception,0.1,300,4,9011,centralized-residual-counterexample-gp,0.0,0.25,0.25,0.0013182230198405102,0.8676069327545822,0.0,0.0,0.9647034459999304,0,1601,"expr:add(sin(x1),square(x1));expr:square(add(square(x3),square(x3)));x1^3;x3",0.19 + 1.002*(sin(x1)+(x1)^2) + 1.131*((x1)^2*x1) + 0.01685*(((x3)^2+(x3)^2))^2 + 0.6292*x3,generation budget reached
poly3,exception,0.1,300,4,9012,fedfalsify-v05,0.0,0.5,0.5,0.005370044406388689,0.8272121323916506,0.0,1.0,1.195287134999944,947939,6,I(x3>1)*x3^2;cos(x1);sin(x1);x1^3,2.921 + 0.9473·sin(x₁) + 0.7798·𝟙[x₃>1]·x₃² - 3.239·cos(x₁) + 1.146·x₁³,target federated MSE reached; no replacement passed the federated certificate
poly3,exception,0.1,300,4,9012,centralized-tree-gp,0.0,0.5,0.5,0.007456980244640685,1.7678220655740389,0.0,1.0,1.5118457250000574,0,1613,"I(x3>1)*x3^2;expr:add(x1,x1);expr:cos(mul(cos(x1),x1));x1^3",4.956 + 0.4433*(x1+x1) - 4.038*cos((cos(x1)*x1)) + 0.7221*I(x3>1)*((x3)^2) + 1.02*((x1)^2*x1),generation budget reached
poly3,exception,0.1,300,4,9012,federated-tree-gp-style,0.0,0.5,0.5,0.0074569802446407185,1.7678220655740393,0.0,1.0,1.9005483500000082,655552,1613,"I(x3>1)*x3^2;expr:add(x1,x1);expr:cos(mul(cos(x1),x1));x1^3",4.956 + 0.4433*(x1+x1) - 4.038*cos((cos(x1)*x1)) + 0.7221*I(x3>1)*((x3)^2) + 1.02*((x1)^2*x1),generation budget reached
poly3,exception,0.1,300,4,9012,centralized-residual-counterexample-gp,0.0,0.5,0.5,0.010975382530024985,1.7345016571772651,0.0,0.0,1.2328786840002977,0,1600,"expr:add(cos(x1),cos(x3));expr:cos(mul(cos(x1),x1));x1;x1^3",5.371 - 1.593*(cos(x1)+cos(x3)) - 2.481*cos((cos(x1)*x1)) + 1.06*((x1)^2*x1) + 0.9399*x1,generation budget reached
poly3,exception,0.1,300,4,9013,fedfalsify-v05,1.0,1.0,1.0,4.606159856661597e-05,0.6080766616009808,0.0,1.0,1.8216981699997632,1987291,7,I(x3>1)*x3^2;x1;x1^2;x1^3,-0.06931 + 1.031·x₁ + 0.7369·𝟙[x₃>1]·x₃² + 1.024·x₁² + 0.9916·x₁³,target federated MSE reached; no replacement passed the federated certificate
poly3,exception,0.1,300,4,9013,centralized-tree-gp,0.0,0.25,0.25,0.0012729073915909348,0.7331913155113976,0.0,0.0,0.8710815500003264,0,1562,"expr:add(cos(x3),x3);expr:add(square(x1),x1);expr:square(add(sin(x3),square(x3)));x1^3",-0.1616 + 0.3074*(cos(x3)+x3) + 1.024*((x1)^2+x1) + 1.007*((x1)^2*x1) + 0.09081*((sin(x3)+(x3)^2))^2,generation budget reached
poly3,exception,0.1,300,4,9013,federated-tree-gp-style,0.0,0.25,0.25,0.0012729073915909424,0.7331913155113975,0.0,0.0,1.1381424300002436,602048,1562,"expr:add(cos(x3),x3);expr:add(square(x1),x1);expr:square(add(sin(x3),square(x3)));x1^3",-0.1616 + 0.3074*(cos(x3)+x3) + 1.024*((x1)^2+x1) + 1.007*((x1)^2*x1) + 0.09081*((sin(x3)+(x3)^2))^2,generation budget reached
poly3,exception,0.1,300,4,9013,centralized-residual-counterexample-gp,0.0,0.5,0.5,7.445716624151259e-05,0.6073996096951209,0.0,1.0,0.949017516999902,0,1594,"I(x3>1)*x3^2;expr:add(sin(x1),square(x1));expr:add(square(x1),x1);x1^3",-0.065 - 0.3881*(sin(x1)+(x1)^2) + 1.411*((x1)^2+x1) + 0.7367*I(x3>1)*((x3)^2) + 0.9451*((x1)^2*x1),generation budget reached
poly3,exception,0.1,300,4,9014,fedfalsify-v05,0.0,0.5,0.5,0.004186159475901295,0.8369960746832481,0.0,1.0,0.9392442129997107,948503,6,I(x3>1)*x3^2;cos(x1);sin(x1);x1^3,2.975 + 1.04·sin(x₁) + 0.7751·𝟙[x₃>1]·x₃² - 3.329·cos(x₁) + 1.135·x₁³,target federated MSE reached; no replacement passed the federated certificate
poly3,exception,0.1,300,4,9014,centralized-tree-gp,0.0,0.25,0.25,0.0024201540027156765,1.0463597950569146,0.0,0.0,0.9295691030001763,0,1615,"expr:add(sin(x1),x3);expr:sin(add(cos(x1),cos(x3)));expr:square(mul(x1,x1));x1^3",2.825 + 0.7426*(sin(x1)+x3) + 1.125*((x1)^2*x1) - 2.11*sin((cos(x1)+cos(x3))) + 0.08296*((x1*x1))^2,generation budget reached
poly3,exception,0.1,300,4,9014,federated-tree-gp-style,0.0,0.25,0.25,0.0024201540027156705,1.0463597950569146,0.0,0.0,1.2622886310000467,667392,1615,"expr:add(sin(x1),x3);expr:sin(add(cos(x1),cos(x3)));expr:square(mul(x1,x1));x1^3",2.825 + 0.7426*(sin(x1)+x3) + 1.125*((x1)^2*x1) - 2.11*sin((cos(x1)+cos(x3))) + 0.08296*((x1*x1))^2,generation budget reached
poly3,exception,0.1,300,4,9014,centralized-residual-counterexample-gp,0.0,0.25,0.25,0.004714685587866073,1.2677520815018386,0.0,0.0,0.9852105569998457,0,1600,"cos(x3);expr:add(square(x1),x3);expr:square(add(square(x1),x1));x1^3",1.205 + 0.7647*((x1)^2+x3) - 1.25*cos(x3) + 1.131*((x1)^2*x1) + 0.02574*(((x1)^2+x1))^2,generation budget reached
poly3,exception,0.1,300,4,9015,fedfalsify-v05,1.0,1.0,1.0,6.203079134966352e-05,0.7632974122970396,0.0,1.0,1.6099554860002172,1314227,7,I(x3>1)*x3^2;x1;x1^2;x1^3,-0.003816 + 0.9393·x₁ + 0.7526·𝟙[x₃>1]·x₃² + 1.008·x₁³ + 1.021·x₁²,target federated MSE reached; no replacement passed the federated certificate
poly3,exception,0.1,300,4,9015,centralized-tree-gp,0.0,0.25,0.25,0.006265700654868615,1.264012617304299,1.0,0.0,1.4980235359998915,0,1635,"expr:add(square(x1),x1);expr:sin(add(cos(x4),x3));expr:square(add(sin(x2),square(x3)));x1^3",-0.1202 + 1.044*((x1)^2+x1) + 1.017*((x1)^2*x1) + 0.7272*sin((cos(x4)+x3)) + 0.08659*((sin(x2)+(x3)^2))^2,generation budget reached
poly3,exception,0.1,300,4,9015,federated-tree-gp-style,0.0,0.25,0.25,0.006265700654868604,1.264012617304299,1.0,0.0,2.0492995260001408,675072,1635,"expr:add(square(x1),x1);expr:sin(add(cos(x4),x3));expr:square(add(sin(x2),square(x3)));x1^3",-0.1202 + 1.044*((x1)^2+x1) + 1.017*((x1)^2*x1) + 0.7272*sin((cos(x4)+x3)) + 0.08659*((sin(x2)+(x3)^2))^2,generation budget reached
poly3,exception,0.1,300,4,9015,centralized-residual-counterexample-gp,0.0,0.25,0.25,0.006018953429087606,1.565731110067525,1.0,0.0,1.095969703999799,0,1585,"expr:add(cos(x4),x1);expr:add(square(x1),x3);expr:square(add(sin(x3),square(x1)));x1^3",0.4858 + 0.6662*(cos(x4)+x1) + 0.7649*((x1)^2+x3) + 1.06*((x1)^2*x1) + 0.02785*((sin(x3)+(x1)^2))^2,generation budget reached
nested_sine,complementary,0.03,300,4,9011,fedfalsify-v05,1.0,1.0,1.0,4.3763026979584273e-07,0.0007331511299371567,0.0,1.0,0.2830299960000957,210631,4,sin(x1);sin(x1+x1^2),-0.0005178 + 0.9996·sin(x₁) + 0.9999·sin(x₁+x₁²),target federated MSE reached; no replacement passed the federated certificate
nested_sine,complementary,0.03,300,4,9011,centralized-tree-gp,0.0,0.0,0.0,0.15699760020420164,0.06719340116160374,0.0,1.0,0.9172047350002686,0,1569,"expr:mul(cos(x1),sin(x1));expr:sin(add(sin(x1),sin(x1)));expr:sin(add(sin(x1),x1));expr:square(mul(cos(x1),square(x1)))",0.246 + 10.83*(cos(x1)*sin(x1)) + 7.177*sin((sin(x1)+sin(x1))) - 11.32*sin((sin(x1)+x1)) - 0.01954*((cos(x1)*(x1)^2))^2,generation budget reached
nested_sine,complementary,0.03,300,4,9011,federated-tree-gp-style,0.0,0.0,0.0,0.1569976002042606,0.06719340116160372,0.0,1.0,1.214452706999964,594176,1569,"expr:mul(cos(x1),sin(x1));expr:sin(add(sin(x1),sin(x1)));expr:sin(add(sin(x1),x1));expr:square(mul(cos(x1),square(x1)))",0.246 + 10.83*(cos(x1)*sin(x1)) + 7.177*sin((sin(x1)+sin(x1))) - 11.32*sin((sin(x1)+x1)) - 0.01954*((cos(x1)*(x1)^2))^2,generation budget reached
nested_sine,complementary,0.03,300,4,9011,centralized-residual-counterexample-gp,0.0,0.0,0.0,0.16907900336121803,0.08012063555221625,0.0,1.0,1.0189523509998253,0,1562,"expr:mul(cos(x1),sin(x1));expr:sin(add(sin(x1),sin(x1)));expr:sin(add(sin(x1),x1));expr:square(add(cos(x1),square(x1)))",0.2994 + 10.51*(cos(x1)*sin(x1)) + 6.957*sin((sin(x1)+sin(x1))) - 10.95*sin((sin(x1)+x1)) - 0.01818*((cos(x1)+(x1)^2))^2,generation budget reached
nested_sine,complementary,0.03,300,4,9012,fedfalsify-v05,1.0,1.0,1.0,1.5532484426488128e-06,0.0006666031365795706,0.0,1.0,0.4842863810004019,567477,4,sin(x1);sin(x1+x1^2),0.0007622 + 0.9999·sin(x₁+x₁²) + 0.9988·sin(x₁),target federated MSE reached; no replacement passed the federated certificate
nested_sine,complementary,0.03,300,4,9012,centralized-tree-gp,0.0,0.25,0.5,0.17985522196639023,0.10852466120746421,1.0,1.0,0.8449644239999543,0,1502,"expr:sin(add(sin(x1),sin(x1)));expr:sin(add(sin(x1),x1));expr:square(add(square(x1),x4));sin(x1)",0.2758 + 1.647*sin((sin(x1)+sin(x1))) + 0.5388*sin((sin(x1)+x1)) - 1.334*sin(x1) - 0.009511*(((x1)^2+x4))^2,generation budget reached
nested_sine,complementary,0.03,300,4,9012,federated-tree-gp-style,0.0,0.25,0.5,0.17985522196639134,0.10852466120746421,1.0,1.0,1.0771322640002836,532544,1502,"expr:sin(add(sin(x1),sin(x1)));expr:sin(add(sin(x1),x1));expr:square(add(square(x1),x4));sin(x1)",0.2758 + 1.647*sin((sin(x1)+sin(x1))) + 0.5388*sin((sin(x1)+x1)) - 1.334*sin(x1) - 0.009511*(((x1)^2+x4))^2,generation budget reached
nested_sine,complementary,0.03,300,4,9012,centralized-residual-counterexample-gp,0.0,0.25,0.5,0.008851190529238537,0.008130230413363422,0.0,1.0,0.9108417859997644,0,1525,"expr:sin(add(sin(x1),sin(x1)));expr:sin(add(sin(x1),x1));expr:sin(mul(cos(x1),sin(x1)));sin(x1+x1^2)",0.01348 - 1.553*sin((sin(x1)+sin(x1))) + 4.259*sin((sin(x1)+x1)) + 0.9175*sin(((x1)^2+x1)) - 4.001*sin((cos(x1)*sin(x1))),generation budget reached
nested_sine,complementary,0.03,300,4,9013,fedfalsify-v05,1.0,1.0,1.0,2.0413576530063e-06,0.0006892010416156102,0.0,1.0,0.23988897699973677,210373,4,sin(x1);sin(x1+x1^2),-0.001262 + 1·sin(x₁) + 0.9997·sin(x₁+x₁²),target federated MSE reached; no replacement passed the federated certificate
nested_sine,complementary,0.03,300,4,9013,centralized-tree-gp,1.0,1.0,1.0,2.0413576530073553e-06,0.0006892010416156104,0.0,1.0,0.7729814859999351,0,1476,sin(x1);sin(x1+x1^2),-0.001262 + 0.9997*sin(((x1)^2+x1)) + 1*sin(x1),generation budget reached
nested_sine,complementary,0.03,300,4,9013,federated-tree-gp-style,1.0,1.0,1.0,2.041357653006372e-06,0.0006892010416156106,0.0,1.0,0.9637742240001899,494272,1476,sin(x1);sin(x1+x1^2),-0.001262 + 0.9997*sin(((x1)^2+x1)) + 1*sin(x1),generation budget reached
nested_sine,complementary,0.03,300,4,9013,centralized-residual-counterexample-gp,1.0,1.0,1.0,2.0413576530073553e-06,0.0006892010416156104,0.0,1.0,0.9897984829999587,0,1476,sin(x1);sin(x1+x1^2),-0.001262 + 0.9997*sin(((x1)^2+x1)) + 1*sin(x1),generation budget reached
nested_sine,complementary,0.03,300,4,9014,fedfalsify-v05,1.0,1.0,1.0,4.2664139261217033e-07,0.0006820048020681603,0.0,1.0,0.346066700999927,210521,4,sin(x1);sin(x1+x1^2),0.0005351 + 1·sin(x₁+x₁²) + 1·sin(x₁),target federated MSE reached; no replacement passed the federated certificate
nested_sine,complementary,0.03,300,4,9014,centralized-tree-gp,0.0,0.0,0.0,0.2438538916975885,0.08788836116503956,0.0,1.0,1.4081559420001213,0,1542,"expr:sin(add(sin(x1),sin(x1)));expr:sin(add(sin(x1),x1));expr:sin(mul(cos(x1),sin(x1)));x1",0.1874 + 9.181*sin((sin(x1)+sin(x1))) - 13.18*sin((sin(x1)+x1)) + 11.83*sin((cos(x1)*sin(x1))) - 0.5745*x1,generation budget reached
nested_sine,complementary,0.03,300,4,9014,federated-tree-gp-style,0.0,0.0,0.0,0.24385389169757785,0.08788836116503955,0.0,1.0,1.8627075610002066,595904,1542,"expr:sin(add(sin(x1),sin(x1)));expr:sin(add(sin(x1),x1));expr:sin(mul(cos(x1),sin(x1)));x1",0.1874 + 9.181*sin((sin(x1)+sin(x1))) - 13.18*sin((sin(x1)+x1)) + 11.83*sin((cos(x1)*sin(x1))) - 0.5745*x1,generation budget reached
nested_sine,complementary,0.03,300,4,9014,centralized-residual-counterexample-gp,0.0,0.0,0.0,0.23925881090732928,0.12808430197517282,1.0,1.0,1.1144923500000914,0,1513,"expr:mul(sin(x1),square(x1));expr:sin(add(sin(x1),sin(x1)));expr:square(add(sin(x4),square(x1)))",0.2572 - 0.1892*(sin(x1)*(x1)^2) + 1.242*sin((sin(x1)+sin(x1))) - 0.009329*((sin(x4)+(x1)^2))^2,generation budget reached
nested_sine,complementary,0.03,300,4,9015,fedfalsify-v05,1.0,1.0,1.0,5.507696216836452e-06,0.0007211825927422688,0.0,1.0,0.24920697500010647,210386,4,sin(x1);sin(x1+x1^2),0.001475 + 0.998·sin(x₁) + 0.9984·sin(x₁+x₁²),target federated MSE reached; no replacement passed the federated certificate
nested_sine,complementary,0.03,300,4,9015,centralized-tree-gp,1.0,1.0,1.0,5.507696216836642e-06,0.0007211825927422689,0.0,1.0,0.8280027629998585,0,1509,sin(x1);sin(x1+x1^2),0.001475 + 0.9984*sin(((x1)^2+x1)) + 0.998*sin(x1),generation budget reached
nested_sine,complementary,0.03,300,4,9015,federated-tree-gp-style,1.0,1.0,1.0,5.50769621683638e-06,0.000721182592742269,0.0,1.0,1.04944535300001,531456,1509,sin(x1);sin(x1+x1^2),0.001475 + 0.9984*sin(((x1)^2+x1)) + 0.998*sin(x1),generation budget reached
nested_sine,complementary,0.03,300,4,9015,centralized-residual-counterexample-gp,1.0,1.0,1.0,5.507696216836642e-06,0.0007211825927422689,0.0,1.0,0.9169435279995923,0,1572,sin(x1);sin(x1+x1^2),0.001475 + 0.9984*sin(((x1)^2+x1)) + 0.998*sin(x1),generation budget reached
nested_sine,complementary,0.1,300,4,9011,fedfalsify-v05,1.0,1.0,1.0,4.862558498147347e-06,0.008146123665968409,0.0,1.0,0.2533826760000011,209982,4,sin(x1);sin(x1+x1^2),-0.001726 + 0.9986·sin(x₁) + 0.9997·sin(x₁+x₁²),target federated MSE reached; no replacement passed the federated certificate
nested_sine,complementary,0.1,300,4,9011,centralized-tree-gp,1.0,1.0,1.0,4.862558498146561e-06,0.008146123665968409,0.0,1.0,0.7741609319996314,0,1487,sin(x1);sin(x1+x1^2),-0.001726 + 0.9997*sin(((x1)^2+x1)) + 0.9986*sin(x1),generation budget reached
nested_sine,complementary,0.1,300,4,9011,federated-tree-gp-style,1.0,1.0,1.0,4.862558498147437e-06,0.008146123665968409,0.0,1.0,0.9942552640000031,500096,1487,sin(x1);sin(x1+x1^2),-0.001726 + 0.9997*sin(((x1)^2+x1)) + 0.9986*sin(x1),generation budget reached
nested_sine,complementary,0.1,300,4,9011,centralized-residual-counterexample-gp,1.0,1.0,1.0,4.862558498146561e-06,0.008146123665968409,0.0,1.0,0.820726747000208,0,1486,sin(x1);sin(x1+x1^2),-0.001726 + 0.9997*sin(((x1)^2+x1)) + 0.9986*sin(x1),generation budget reached
nested_sine,complementary,0.1,300,4,9012,fedfalsify-v05,1.0,1.0,1.0,1.725831579587828e-05,0.007406701517550784,0.0,1.0,0.49752211699978943,566929,4,sin(x1);sin(x1+x1^2),0.002541 + 0.9995·sin(x₁+x₁²) + 0.996·sin(x₁),target federated MSE reached; no replacement passed the federated certificate
nested_sine,complementary,0.1,300,4,9012,centralized-tree-gp,0.0,0.0,0.0,0.1609930119991659,0.09535485295035839,1.0,1.0,0.8797330099996543,0,1532,"expr:sin(add(sin(x1),sin(x1)));expr:sin(add(sin(x1),x1));expr:sin(mul(cos(x1),sin(x1)));expr:square(add(sin(x4),square(x1)))",0.2893 + 7.149*sin((sin(x1)+sin(x1))) - 11.22*sin((sin(x1)+x1)) + 11.03*sin((cos(x1)*sin(x1))) - 0.01174*((sin(x4)+(x1)^2))^2,generation budget reached
nested_sine,complementary,0.1,300,4,9012,federated-tree-gp-style,0.0,0.0,0.0,0.16099301199912094,0.09535485295035839,1.0,1.0,1.1380783589997918,551296,1532,"expr:sin(add(sin(x1),sin(x1)));expr:sin(add(sin(x1),x1));expr:sin(mul(cos(x1),sin(x1)));expr:square(add(sin(x4),square(x1)))",0.2893 + 7.149*sin((sin(x1)+sin(x1))) - 11.22*sin((sin(x1)+x1)) + 11.03*sin((cos(x1)*sin(x1))) - 0.01174*((sin(x4)+(x1)^2))^2,generation budget reached
nested_sine,complementary,0.1,300,4,9012,centralized-residual-counterexample-gp,0.0,0.0,0.0,0.1609930119991659,0.09535485295035839,1.0,1.0,0.8846270539997931,0,1510,"expr:sin(add(sin(x1),sin(x1)));expr:sin(add(sin(x1),x1));expr:sin(mul(cos(x1),sin(x1)));expr:square(add(sin(x4),square(x1)))",0.2893 + 7.149*sin((sin(x1)+sin(x1))) - 11.22*sin((sin(x1)+x1)) + 11.03*sin((cos(x1)*sin(x1))) - 0.01174*((sin(x4)+(x1)^2))^2,generation budget reached
nested_sine,complementary,0.1,300,4,9013,fedfalsify-v05,1.0,1.0,1.0,2.268175170114555e-05,0.007657789351284562,0.0,1.0,0.32144705500013515,209751,4,sin(x1);sin(x1+x1^2),-0.004206 + 1·sin(x₁) + 0.999·sin(x₁+x₁²),target federated MSE reached; no replacement passed the federated certificate
nested_sine,complementary,0.1,300,4,9013,centralized-tree-gp,1.0,1.0,1.0,2.26817517011472e-05,0.007657789351284562,0.0,1.0,1.3325096339999618,0,1520,sin(x1);sin(x1+x1^2),-0.004206 + 0.999*sin(((x1)^2+x1)) + 1*sin(x1),generation budget reached
nested_sine,complementary,0.1,300,4,9013,federated-tree-gp-style,1.0,1.0,1.0,2.26817517011453e-05,0.007657789351284562,0.0,1.0,1.7207368240001415,541824,1520,sin(x1);sin(x1+x1^2),-0.004206 + 0.999*sin(((x1)^2+x1)) + 1*sin(x1),generation budget reached
nested_sine,complementary,0.1,300,4,9013,centralized-residual-counterexample-gp,1.0,1.0,1.0,2.26817517011472e-05,0.007657789351284562,0.0,1.0,1.4454689159997542,0,1531,sin(x1);sin(x1+x1^2),-0.004206 + 0.999*sin(((x1)^2+x1)) + 1*sin(x1),generation budget reached
nested_sine,complementary,0.1,300,4,9014,fedfalsify-v05,1.0,1.0,1.0,4.740459988413636e-06,0.00757783113409067,0.0,1.0,0.33813697200002935,209842,4,sin(x1);sin(x1+x1^2),0.001784 + 1.001·sin(x₁+x₁²) + 1.001·sin(x₁),target federated MSE reached; no replacement passed the federated certificate
nested_sine,complementary,0.1,300,4,9014,centralized-tree-gp,0.0,0.0,0.0,0.18017885613946902,0.11836032697087688,0.0,1.0,0.9398889079998298,0,1546,"expr:add(sin(x1),sin(x1));expr:sin(add(sin(x1),sin(x1)));expr:square(add(cos(x2),square(x1)));expr:square(add(square(x1),x1))",0.2497 - 0.7686*(sin(x1)+sin(x1)) + 2.284*sin((sin(x1)+sin(x1))) + 0.004908*((cos(x2)+(x1)^2))^2 - 0.01208*(((x1)^2+x1))^2,generation budget reached
nested_sine,complementary,0.1,300,4,9014,federated-tree-gp-style,0.0,0.0,0.0,0.1801788561394709,0.11836032697087688,0.0,1.0,1.1479499269998996,578240,1546,"expr:add(sin(x1),sin(x1));expr:sin(add(sin(x1),sin(x1)));expr:square(add(cos(x2),square(x1)));expr:square(add(square(x1),x1))",0.2497 - 0.7686*(sin(x1)+sin(x1)) + 2.284*sin((sin(x1)+sin(x1))) + 0.004908*((cos(x2)+(x1)^2))^2 - 0.01208*(((x1)^2+x1))^2,generation budget reached
nested_sine,complementary,0.1,300,4,9014,centralized-residual-counterexample-gp,0.0,0.0,0.0,0.1799359006799554,0.11537693204788,1.0,1.0,0.903250584000034,0,1511,"expr:add(sin(x1),sin(x1));expr:sin(add(sin(x1),sin(x1)));expr:sin(add(sin(x1),x1));expr:square(add(cos(x4),square(x1)))",0.2583 - 0.6544*(sin(x1)+sin(x1)) + 1.64*sin((sin(x1)+sin(x1))) + 0.4948*sin((sin(x1)+x1)) - 0.007749*((cos(x4)+(x1)^2))^2,generation budget reached
nested_sine,complementary,0.1,300,4,9015,fedfalsify-v05,1.0,1.0,1.0,6.119662396732382e-05,0.008013139919358547,0.0,1.0,0.2580726190003588,209783,4,sin(x1);sin(x1+x1^2),0.004917 + 0.9932·sin(x₁) + 0.9947·sin(x₁+x₁²),target federated MSE reached; no replacement passed the federated certificate
nested_sine,complementary,0.1,300,4,9015,centralized-tree-gp,0.0,0.0,0.0,0.33716710264606936,0.14891221082060047,0.0,1.0,0.7828983459999108,0,1473,"expr:sin(add(sin(x1),sin(x1)));expr:square(mul(cos(x3),square(x1)));x1",0.2517 + 1.385*sin((sin(x1)+sin(x1))) - 0.01035*((cos(x3)*(x1)^2))^2 - 0.3452*x1,generation budget reached
nested_sine,complementary,0.1,300,4,9015,federated-tree-gp-style,0.0,0.0,0.0,0.33716710264606947,0.14891221082060047,0.0,1.0,1.0111060620001808,482432,1473,"expr:sin(add(sin(x1),sin(x1)));expr:square(mul(cos(x3),square(x1)));x1",0.2517 + 1.385*sin((sin(x1)+sin(x1))) - 0.01035*((cos(x3)*(x1)^2))^2 - 0.3452*x1,generation budget reached
nested_sine,complementary,0.1,300,4,9015,centralized-residual-counterexample-gp,0.0,0.0,0.0,0.3526358799084121,0.15930294310667695,0.0,1.0,0.7537470789998224,0,1461,"expr:sin(add(sin(x1),x1));expr:sin(mul(cos(x1),x1))",0.2067 + 1.327*sin((sin(x1)+x1)) - 0.406*sin((cos(x1)*x1)),generation budget reached
nested_sine,spurious,0.03,300,4,9011,fedfalsify-v05,1.0,1.0,1.0,1.188081854393735e-06,0.0006907169216477651,0.0,1.0,0.2582745139998224,210428,4,sin(x1);sin(x1+x1^2),-0.0008866 + 1·sin(x₁) + 1.001·sin(x₁+x₁²),target federated MSE reached; no replacement passed the federated certificate
nested_sine,spurious,0.03,300,4,9011,centralized-tree-gp,1.0,1.0,1.0,1.1880818543940477e-06,0.0006907169216477652,0.0,1.0,0.8448355479999918,0,1552,sin(x1);sin(x1+x1^2),-0.0008866 + 1.001*sin(((x1)^2+x1)) + 1*sin(x1),generation budget reached
nested_sine,spurious,0.03,300,4,9011,federated-tree-gp-style,1.0,1.0,1.0,1.1880818543936782e-06,0.0006907169216477651,0.0,1.0,1.0789044200000717,588416,1552,sin(x1);sin(x1+x1^2),-0.0008866 + 1.001*sin(((x1)^2+x1)) + 1*sin(x1),generation budget reached
nested_sine,spurious,0.03,300,4,9011,centralized-residual-counterexample-gp,1.0,1.0,1.0,1.1880818543940477e-06,0.0006907169216477652,0.0,1.0,0.9013765709996733,0,1552,sin(x1);sin(x1+x1^2),-0.0008866 + 1.001*sin(((x1)^2+x1)) + 1*sin(x1),generation budget reached
nested_sine,spurious,0.03,300,4,9012,fedfalsify-v05,1.0,1.0,1.0,6.336306845607538e-06,0.0006599460953422337,0.0,1.0,0.26095548200009944,210332,4,sin(x1);sin(x1+x1^2),0.001589 + 1·sin(x₁) + 0.997·sin(x₁+x₁²),target federated MSE reached; no replacement passed the federated certificate
nested_sine,spurious,0.03,300,4,9012,centralized-tree-gp,0.0,0.25,0.5,4.4808706716464126e-05,0.0006878730927766628,0.0,1.0,1.059523879000153,0,1595,"expr:add(cos(x3),sin(x1));expr:mul(square(x3),square(x3));expr:square(add(x3,x3));sin(x1+x1^2)",-0.9925 + 1*(cos(x3)+sin(x1)) - 0.03164*((x3)^2*(x3)^2) + 0.997*sin(((x1)^2+x1)) + 0.1202*((x3+x3))^2,generation budget reached
nested_sine,spurious,0.03,300,4,9012,federated-tree-gp-style,0.0,0.25,0.5,4.4808706716457424e-05,0.0006878730927766627,0.0,1.0,1.9871324589998949,609600,1595,"expr:add(cos(x3),sin(x1));expr:mul(square(x3),square(x3));expr:square(add(x3,x3));sin(x1+x1^2)",-0.9925 + 1*(cos(x3)+sin(x1)) - 0.03164*((x3)^2*(x3)^2) + 0.997*sin(((x1)^2+x1)) + 0.1202*((x3+x3))^2,generation budget reached
nested_sine,spurious,0.03,300,4,9012,centralized-residual-counterexample-gp,0.0,0.25,0.5,0.015113991885165823,0.011054831750750917,1.0,1.0,1.4832137399998828,0,1529,"expr:add(sin(x1),sin(x4));expr:sin(add(sin(x1),sin(x1)));expr:square(add(sin(x1),square(x1)));sin(x1+x1^2)",0.06074 + 0.01851*(sin(x1)+sin(x4)) + 0.8429*sin((sin(x1)+sin(x1))) + 0.7696*sin(((x1)^2+x1)) - 0.002478*((sin(x1)+(x1)^2))^2,generation budget reached
nested_sine,spurious,0.03,300,4,9013,fedfalsify-v05,1.0,1.0,1.0,3.985275032791555e-06,0.0007086599483831226,0.0,1.0,0.3839301899997736,210362,4,sin(x1);sin(x1+x1^2),-0.001671 + 0.9998·sin(x₁+x₁²) + 0.999·sin(x₁),target federated MSE reached; no replacement passed the federated certificate
nested_sine,spurious,0.03,300,4,9013,centralized-tree-gp,0.0,0.0,0.0,0.35539384344536135,0.14875863656440227,1.0,1.0,1.0317667260001144,0,1489,"expr:add(sin(x1),x1);expr:sin(add(sin(x1),sin(x1)));x4",0.1899 - 0.3672*(sin(x1)+x1) + 1.703*sin((sin(x1)+sin(x1))) + 0.04261*x4,generation budget reached
nested_sine,spurious,0.03,300,4,9013,federated-tree-gp-style,0.0,0.0,0.0,0.35539384344536135,0.14875863656440227,1.0,1.0,0.9963333340001554,494272,1489,"expr:add(sin(x1),x1);expr:sin(add(sin(x1),sin(x1)));x4",0.1899 - 0.3672*(sin(x1)+x1) + 1.703*sin((sin(x1)+sin(x1))) + 0.04261*x4,generation budget reached
nested_sine,spurious,0.03,300,4,9013,centralized-residual-counterexample-gp,0.0,0.0,0.0,0.23205615400163498,0.1387983007807106,0.0,1.0,0.7466570059996229,0,1460,"expr:mul(cos(x1),x1);expr:sin(add(sin(x1),x1));expr:square(mul(cos(x1),x1))",0.2627 - 0.2848*(cos(x1)*x1) + 1.265*sin((sin(x1)+x1)) - 0.1261*((cos(x1)*x1))^2,generation budget reached
nested_sine,spurious,0.03,300,4,9014,fedfalsify-v05,1.0,1.0,1.0,1.029382988225302e-06,0.0007696245711240079,0.0,1.0,0.2617764809997425,210433,4,sin(x1);sin(x1+x1^2),-0.0006172 + 1·sin(x₁) + 1.001·sin(x₁+x₁²),target federated MSE reached; no replacement passed the federated certificate
nested_sine,spurious,0.03,300,4,9014,centralized-tree-gp,0.0,0.25,0.5,0.011432453441299752,0.010653711737411546,1.0,1.0,0.9372624889997496,0,1571,"expr:mul(square(x1),square(x4));expr:sin(add(sin(x1),sin(x1)));expr:square(add(square(x1),x1));sin(x1+x1^2)",0.06173 + 0.001924*((x1)^2*(x4)^2) + 0.8723*sin((sin(x1)+sin(x1))) + 0.7779*sin(((x1)^2+x1)) - 0.002488*(((x1)^2+x1))^2,generation budget reached
nested_sine,spurious,0.03,300,4,9014,federated-tree-gp-style,0.0,0.25,0.5,0.011432453441299764,0.010653711737411548,1.0,1.0,1.2087809180002296,632448,1571,"expr:mul(square(x1),square(x4));expr:sin(add(sin(x1),sin(x1)));expr:square(add(square(x1),x1));sin(x1+x1^2)",0.06173 + 0.001924*((x1)^2*(x4)^2) + 0.8723*sin((sin(x1)+sin(x1))) + 0.7779*sin(((x1)^2+x1)) - 0.002488*(((x1)^2+x1))^2,generation budget reached
nested_sine,spurious,0.03,300,4,9014,centralized-residual-counterexample-gp,0.0,0.3333333333333333,0.5,0.017757570210696325,0.011553569528289976,0.0,1.0,0.8587851399997817,0,1492,"expr:sin(add(sin(x1),sin(x1)));expr:square(add(square(x1),x2));sin(x1+x1^2)",0.05989 + 0.8559*sin((sin(x1)+sin(x1))) + 0.79*sin(((x1)^2+x1)) - 0.002512*(((x1)^2+x2))^2,generation budget reached
nested_sine,spurious,0.03,300,4,9015,fedfalsify-v05,1.0,1.0,1.0,2.5496471347371387e-06,0.000755405810670347,0.0,1.0,0.25901170399993134,210287,4,sin(x1);sin(x1+x1^2),0.0006831 + 0.9998·sin(x₁) + 1.002·sin(x₁+x₁²),target federated MSE reached; no replacement passed the federated certificate
nested_sine,spurious,0.03,300,4,9015,centralized-tree-gp,0.0,0.0,0.0,0.24209649734680597,0.1420337008386827,0.0,1.0,0.7503836549999505,0,1463,"expr:sin(add(sin(x1),sin(x1)));expr:sin(mul(cos(x1),sin(x1)));expr:square(mul(x1,x1))",0.2856 + 0.8286*sin((sin(x1)+sin(x1))) + 0.6381*sin((cos(x1)*sin(x1))) - 0.009828*((x1*x1))^2,generation budget reached
nested_sine,spurious,0.03,300,4,9015,federated-tree-gp-style,0.0,0.0,0.0,0.24209649734680602,0.1420337008386827,0.0,1.0,0.9741618120001476,469440,1463,"expr:sin(add(sin(x1),sin(x1)));expr:sin(mul(cos(x1),sin(x1)));expr:square(mul(x1,x1))",0.2856 + 0.8286*sin((sin(x1)+sin(x1))) + 0.6381*sin((cos(x1)*sin(x1))) - 0.009828*((x1*x1))^2,generation budget reached
nested_sine,spurious,0.03,300,4,9015,centralized-residual-counterexample-gp,0.0,0.0,0.0,0.24209649734680597,0.1420337008386827,0.0,1.0,0.8145986240001548,0,1467,"expr:sin(add(sin(x1),sin(x1)));expr:sin(mul(cos(x1),sin(x1)));expr:square(mul(x1,x1))",0.2856 + 0.8286*sin((sin(x1)+sin(x1))) + 0.6381*sin((cos(x1)*sin(x1))) - 0.009828*((x1*x1))^2,generation budget reached
nested_sine,spurious,0.1,300,4,9011,fedfalsify-v05,1.0,1.0,1.0,1.3200909716332422e-05,0.007674632462752949,0.0,1.0,0.24462830599986773,209907,4,sin(x1);sin(x1+x1^2),-0.002955 + 1·sin(x₁) + 1.003·sin(x₁+x₁²),target federated MSE reached; no replacement passed the federated certificate
nested_sine,spurious,0.1,300,4,9011,centralized-tree-gp,1.0,1.0,1.0,1.3200909716330185e-05,0.007674632462752949,0.0,1.0,0.7976389359996574,0,1519,sin(x1);sin(x1+x1^2),-0.002955 + 1.003*sin(((x1)^2+x1)) + 1*sin(x1),generation budget reached
nested_sine,spurious,0.1,300,4,9011,federated-tree-gp-style,1.0,1.0,1.0,1.3200909716332296e-05,0.007674632462752949,0.0,1.0,1.2721536760000163,540416,1519,sin(x1);sin(x1+x1^2),-0.002955 + 1.003*sin(((x1)^2+x1)) + 1*sin(x1),generation budget reached
nested_sine,spurious,0.1,300,4,9011,centralized-residual-counterexample-gp,1.0,1.0,1.0,1.3200909716330185e-05,0.007674632462752949,0.0,1.0,1.4078452690000631,0,1551,sin(x1);sin(x1+x1^2),-0.002955 + 1.003*sin(((x1)^2+x1)) + 1*sin(x1),generation budget reached
nested_sine,spurious,0.1,300,4,9012,fedfalsify-v05,1.0,1.0,1.0,7.040340874385086e-05,0.007332734392691487,0.0,1.0,0.38245161300028485,209730,4,sin(x1);sin(x1+x1^2),0.005296 + 1·sin(x₁) + 0.99·sin(x₁+x₁²),target federated MSE reached; no replacement passed the federated certificate
nested_sine,spurious,0.1,300,4,9012,centralized-tree-gp,0.0,0.5,0.5,7.040340875210753e-05,0.007332734392691487,0.0,1.0,1.3441203719999066,0,1535,"expr:add(sin(x1),sin(x1));sin(x1+x1^2)",0.005296 + 0.5001*(sin(x1)+sin(x1)) + 0.99*sin(((x1)^2+x1)),generation budget reached
nested_sine,spurious,0.1,300,4,9012,federated-tree-gp-style,0.0,0.5,0.5,7.040340875209921e-05,0.007332734392691487,0.0,1.0,1.5947741300001326,571008,1535,"expr:add(sin(x1),sin(x1));sin(x1+x1^2)",0.005296 + 0.5001*(sin(x1)+sin(x1)) + 0.99*sin(((x1)^2+x1)),generation budget reached
nested_sine,spurious,0.1,300,4,9012,centralized-residual-counterexample-gp,0.0,0.5,0.5,7.040340875210753e-05,0.007332734392691487,0.0,1.0,0.8943270559998382,0,1506,"expr:add(sin(x1),sin(x1));sin(x1+x1^2)",0.005296 + 0.5001*(sin(x1)+sin(x1)) + 0.99*sin(((x1)^2+x1)),generation budget reached
nested_sine,spurious,0.1,300,4,9013,fedfalsify-v05,1.0,1.0,1.0,4.428083357589588e-05,0.007873999426479142,0.0,1.0,0.2892472309999903,209693,4,sin(x1);sin(x1+x1^2),-0.005571 + 0.9995·sin(x₁+x₁²) + 0.9967·sin(x₁),target federated MSE reached; no replacement passed the federated certificate
nested_sine,spurious,0.1,300,4,9013,centralized-tree-gp,0.0,0.0,0.0,0.20533305790451636,0.13089757418945042,1.0,1.0,0.8538177549999091,0,1501,"expr:add(cos(x4),square(x1));expr:add(sin(x1),sin(x1));expr:sin(add(sin(x1),sin(x1)));expr:sin(add(sin(x1),x1))",0.2846 - 0.04579*(cos(x4)+(x1)^2) - 0.6968*(sin(x1)+sin(x1)) + 1.718*sin((sin(x1)+sin(x1))) + 0.4828*sin((sin(x1)+x1)),generation budget reached
nested_sine,spurious,0.1,300,4,9013,federated-tree-gp-style,0.0,0.0,0.0,0.20533305790451598,0.13089757418945042,1.0,1.0,1.0667250669998793,526400,1501,"expr:add(cos(x4),square(x1));expr:add(sin(x1),sin(x1));expr:sin(add(sin(x1),sin(x1)));expr:sin(add(sin(x1),x1))",0.2846 - 0.04579*(cos(x4)+(x1)^2) - 0.6968*(sin(x1)+sin(x1)) + 1.718*sin((sin(x1)+sin(x1))) + 0.4828*sin((sin(x1)+x1)),generation budget reached
nested_sine,spurious,0.1,300,4,9013,centralized-residual-counterexample-gp,0.0,0.0,0.0,0.15972136376748933,0.11720819779312916,0.0,1.0,0.8782591079998383,0,1493,"expr:add(sin(x1),sin(x1));expr:sin(add(sin(x1),sin(x1)));expr:sin(add(sin(x1),x1));expr:square(mul(cos(x1),x1))",0.2379 - 0.7094*(sin(x1)+sin(x1)) + 1.756*sin((sin(x1)+sin(x1))) + 0.4692*sin((sin(x1)+x1)) - 0.1039*((cos(x1)*x1))^2,generation budget reached
nested_sine,spurious,0.1,300,4,9014,fedfalsify-v05,1.0,1.0,1.0,1.1437589033773977e-05,0.00855138412360009,0.0,1.0,0.24983032999989518,209851,4,sin(x1);sin(x1+x1^2),-0.002057 + 1.001·sin(x₁) + 1.004·sin(x₁+x₁²),target federated MSE reached; no replacement passed the federated certificate
nested_sine,spurious,0.1,300,4,9014,centralized-tree-gp,0.0,0.5,0.5,1.1437589037112976e-05,0.00855138412360009,0.0,1.0,0.8135908450003626,0,1527,"expr:add(sin(x1),sin(x1));sin(x1+x1^2)",-0.002057 + 0.5003*(sin(x1)+sin(x1)) + 1.004*sin(((x1)^2+x1)),generation budget reached
nested_sine,spurious,0.1,300,4,9014,federated-tree-gp-style,0.0,0.5,0.5,1.1437589037112393e-05,0.00855138412360009,0.0,1.0,1.020265603000098,547904,1527,"expr:add(sin(x1),sin(x1));sin(x1+x1^2)",-0.002057 + 0.5003*(sin(x1)+sin(x1)) + 1.004*sin(((x1)^2+x1)),generation budget reached
nested_sine,spurious,0.1,300,4,9014,centralized-residual-counterexample-gp,0.0,0.5,1.0,5.706559060644211e-05,0.008517524739074491,0.0,1.0,0.9652187090000552,0,1589,"expr:sin(add(sin(x1),x1));expr:sin(add(x2,x2));sin(x1);sin(x1+x1^2)",-0.0005131 + 0.02063*sin((sin(x1)+x1)) + 0.9958*sin(((x1)^2+x1)) + 0.002535*sin((x2+x2)) + 0.9841*sin(x1),generation budget reached
nested_sine,spurious,0.1,300,4,9015,fedfalsify-v05,1.0,1.0,1.0,2.8329412883951386e-05,0.008393397896337192,0.0,1.0,0.26390563999984806,209651,4,sin(x1);sin(x1+x1^2),0.002277 + 0.9993·sin(x₁) + 1.006·sin(x₁+x₁²),target federated MSE reached; no replacement passed the federated certificate
nested_sine,spurious,0.1,300,4,9015,centralized-tree-gp,0.0,0.0,0.0,0.3539207965798162,0.15185373793850435,0.0,1.0,0.7889053089998015,0,1498,"expr:add(sin(x1),x1);expr:sin(add(sin(x1),sin(x1)))",0.2201 - 0.365*(sin(x1)+x1) + 1.739*sin((sin(x1)+sin(x1))),generation budget reached
nested_sine,spurious,0.1,300,4,9015,federated-tree-gp-style,0.0,0.0,0.0,0.35392079657981573,0.15185373793850435,0.0,1.0,1.009264069999972,506944,1498,"expr:add(sin(x1),x1);expr:sin(add(sin(x1),sin(x1)))",0.2201 - 0.365*(sin(x1)+x1) + 1.739*sin((sin(x1)+sin(x1))),generation budget reached
nested_sine,spurious,0.1,300,4,9015,centralized-residual-counterexample-gp,0.0,0.0,0.0,0.2028853915293447,0.11192243096084752,0.0,1.0,1.1687593370002105,0,1516,"expr:add(sin(x1),x1);expr:cos(mul(cos(x1),square(x1)));expr:sin(add(sin(x1),sin(x1)));expr:square(add(sin(x3),square(x1)))",0.6596 - 0.3293*(sin(x1)+x1) - 0.4354*cos((cos(x1)*(x1)^2)) + 1.66*sin((sin(x1)+sin(x1))) - 0.01479*((sin(x3)+(x1)^2))^2,generation budget reached
nested_sine,exception,0.03,300,4,9011,fedfalsify-v05,1.0,1.0,1.0,1.9001839866549013e-06,0.0022330706272736234,0.0,1.0,0.4830427259998942,248149,5,I(x3>1)*x3^2;sin(x1);sin(x1+x1^2),0.0001038 + 0.7489·𝟙[x₃>1]·x₃² + 0.9998·sin(x₁) + 0.9995·sin(x₁+x₁²),target federated MSE reached; no replacement passed the federated certificate
nested_sine,exception,0.03,300,4,9011,centralized-tree-gp,0.0,0.0,0.0,0.16355705331698156,0.3064798708038567,0.0,0.0,1.3206000440000025,0,1560,"expr:add(cos(x3),sin(x3));expr:add(sin(x1),x3);expr:square(add(square(x3),x3));expr:square(mul(square(x1),x3))",0.988 - 0.8654*(cos(x3)+sin(x3)) + 0.9623*(sin(x1)+x3) + 0.01911*(((x3)^2+x3))^2 - 0.003282*(((x1)^2*x3))^2,generation budget reached
nested_sine,exception,0.03,300,4,9011,federated-tree-gp-style,0.0,0.0,0.0,0.16355705331698167,0.3064798708038567,0.0,0.0,1.7097388530000899,615680,1560,"expr:add(cos(x3),sin(x3));expr:add(sin(x1),x3);expr:square(add(square(x3),x3));expr:square(mul(square(x1),x3))",0.988 - 0.8654*(cos(x3)+sin(x3)) + 0.9623*(sin(x1)+x3) + 0.01911*(((x3)^2+x3))^2 - 0.003282*(((x1)^2*x3))^2,generation budget reached
nested_sine,exception,0.03,300,4,9011,centralized-residual-counterexample-gp,0.0,0.0,0.0,0.18323163186555852,0.2835295430309187,0.0,0.0,1.0146309369997653,0,1587,"expr:add(cos(x3),square(x3));expr:add(sin(x1),x3);expr:mul(sin(x1),square(x1));sin(x3)",-0.3891 + 0.5617*(cos(x3)+(x3)^2) + 1.279*(sin(x1)+x3) - 0.1556*(sin(x1)*(x1)^2) - 1.19*sin(x3),generation budget reached
nested_sine,exception,0.03,300,4,9012,fedfalsify-v05,1.0,1.0,1.0,2.191841343640475e-06,0.0021536709876309513,0.0,1.0,0.6175389219997669,615414,5,I(x3>1)*x3^2;sin(x1);sin(x1+x1^2),0.0009592 + 0.7504·𝟙[x₃>1]·x₃² + 0.9999·sin(x₁+x₁²) + 0.9976·sin(x₁),target federated MSE reached; no replacement passed the federated certificate
nested_sine,exception,0.03,300,4,9012,centralized-tree-gp,0.0,0.6666666666666666,0.6666666666666666,0.07199075790396206,0.08601578407633523,0.0,1.0,0.8149632290001136,0,1563,"I(x3>1)*x3^2;expr:sin(add(sin(x1),x1));sin(x1+x1^2)",0.04941 + 0.7901*I(x3>1)*((x3)^2) + 1.016*sin((sin(x1)+x1)) + 0.5839*sin(((x1)^2+x1)),generation budget reached
nested_sine,exception,0.03,300,4,9012,federated-tree-gp-style,0.0,0.6666666666666666,0.6666666666666666,0.07199075790396214,0.08601578407633524,0.0,1.0,1.0705845279999266,571968,1563,"I(x3>1)*x3^2;expr:sin(add(sin(x1),x1));sin(x1+x1^2)",0.04941 + 0.7901*I(x3>1)*((x3)^2) + 1.016*sin((sin(x1)+x1)) + 0.5839*sin(((x1)^2+x1)),generation budget reached
nested_sine,exception,0.03,300,4,9012,centralized-residual-counterexample-gp,0.0,0.3333333333333333,0.3333333333333333,0.1394057938297135,0.19320278375167235,0.0,1.0,0.8364821270001812,0,1549,"I(x3>1)*x3^2;expr:add(sin(x1),x1);expr:sin(mul(cos(x1),sin(x1)))",0.216 + 0.2919*(sin(x1)+x1) + 0.7394*I(x3>1)*((x3)^2) + 1.351*sin((cos(x1)*sin(x1))),generation budget reached
nested_sine,exception,0.03,300,4,9013,fedfalsify-v05,1.0,1.0,1.0,3.2398825505157606e-06,0.002273872727606933,0.0,1.0,0.33083319399975153,247861,5,I(x3>1)*x3^2;sin(x1);sin(x1+x1^2),-0.001499 + 0.7491·𝟙[x₃>1]·x₃² + 1.001·sin(x₁) + 0.9992·sin(x₁+x₁²),target federated MSE reached; no replacement passed the federated certificate
nested_sine,exception,0.03,300,4,9013,centralized-tree-gp,0.0,0.5,0.3333333333333333,0.1565091559158057,0.29574186442371114,0.0,1.0,0.7720689870002388,0,1528,"I(x3>1)*x3^2;expr:add(sin(x1),sin(x1))",0.2304 + 0.4873*(sin(x1)+sin(x1)) + 0.7229*I(x3>1)*((x3)^2),generation budget reached
nested_sine,exception,0.03,300,4,9013,federated-tree-gp-style,0.0,0.5,0.3333333333333333,0.15650915591580578,0.2957418644237112,0.0,1.0,1.021531553999921,543744,1528,"I(x3>1)*x3^2;expr:add(sin(x1),sin(x1))",0.2304 + 0.4873*(sin(x1)+sin(x1)) + 0.7229*I(x3>1)*((x3)^2),generation budget reached
nested_sine,exception,0.03,300,4,9013,centralized-residual-counterexample-gp,0.0,0.3333333333333333,0.3333333333333333,0.1714146368313972,0.28739335376641423,0.0,1.0,0.8535269770000014,0,1574,"I(x3>1)*x3^2;expr:add(sin(x1),sin(x1));x1",0.2196 + 0.6183*(sin(x1)+sin(x1)) + 0.7389*I(x3>1)*((x3)^2) - 0.1657*x1,generation budget reached
nested_sine,exception,0.03,300,4,9014,fedfalsify-v05,1.0,1.0,1.0,5.557245017912471e-07,0.002126097526256952,0.0,1.0,0.35199824400024227,247923,5,I(x3>1)*x3^2;sin(x1);sin(x1+x1^2),0.0007156 + 0.7503·𝟙[x₃>1]·x₃² + 1.001·sin(x₁+x₁²) + 1·sin(x₁),target federated MSE reached; no replacement passed the federated certificate
nested_sine,exception,0.03,300,4,9014,centralized-tree-gp,0.0,0.5,0.6666666666666666,0.16872291379622403,0.22267647096739723,0.0,1.0,0.7581468280000081,0,1529,"I(x3>1)*x3^2;expr:sin(mul(cos(x1),sin(x1)));sin(x1);x3^2",0.1879 + 0.745*I(x3>1)*((x3)^2) + 0.8534*sin((cos(x1)*sin(x1))) + 0.8279*sin(x1) + 0.002475*(x3)^2,generation budget reached
nested_sine,exception,0.03,300,4,9014,federated-tree-gp-style,0.0,0.5,0.6666666666666666,0.16872291379622406,0.22267647096739718,0.0,1.0,0.9931991970001945,551040,1529,"I(x3>1)*x3^2;expr:sin(mul(cos(x1),sin(x1)));sin(x1);x3^2",0.1879 + 0.745*I(x3>1)*((x3)^2) + 0.8534*sin((cos(x1)*sin(x1))) + 0.8279*sin(x1) + 0.002475*(x3)^2,generation budget reached
nested_sine,exception,0.03,300,4,9014,centralized-residual-counterexample-gp,0.0,1.0,0.6666666666666666,0.16890395253477414,0.2960694933196257,0.0,1.0,0.8104187139997521,0,1523,I(x3>1)*x3^2;sin(x1),0.2178 + 0.7061*I(x3>1)*((x3)^2) + 0.9752*sin(x1),generation budget reached
nested_sine,exception,0.03,300,4,9015,fedfalsify-v05,1.0,1.0,1.0,6.356405368097653e-06,0.0021304903425715966,0.0,1.0,0.5172520920000352,247783,5,I(x3>1)*x3^2;sin(x1);sin(x1+x1^2),0.002242 + 0.7503·𝟙[x₃>1]·x₃² + 0.9964·sin(x₁) + 0.9974·sin(x₁+x₁²),target federated MSE reached; no replacement passed the federated certificate
nested_sine,exception,0.03,300,4,9015,centralized-tree-gp,0.0,0.25,0.3333333333333333,0.17032149253993284,0.1779241201812601,1.0,1.0,1.362983437999901,0,1578,"I(x3>1)*x3^2;expr:add(sin(x1),sin(x3));expr:sin(add(cos(x4),sin(x1)));expr:sin(add(sin(x1),x1))",0.2076 + 0.04205*(sin(x1)+sin(x3)) + 0.7519*I(x3>1)*((x3)^2) - 0.001035*sin((cos(x4)+sin(x1))) + 1.122*sin((sin(x1)+x1)),generation budget reached
nested_sine,exception,0.03,300,4,9015,federated-tree-gp-style,0.0,0.25,0.3333333333333333,0.17032149253993276,0.1779241201812601,1.0,1.0,1.8377375109998866,614976,1578,"I(x3>1)*x3^2;expr:add(sin(x1),sin(x3));expr:sin(add(cos(x4),sin(x1)));expr:sin(add(sin(x1),x1))",0.2076 + 0.04205*(sin(x1)+sin(x3)) + 0.7519*I(x3>1)*((x3)^2) - 0.001035*sin((cos(x4)+sin(x1))) + 1.122*sin((sin(x1)+x1)),generation budget reached
nested_sine,exception,0.03,300,4,9015,centralized-residual-counterexample-gp,0.0,0.25,0.3333333333333333,0.1890190564742025,0.21858092641342425,0.0,1.0,1.3431459850003193,0,1575,"I(x3>1)*x3^2;expr:add(sin(x1),x2);expr:add(sin(x2),x1);expr:sin(mul(cos(x1),sin(x1)))",0.2063 - 0.1855*(sin(x1)+x2) + 0.4859*(sin(x2)+x1) + 0.7487*I(x3>1)*((x3)^2) + 1.677*sin((cos(x1)*sin(x1))),generation budget reached
nested_sine,exception,0.1,300,4,9011,fedfalsify-v05,1.0,1.0,1.0,2.1113155330838784e-05,0.02481189585859583,0.0,1.0,0.3383278999999675,247621,5,I(x3>1)*x3^2;sin(x1);sin(x1+x1^2),0.0003459 + 0.7463·𝟙[x₃>1]·x₃² + 0.9992·sin(x₁) + 0.9982·sin(x₁+x₁²),target federated MSE reached; no replacement passed the federated certificate
nested_sine,exception,0.1,300,4,9011,centralized-tree-gp,0.0,0.25,0.3333333333333333,0.18535312996265127,0.34521419354892763,0.0,0.0,0.8287629860001289,0,1563,"expr:cos(add(cos(x3),cos(x3)));expr:square(add(square(x3),x3));sin(x1);x3",0.2736 + 0.3093*cos((cos(x3)+cos(x3))) + 0.985*sin(x1) + 0.05402*(((x3)^2+x3))^2 + 0.2359*x3,generation budget reached
nested_sine,exception,0.1,300,4,9011,federated-tree-gp-style,0.0,0.25,0.3333333333333333,0.1853531299626513,0.3452141935489277,0.0,0.0,1.0598369950002962,608000,1563,"expr:cos(add(cos(x3),cos(x3)));expr:square(add(square(x3),x3));sin(x1);x3",0.2736 + 0.3093*cos((cos(x3)+cos(x3))) + 0.985*sin(x1) + 0.05402*(((x3)^2+x3))^2 + 0.2359*x3,generation budget reached
nested_sine,exception,0.1,300,4,9011,centralized-residual-counterexample-gp,0.0,0.25,0.3333333333333333,0.14215740861457737,0.21403511101399592,1.0,1.0,0.9521150810001018,0,1571,"I(x3>1)*x3^2;expr:add(cos(x4),x1);expr:cos(add(cos(x1),sin(x1)));expr:mul(sin(x1),square(x1))",1.344 + 0.08084*(cos(x4)+x1) - 2.139*cos((cos(x1)+sin(x1))) + 0.7298*I(x3>1)*((x3)^2) + 0.2577*(sin(x1)*(x1)^2),generation budget reached
nested_sine,exception,0.1,300,4,9012,fedfalsify-v05,1.0,1.0,1.0,2.4353792579850372e-05,0.023929677640343913,0.0,1.0,0.6497739009996621,615041,5,I(x3>1)*x3^2;sin(x1);sin(x1+x1^2),0.003197 + 0.7515·𝟙[x₃>1]·x₃² + 0.9995·sin(x₁+x₁²) + 0.9921·sin(x₁),target federated MSE reached; no replacement passed the federated certificate
nested_sine,exception,0.1,300,4,9012,centralized-tree-gp,0.0,0.0,0.0,0.2385445052736048,0.3666106920499676,0.0,0.0,0.8064746770000966,0,1511,"expr:add(cos(x3),square(x3));expr:add(sin(x1),x3);expr:sin(mul(cos(x1),sin(x1)))",-0.3585 + 0.5766*(cos(x3)+(x3)^2) + 0.7142*(sin(x1)+x3) + 1.011*sin((cos(x1)*sin(x1))),generation budget reached
nested_sine,exception,0.1,300,4,9012,federated-tree-gp-style,0.0,0.0,0.0,0.2385445052736047,0.3666106920499676,0.0,0.0,1.0276794490000611,532992,1511,"expr:add(cos(x3),square(x3));expr:add(sin(x1),x3);expr:sin(mul(cos(x1),sin(x1)))",-0.3585 + 0.5766*(cos(x3)+(x3)^2) + 0.7142*(sin(x1)+x3) + 1.011*sin((cos(x1)*sin(x1))),generation budget reached
nested_sine,exception,0.1,300,4,9012,centralized-residual-counterexample-gp,0.0,0.3333333333333333,0.3333333333333333,0.17254470641174843,0.34419493311772753,0.0,1.0,0.8833917160000055,0,1548,"I(x3>1)*x3^2;expr:add(sin(x1),x1);expr:sin(mul(square(x1),x1))",0.2353 + 0.2791*(sin(x1)+x1) + 0.7125*I(x3>1)*((x3)^2) + 0.5009*sin(((x1)^2*x1)),generation budget reached
nested_sine,exception,0.1,300,4,9013,fedfalsify-v05,1.0,1.0,1.0,3.5998694980629194e-05,0.025265252528965925,0.0,1.0,0.32830513099997916,247236,5,I(x3>1)*x3^2;sin(x1);sin(x1+x1^2),-0.004996 + 0.7472·𝟙[x₃>1]·x₃² + 1.002·sin(x₁) + 0.9975·sin(x₁+x₁²),target federated MSE reached; no replacement passed the federated certificate
nested_sine,exception,0.1,300,4,9013,centralized-tree-gp,0.0,0.25,0.3333333333333333,0.13582453947798728,0.18023225625295392,0.0,1.0,0.832106099000157,0,1526,"I(x3>1)*x3^2;expr:add(sin(x1),sin(x1));expr:mul(cos(x1),sin(x1));expr:mul(cos(x1),x1)",0.2063 + 0.3195*(sin(x1)+sin(x1)) + 0.7351*I(x3>1)*((x3)^2) + 1.99*(cos(x1)*sin(x1)) - 0.5767*(cos(x1)*x1),generation budget reached
nested_sine,exception,0.1,300,4,9013,federated-tree-gp-style,0.0,0.25,0.3333333333333333,0.13582453947798764,0.18023225625295397,0.0,1.0,1.0364294500000142,553408,1526,"I(x3>1)*x3^2;expr:add(sin(x1),sin(x1));expr:mul(cos(x1),sin(x1));expr:mul(cos(x1),x1)",0.2063 + 0.3195*(sin(x1)+sin(x1)) + 0.7351*I(x3>1)*((x3)^2) + 1.99*(cos(x1)*sin(x1)) - 0.5767*(cos(x1)*x1),generation budget reached
nested_sine,exception,0.1,300,4,9013,centralized-residual-counterexample-gp,0.0,0.5,0.3333333333333333,0.15625358213623455,0.31770362469771274,0.0,1.0,0.8137909219999528,0,1497,"I(x3>1)*x3^2;expr:add(sin(x1),sin(x1))",0.2265 + 0.4879*(sin(x1)+sin(x1)) + 0.7209*I(x3>1)*((x3)^2),generation budget reached
nested_sine,exception,0.1,300,4,9014,fedfalsify-v05,1.0,1.0,1.0,6.174716741322108e-06,0.023623305847299478,0.0,1.0,0.47957341299979817,247348,5,I(x3>1)*x3^2;sin(x1);sin(x1+x1^2),0.002385 + 0.7508·𝟙[x₃>1]·x₃² + 1.002·sin(x₁+x₁²) + 1.001·sin(x₁),target federated MSE reached; no replacement passed the federated certificate
nested_sine,exception,0.1,300,4,9014,centralized-tree-gp,0.0,1.0,0.6666666666666666,0.1690295090988067,0.3183941345262134,0.0,1.0,1.2703533509998124,0,1552,I(x3>1)*x3^2;sin(x1),0.2198 + 0.7066*I(x3>1)*((x3)^2) + 0.9757*sin(x1),generation budget reached
nested_sine,exception,0.1,300,4,9014,federated-tree-gp-style,0.0,1.0,0.6666666666666666,0.1690295090988068,0.3183941345262134,0.0,1.0,1.700839558000098,572160,1552,I(x3>1)*x3^2;sin(x1),0.2198 + 0.7066*I(x3>1)*((x3)^2) + 0.9757*sin(x1),generation budget reached
nested_sine,exception,0.1,300,4,9014,centralized-residual-counterexample-gp,0.0,0.25,0.3333333333333333,0.12379624925628427,0.18640846679652023,0.0,1.0,1.4329438079998909,0,1553,"I(x3>1)*x3^2;expr:square(add(cos(x1),sin(x1)));expr:square(mul(cos(x1),cos(x1)));x1",-0.3856 + 0.7239*I(x3>1)*((x3)^2) + 0.7182*((cos(x1)+sin(x1)))^2 - 0.3668*((cos(x1)*cos(x1)))^2 + 0.468*x1,generation budget reached
nested_sine,exception,0.1,300,4,9015,fedfalsify-v05,1.0,1.0,1.0,7.062672591644544e-05,0.023672114917462187,0.0,1.0,0.3359800879998147,247305,5,I(x3>1)*x3^2;sin(x1);sin(x1+x1^2),0.007472 + 0.7511·𝟙[x₃>1]·x₃² + 0.9879·sin(x₁) + 0.9912·sin(x₁+x₁²),target federated MSE reached; no replacement passed the federated certificate
nested_sine,exception,0.1,300,4,9015,centralized-tree-gp,0.0,0.3333333333333333,0.3333333333333333,0.17681500143916037,0.2568422247694512,0.0,1.0,0.9000686860003952,0,1602,"I(x3>1)*x3^2;expr:add(sin(x1),x1);expr:sin(mul(cos(x1),x1))",0.2187 + 0.3351*(sin(x1)+x1) + 0.7265*I(x3>1)*((x3)^2) + 0.7864*sin((cos(x1)*x1)),generation budget reached
nested_sine,exception,0.1,300,4,9015,federated-tree-gp-style,0.0,0.3333333333333333,0.3333333333333333,0.17681500143916037,0.2568422247694512,0.0,1.0,1.1533042910000404,630400,1602,"I(x3>1)*x3^2;expr:add(sin(x1),x1);expr:sin(mul(cos(x1),x1))",0.2187 + 0.3351*(sin(x1)+x1) + 0.7265*I(x3>1)*((x3)^2) + 0.7864*sin((cos(x1)*x1)),generation budget reached
nested_sine,exception,0.1,300,4,9015,centralized-residual-counterexample-gp,0.0,0.3333333333333333,0.3333333333333333,0.15467678534108906,0.20568243154464283,0.0,1.0,0.9239080049997028,0,1564,"I(x3>1)*x3^2;expr:add(x1,x1);expr:sin(mul(cos(x1),sin(x1)))",0.2108 + 0.2184*(x1+x1) + 0.7312*I(x3>1)*((x3)^2) + 1.514*sin((cos(x1)*sin(x1))),generation budget reached
trig_product,complementary,0.03,300,4,9011,fedfalsify-v05,1.0,1.0,1.0,4.4027492508194e-07,0.0009264316932237985,0.0,1.0,0.17206579899993812,152416,2,sin(x1)*cos(x2),-0.000595 + 2.001·sin(x₁)cos(x₂),target federated MSE reached; no replacement passed the federated certificate
trig_product,complementary,0.03,300,4,9011,centralized-tree-gp,1.0,1.0,1.0,4.402749250818105e-07,0.0009264316932237984,0.0,1.0,0.6920609829999194,0,1460,sin(x1)*cos(x2),-0.000595 + 2.001*(cos(x2)*sin(x1)),generation budget reached
trig_product,complementary,0.03,300,4,9011,federated-tree-gp-style,1.0,1.0,1.0,4.4027492508194e-07,0.0009264316932237985,0.0,1.0,0.8612767270001314,427776,1460,sin(x1)*cos(x2),-0.000595 + 2.001*(cos(x2)*sin(x1)),generation budget reached
trig_product,complementary,0.03,300,4,9011,centralized-residual-counterexample-gp,1.0,1.0,1.0,4.402749250818105e-07,0.0009264316932237984,0.0,1.0,0.7401870700000472,0,1460,sin(x1)*cos(x2),-0.000595 + 2.001*(cos(x2)*sin(x1)),generation budget reached
trig_product,complementary,0.03,300,4,9012,fedfalsify-v05,1.0,1.0,1.0,8.512969873185005e-07,0.000825948844288494,0.0,1.0,0.17036875700023302,152252,2,sin(x1)*cos(x2),0.0008663 + 2.001·sin(x₁)cos(x₂),target federated MSE reached; no replacement passed the federated certificate
trig_product,complementary,0.03,300,4,9012,centralized-tree-gp,1.0,1.0,1.0,8.512969873188256e-07,0.0008259488442884941,0.0,1.0,0.7002308010000888,0,1466,sin(x1)*cos(x2),0.0008663 + 2.001*(cos(x2)*sin(x1)),generation budget reached
trig_product,complementary,0.03,300,4,9012,federated-tree-gp-style,1.0,1.0,1.0,8.512969873185005e-07,0.000825948844288494,0.0,1.0,0.88250297400009,435264,1466,sin(x1)*cos(x2),0.0008663 + 2.001*(cos(x2)*sin(x1)),generation budget reached
trig_product,complementary,0.03,300,4,9012,centralized-residual-counterexample-gp,1.0,1.0,1.0,8.512969873188256e-07,0.0008259488442884941,0.0,1.0,0.741339281999899,0,1456,sin(x1)*cos(x2),0.0008663 + 2.001*(cos(x2)*sin(x1)),generation budget reached
trig_product,complementary,0.03,300,4,9013,fedfalsify-v05,1.0,1.0,1.0,2.9459435636959695e-06,0.0008799674417123338,0.0,1.0,0.17145253199987565,151919,2,sin(x1)*cos(x2),-0.001492 + 2.002·sin(x₁)cos(x₂),target federated MSE reached; no replacement passed the federated certificate
trig_product,complementary,0.03,300,4,9013,centralized-tree-gp,1.0,1.0,1.0,2.9459435636958056e-06,0.0008799674417123338,0.0,1.0,0.6831115100003444,0,1457,sin(x1)*cos(x2),-0.001492 + 2.002*(cos(x2)*sin(x1)),generation budget reached
trig_product,complementary,0.03,300,4,9013,federated-tree-gp-style,1.0,1.0,1.0,2.9459435636959695e-06,0.0008799674417123338,0.0,1.0,0.9349050900000293,420032,1457,sin(x1)*cos(x2),-0.001492 + 2.002*(cos(x2)*sin(x1)),generation budget reached
trig_product,complementary,0.03,300,4,9013,centralized-residual-counterexample-gp,1.0,1.0,1.0,2.9459435636958056e-06,0.0008799674417123338,0.0,1.0,1.169002360000377,0,1457,sin(x1)*cos(x2),-0.001492 + 2.002*(cos(x2)*sin(x1)),generation budget reached
trig_product,complementary,0.03,300,4,9014,fedfalsify-v05,1.0,1.0,1.0,6.905890628427657e-07,0.0009087037182133634,0.0,1.0,0.22417611299988494,152434,2,sin(x1)*cos(x2),0.0006758 + 2.001·sin(x₁)cos(x₂),target federated MSE reached; no replacement passed the federated certificate
trig_product,complementary,0.03,300,4,9014,centralized-tree-gp,1.0,1.0,1.0,6.905890628421074e-07,0.0009087037182133634,0.0,1.0,1.1311500239999077,0,1445,sin(x1)*cos(x2),0.0006758 + 2.001*(cos(x2)*sin(x1)),generation budget reached
trig_product,complementary,0.03,300,4,9014,federated-tree-gp-style,1.0,1.0,1.0,6.905890628427657e-07,0.0009087037182133634,0.0,1.0,1.4342679209999005,423744,1445,sin(x1)*cos(x2),0.0006758 + 2.001*(cos(x2)*sin(x1)),generation budget reached
trig_product,complementary,0.03,300,4,9014,centralized-residual-counterexample-gp,1.0,1.0,1.0,6.905890628421074e-07,0.0009087037182133634,0.0,1.0,1.0090456150001046,0,1445,sin(x1)*cos(x2),0.0006758 + 2.001*(cos(x2)*sin(x1)),generation budget reached
trig_product,complementary,0.03,300,4,9015,fedfalsify-v05,1.0,1.0,1.0,2.0147999746819427e-06,0.0009252491613637325,0.0,1.0,0.259316119000232,271814,2,sin(x1)*cos(x2),0.001414 + 2.001·sin(x₁)cos(x₂),target federated MSE reached; no replacement passed the federated certificate
trig_product,complementary,0.03,300,4,9015,centralized-tree-gp,1.0,1.0,1.0,2.014799974681939e-06,0.0009252491613637325,0.0,1.0,0.7445700550001675,0,1480,sin(x1)*cos(x2),0.001414 + 2.001*(cos(x2)*sin(x1)),generation budget reached
trig_product,complementary,0.03,300,4,9015,federated-tree-gp-style,1.0,1.0,1.0,2.0147999746819427e-06,0.0009252491613637325,0.0,1.0,0.9293275400000311,439680,1480,sin(x1)*cos(x2),0.001414 + 2.001*(cos(x2)*sin(x1)),generation budget reached
trig_product,complementary,0.03,300,4,9015,centralized-residual-counterexample-gp,1.0,1.0,1.0,2.014799974681939e-06,0.0009252491613637325,0.0,1.0,0.7827158370000689,0,1479,sin(x1)*cos(x2),0.001414 + 2.001*(cos(x2)*sin(x1)),generation budget reached
trig_product,complementary,0.1,300,4,9011,fedfalsify-v05,1.0,1.0,1.0,4.891943790309777e-06,0.010293685480264431,0.0,1.0,0.17599751000034303,151771,2,sin(x1)*cos(x2),-0.001983 + 2.002·sin(x₁)cos(x₂),target federated MSE reached; no replacement passed the federated certificate
trig_product,complementary,0.1,300,4,9011,centralized-tree-gp,1.0,1.0,1.0,4.8919437903063815e-06,0.010293685480264433,0.0,1.0,0.7263088989998323,0,1456,sin(x1)*cos(x2),-0.001983 + 2.002*(cos(x2)*sin(x1)),generation budget reached
trig_product,complementary,0.1,300,4,9011,federated-tree-gp-style,1.0,1.0,1.0,4.891943790309777e-06,0.010293685480264431,0.0,1.0,0.9383205950002775,425088,1456,sin(x1)*cos(x2),-0.001983 + 2.002*(cos(x2)*sin(x1)),generation budget reached
trig_product,complementary,0.1,300,4,9011,centralized-residual-counterexample-gp,1.0,1.0,1.0,4.8919437903063815e-06,0.010293685480264433,0.0,1.0,0.7589928990000772,0,1456,sin(x1)*cos(x2),-0.001983 + 2.002*(cos(x2)*sin(x1)),generation budget reached
trig_product,complementary,0.1,300,4,9012,fedfalsify-v05,1.0,1.0,1.0,9.458855601874072e-06,0.009177209380983268,0.0,1.0,0.16748873300002742,151715,2,sin(x1)*cos(x2),0.002888 + 2.002·sin(x₁)cos(x₂),target federated MSE reached; no replacement passed the federated certificate
trig_product,complementary,0.1,300,4,9012,centralized-tree-gp,1.0,1.0,1.0,9.458855601873711e-06,0.00917720938098327,0.0,1.0,0.7475958820000415,0,1458,sin(x1)*cos(x2),0.002888 + 2.002*(cos(x2)*sin(x1)),generation budget reached
trig_product,complementary,0.1,300,4,9012,federated-tree-gp-style,1.0,1.0,1.0,9.458855601874072e-06,0.009177209380983268,0.0,1.0,0.9613728189997346,426048,1458,sin(x1)*cos(x2),0.002888 + 2.002*(cos(x2)*sin(x1)),generation budget reached
trig_product,complementary,0.1,300,4,9012,centralized-residual-counterexample-gp,1.0,1.0,1.0,9.458855601873711e-06,0.00917720938098327,0.0,1.0,0.7669130310000583,0,1460,sin(x1)*cos(x2),0.002888 + 2.002*(cos(x2)*sin(x1)),generation budget reached
trig_product,complementary,0.1,300,4,9013,fedfalsify-v05,1.0,1.0,1.0,3.2732706724799475e-05,0.009777416019025934,0.0,1.0,0.1658901179998793,151404,2,sin(x1)*cos(x2),-0.004972 + 2.006·sin(x₁)cos(x₂),target federated MSE reached; no replacement passed the federated certificate
trig_product,complementary,0.1,300,4,9013,centralized-tree-gp,1.0,1.0,1.0,3.273270672480527e-05,0.009777416019025936,0.0,1.0,0.6959284700001263,0,1454,sin(x1)*cos(x2),-0.004972 + 2.006*(cos(x2)*sin(x1)),generation budget reached
trig_product,complementary,0.1,300,4,9013,federated-tree-gp-style,1.0,1.0,1.0,3.2732706724799475e-05,0.009777416019025934,0.0,1.0,1.0720471390000057,417856,1454,sin(x1)*cos(x2),-0.004972 + 2.006*(cos(x2)*sin(x1)),generation budget reached
trig_product,complementary,0.1,300,4,9013,centralized-residual-counterexample-gp,1.0,1.0,1.0,3.273270672480527e-05,0.009777416019025936,0.0,1.0,1.1811026839995975,0,1456,sin(x1)*cos(x2),-0.004972 + 2.006*(cos(x2)*sin(x1)),generation budget reached
trig_product,complementary,0.1,300,4,9014,fedfalsify-v05,1.0,1.0,1.0,7.67321206664816e-06,0.010096707980148485,0.0,1.0,0.23603414799981692,151684,2,sin(x1)*cos(x2),0.002253 + 2.003·sin(x₁)cos(x₂),target federated MSE reached; no replacement passed the federated certificate
trig_product,complementary,0.1,300,4,9014,centralized-tree-gp,1.0,1.0,1.0,7.673212066642312e-06,0.010096707980148485,0.0,1.0,1.137578150999616,0,1441,sin(x1)*cos(x2),0.002253 + 2.003*(cos(x2)*sin(x1)),generation budget reached
trig_product,complementary,0.1,300,4,9014,federated-tree-gp-style,1.0,1.0,1.0,7.67321206664816e-06,0.010096707980148485,0.0,1.0,1.4737598689998777,424384,1441,sin(x1)*cos(x2),0.002253 + 2.003*(cos(x2)*sin(x1)),generation budget reached
trig_product,complementary,0.1,300,4,9014,centralized-residual-counterexample-gp,1.0,1.0,1.0,7.673212066642312e-06,0.010096707980148485,0.0,1.0,0.8342350160000933,0,1442,sin(x1)*cos(x2),0.002253 + 2.003*(cos(x2)*sin(x1)),generation budget reached
trig_product,complementary,0.1,300,4,9015,fedfalsify-v05,1.0,1.0,1.0,2.2386666558733605e-05,0.010280546237374809,0.0,1.0,0.24771039999995992,271178,2,sin(x1)*cos(x2),0.004714 + 2.002·sin(x₁)cos(x₂),target federated MSE reached; no replacement passed the federated certificate
trig_product,complementary,0.1,300,4,9015,centralized-tree-gp,1.0,1.0,1.0,2.238666655873428e-05,0.010280546237374809,0.0,1.0,0.7226918389997081,0,1473,sin(x1)*cos(x2),0.004714 + 2.002*(cos(x2)*sin(x1)),generation budget reached
trig_product,complementary,0.1,300,4,9015,federated-tree-gp-style,1.0,1.0,1.0,2.2386666558733605e-05,0.010280546237374809,0.0,1.0,0.9055404939999789,436864,1473,sin(x1)*cos(x2),0.004714 + 2.002*(cos(x2)*sin(x1)),generation budget reached
trig_product,complementary,0.1,300,4,9015,centralized-residual-counterexample-gp,1.0,1.0,1.0,2.238666655873428e-05,0.010280546237374809,0.0,1.0,0.73084294399996,0,1472,sin(x1)*cos(x2),0.004714 + 2.002*(cos(x2)*sin(x1)),generation budget reached
trig_product,spurious,0.03,300,4,9011,fedfalsify-v05,1.0,1.0,1.0,7.503554681864824e-07,0.0008845085721627273,0.0,1.0,0.18534974000021975,152326,2,sin(x1)*cos(x2),-0.0007965 + 2.001·sin(x₁)cos(x₂),target federated MSE reached; no replacement passed the federated certificate
trig_product,spurious,0.03,300,4,9011,centralized-tree-gp,1.0,1.0,1.0,7.50355468187187e-07,0.0008845085721627273,0.0,1.0,0.6904955709997012,0,1450,sin(x1)*cos(x2),-0.0007965 + 2.001*(cos(x2)*sin(x1)),generation budget reached
trig_product,spurious,0.03,300,4,9011,federated-tree-gp-style,1.0,1.0,1.0,7.503554681864824e-07,0.0008845085721627273,0.0,1.0,0.8675339090000307,419520,1450,sin(x1)*cos(x2),-0.0007965 + 2.001*(cos(x2)*sin(x1)),generation budget reached
trig_product,spurious,0.03,300,4,9011,centralized-residual-counterexample-gp,1.0,1.0,1.0,7.50355468187187e-07,0.0008845085721627273,0.0,1.0,0.71732244299983,0,1450,sin(x1)*cos(x2),-0.0007965 + 2.001*(cos(x2)*sin(x1)),generation budget reached
trig_product,spurious,0.03,300,4,9012,fedfalsify-v05,1.0,1.0,1.0,1.1771543798449246e-06,0.000818491016634052,0.0,1.0,0.16758116300024994,152054,2,sin(x1)*cos(x2),0.001111 + 2·sin(x₁)cos(x₂),target federated MSE reached; no replacement passed the federated certificate
trig_product,spurious,0.03,300,4,9012,centralized-tree-gp,1.0,1.0,1.0,1.1771543798450133e-06,0.000818491016634052,0.0,1.0,0.7071371900001395,0,1463,sin(x1)*cos(x2),0.001111 + 2*(cos(x2)*sin(x1)),generation budget reached
trig_product,spurious,0.03,300,4,9012,federated-tree-gp-style,1.0,1.0,1.0,1.1771543798449246e-06,0.000818491016634052,0.0,1.0,0.8924814599999991,431104,1463,sin(x1)*cos(x2),0.001111 + 2*(cos(x2)*sin(x1)),generation budget reached
trig_product,spurious,0.03,300,4,9012,centralized-residual-counterexample-gp,1.0,1.0,1.0,1.1771543798450133e-06,0.000818491016634052,0.0,1.0,0.7383167529997081,0,1463,sin(x1)*cos(x2),0.001111 + 2*(cos(x2)*sin(x1)),generation budget reached
trig_product,spurious,0.03,300,4,9013,fedfalsify-v05,1.0,1.0,1.0,4.024743872922915e-06,0.0009553142239089277,0.0,1.0,0.16637700100000075,152165,2,sin(x1)*cos(x2),-0.001948 + 2.001·sin(x₁)cos(x₂),target federated MSE reached; no replacement passed the federated certificate
trig_product,spurious,0.03,300,4,9013,centralized-tree-gp,1.0,1.0,1.0,4.024743872924061e-06,0.0009553142239089276,0.0,1.0,0.7113584319999973,0,1455,sin(x1)*cos(x2),-0.001948 + 2.001*(cos(x2)*sin(x1)),generation budget reached
trig_product,spurious,0.03,300,4,9013,federated-tree-gp-style,1.0,1.0,1.0,4.024743872922915e-06,0.0009553142239089277,0.0,1.0,0.8992250900000727,420672,1455,sin(x1)*cos(x2),-0.001948 + 2.001*(cos(x2)*sin(x1)),generation budget reached
trig_product,spurious,0.03,300,4,9013,centralized-residual-counterexample-gp,1.0,1.0,1.0,4.024743872924061e-06,0.0009553142239089276,0.0,1.0,1.2206121520002853,0,1454,sin(x1)*cos(x2),-0.001948 + 2.001*(cos(x2)*sin(x1)),generation budget reached
trig_product,spurious,0.03,300,4,9014,fedfalsify-v05,1.0,1.0,1.0,2.083033247126005e-06,0.0008829598187007143,0.0,1.0,0.22937879200026146,152104,2,sin(x1)*cos(x2),-0.0003549 + 2.003·sin(x₁)cos(x₂),target federated MSE reached; no replacement passed the federated certificate
trig_product,spurious,0.03,300,4,9014,centralized-tree-gp,1.0,1.0,1.0,2.083033247124817e-06,0.0008829598187007144,0.0,1.0,1.1423362610003096,0,1459,sin(x1)*cos(x2),-0.0003549 + 2.003*(cos(x2)*sin(x1)),generation budget reached
trig_product,spurious,0.03,300,4,9014,federated-tree-gp-style,1.0,1.0,1.0,2.083033247126005e-06,0.0008829598187007143,0.0,1.0,1.4443315419998726,439360,1459,sin(x1)*cos(x2),-0.0003549 + 2.003*(cos(x2)*sin(x1)),generation budget reached
trig_product,spurious,0.03,300,4,9014,centralized-residual-counterexample-gp,1.0,1.0,1.0,2.083033247124817e-06,0.0008829598187007144,0.0,1.0,1.0317874120000852,0,1461,sin(x1)*cos(x2),-0.0003549 + 2.003*(cos(x2)*sin(x1)),generation budget reached
trig_product,spurious,0.03,300,4,9015,fedfalsify-v05,1.0,1.0,1.0,1.468533352911865e-06,0.00091734358914053,0.0,1.0,0.16290480700035914,152059,2,sin(x1)*cos(x2),0.001218 + 2·sin(x₁)cos(x₂),target federated MSE reached; no replacement passed the federated certificate
trig_product,spurious,0.03,300,4,9015,centralized-tree-gp,1.0,1.0,1.0,1.468533352912125e-06,0.0009173435891405301,0.0,1.0,0.7204663969996545,0,1473,sin(x1)*cos(x2),0.001218 + 2*(cos(x2)*sin(x1)),generation budget reached
trig_product,spurious,0.03,300,4,9015,federated-tree-gp-style,1.0,1.0,1.0,1.468533352911865e-06,0.00091734358914053,0.0,1.0,0.897208001999843,433920,1473,sin(x1)*cos(x2),0.001218 + 2*(cos(x2)*sin(x1)),generation budget reached
trig_product,spurious,0.03,300,4,9015,centralized-residual-counterexample-gp,1.0,1.0,1.0,1.468533352912125e-06,0.0009173435891405301,0.0,1.0,0.7475529599996662,0,1473,sin(x1)*cos(x2),0.001218 + 2*(cos(x2)*sin(x1)),generation budget reached
trig_product,spurious,0.1,300,4,9011,fedfalsify-v05,1.0,1.0,1.0,8.337283183581092e-06,0.009827873024030305,0.0,1.0,0.16848745399965992,151750,2,sin(x1)*cos(x2),-0.002655 + 2.003·sin(x₁)cos(x₂),target federated MSE reached; no replacement passed the federated certificate
trig_product,spurious,0.1,300,4,9011,centralized-tree-gp,1.0,1.0,1.0,8.337283183581651e-06,0.009827873024030305,0.0,1.0,0.7069992730002923,0,1462,sin(x1)*cos(x2),-0.002655 + 2.003*(cos(x2)*sin(x1)),generation budget reached
trig_product,spurious,0.1,300,4,9011,federated-tree-gp-style,1.0,1.0,1.0,8.337283183581092e-06,0.009827873024030305,0.0,1.0,0.9328882729996621,431168,1462,sin(x1)*cos(x2),-0.002655 + 2.003*(cos(x2)*sin(x1)),generation budget reached
trig_product,spurious,0.1,300,4,9011,centralized-residual-counterexample-gp,1.0,1.0,1.0,8.337283183581651e-06,0.009827873024030305,0.0,1.0,0.7423127900001418,0,1463,sin(x1)*cos(x2),-0.002655 + 2.003*(cos(x2)*sin(x1)),generation budget reached
trig_product,spurious,0.1,300,4,9012,fedfalsify-v05,1.0,1.0,1.0,1.3079493167641508e-05,0.009094344629267247,0.0,1.0,0.17454264900015914,151414,2,sin(x1)*cos(x2),0.003705 + 2·sin(x₁)cos(x₂),target federated MSE reached; no replacement passed the federated certificate
trig_product,spurious,0.1,300,4,9012,centralized-tree-gp,1.0,1.0,1.0,1.3079493167641053e-05,0.009094344629267247,0.0,1.0,0.6902195659999961,0,1455,sin(x1)*cos(x2),0.003705 + 2*(cos(x2)*sin(x1)),generation budget reached
trig_product,spurious,0.1,300,4,9012,federated-tree-gp-style,1.0,1.0,1.0,1.3079493167641508e-05,0.009094344629267247,0.0,1.0,0.8987258880001718,426944,1455,sin(x1)*cos(x2),0.003705 + 2*(cos(x2)*sin(x1)),generation budget reached
trig_product,spurious,0.1,300,4,9012,centralized-residual-counterexample-gp,1.0,1.0,1.0,1.3079493167641053e-05,0.009094344629267247,0.0,1.0,0.7769528630001332,0,1460,sin(x1)*cos(x2),0.003705 + 2*(cos(x2)*sin(x1)),generation budget reached
trig_product,spurious,0.1,300,4,9013,fedfalsify-v05,1.0,1.0,1.0,4.471937671983462e-05,0.010614602487876976,0.0,1.0,0.1706110259997331,151500,2,sin(x1)*cos(x2),-0.006492 + 2.004·sin(x₁)cos(x₂),target federated MSE reached; no replacement passed the federated certificate
trig_product,spurious,0.1,300,4,9013,centralized-tree-gp,1.0,1.0,1.0,4.4719376719827516e-05,0.010614602487876977,0.0,1.0,0.6961309940002138,0,1449,sin(x1)*cos(x2),-0.006492 + 2.004*(cos(x2)*sin(x1)),generation budget reached
trig_product,spurious,0.1,300,4,9013,federated-tree-gp-style,1.0,1.0,1.0,4.471937671983462e-05,0.010614602487876976,0.0,1.0,0.915115496999988,416128,1449,sin(x1)*cos(x2),-0.006492 + 2.004*(cos(x2)*sin(x1)),generation budget reached
trig_product,spurious,0.1,300,4,9013,centralized-residual-counterexample-gp,1.0,1.0,1.0,4.4719376719827516e-05,0.010614602487876977,0.0,1.0,1.1008862400003636,0,1451,sin(x1)*cos(x2),-0.006492 + 2.004*(cos(x2)*sin(x1)),generation budget reached
trig_product,spurious,0.1,300,4,9014,fedfalsify-v05,1.0,1.0,1.0,2.3144814610794436e-05,0.009810664652230162,0.0,1.0,0.2322678319997067,151428,2,sin(x1)*cos(x2),-0.001183 + 2.009·sin(x₁)cos(x₂),target federated MSE reached; no replacement passed the federated certificate
trig_product,spurious,0.1,300,4,9014,centralized-tree-gp,1.0,1.0,1.0,2.314481461079675e-05,0.009810664652230162,0.0,1.0,1.1849682280003435,0,1459,sin(x1)*cos(x2),-0.001183 + 2.009*(cos(x2)*sin(x1)),generation budget reached
trig_product,spurious,0.1,300,4,9014,federated-tree-gp-style,1.0,1.0,1.0,2.3144814610794436e-05,0.009810664652230162,0.0,1.0,1.429682177000359,434496,1459,sin(x1)*cos(x2),-0.001183 + 2.009*(cos(x2)*sin(x1)),generation budget reached
trig_product,spurious,0.1,300,4,9014,centralized-residual-counterexample-gp,1.0,1.0,1.0,2.314481461079675e-05,0.009810664652230162,0.0,1.0,1.1333658389999073,0,1458,sin(x1)*cos(x2),-0.001183 + 2.009*(cos(x2)*sin(x1)),generation budget reached
trig_product,spurious,0.1,300,4,9015,fedfalsify-v05,1.0,1.0,1.0,1.631703731127646e-05,0.01019270654600589,0.0,1.0,0.18119976899970425,151371,2,sin(x1)*cos(x2),0.00406 + 2.001·sin(x₁)cos(x₂),target federated MSE reached; no replacement passed the federated certificate
trig_product,spurious,0.1,300,4,9015,centralized-tree-gp,1.0,1.0,1.0,1.6317037311275888e-05,0.010192706546005889,0.0,1.0,0.7212895040001968,0,1473,sin(x1)*cos(x2),0.00406 + 2.001*(cos(x2)*sin(x1)),generation budget reached
trig_product,spurious,0.1,300,4,9015,federated-tree-gp-style,1.0,1.0,1.0,1.631703731127646e-05,0.01019270654600589,0.0,1.0,0.9099636710002414,433920,1473,sin(x1)*cos(x2),0.00406 + 2.001*(cos(x2)*sin(x1)),generation budget reached
trig_product,spurious,0.1,300,4,9015,centralized-residual-counterexample-gp,1.0,1.0,1.0,1.6317037311275888e-05,0.010192706546005889,0.0,1.0,0.746883114999946,0,1473,sin(x1)*cos(x2),0.00406 + 2.001*(cos(x2)*sin(x1)),generation budget reached
trig_product,exception,0.03,300,4,9011,fedfalsify-v05,1.0,1.0,1.0,1.9324744660682175e-06,0.002349409715539711,0.0,1.0,0.23000548199979676,187707,3,I(x3>1)*x3^2;sin(x1)*cos(x2),0.7489·𝟙[x₃>1]·x₃² + 2.001·sin(x₁)cos(x₂),target federated MSE reached; no replacement passed the federated certificate
trig_product,exception,0.03,300,4,9011,centralized-tree-gp,1.0,1.0,1.0,1.932474466067485e-06,0.002349409715539712,0.0,1.0,0.8251563909998367,0,1540,I(x3>1)*x3^2;sin(x1)*cos(x2),-7.541e-06 + 0.7489*I(x3>1)*((x3)^2) + 2.001*(cos(x2)*sin(x1)),generation budget reached
trig_product,exception,0.03,300,4,9011,federated-tree-gp-style,1.0,1.0,1.0,1.9324744660682103e-06,0.0023494097155397115,0.0,1.0,1.1068238030002249,557952,1540,I(x3>1)*x3^2;sin(x1)*cos(x2),-7.541e-06 + 0.7489*I(x3>1)*((x3)^2) + 2.001*(cos(x2)*sin(x1)),generation budget reached
trig_product,exception,0.03,300,4,9011,centralized-residual-counterexample-gp,1.0,1.0,1.0,1.932474466067485e-06,0.002349409715539712,0.0,1.0,0.8818248160000621,0,1532,I(x3>1)*x3^2;sin(x1)*cos(x2),-7.541e-06 + 0.7489*I(x3>1)*((x3)^2) + 2.001*(cos(x2)*sin(x1)),generation budget reached
trig_product,exception,0.03,300,4,9012,fedfalsify-v05,1.0,1.0,1.0,9.385758295572477e-07,0.0022301955946736757,0.0,1.0,0.2333392069999718,187677,3,I(x3>1)*x3^2;sin(x1)*cos(x2),0.001272 + 0.7502·𝟙[x₃>1]·x₃² + 2.001·sin(x₁)cos(x₂),target federated MSE reached; no replacement passed the federated certificate
trig_product,exception,0.03,300,4,9012,centralized-tree-gp,0.0,0.5,0.5,0.0008715904895599861,0.004217404404625526,0.0,1.0,0.8375990290001027,0,1529,"I(x3>1)*x3^2;expr:sin(mul(cos(x2),sin(x1)))",0.003093 + 0.7508*I(x3>1)*((x3)^2) + 2.191*sin((cos(x2)*sin(x1))),generation budget reached
trig_product,exception,0.03,300,4,9012,federated-tree-gp-style,0.0,0.5,0.5,0.0008715904895599858,0.004217404404625526,0.0,1.0,1.0494996019997416,554624,1529,"I(x3>1)*x3^2;expr:sin(mul(cos(x2),sin(x1)))",0.003093 + 0.7508*I(x3>1)*((x3)^2) + 2.191*sin((cos(x2)*sin(x1))),generation budget reached
trig_product,exception,0.03,300,4,9012,centralized-residual-counterexample-gp,0.0,0.5,0.5,0.0008715904895599861,0.004217404404625526,0.0,1.0,0.8333354000001236,0,1515,"I(x3>1)*x3^2;expr:sin(mul(cos(x2),sin(x1)))",0.003093 + 0.7508*I(x3>1)*((x3)^2) + 2.191*sin((cos(x2)*sin(x1))),generation budget reached
trig_product,exception,0.03,300,4,9013,fedfalsify-v05,1.0,1.0,1.0,4.3526641262352045e-06,0.0024300751948310028,0.0,1.0,0.23112031899972862,187572,3,I(x3>1)*x3^2;sin(x1)*cos(x2),-0.001704 + 0.7491·𝟙[x₃>1]·x₃² + 2.003·sin(x₁)cos(x₂),target federated MSE reached; no replacement passed the federated certificate
trig_product,exception,0.03,300,4,9013,centralized-tree-gp,0.0,0.5,0.5,0.054804477256203354,0.0641013760991727,0.0,1.0,0.820343134000268,0,1549,"I(x3>1)*x3^2;expr:sin(mul(cos(x2),x1))",0.00948 + 0.742*I(x3>1)*((x3)^2) + 1.646*sin((cos(x2)*x1)),generation budget reached
trig_product,exception,0.03,300,4,9013,federated-tree-gp-style,0.0,0.5,0.5,0.05480447725620342,0.0641013760991727,0.0,1.0,1.6457020220000231,574272,1549,"I(x3>1)*x3^2;expr:sin(mul(cos(x2),x1))",0.00948 + 0.742*I(x3>1)*((x3)^2) + 1.646*sin((cos(x2)*x1)),generation budget reached
trig_product,exception,0.03,300,4,9013,centralized-residual-counterexample-gp,0.0,0.5,0.5,0.054804477256203354,0.0641013760991727,0.0,1.0,1.3189632710000296,0,1499,"I(x3>1)*x3^2;expr:sin(mul(cos(x2),x1))",0.00948 + 0.742*I(x3>1)*((x3)^2) + 1.646*sin((cos(x2)*x1)),generation budget reached
trig_product,exception,0.03,300,4,9014,fedfalsify-v05,1.0,1.0,1.0,7.400212140290033e-07,0.0022484346021455436,0.0,1.0,0.3107089929999347,187813,3,I(x3>1)*x3^2;sin(x1)*cos(x2),0.0008693 + 0.7502·𝟙[x₃>1]·x₃² + 2.002·sin(x₁)cos(x₂),target federated MSE reached; no replacement passed the federated certificate
trig_product,exception,0.03,300,4,9014,centralized-tree-gp,0.0,0.5,0.5,0.0008500986776093697,0.004562455518740004,0.0,1.0,1.3323741350000091,0,1525,"I(x3>1)*x3^2;expr:sin(mul(cos(x2),sin(x1)))",-0.002123 + 0.7507*I(x3>1)*((x3)^2) + 2.197*sin((cos(x2)*sin(x1))),generation budget reached
trig_product,exception,0.03,300,4,9014,federated-tree-gp-style,0.0,0.5,0.5,0.0008500986776093667,0.004562455518740004,0.0,1.0,1.118106040999919,547776,1525,"I(x3>1)*x3^2;expr:sin(mul(cos(x2),sin(x1)))",-0.002123 + 0.7507*I(x3>1)*((x3)^2) + 2.197*sin((cos(x2)*sin(x1))),generation budget reached
trig_product,exception,0.03,300,4,9014,centralized-residual-counterexample-gp,0.0,0.5,0.5,0.0008500986776093697,0.004562455518740004,0.0,1.0,0.8668932729997323,0,1515,"I(x3>1)*x3^2;expr:sin(mul(cos(x2),sin(x1)))",-0.002123 + 0.7507*I(x3>1)*((x3)^2) + 2.197*sin((cos(x2)*sin(x1))),generation budget reached
trig_product,exception,0.03,300,4,9015,fedfalsify-v05,1.0,1.0,1.0,2.0463022414996785e-06,0.0022282689407439383,0.0,1.0,0.3256570379999175,310740,3,I(x3>1)*x3^2;sin(x1)*cos(x2),0.00211 + 0.7501·𝟙[x₃>1]·x₃² + 2.001·sin(x₁)cos(x₂),target federated MSE reached; no replacement passed the federated certificate
trig_product,exception,0.03,300,4,9015,centralized-tree-gp,0.0,0.25,0.5,0.041998358564469845,0.07457573320907811,0.0,1.0,0.9071797430001425,0,1580,"I(x3>1)*x3^2;expr:cos(add(cos(x2),sin(x1)));expr:mul(cos(x2),x1);expr:square(add(sin(x1),sin(x1)))",1.358 - 1.742*cos((cos(x2)+sin(x1))) + 0.7511*I(x3>1)*((x3)^2) + 0.3212*(cos(x2)*x1) - 0.1607*((sin(x1)+sin(x1)))^2,generation budget reached
trig_product,exception,0.03,300,4,9015,federated-tree-gp-style,0.0,0.25,0.5,0.04199835856446959,0.07457573320907812,0.0,1.0,1.1486425509997389,628288,1580,"I(x3>1)*x3^2;expr:cos(add(cos(x2),sin(x1)));expr:mul(cos(x2),x1);expr:square(add(sin(x1),sin(x1)))",1.358 - 1.742*cos((cos(x2)+sin(x1))) + 0.7511*I(x3>1)*((x3)^2) + 0.3212*(cos(x2)*x1) - 0.1607*((sin(x1)+sin(x1)))^2,generation budget reached
trig_product,exception,0.03,300,4,9015,centralized-residual-counterexample-gp,0.0,0.5,0.5,0.0009386647355316457,0.004753381035293666,0.0,1.0,0.8791260009998041,0,1545,"I(x3>1)*x3^2;expr:sin(mul(cos(x2),sin(x1)))",0.002196 + 0.7492*I(x3>1)*((x3)^2) + 2.196*sin((cos(x2)*sin(x1))),generation budget reached
trig_product,exception,0.1,300,4,9011,fedfalsify-v05,1.0,1.0,1.0,2.14719386017675e-05,0.026104552394885697,0.0,1.0,0.22790132500040272,187190,3,I(x3>1)*x3^2;sin(x1)*cos(x2),-2.514e-05 + 0.7462·𝟙[x₃>1]·x₃² + 2.004·sin(x₁)cos(x₂),target federated MSE reached; no replacement passed the federated certificate
trig_product,exception,0.1,300,4,9011,centralized-tree-gp,1.0,1.0,1.0,2.1471938601765444e-05,0.0261045523948857,0.0,1.0,0.812085813000067,0,1503,I(x3>1)*x3^2;sin(x1)*cos(x2),-2.514e-05 + 0.7462*I(x3>1)*((x3)^2) + 2.004*(cos(x2)*sin(x1)),generation budget reached
trig_product,exception,0.1,300,4,9011,federated-tree-gp-style,1.0,1.0,1.0,2.14719386017675e-05,0.0261045523948857,0.0,1.0,1.0514008100003593,527808,1503,I(x3>1)*x3^2;sin(x1)*cos(x2),-2.514e-05 + 0.7462*I(x3>1)*((x3)^2) + 2.004*(cos(x2)*sin(x1)),generation budget reached
trig_product,exception,0.1,300,4,9011,centralized-residual-counterexample-gp,1.0,1.0,1.0,2.1471938601765444e-05,0.0261045523948857,0.0,1.0,0.85331535000023,0,1521,I(x3>1)*x3^2;sin(x1)*cos(x2),-2.514e-05 + 0.7462*I(x3>1)*((x3)^2) + 2.004*(cos(x2)*sin(x1)),generation budget reached
trig_product,exception,0.1,300,4,9012,fedfalsify-v05,1.0,1.0,1.0,1.0428620446470411e-05,0.02477995105192974,0.0,1.0,0.23466436199987584,186949,3,I(x3>1)*x3^2;sin(x1)*cos(x2),0.00424 + 0.7506·𝟙[x₃>1]·x₃² + 2.004·sin(x₁)cos(x₂),target federated MSE reached; no replacement passed the federated certificate
trig_product,exception,0.1,300,4,9012,centralized-tree-gp,0.0,0.5,0.5,0.0008848281072499387,0.026340255434058994,0.0,1.0,0.8434444730000905,0,1532,"I(x3>1)*x3^2;expr:sin(mul(cos(x2),sin(x1)))",0.006069 + 0.7512*I(x3>1)*((x3)^2) + 2.194*sin((cos(x2)*sin(x1))),generation budget reached
trig_product,exception,0.1,300,4,9012,federated-tree-gp-style,0.0,0.5,0.5,0.0008848281072499403,0.026340255434058994,0.0,1.0,1.2246380510000563,560512,1532,"I(x3>1)*x3^2;expr:sin(mul(cos(x2),sin(x1)))",0.006069 + 0.7512*I(x3>1)*((x3)^2) + 2.194*sin((cos(x2)*sin(x1))),generation budget reached
trig_product,exception,0.1,300,4,9012,centralized-residual-counterexample-gp,0.0,0.3333333333333333,0.5,0.06470939167135144,0.1331940716563467,0.0,1.0,1.4893924989996776,0,1571,"I(x3>1)*x3^2;expr:mul(cos(x2),x1);expr:square(add(cos(x2),sin(x1)))",-0.4867 + 0.7471*I(x3>1)*((x3)^2) + 0.4914*(cos(x2)*x1) + 0.477*((cos(x2)+sin(x1)))^2,generation budget reached
trig_product,exception,0.1,300,4,9013,fedfalsify-v05,1.0,1.0,1.0,4.836293505363911e-05,0.027000835498122253,0.0,1.0,0.3518247249999149,186851,3,I(x3>1)*x3^2;sin(x1)*cos(x2),-0.00568 + 0.747·𝟙[x₃>1]·x₃² + 2.011·sin(x₁)cos(x₂),target federated MSE reached; no replacement passed the federated certificate
trig_product,exception,0.1,300,4,9013,centralized-tree-gp,0.0,0.5,0.5,0.0553742966394823,0.08748620551900174,0.0,1.0,1.3223034949996872,0,1524,"I(x3>1)*x3^2;expr:sin(mul(cos(x2),x1))",0.005611 + 0.7398*I(x3>1)*((x3)^2) + 1.653*sin((cos(x2)*x1)),generation budget reached
trig_product,exception,0.1,300,4,9013,federated-tree-gp-style,0.0,0.5,0.5,0.055374296639482276,0.08748620551900174,0.0,1.0,1.568324911000218,553664,1524,"I(x3>1)*x3^2;expr:sin(mul(cos(x2),x1))",0.005611 + 0.7398*I(x3>1)*((x3)^2) + 1.653*sin((cos(x2)*x1)),generation budget reached
trig_product,exception,0.1,300,4,9013,centralized-residual-counterexample-gp,1.0,1.0,1.0,4.8362935053646235e-05,0.027000835498122253,0.0,1.0,0.8645786889996998,0,1523,I(x3>1)*x3^2;sin(x1)*cos(x2),-0.00568 + 0.747*I(x3>1)*((x3)^2) + 2.011*(cos(x2)*sin(x1)),generation budget reached
trig_product,exception,0.1,300,4,9014,fedfalsify-v05,1.0,1.0,1.0,8.222458093693102e-06,0.024982606690506046,0.0,1.0,0.2405944180000006,187167,3,I(x3>1)*x3^2;sin(x1)*cos(x2),0.002898 + 0.7508·𝟙[x₃>1]·x₃² + 2.005·sin(x₁)cos(x₂),target federated MSE reached; no replacement passed the federated certificate
trig_product,exception,0.1,300,4,9014,centralized-tree-gp,1.0,1.0,1.0,8.222458093692703e-06,0.024982606690506046,0.0,1.0,0.8776334939998378,0,1577,I(x3>1)*x3^2;sin(x1)*cos(x2),0.002898 + 0.7508*I(x3>1)*((x3)^2) + 2.005*(cos(x2)*sin(x1)),generation budget reached
trig_product,exception,0.1,300,4,9014,federated-tree-gp-style,1.0,1.0,1.0,8.222458093693038e-06,0.024982606690506046,0.0,1.0,1.1479617429999962,607744,1577,I(x3>1)*x3^2;sin(x1)*cos(x2),0.002898 + 0.7508*I(x3>1)*((x3)^2) + 2.005*(cos(x2)*sin(x1)),generation budget reached
trig_product,exception,0.1,300,4,9014,centralized-residual-counterexample-gp,0.0,0.5,0.5,0.0008551473622054317,0.02737638923201341,0.0,1.0,0.8702231850002136,0,1561,"I(x3>1)*x3^2;expr:sin(mul(cos(x2),sin(x1)))",-0.0001011 + 0.7513*I(x3>1)*((x3)^2) + 2.201*sin((cos(x2)*sin(x1))),generation budget reached
trig_product,exception,0.1,300,4,9015,fedfalsify-v05,1.0,1.0,1.0,2.2736691688881858e-05,0.024758543786043755,0.0,1.0,0.32650255499993364,310044,3,I(x3>1)*x3^2;sin(x1)*cos(x2),0.007033 + 0.7504·𝟙[x₃>1]·x₃² + 2.003·sin(x₁)cos(x₂),target federated MSE reached; no replacement passed the federated certificate
trig_product,exception,0.1,300,4,9015,centralized-tree-gp,0.0,0.5,0.5,0.0009526668837647958,0.027534651217690526,0.0,1.0,0.8202430779997485,0,1548,"I(x3>1)*x3^2;expr:sin(mul(cos(x2),sin(x1)))",0.007108 + 0.7495*I(x3>1)*((x3)^2) + 2.198*sin((cos(x2)*sin(x1))),generation budget reached
trig_product,exception,0.1,300,4,9015,federated-tree-gp-style,0.0,0.5,0.5,0.0009526668837647929,0.027534651217690526,0.0,1.0,1.0473386150001716,572608,1548,"I(x3>1)*x3^2;expr:sin(mul(cos(x2),sin(x1)))",0.007108 + 0.7495*I(x3>1)*((x3)^2) + 2.198*sin((cos(x2)*sin(x1))),generation budget reached
trig_product,exception,0.1,300,4,9015,centralized-residual-counterexample-gp,0.0,0.5,0.5,0.0009526668837647958,0.027534651217690526,0.0,1.0,0.8682259439997324,0,1566,"I(x3>1)*x3^2;expr:sin(mul(cos(x2),sin(x1)))",0.007108 + 0.7495*I(x3>1)*((x3)^2) + 2.198*sin((cos(x2)*sin(x1))),generation budget reached
interaction,complementary,0.03,300,4,9011,fedfalsify-v05,1.0,1.0,1.0,1.5399116809820698e-07,0.004112377433756967,0.0,1.0,0.2122097369997391,180482,3,x1*x2;x3^2,-0.001802 + 1·x₁x₂ + 0.5004·x₃²,target federated MSE reached; no replacement passed the federated certificate
interaction,complementary,0.03,300,4,9011,centralized-tree-gp,0.0,0.25,0.5,1.6975647548673978e-06,0.004126089453780099,0.0,1.0,0.8664987649999603,0,1598,"expr:cos(add(x3,x3));expr:mul(cos(x3),square(x3));expr:sin(add(cos(x3),cos(x3)));x1*x2",0.7149 - 0.523*cos((x3+x3)) - 0.472*(cos(x3)*(x3)^2) + 1*(x1*x2) - 0.2084*sin((cos(x3)+cos(x3))),generation budget reached
interaction,complementary,0.03,300,4,9011,federated-tree-gp-style,0.0,0.25,0.5,1.6975647548674283e-06,0.004126089453780101,0.0,1.0,1.175876197999969,633216,1598,"expr:cos(add(x3,x3));expr:mul(cos(x3),square(x3));expr:sin(add(cos(x3),cos(x3)));x1*x2",0.7149 - 0.523*cos((x3+x3)) - 0.472*(cos(x3)*(x3)^2) + 1*(x1*x2) - 0.2084*sin((cos(x3)+cos(x3))),generation budget reached
interaction,complementary,0.03,300,4,9011,centralized-residual-counterexample-gp,0.0,0.3333333333333333,0.5,5.27238784750558e-06,0.0041148187312227795,0.0,1.0,1.3132878740002525,0,1592,"expr:mul(cos(x3),square(x3));expr:square(add(sin(x3),x3));x1*x2",0.002069 + 0.0004338*((x2)^2+(x3)^2) - 0.2592*(cos(x3)*(x3)^2) + 0.9998*(x1*x2) + 0.186*((sin(x3)+x3))^2,generation budget reached
interaction,complementary,0.03,300,4,9012,fedfalsify-v05,1.0,1.0,1.0,1.7117313667612947e-06,0.0036580720011684374,0.0,1.0,0.2761427520003963,180455,3,x1*x2;x3^2,0.002516 + 0.9988·x₁x₂ + 0.4999·x₃²,target federated MSE reached; no replacement passed the federated certificate
interaction,complementary,0.03,300,4,9012,centralized-tree-gp,0.0,0.25,0.5,2.2839869071508812e-06,0.003652286308989241,0.0,1.0,1.4184255119998852,0,1585,"cos(x2);expr:add(cos(x2),square(x3));expr:cos(add(sin(x2),square(x2)));x1*x2",0.00306 + 0.5*(cos(x2)+(x3)^2) - 0.003992*cos((sin(x2)+(x2)^2)) - 0.4976*cos(x2) + 0.9989*(x1*x2),generation budget reached
interaction,complementary,0.03,300,4,9012,federated-tree-gp-style,0.0,0.25,0.5,2.283986907155263e-06,0.0036522863089892416,0.0,1.0,1.865474248999817,620672,1585,"cos(x2);expr:add(cos(x2),square(x3));expr:cos(add(sin(x2),square(x2)));x1*x2",0.00306 + 0.5*(cos(x2)+(x3)^2) - 0.003992*cos((sin(x2)+(x2)^2)) - 0.4976*cos(x2) + 0.9989*(x1*x2),generation budget reached
interaction,complementary,0.03,300,4,9012,centralized-residual-counterexample-gp,0.0,0.3333333333333333,0.5,0.00010259274853107284,0.004257191439113666,0.0,1.0,0.9744799270001749,0,1572,"expr:mul(sin(x3),x3);expr:square(add(cos(x3),square(x3)));x1*x2",-0.1126 - 0.0002776*(sin(x4)+x2) + 0.5123*(sin(x3)*x3) + 0.9993*(x1*x2) + 0.08836*((cos(x3)+(x3)^2))^2,generation budget reached
interaction,complementary,0.03,300,4,9013,fedfalsify-v05,1.0,1.0,1.0,5.404320396669807e-06,0.003787881183055078,0.0,1.0,0.2082505299999866,180275,3,x1*x2;x3^2,-0.000935 + 1.001·x₁x₂ + 0.4981·x₃²,target federated MSE reached; no replacement passed the federated certificate
interaction,complementary,0.03,300,4,9013,centralized-tree-gp,0.0,0.25,0.5,0.0015667097687950215,0.009652432339613883,0.0,1.0,0.8794518609997795,0,1593,"expr:cos(mul(cos(x3),cos(x3)));expr:mul(sin(x3),sin(x3));expr:mul(sin(x3),x3);x1*x2",-0.9454 + 1.729*cos((cos(x3)*cos(x3))) - 2.697*(sin(x3)*sin(x3)) + 1.992*(sin(x3)*x3) + 1.004*(x1*x2),generation budget reached
interaction,complementary,0.03,300,4,9013,federated-tree-gp-style,0.0,0.25,0.5,0.0015667097687950317,0.009652432339613885,0.0,1.0,1.1424705899999026,621120,1593,"expr:cos(mul(cos(x3),cos(x3)));expr:mul(sin(x3),sin(x3));expr:mul(sin(x3),x3);x1*x2",-0.9454 + 1.729*cos((cos(x3)*cos(x3))) - 2.697*(sin(x3)*sin(x3)) + 1.992*(sin(x3)*x3) + 1.004*(x1*x2),generation budget reached
interaction,complementary,0.03,300,4,9013,centralized-residual-counterexample-gp,0.0,0.25,0.5,0.0011798515025829353,0.01136126740018114,1.0,1.0,0.910662321000018,0,1576,"expr:mul(sin(x3),x3);expr:square(add(cos(x4),square(x3)));expr:square(mul(cos(x4),x3));x1*x2",-0.056 + 0.575*(sin(x3)*x3) + 1.002*(x1*x2) + 0.05604*((cos(x4)+(x3)^2))^2 - 0.1049*((cos(x4)*x3))^2,generation budget reached
interaction,complementary,0.03,300,4,9014,fedfalsify-v05,1.0,1.0,1.0,9.654891643143278e-07,0.003985862315617835,0.0,1.0,0.20113598000034472,180253,3,x1*x2;x3^2,0.001101 + 0.9992·x₁x₂ + 0.5004·x₃²,target federated MSE reached; no replacement passed the federated certificate
interaction,complementary,0.03,300,4,9014,centralized-tree-gp,1.0,1.0,1.0,9.65489164314048e-07,0.003985862315617835,0.0,1.0,0.892333624999992,0,1600,x1*x2;x3^2,0.001101 + 0.9992*(x1*x2) + 0.5004*(x3*x3),generation budget reached
interaction,complementary,0.03,300,4,9014,federated-tree-gp-style,1.0,1.0,1.0,9.654891643143362e-07,0.003985862315617835,0.0,1.0,1.2044838950000667,644928,1600,x1*x2;x3^2,0.001101 + 0.9992*(x1*x2) + 0.5004*(x3*x3),generation budget reached
interaction,complementary,0.03,300,4,9014,centralized-residual-counterexample-gp,1.0,1.0,1.0,9.65489164314048e-07,0.003985862315617835,0.0,1.0,0.9071301369999674,0,1587,x1*x2;x3^2,0.001101 + 0.9992*(x1*x2) + 0.5004*(x3)^2,generation budget reached
interaction,complementary,0.03,300,4,9015,fedfalsify-v05,1.0,1.0,1.0,1.9935192669647657e-06,0.004306861179859075,0.0,1.0,0.25687470299999404,271226,3,x1*x2;x3^2,0.0035 + 1.001·x₁x₂ + 0.4992·x₃²,target federated MSE reached; no replacement passed the federated certificate
interaction,complementary,0.03,300,4,9015,centralized-tree-gp,0.0,0.25,0.5,2.686977474635699e-06,0.004294747044920905,0.0,1.0,0.9076957320003203,0,1613,"expr:add(cos(x1),square(x3));expr:square(add(sin(x1),sin(x1)));expr:square(add(x3,x3));x1*x2",0.001076 - 0.003303*(cos(x1)+(x3)^2) + 1.001*(x1*x2) + 0.001623*((sin(x1)+sin(x1)))^2 + 0.1257*((x3+x3))^2,generation budget reached
interaction,complementary,0.03,300,4,9015,federated-tree-gp-style,0.0,0.25,0.5,2.6869774746342575e-06,0.004294747044920906,0.0,1.0,1.2143552769998678,641216,1613,"expr:add(cos(x1),square(x3));expr:square(add(sin(x1),sin(x1)));expr:square(add(x3,x3));x1*x2",0.001076 - 0.003303*(cos(x1)+(x3)^2) + 1.001*(x1*x2) + 0.001623*((sin(x1)+sin(x1)))^2 + 0.1257*((x3+x3))^2,generation budget reached
interaction,complementary,0.03,300,4,9015,centralized-residual-counterexample-gp,0.0,0.25,0.5,0.00880222486987342,0.0368482766326782,0.0,1.0,1.3134040219997587,0,1599,"expr:cos(add(sin(x3),sin(x3)));expr:square(add(cos(x1),square(x3)));expr:square(add(cos(x3),x3));x1*x2",0.354 - 0.4902*cos((sin(x3)+sin(x3))) + 1.024*(x1*x2) + 0.06066*((cos(x1)+(x3)^2))^2 + 0.04212*((cos(x3)+x3))^2,generation budget reached
interaction,complementary,0.1,300,4,9011,fedfalsify-v05,1.0,1.0,1.0,1.7110129854399123e-06,0.04569308259729962,0.0,1.0,0.28205490599975747,179923,3,x1*x2;x3^2,-0.006005 + 1·x₁x₂ + 0.5012·x₃²,target federated MSE reached; no replacement passed the federated certificate
interaction,complementary,0.1,300,4,9011,centralized-tree-gp,0.0,0.5,0.5,1.7110129859613106e-06,0.04569308259729963,0.0,1.0,1.3537681359998714,0,1554,"expr:add(square(x3),square(x3));x1*x2",-0.006005 + 0.2506*((x3)^2+(x3)^2) + 1*(x1*x2),generation budget reached
interaction,complementary,0.1,300,4,9011,federated-tree-gp-style,0.0,0.5,0.5,1.7110129859589182e-06,0.04569308259729963,0.0,1.0,1.7093450049997045,568832,1554,"expr:add(square(x3),square(x3));x1*x2",-0.006005 + 0.2506*((x3)^2+(x3)^2) + 1*(x1*x2),generation budget reached
interaction,complementary,0.1,300,4,9011,centralized-residual-counterexample-gp,0.0,0.3333333333333333,0.5,3.9865012398048834e-05,0.04571560243507769,0.0,1.0,1.0740656359998866,0,1535,"expr:add(cos(x3),square(x3));expr:square(mul(square(x3),x3));x1*x2",-0.8452 + 0.8607*(cos(x3)+(x3)^2) + 0.9999*(x1*x2) - 0.003287*(((x3)^2*x3))^2,generation budget reached
interaction,complementary,0.1,300,4,9012,fedfalsify-v05,1.0,1.0,1.0,1.901923737282255e-05,0.04064524445742709,0.0,1.0,0.23973240399982387,179895,3,x1*x2;x3^2,0.008385 + 0.9961·x₁x₂ + 0.4996·x₃²,target federated MSE reached; no replacement passed the federated certificate
interaction,complementary,0.1,300,4,9012,centralized-tree-gp,0.0,0.25,0.5,2.1562469034455248e-05,0.04063827206286618,1.0,1.0,0.8977088100000401,0,1592,"cos(x2);expr:add(cos(x2),square(x3));expr:mul(sin(x4),square(x3));x1*x2",0.008916 + 0.4995*(cos(x2)+(x3)^2) - 0.5007*cos(x2) - 0.001909*(sin(x4)*(x3)^2) + 0.996*(x1*x2),generation budget reached
interaction,complementary,0.1,300,4,9012,federated-tree-gp-style,0.0,0.25,0.5,2.1562469034453737e-05,0.04063827206286618,1.0,1.0,1.2057577660002607,612544,1592,"cos(x2);expr:add(cos(x2),square(x3));expr:mul(sin(x4),square(x3));x1*x2",0.008916 + 0.4995*(cos(x2)+(x3)^2) - 0.5007*cos(x2) - 0.001909*(sin(x4)*(x3)^2) + 0.996*(x1*x2),generation budget reached
interaction,complementary,0.1,300,4,9012,centralized-residual-counterexample-gp,0.0,0.5,0.5,1.901923737428886e-05,0.0406452444574271,0.0,1.0,0.8033733749998646,0,1498,"expr:square(add(x3,x3));x1*x2",0.008385 + 0.9961*(x1*x2) + 0.1249*((x3+x3))^2,generation budget reached
interaction,complementary,0.1,300,4,9013,fedfalsify-v05,1.0,1.0,1.0,6.0048004428462654e-05,0.04208756870061201,0.0,1.0,0.19906495399982305,179588,3,x1*x2;x3^2,-0.003117 + 1.005·x₁x₂ + 0.4935·x₃²,target federated MSE reached; no replacement passed the federated certificate
interaction,complementary,0.1,300,4,9013,centralized-tree-gp,0.0,0.25,0.5,0.0017243919631037006,0.05484312309051977,1.0,1.0,0.8394885219995558,0,1541,"expr:square(add(cos(x4),square(x3)));expr:square(add(sin(x3),sin(x3)));expr:square(mul(sin(x4),square(x3)));x1*x2",-0.05846 + 1.003*(x1*x2) + 0.05614*((cos(x4)+(x3)^2))^2 + 0.1517*((sin(x3)+sin(x3)))^2 + 0.03343*((sin(x4)*(x3)^2))^2,generation budget reached
interaction,complementary,0.1,300,4,9013,federated-tree-gp-style,0.0,0.25,0.5,0.001724391963103693,0.05484312309051977,1.0,1.0,1.065436290999969,555136,1541,"expr:square(add(cos(x4),square(x3)));expr:square(add(sin(x3),sin(x3)));expr:square(mul(sin(x4),square(x3)));x1*x2",-0.05846 + 1.003*(x1*x2) + 0.05614*((cos(x4)+(x3)^2))^2 + 0.1517*((sin(x3)+sin(x3)))^2 + 0.03343*((sin(x4)*(x3)^2))^2,generation budget reached
interaction,complementary,0.1,300,4,9013,centralized-residual-counterexample-gp,0.0,0.25,0.5,0.008190265826623435,0.09180930512079395,1.0,1.0,0.8392968759999349,0,1512,"expr:cos(mul(cos(x4),square(x3)));expr:cos(mul(sin(x1),square(x3)));expr:square(mul(cos(x3),x3));x1*x2",0.9364 - 0.42*cos((cos(x4)*(x3)^2)) - 0.4144*cos((sin(x1)*(x3)^2)) + 0.9956*(x1*x2) + 0.6457*((cos(x3)*x3))^2,generation budget reached
interaction,complementary,0.1,300,4,9014,fedfalsify-v05,1.0,1.0,1.0,1.0727657362525275e-05,0.044287359062420394,0.0,1.0,0.19344869799988373,179727,3,x1*x2;x3^2,0.003671 + 0.9975·x₁x₂ + 0.5014·x₃²,target federated MSE reached; no replacement passed the federated certificate
interaction,complementary,0.1,300,4,9014,centralized-tree-gp,0.0,0.25,0.5,5.5915009926097165e-05,0.04509931608688634,0.0,1.0,0.8284444010000698,0,1538,"expr:mul(square(x3),square(x3));expr:sin(mul(x3,x3));expr:square(add(cos(x3),cos(x3)));x1*x2",0.8679 + 0.07339*((x3)^2*(x3)^2) + 0.9978*(x1*x2) - 0.174*sin((x3*x3)) - 0.224*((cos(x3)+cos(x3)))^2,generation budget reached
interaction,complementary,0.1,300,4,9014,federated-tree-gp-style,0.0,0.25,0.5,5.5915009926094996e-05,0.04509931608688635,0.0,1.0,1.082212341000286,586560,1538,"expr:mul(square(x3),square(x3));expr:sin(mul(x3,x3));expr:square(add(cos(x3),cos(x3)));x1*x2",0.8679 + 0.07339*((x3)^2*(x3)^2) + 0.9978*(x1*x2) - 0.174*sin((x3*x3)) - 0.224*((cos(x3)+cos(x3)))^2,generation budget reached
interaction,complementary,0.1,300,4,9014,centralized-residual-counterexample-gp,1.0,1.0,1.0,1.0727657362525195e-05,0.044287359062420394,0.0,1.0,0.9180641899997681,0,1568,x1*x2;x3^2,0.003671 + 0.9975*(x1*x2) + 0.5014*(x3)^2,generation budget reached
interaction,complementary,0.1,300,4,9015,fedfalsify-v05,1.0,1.0,1.0,2.215021410541085e-05,0.04785401310954528,0.0,1.0,0.2715127589999611,270631,3,x1*x2;x3^2,0.01167 + 1.004·x₁x₂ + 0.4972·x₃²,target federated MSE reached; no replacement passed the federated certificate
interaction,complementary,0.1,300,4,9015,centralized-tree-gp,0.0,0.5,0.5,2.2150214103381918e-05,0.047854013109545276,0.0,1.0,1.4502036240000962,0,1603,"expr:square(add(x3,x3));x1*x2",0.01167 + 1.004*(x1*x2) + 0.1243*((x3+x3))^2,generation budget reached
interaction,complementary,0.1,300,4,9015,federated-tree-gp-style,0.0,0.5,0.5,2.2150214103373817e-05,0.04785401310954528,0.0,1.0,1.906041420999827,621504,1603,"expr:square(add(x3,x3));x1*x2",0.01167 + 1.004*(x1*x2) + 0.1243*((x3+x3))^2,generation budget reached
interaction,complementary,0.1,300,4,9015,centralized-residual-counterexample-gp,0.0,0.3333333333333333,0.5,0.0015377135133268034,0.059958987007172906,0.0,1.0,1.4900185749997945,0,1596,"expr:square(mul(cos(x3),cos(x3)));expr:square(mul(x3,x3));x1*x2",0.5891 + 1.003*(x1*x2) - 0.6653*((cos(x3)*cos(x3)))^2 + 0.08351*((x3*x3))^2,generation budget reached
interaction,spurious,0.03,300,4,9011,fedfalsify-v05,1.0,1.0,1.0,3.986959911747273e-06,0.004424737884467764,0.0,1.0,0.2168584500000179,180321,3,x1*x2;x3^2,-0.001534 + 0.9979·x₁x₂ + 0.5007·x₃²,target federated MSE reached; no replacement passed the federated certificate
interaction,spurious,0.03,300,4,9011,centralized-tree-gp,1.0,1.0,1.0,3.986959911743159e-06,0.0044247378844677636,0.0,1.0,0.9004851520003285,0,1600,x1*x2;x3^2,-0.001534 + 0.9979*(x1*x2) + 0.5007*(x3)^2,generation budget reached
interaction,spurious,0.03,300,4,9011,federated-tree-gp-style,1.0,1.0,1.0,3.986959911747277e-06,0.004424737884467765,0.0,1.0,1.2123357360001137,628352,1600,x1*x2;x3^2,-0.001534 + 0.9979*(x1*x2) + 0.5007*(x3)^2,generation budget reached
interaction,spurious,0.03,300,4,9011,centralized-residual-counterexample-gp,0.0,0.25,0.5,0.0005611835802244928,0.007450692181057903,1.0,1.0,1.0104512030002297,0,1608,"expr:cos(add(cos(x4),square(x3)));expr:cos(add(x3,x3));expr:square(add(square(x3),square(x3)));x1*x2",0.3249 - 0.0431*cos((cos(x4)+(x3)^2)) - 0.3353*cos((x3+x3)) + 0.9977*(x1*x2) + 0.02096*(((x3)^2+(x3)^2))^2,generation budget reached
interaction,spurious,0.03,300,4,9012,fedfalsify-v05,1.0,1.0,1.0,1.4768456049376183e-06,0.003999596665784961,0.0,1.0,0.21379119900029764,180294,3,x1*x2;x3^2,0.004526 + 0.9992·x₁x₂ + 0.4989·x₃²,target federated MSE reached; no replacement passed the federated certificate
interaction,spurious,0.03,300,4,9012,centralized-tree-gp,0.0,0.5,0.5,1.476845604125529e-06,0.0039995966657849595,0.0,1.0,0.9177474349999102,0,1578,"expr:square(add(x3,x3));x1*x2",0.004526 + 0.9992*(x1*x2) + 0.1247*((x3+x3))^2,generation budget reached
interaction,spurious,0.03,300,4,9012,federated-tree-gp-style,0.0,0.5,0.5,1.4768456041256112e-06,0.00399959666578496,0.0,1.0,1.1309904619997724,592832,1578,"expr:square(add(x3,x3));x1*x2",0.004526 + 0.9992*(x1*x2) + 0.1247*((x3+x3))^2,generation budget reached
interaction,spurious,0.03,300,4,9012,centralized-residual-counterexample-gp,0.0,0.5,0.5,1.476845604125529e-06,0.0039995966657849595,0.0,1.0,0.865734638000049,0,1539,"expr:square(add(x3,x3));x1*x2",0.004526 + 0.9992*(x1*x2) + 0.1247*((x3+x3))^2,generation budget reached
interaction,spurious,0.03,300,4,9013,fedfalsify-v05,1.0,1.0,1.0,1.9766683586082407e-06,0.003987576494308176,0.0,1.0,0.2089977790001285,180106,3,x1*x2;x3^2,-0.006648 + 1·x₁x₂ + 0.5018·x₃²,target federated MSE reached; no replacement passed the federated certificate
interaction,spurious,0.03,300,4,9013,centralized-tree-gp,0.0,0.3333333333333333,0.5,0.0005806700355205203,0.012002495264459649,1.0,1.0,0.964429494000342,0,1584,"expr:add(sin(x4),square(x3));expr:add(sin(x4),x4);x1*x2",0.009189 + 0.4945*(sin(x4)+(x3)^2) - 0.196*(sin(x4)+x4) + 1.005*(x1*x2),generation budget reached
interaction,spurious,0.03,300,4,9013,federated-tree-gp-style,0.0,0.3333333333333333,0.5,0.0005806700355205364,0.012002495264459652,1.0,1.0,1.1867566830001124,616064,1584,"expr:add(sin(x4),square(x3));expr:add(sin(x4),x4);x1*x2",0.009189 + 0.4945*(sin(x4)+(x3)^2) - 0.196*(sin(x4)+x4) + 1.005*(x1*x2),generation budget reached
interaction,spurious,0.03,300,4,9013,centralized-residual-counterexample-gp,0.0,0.25,0.5,0.004758810473593395,0.03600251625876702,1.0,1.0,0.9433151909997832,0,1577,"expr:square(add(cos(x1),x3));expr:square(add(cos(x4),square(x3)));expr:square(mul(cos(x3),cos(x4)));x1*x2",0.3544 + 1.01*(x1*x2) + 0.0335*((cos(x1)+x3))^2 + 0.0679*((cos(x4)+(x3)^2))^2 - 0.6057*((cos(x3)*cos(x4)))^2,generation budget reached
interaction,spurious,0.03,300,4,9014,fedfalsify-v05,1.0,1.0,1.0,2.106551544538765e-07,0.004109424226091828,0.0,1.0,0.2663015620000806,180129,3,x1*x2;x3^2,-0.00196 + 1·x₁x₂ + 0.5007·x₃²,target federated MSE reached; no replacement passed the federated certificate
interaction,spurious,0.03,300,4,9014,centralized-tree-gp,1.0,1.0,1.0,2.106551544540361e-07,0.004109424226091828,0.0,1.0,1.3003269109999565,0,1523,x1*x2;x3^2,-0.00196 + 1*(x1*x2) + 0.5007*(x3*x3),generation budget reached
interaction,spurious,0.03,300,4,9014,federated-tree-gp-style,1.0,1.0,1.0,2.106551544538788e-07,0.004109424226091827,0.0,1.0,1.7218797589998758,559360,1523,x1*x2;x3^2,-0.00196 + 1*(x1*x2) + 0.5007*(x3*x3),generation budget reached
interaction,spurious,0.03,300,4,9014,centralized-residual-counterexample-gp,0.0,0.3333333333333333,0.5,2.1323259623358292e-07,0.004109423489431171,0.0,1.0,1.4141349799997442,0,1532,"cos(x3);expr:add(cos(x3),square(x3));x1*x2",-0.002269 + 0.5008*(cos(x3)+(x3)^2) - 0.5005*cos(x3) + 1*(x1*x2),generation budget reached
interaction,spurious,0.03,300,4,9015,fedfalsify-v05,1.0,1.0,1.0,9.127182411440775e-07,0.0037159206667574775,0.0,1.0,0.25485732399965855,180129,3,x1*x2;x3^2,0.00239 + 0.9995·x₁x₂ + 0.5002·x₃²,target federated MSE reached; no replacement passed the federated certificate
interaction,spurious,0.03,300,4,9015,centralized-tree-gp,1.0,1.0,1.0,9.127182411434618e-07,0.0037159206667574775,0.0,1.0,0.7972725129998253,0,1536,x1*x2;x3^2,0.00239 + 0.9995*(x1*x2) + 0.5002*(x3*x3),generation budget reached
interaction,spurious,0.03,300,4,9015,federated-tree-gp-style,1.0,1.0,1.0,9.127182411440769e-07,0.0037159206667574775,0.0,1.0,1.0066654839997682,552448,1536,x1*x2;x3^2,0.00239 + 0.9995*(x1*x2) + 0.5002*(x3*x3),generation budget reached
interaction,spurious,0.03,300,4,9015,centralized-residual-counterexample-gp,0.0,0.25,0.5,1.4972640868680112e-06,0.003712468891642205,0.0,1.0,0.9278557600000568,0,1580,"expr:add(cos(x1),sin(x2));expr:add(cos(x1),square(x3));expr:add(sin(x2),square(x3));x1*x2",0.002704 - 0.2485*(cos(x1)+sin(x2)) + 0.249*(cos(x1)+(x3)^2) + 0.2512*(sin(x2)+(x3)^2) + 0.9995*(x1*x2),generation budget reached
interaction,spurious,0.1,300,4,9011,fedfalsify-v05,1.0,1.0,1.0,4.429955452703246e-05,0.04916375427186405,0.0,1.0,0.21489478300009068,179733,3,x1*x2;x3^2,-0.005115 + 0.9931·x₁x₂ + 0.5024·x₃²,target federated MSE reached; no replacement passed the federated certificate
interaction,spurious,0.1,300,4,9011,centralized-tree-gp,1.0,1.0,1.0,4.429955452704367e-05,0.04916375427186405,0.0,1.0,0.8941085569999814,0,1578,x1*x2;x3^2,-0.005115 + 0.9931*(x1*x2) + 0.5024*(x3)^2,generation budget reached
interaction,spurious,0.1,300,4,9011,federated-tree-gp-style,1.0,1.0,1.0,4.4299554527032566e-05,0.04916375427186405,0.0,1.0,1.1066975700000512,587648,1578,x1*x2;x3^2,-0.005115 + 0.9931*(x1*x2) + 0.5024*(x3)^2,generation budget reached
interaction,spurious,0.1,300,4,9011,centralized-residual-counterexample-gp,0.0,0.3333333333333333,0.5,6.652014634300302e-05,0.04926838613541792,0.0,1.0,0.8944435220000742,0,1528,"expr:add(cos(x3),square(x3));expr:cos(mul(sin(x3),sin(x3)));x1*x2",-0.2857 + 0.7107*(cos(x3)+(x3)^2) - 0.4147*cos((sin(x3)*sin(x3))) + 0.9932*(x1*x2),generation budget reached
interaction,spurious,0.1,300,4,9012,fedfalsify-v05,1.0,1.0,1.0,1.6409395576320156e-05,0.044439962953166254,0.0,1.0,0.2088076249997357,179715,3,x1*x2;x3^2,0.01509 + 0.9972·x₁x₂ + 0.4963·x₃²,target federated MSE reached; no replacement passed the federated certificate
interaction,spurious,0.1,300,4,9012,centralized-tree-gp,0.0,0.5,0.5,1.6409395573635447e-05,0.04443996295316625,0.0,1.0,0.7668325800000275,0,1482,"expr:square(add(x3,x3));x1*x2",0.01509 + 0.9972*(x1*x2) + 0.1241*((x3+x3))^2,generation budget reached
interaction,spurious,0.1,300,4,9012,federated-tree-gp-style,0.0,0.5,0.5,1.6409395573628407e-05,0.044439962953166254,0.0,1.0,0.925758063000103,499840,1482,"expr:square(add(x3,x3));x1*x2",0.01509 + 0.9972*(x1*x2) + 0.1241*((x3+x3))^2,generation budget reached
interaction,spurious,0.1,300,4,9012,centralized-residual-counterexample-gp,0.0,0.5,0.5,1.6409395573635447e-05,0.04443996295316625,0.0,1.0,0.809169471000132,0,1526,"expr:square(add(x3,x3));x1*x2",0.01509 + 0.9972*(x1*x2) + 0.1241*((x3+x3))^2,generation budget reached
interaction,spurious,0.1,300,4,9013,fedfalsify-v05,1.0,1.0,1.0,2.196298178298652e-05,0.044306405492313045,0.0,1.0,0.19643683000003875,179629,3,x1*x2;x3^2,-0.02216 + 1·x₁x₂ + 0.5061·x₃²,target federated MSE reached; no replacement passed the federated certificate
interaction,spurious,0.1,300,4,9013,centralized-tree-gp,0.0,0.25,0.5,0.0017376303448493008,0.06157666998112993,1.0,1.0,0.7800864959999672,0,1497,"expr:sin(add(cos(x3),cos(x3)));expr:square(add(cos(x4),square(x3)));expr:square(mul(cos(x3),sin(x3)));x1*x2",1.052 + 1.002*(x1*x2) - 1.042*sin((cos(x3)+cos(x3))) + 0.01025*((cos(x4)+(x3)^2))^2 + 0.9935*((cos(x3)*sin(x3)))^2,generation budget reached
interaction,spurious,0.1,300,4,9013,federated-tree-gp-style,0.0,0.25,0.5,0.001737630344849316,0.06157666998112993,1.0,1.0,1.422330950000287,519104,1497,"expr:sin(add(cos(x3),cos(x3)));expr:square(add(cos(x4),square(x3)));expr:square(mul(cos(x3),sin(x3)));x1*x2",1.052 + 1.002*(x1*x2) - 1.042*sin((cos(x3)+cos(x3))) + 0.01025*((cos(x4)+(x3)^2))^2 + 0.9935*((cos(x3)*sin(x3)))^2,generation budget reached
interaction,spurious,0.1,300,4,9013,centralized-residual-counterexample-gp,0.0,0.5,0.5,0.0038208526844000497,0.07352710800459751,0.0,1.0,1.2491385409998657,0,1474,"expr:sin(add(cos(x3),cos(x3)));x1*x2",1.291 + 1.004*(x1*x2) - 1.145*sin((cos(x3)+cos(x3))),generation budget reached
interaction,spurious,0.1,300,4,9014,fedfalsify-v05,1.0,1.0,1.0,2.3406128392668444e-06,0.045660269178798105,0.0,1.0,0.26669131500011645,179504,3,x1*x2;x3^2,-0.006534 + 1.001·x₁x₂ + 0.5023·x₃²,target federated MSE reached; no replacement passed the federated certificate
interaction,spurious,0.1,300,4,9014,centralized-tree-gp,1.0,1.0,1.0,2.3406128392646827e-06,0.045660269178798105,0.0,1.0,1.2297996919996876,0,1539,x1*x2;x3^2,-0.006534 + 1.001*(x1*x2) + 0.5023*(x3*x3),generation budget reached
interaction,spurious,0.1,300,4,9014,federated-tree-gp-style,1.0,1.0,1.0,2.3406128392668516e-06,0.045660269178798105,0.0,1.0,1.3586167809999097,548096,1539,x1*x2;x3^2,-0.006534 + 1.001*(x1*x2) + 0.5023*(x3*x3),generation budget reached
interaction,spurious,0.1,300,4,9014,centralized-residual-counterexample-gp,1.0,1.0,1.0,2.3406128392646827e-06,0.045660269178798105,0.0,1.0,0.8044825429997218,0,1516,x1*x2;x3^2,-0.006534 + 1.001*(x1*x2) + 0.5023*(x3*x3),generation budget reached
interaction,spurious,0.1,300,4,9015,fedfalsify-v05,1.0,1.0,1.0,1.0141313776472466e-05,0.04128800740841642,0.0,1.0,0.22318051699994612,179595,3,x1*x2;x3^2,0.007968 + 0.9984·x₁x₂ + 0.5005·x₃²,target federated MSE reached; no replacement passed the federated certificate
interaction,spurious,0.1,300,4,9015,centralized-tree-gp,0.0,0.3333333333333333,0.5,0.0002028328930533338,0.04254016230501894,0.0,1.0,0.804897980000078,0,1554,"cos(x3);expr:mul(cos(x3),cos(x3));x1*x2",1.271 - 1.687*cos(x3) + 0.438*(cos(x3)*cos(x3)) + 0.9981*(x1*x2),generation budget reached
interaction,spurious,0.1,300,4,9015,federated-tree-gp-style,0.0,0.3333333333333333,0.5,0.00020283289305332027,0.04254016230501894,0.0,1.0,1.0440049439998802,565952,1554,"cos(x3);expr:mul(cos(x3),cos(x3));x1*x2",1.271 - 1.687*cos(x3) + 0.438*(cos(x3)*cos(x3)) + 0.9981*(x1*x2),generation budget reached
interaction,spurious,0.1,300,4,9015,centralized-residual-counterexample-gp,0.0,0.5,0.5,0.0023078668614893846,0.05328065281440734,0.0,1.0,0.8101313399997707,0,1523,cos(x3);x1*x2,1.364 - 1.463*cos(x3) + 0.9995*(x1*x2),generation budget reached
interaction,exception,0.03,300,4,9011,fedfalsify-v05,1.0,1.0,1.0,1.1876299816560534e-06,0.006958452254923468,0.0,1.0,0.33875249599987,247649,5,I(x3>1)*x3^2;x1*x2;x3^2,-0.001288 + 1·x₁x₂ + 0.7475·𝟙[x₃>1]·x₃² + 0.5008·x₃²,target federated MSE reached; no replacement passed the federated certificate
interaction,exception,0.03,300,4,9011,centralized-tree-gp,0.0,0.25,0.3333333333333333,0.0020648837790639175,0.028831549917343928,0.0,0.0,0.8263535599999159,0,1564,"expr:add(square(x3),x3);expr:cos(add(cos(x3),x3));x1*x2;x3",-0.6119 + 1.091*((x3)^2+x3) + 0.8506*cos((cos(x3)+x3)) + 0.9981*(x1*x2) - 0.4641*x3,generation budget reached
interaction,exception,0.03,300,4,9011,federated-tree-gp-style,0.0,0.25,0.3333333333333333,0.002064883779063923,0.028831549917343928,0.0,0.0,1.0572373049999442,597056,1564,"expr:add(square(x3),x3);expr:cos(add(cos(x3),x3));x1*x2;x3",-0.6119 + 1.091*((x3)^2+x3) + 0.8506*cos((cos(x3)+x3)) + 0.9981*(x1*x2) - 0.4641*x3,generation budget reached
interaction,exception,0.03,300,4,9011,centralized-residual-counterexample-gp,0.0,0.25,0.3333333333333333,0.0024075539688250777,0.03715460283413954,0.0,0.0,0.9511012289999599,0,1599,"expr:add(square(x3),x3);expr:mul(square(x3),square(x3));sin(x3);x1*x2",-0.2117 + 1.07*((x3)^2+x3) - 0.0314*((x3)^2*(x3)^2) + 0.9986*(x1*x2) - 0.8124*sin(x3),generation budget reached
interaction,exception,0.03,300,4,9012,fedfalsify-v05,1.0,1.0,1.0,2.3532496388665817e-06,0.006152251422718521,0.0,1.0,0.3762178860001768,278554,6,I(x3>1)*x3^2;x1*x2;x3^2,0.002192 + 0.9985·x₁x₂ + 0.7501·𝟙[x₃>1]·x₃² + 0.5004·x₃²,target federated MSE reached; no replacement passed the federated certificate
interaction,exception,0.03,300,4,9012,centralized-tree-gp,0.0,0.5,0.6666666666666666,0.002856654361285078,0.04002398815111302,0.0,0.0,0.8848750299998756,0,1590,"expr:square(add(sin(x3),x3));expr:square(add(square(x3),x3));x1*x2;x3^2",-0.1326 + 0.9941*(x1*x2) + 0.2765*((sin(x3)+x3))^2 + 0.0877*(((x3)^2+x3))^2 - 0.1377*(x3)^2,generation budget reached
interaction,exception,0.03,300,4,9012,federated-tree-gp-style,0.0,0.5,0.6666666666666666,0.002856654361285083,0.04002398815111302,0.0,0.0,1.110244339000019,632192,1590,"expr:square(add(sin(x3),x3));expr:square(add(square(x3),x3));x1*x2;x3^2",-0.1326 + 0.9941*(x1*x2) + 0.2765*((sin(x3)+x3))^2 + 0.0877*(((x3)^2+x3))^2 - 0.1377*(x3)^2,generation budget reached
interaction,exception,0.03,300,4,9012,centralized-residual-counterexample-gp,0.0,0.5,0.6666666666666666,0.002856654361285078,0.04002398815111302,0.0,0.0,1.369534670000121,0,1587,"expr:square(add(sin(x3),x3));expr:square(add(square(x3),x3));x1*x2;x3^2",-0.1326 + 0.9941*(x1*x2) + 0.2765*((sin(x3)+x3))^2 + 0.0877*(((x3)^2+x3))^2 - 0.1377*(x3)^2,generation budget reached
interaction,exception,0.03,300,4,9013,fedfalsify-v05,1.0,1.0,1.0,4.820502684552677e-06,0.006579377435660114,0.0,1.0,0.46615397499999744,247580,5,I(x3>1)*x3^2;x1*x2;x3^2,-0.002292 + 1.002·x₁x₂ + 0.7494·𝟙[x₃>1]·x₃² + 0.4989·x₃²,target federated MSE reached; no replacement passed the federated certificate
interaction,exception,0.03,300,4,9013,centralized-tree-gp,0.0,0.0,0.0,0.21784292271662278,0.6225616391804628,0.0,0.0,1.4633353300000635,0,1556,"expr:mul(sin(x1),x2);expr:mul(sin(x2),x1);expr:sin(add(cos(x1),cos(x3)));expr:square(add(square(x3),x3))",1.398 + 1.154*(sin(x1)*x2) + 0.6002*(sin(x2)*x1) - 1.076*sin((cos(x1)+cos(x3))) + 0.0929*(((x3)^2+x3))^2,generation budget reached
interaction,exception,0.03,300,4,9013,federated-tree-gp-style,0.0,0.0,0.0,0.21784292271662278,0.6225616391804627,0.0,0.0,1.8256583550000869,597760,1556,"expr:mul(sin(x1),x2);expr:mul(sin(x2),x1);expr:sin(add(cos(x1),cos(x3)));expr:square(add(square(x3),x3))",1.398 + 1.154*(sin(x1)*x2) + 0.6002*(sin(x2)*x1) - 1.076*sin((cos(x1)+cos(x3))) + 0.0929*(((x3)^2+x3))^2,generation budget reached
interaction,exception,0.03,300,4,9013,centralized-residual-counterexample-gp,0.0,0.0,0.0,0.2928609509985196,0.6862964859153925,0.0,0.0,0.9323129979998157,0,1572,"expr:add(square(x3),x3);expr:mul(sin(x1),x2);expr:square(add(square(x3),x3));expr:square(mul(x1,x1))",0.1831 + 0.5587*((x3)^2+x3) + 1.562*(sin(x1)*x2) + 0.03587*(((x3)^2+x3))^2 + 0.03494*((x1*x1))^2,generation budget reached
interaction,exception,0.03,300,4,9014,fedfalsify-v05,1.0,1.0,1.0,1.1416839801845493e-06,0.006641814327885256,0.0,1.0,0.3523004190001302,247480,5,I(x3>1)*x3^2;x1*x2;x3^2,0.00134 + 0.999·x₁x₂ + 0.7502·𝟙[x₃>1]·x₃² + 0.5004·x₃²,target federated MSE reached; no replacement passed the federated certificate
interaction,exception,0.03,300,4,9014,centralized-tree-gp,0.0,0.25,0.3333333333333333,0.010782697343892101,0.11248823056099655,0.0,0.0,0.9058453969996663,0,1565,"expr:add(cos(x1),x3);expr:add(square(x3),x3);expr:sin(mul(cos(x1),sin(x3)));x1*x2",0.03582 - 0.1506*(cos(x1)+x3) + 0.8728*((x3)^2+x3) + 0.9802*(x1*x2) - 0.2301*sin((cos(x1)*sin(x3))),generation budget reached
interaction,exception,0.03,300,4,9014,federated-tree-gp-style,0.0,0.25,0.3333333333333333,0.010782697343892094,0.11248823056099655,0.0,0.0,1.143808689999787,618944,1565,"expr:add(cos(x1),x3);expr:add(square(x3),x3);expr:sin(mul(cos(x1),sin(x3)));x1*x2",0.03582 - 0.1506*(cos(x1)+x3) + 0.8728*((x3)^2+x3) + 0.9802*(x1*x2) - 0.2301*sin((cos(x1)*sin(x3))),generation budget reached
interaction,exception,0.03,300,4,9014,centralized-residual-counterexample-gp,0.0,0.25,0.3333333333333333,0.010782697343892101,0.11248823056099655,0.0,0.0,0.9065694359996996,0,1576,"expr:add(cos(x1),x3);expr:add(square(x3),x3);expr:sin(mul(cos(x1),sin(x3)));x1*x2",0.03582 - 0.1506*(cos(x1)+x3) + 0.8728*((x3)^2+x3) + 0.9802*(x1*x2) - 0.2301*sin((cos(x1)*sin(x3))),generation budget reached
interaction,exception,0.03,300,4,9015,fedfalsify-v05,1.0,1.0,1.0,2.8848705305042626e-06,0.007846641986906155,0.0,1.0,0.342565673000081,247656,5,I(x3>1)*x3^2;x1*x2;x3^2,0.004189 + 1.002·x₁x₂ + 0.7503·𝟙[x₃>1]·x₃² + 0.4993·x₃²,target federated MSE reached; no replacement passed the federated certificate
interaction,exception,0.03,300,4,9015,centralized-tree-gp,0.0,0.25,0.3333333333333333,0.013538797784269885,0.1128960810910913,0.0,0.0,0.9109366559996488,0,1602,"expr:add(x1,x3);expr:square(add(sin(x3),square(x3)));expr:square(mul(cos(x3),cos(x3)));x1*x2",0.7931 + 0.0927*(x1+x3) + 1.02*(x1*x2) + 0.1511*((sin(x3)+(x3)^2))^2 - 0.9817*((cos(x3)*cos(x3)))^2,generation budget reached
interaction,exception,0.03,300,4,9015,federated-tree-gp-style,0.0,0.25,0.3333333333333333,0.013538797784269871,0.1128960810910913,0.0,0.0,1.2084273240002403,639360,1602,"expr:add(x1,x3);expr:square(add(sin(x3),square(x3)));expr:square(mul(cos(x3),cos(x3)));x1*x2",0.7931 + 0.0927*(x1+x3) + 1.02*(x1*x2) + 0.1511*((sin(x3)+(x3)^2))^2 - 0.9817*((cos(x3)*cos(x3)))^2,generation budget reached
interaction,exception,0.03,300,4,9015,centralized-residual-counterexample-gp,0.0,0.25,0.3333333333333333,0.010631972018062178,0.11393288858879447,0.0,0.0,1.0189529299996138,0,1619,"expr:mul(sin(x3),x3);expr:square(add(sin(x1),square(x3)));expr:square(add(sin(x3),square(x3)));x1*x2",-0.03556 + 0.668*(sin(x3)*x3) + 1.014*(x1*x2) - 0.04846*((sin(x1)+(x3)^2))^2 + 0.1842*((sin(x3)+(x3)^2))^2,generation budget reached
interaction,exception,0.1,300,4,9011,fedfalsify-v05,1.0,1.0,1.0,1.3195888676877776e-05,0.07731613616581634,0.0,1.0,0.3425262290002138,247040,5,I(x3>1)*x3^2;x1*x2;x3^2,-0.004294 + 1.001·x₁x₂ + 0.7417·𝟙[x₃>1]·x₃² + 0.5028·x₃²,target federated MSE reached; no replacement passed the federated certificate
interaction,exception,0.1,300,4,9011,centralized-tree-gp,0.0,0.0,0.0,0.6130494435909982,0.8060242537953088,0.0,0.0,0.9023239379998813,0,1567,"expr:add(square(x3),x3);expr:sin(mul(sin(x1),x2));expr:square(mul(square(x1),square(x2)));expr:square(mul(x2,x3))",0.2113 + 0.749*((x3)^2+x3) + 2.262*sin((sin(x1)*x2)) + 0.001867*(((x1)^2*(x2)^2))^2 + 0.03168*((x2*x3))^2,generation budget reached
interaction,exception,0.1,300,4,9011,federated-tree-gp-style,0.0,0.0,0.0,0.6130494435909976,0.806024253795309,0.0,0.0,1.3168440019999252,616704,1567,"expr:add(square(x3),x3);expr:sin(mul(sin(x1),x2));expr:square(mul(square(x1),square(x2)));expr:square(mul(x2,x3))",0.2113 + 0.749*((x3)^2+x3) + 2.262*sin((sin(x1)*x2)) + 0.001867*(((x1)^2*(x2)^2))^2 + 0.03168*((x2*x3))^2,generation budget reached
interaction,exception,0.1,300,4,9011,centralized-residual-counterexample-gp,0.0,0.0,0.0,0.2728242530853871,0.8744279598587341,0.0,0.0,1.5006231319998733,0,1588,"expr:add(square(x3),x3);expr:cos(mul(cos(x1),x1));expr:sin(mul(sin(x1),x2));expr:sin(mul(x1,x2))",0.8718 + 0.806*((x3)^2+x3) - 0.7891*cos((cos(x1)*x1)) + 3.502*sin((sin(x1)*x2)) - 1.454*sin((x1*x2)),generation budget reached
interaction,exception,0.1,300,4,9012,fedfalsify-v05,1.0,1.0,1.0,2.6147218173024994e-05,0.06835834914131687,0.0,1.0,1.1933367809997435,836845,6,I(x3>1)*x3^2;x1*x2;x3^2,0.007308 + 0.995·x₁x₂ + 0.7502·𝟙[x₃>1]·x₃² + 0.5013·x₃²,target federated MSE reached; no replacement passed the federated certificate
interaction,exception,0.1,300,4,9012,centralized-tree-gp,0.0,0.25,0.3333333333333333,0.0068246216248652545,0.16162043821687913,0.0,0.0,1.4261174930002198,0,1569,"expr:add(square(x3),x3);expr:mul(square(x3),square(x3));expr:square(add(square(x3),x3));x1*x2",0.195 + 0.4926*((x3)^2+x3) + 0.03629*((x3)^2*(x3)^2) + 0.993*(x1*x2) + 0.03007*(((x3)^2+x3))^2,generation budget reached
interaction,exception,0.1,300,4,9012,federated-tree-gp-style,0.0,0.25,0.3333333333333333,0.006824621624865261,0.16162043821687913,0.0,0.0,1.3100303199998962,620736,1569,"expr:add(square(x3),x3);expr:mul(square(x3),square(x3));expr:square(add(square(x3),x3));x1*x2",0.195 + 0.4926*((x3)^2+x3) + 0.03629*((x3)^2*(x3)^2) + 0.993*(x1*x2) + 0.03007*(((x3)^2+x3))^2,generation budget reached
interaction,exception,0.1,300,4,9012,centralized-residual-counterexample-gp,0.0,0.5,0.6666666666666666,0.00930939278254452,0.13639232237355303,0.0,1.0,0.9721839869998803,0,1624,"I(x3>1)*x3^2;expr:add(cos(x1),square(x3));expr:sin(add(square(x2),x3));x1*x2",-0.0817 + 0.436*(cos(x1)+(x3)^2) + 0.8075*I(x3>1)*((x3)^2) + 1.031*(x1*x2) - 0.0515*sin(((x2)^2+x3)),generation budget reached
interaction,exception,0.1,300,4,9013,fedfalsify-v05,1.0,1.0,1.0,5.356114097739348e-05,0.07310419372955682,0.0,1.0,0.3542366770002445,246913,5,I(x3>1)*x3^2;x1*x2;x3^2,-0.00764 + 1.006·x₁x₂ + 0.748·𝟙[x₃>1]·x₃² + 0.4964·x₃²,target federated MSE reached; no replacement passed the federated certificate
interaction,exception,0.1,300,4,9013,centralized-tree-gp,0.0,0.0,0.0,0.14299760372204137,0.6028962776689168,0.0,0.0,0.8684926089999863,0,1570,"expr:add(square(x3),x3);expr:mul(sin(x2),x1);expr:square(add(sin(x3),square(x2)));expr:square(add(x1,x2))",-0.6039 + 0.8043*((x3)^2+x3) + 0.643*(sin(x2)*x1) - 0.02028*((sin(x3)+(x2)^2))^2 + 0.2592*((x1+x2))^2,generation budget reached
interaction,exception,0.1,300,4,9013,federated-tree-gp-style,0.0,0.0,0.0,0.1429976037220417,0.6028962776689167,0.0,0.0,1.1430112630000622,614912,1570,"expr:add(square(x3),x3);expr:mul(sin(x2),x1);expr:square(add(sin(x3),square(x2)));expr:square(add(x1,x2))",-0.6039 + 0.8043*((x3)^2+x3) + 0.643*(sin(x2)*x1) - 0.02028*((sin(x3)+(x2)^2))^2 + 0.2592*((x1+x2))^2,generation budget reached
interaction,exception,0.1,300,4,9013,centralized-residual-counterexample-gp,0.0,0.0,0.0,0.04392960467773353,0.3614112083462916,0.0,0.0,0.9125646279999273,0,1591,"expr:add(square(x3),x3);expr:square(add(sin(x1),x1));expr:square(add(x1,x2));expr:square(add(x2,x2))",0.3101 + 0.7983*((x3)^2+x3) - 0.2436*((sin(x1)+x1))^2 + 0.465*((x1+x2))^2 - 0.1149*((x2+x2))^2,generation budget reached
interaction,exception,0.1,300,4,9014,fedfalsify-v05,1.0,1.0,1.0,1.2685377536801319e-05,0.07379793697650287,0.0,1.0,0.9159184990003268,991726,6,I(x3>1)*x3^2;x1*x2;x3^2,0.004467 + 0.9967·x₁x₂ + 0.7508·𝟙[x₃>1]·x₃² + 0.5012·x₃²,target federated MSE reached; no replacement passed the federated certificate
interaction,exception,0.1,300,4,9014,centralized-tree-gp,0.0,0.25,0.3333333333333333,0.004803356167133714,0.13726492850604255,0.0,0.0,0.8862360870002703,0,1577,"expr:square(add(sin(x3),square(x3)));expr:square(mul(cos(x3),sin(x2)));expr:square(mul(cos(x3),x3));x1*x2",0.5518 + 0.9934*(x1*x2) + 0.2192*((sin(x3)+(x3)^2))^2 - 0.5763*((cos(x3)*sin(x2)))^2 - 0.8645*((cos(x3)*x3))^2,generation budget reached
interaction,exception,0.1,300,4,9014,federated-tree-gp-style,0.0,0.25,0.3333333333333333,0.00480335616713371,0.13726492850604255,0.0,0.0,1.1180235900001207,617472,1577,"expr:square(add(sin(x3),square(x3)));expr:square(mul(cos(x3),sin(x2)));expr:square(mul(cos(x3),x3));x1*x2",0.5518 + 0.9934*(x1*x2) + 0.2192*((sin(x3)+(x3)^2))^2 - 0.5763*((cos(x3)*sin(x2)))^2 - 0.8645*((cos(x3)*x3))^2,generation budget reached
interaction,exception,0.1,300,4,9014,centralized-residual-counterexample-gp,0.0,0.3333333333333333,0.3333333333333333,0.009158366432581133,0.19947713835542327,0.0,0.0,0.9456559290001678,0,1545,"expr:mul(cos(x3),square(x3));expr:square(add(sin(x3),square(x3)));x1*x2",0.1736 + 0.612*(cos(x3)*(x3)^2) + 0.9983*(x1*x2) + 0.2362*((sin(x3)+(x3)^2))^2,generation budget reached
interaction,exception,0.1,300,4,9015,fedfalsify-v05,1.0,1.0,1.0,3.205411703492214e-05,0.08718491096562403,0.0,1.0,0.6864837959997203,769412,5,I(x3>1)*x3^2;x1*x2;x3^2,0.01396 + 1.006·x₁x₂ + 0.7509·𝟙[x₃>1]·x₃² + 0.4978·x₃²,target federated MSE reached; no replacement passed the federated certificate
interaction,exception,0.1,300,4,9015,centralized-tree-gp,0.0,0.25,0.3333333333333333,0.007676852734144402,0.16530867172351812,0.0,0.0,1.3371569490000184,0,1585,"expr:square(add(sin(x3),square(x3)));expr:square(mul(cos(x3),cos(x3)));expr:square(mul(x3,x3));x1*x2",0.8295 + 1.012*(x1*x2) + 0.2123*((sin(x3)+(x3)^2))^2 - 1.057*((cos(x3)*cos(x3)))^2 - 0.06572*((x3*x3))^2,generation budget reached
interaction,exception,0.1,300,4,9015,federated-tree-gp-style,0.0,0.25,0.3333333333333333,0.007676852734144421,0.1653086717235181,0.0,0.0,1.964513110000098,636800,1585,"expr:square(add(sin(x3),square(x3)));expr:square(mul(cos(x3),cos(x3)));expr:square(mul(x3,x3));x1*x2",0.8295 + 1.012*(x1*x2) + 0.2123*((sin(x3)+(x3)^2))^2 - 1.057*((cos(x3)*cos(x3)))^2 - 0.06572*((x3*x3))^2,generation budget reached
interaction,exception,0.1,300,4,9015,centralized-residual-counterexample-gp,0.0,0.25,0.3333333333333333,0.003366088680673204,0.12227621055005945,0.0,0.0,1.5540383979996477,0,1602,"expr:mul(cos(x3),cos(x3));expr:square(add(sin(x3),square(x3)));expr:square(mul(cos(x3),x3));x1*x2",0.7363 - 0.7026*(cos(x3)*cos(x3)) + 1.008*(x1*x2) + 0.2066*((sin(x3)+(x3)^2))^2 - 0.6951*((cos(x3)*x3))^2,generation budget reached
base,complementary,0.03,300,4,9016,fedfalsify-v05,1.0,1.0,1.0,2.7225248661310707e-06,0.007547908717459523,0.0,1.0,0.5699831609999819,238339,5,sin(x2);x1;x3^2,0.003218 + 1.999·x₁ + 0.4977·x₃² + 0.995·sin(x₂),target federated MSE reached; no replacement passed the federated certificate
base,complementary,0.03,300,4,9016,centralized-tree-gp,0.0,0.25,0.3333333333333333,2.705620298049083e-06,0.007547775260405943,0.0,1.0,2.4187289040000906,0,1618,"expr:add(square(x3),x2);expr:add(x1,x1);sin(x2);x2",0.003254 + 0.4977*((x3)^2+x2) + 0.9996*(x1+x1) + 0.9942*sin(x2) - 0.4973*x2,generation budget reached
base,complementary,0.03,300,4,9016,federated-tree-gp-style,0.0,0.25,0.3333333333333333,2.7056202980490247e-06,0.007547775260405941,0.0,1.0,2.4847424219997265,655104,1618,"expr:add(square(x3),x2);expr:add(x1,x1);sin(x2);x2",0.003254 + 0.4977*((x3)^2+x2) + 0.9996*(x1+x1) + 0.9942*sin(x2) - 0.4973*x2,generation budget reached
base,complementary,0.03,300,4,9016,centralized-residual-counterexample-gp,0.0,0.25,0.3333333333333333,2.705620298049083e-06,0.007547775260405943,0.0,1.0,1.5774866869996913,0,1623,"expr:add(square(x3),x2);expr:add(x1,x1);sin(x2);x2",0.003254 + 0.4977*((x3)^2+x2) + 0.9996*(x1+x1) + 0.9942*sin(x2) - 0.4973*x2,generation budget reached
base,complementary,0.03,300,4,9017,fedfalsify-v05,1.0,1.0,1.0,4.2019006230389286e-06,0.008424069391191249,0.0,1.0,0.48803873999986536,238371,5,sin(x2);x1;x3^2,2.004·x₁ + 0.5001·x₃² + 1·sin(x₂),target federated MSE reached; no replacement passed the federated certificate
base,complementary,0.03,300,4,9017,centralized-tree-gp,0.0,0.0,0.0,0.0087626484341274,0.06008965389522987,0.0,1.0,1.5155331299993122,0,1616,"cos(x3);expr:add(cos(x2),x1);expr:add(sin(x1),x1);expr:add(sin(x2),x1)",1.354 + 0.08552*(cos(x2)+x1) + 0.5414*(sin(x1)+x1) + 1.079*(sin(x2)+x1) - 1.468*cos(x3),generation budget reached
base,complementary,0.03,300,4,9017,federated-tree-gp-style,0.0,0.0,0.0,0.00876264843412743,0.06008965389522987,0.0,1.0,1.7237185060002957,665664,1616,"cos(x3);expr:add(cos(x2),x1);expr:add(sin(x1),x1);expr:add(sin(x2),x1)",1.354 + 0.08552*(cos(x2)+x1) + 0.5414*(sin(x1)+x1) + 1.079*(sin(x2)+x1) - 1.468*cos(x3),generation budget reached
base,complementary,0.03,300,4,9017,centralized-residual-counterexample-gp,0.0,0.0,0.0,0.007333187777076253,0.06629530673441156,0.0,1.0,0.911033555999893,0,1556,"expr:add(sin(x1),x1);expr:add(sin(x2),x1);expr:add(square(x3),x2);expr:sin(add(cos(x3),sin(x1)))",0.9141 + 1.138*(sin(x1)+x1) + 0.7575*(sin(x2)+x1) + 0.1523*((x3)^2+x2) - 1.38*sin((cos(x3)+sin(x1))),generation budget reached
base,complementary,0.03,300,4,9018,fedfalsify-v05,1.0,1.0,1.0,2.7691561565760877e-06,0.008605366321029408,0.0,1.0,0.3008865980000337,238363,5,sin(x2);x1;x3^2,0.001741 + 2.001·x₁ + 0.4983·x₃² + 0.9933·sin(x₂),target federated MSE reached; no replacement passed the federated certificate
base,complementary,0.03,300,4,9018,centralized-tree-gp,0.0,0.3333333333333333,0.3333333333333333,2.769156153540552e-06,0.008605366321029406,0.0,1.0,0.8983840509999936,0,1633,"expr:add(sin(x2),x1);expr:add(square(x3),x1);x1",0.001741 + 0.9933*(sin(x2)+x1) + 0.4983*((x3)^2+x1) + 0.5093*x1,generation budget reached
base,complementary,0.03,300,4,9018,federated-tree-gp-style,0.0,0.3333333333333333,0.3333333333333333,2.76915615353757e-06,0.008605366321029408,0.0,1.0,1.1749947830003293,672896,1633,"expr:add(sin(x2),x1);expr:add(square(x3),x1);x1",0.001741 + 0.9933*(sin(x2)+x1) + 0.4983*((x3)^2+x1) + 0.5093*x1,generation budget reached
base,complementary,0.03,300,4,9018,centralized-residual-counterexample-gp,0.0,0.3333333333333333,0.3333333333333333,2.769156153540552e-06,0.008605366321029406,0.0,1.0,0.9707146190003186,0,1633,"expr:add(sin(x2),x1);expr:add(square(x3),x1);x1",0.001741 + 0.9933*(sin(x2)+x1) + 0.4983*((x3)^2+x1) + 0.5093*x1,generation budget reached
base,complementary,0.03,300,4,9019,fedfalsify-v05,1.0,1.0,1.0,1.9049494737141042e-06,0.008028519671919107,0.0,1.0,0.29838312700030656,238402,5,sin(x2);x1;x3^2,0.002628 + 2.003·x₁ + 0.4988·x₃² + 0.9986·sin(x₂),target federated MSE reached; no replacement passed the federated certificate
base,complementary,0.03,300,4,9019,centralized-tree-gp,0.0,0.3333333333333333,0.3333333333333333,1.904949479666578e-06,0.008028519671919107,0.0,1.0,0.840296044999377,0,1570,"expr:add(sin(x2),x1);expr:add(square(x3),x1);x1",0.002628 + 0.9986*(sin(x2)+x1) + 0.4988*((x3)^2+x1) + 0.5052*x1,generation budget reached
base,complementary,0.03,300,4,9019,federated-tree-gp-style,0.0,0.3333333333333333,0.3333333333333333,1.9049494796651193e-06,0.008028519671919103,0.0,1.0,1.120595332999983,610048,1570,"expr:add(sin(x2),x1);expr:add(square(x3),x1);x1",0.002628 + 0.9986*(sin(x2)+x1) + 0.4988*((x3)^2+x1) + 0.5052*x1,generation budget reached
base,complementary,0.03,300,4,9019,centralized-residual-counterexample-gp,0.0,0.3333333333333333,0.3333333333333333,1.904949479666578e-06,0.008028519671919107,0.0,1.0,0.8867887910000718,0,1565,"expr:add(sin(x2),x1);expr:add(square(x3),x1);x1",0.002628 + 0.9986*(sin(x2)+x1) + 0.4988*((x3)^2+x1) + 0.5052*x1,generation budget reached
base,complementary,0.03,300,4,9020,fedfalsify-v05,1.0,1.0,1.0,9.65024891704363e-07,0.007896855326706994,0.0,1.0,0.3255366559997128,238324,5,sin(x2);x1;x3^2,0.0006451 + 2·x₁ + 0.4989·x₃² + 0.9968·sin(x₂),target federated MSE reached; no replacement passed the federated certificate
base,complementary,0.03,300,4,9020,centralized-tree-gp,0.0,0.25,0.3333333333333333,0.003981533929792104,0.04488654246940136,0.0,1.0,0.8785286929996801,0,1606,"expr:add(sin(x2),x1);expr:cos(mul(square(x3),square(x3)));expr:mul(square(x3),square(x3));x1",0.4629 + 1.01*(sin(x2)+x1) - 0.2391*cos(((x3)^2*(x3)^2)) + 0.08618*((x3)^2*(x3)^2) + 0.9943*x1,generation budget reached
base,complementary,0.03,300,4,9020,federated-tree-gp-style,0.0,0.25,0.3333333333333333,0.003981533929792095,0.04488654246940136,0.0,1.0,1.3215198440002496,648768,1606,"expr:add(sin(x2),x1);expr:cos(mul(square(x3),square(x3)));expr:mul(square(x3),square(x3));x1",0.4629 + 1.01*(sin(x2)+x1) - 0.2391*cos(((x3)^2*(x3)^2)) + 0.08618*((x3)^2*(x3)^2) + 0.9943*x1,generation budget reached
base,complementary,0.03,300,4,9020,centralized-residual-counterexample-gp,0.0,0.0,0.0,0.005326793015839833,0.04825163157891926,0.0,1.0,1.4522416849995352,0,1607,"expr:add(sin(x2),x1);expr:add(x1,x1);expr:square(add(sin(x3),x3));expr:square(mul(cos(x1),x3))",-0.1759 + 0.9871*(sin(x2)+x1) + 0.5019*(x1+x1) + 0.2295*((sin(x3)+x3))^2 + 0.07095*((cos(x1)*x3))^2,generation budget reached
base,complementary,0.1,300,4,9016,fedfalsify-v05,1.0,1.0,1.0,3.0250276196841328e-05,0.08386565241621693,0.0,1.0,0.4685352549995514,237902,5,sin(x2);x1;x3^2,0.01073 + 1.997·x₁ + 0.4924·x₃² + 0.9832·sin(x₂),target federated MSE reached; no replacement passed the federated certificate
base,complementary,0.1,300,4,9016,centralized-tree-gp,0.0,0.0,0.0,3.0062447644048346e-05,0.08386416956006605,0.0,1.0,1.447518138000305,0,1640,"expr:add(sin(x2),x1);expr:add(square(x3),x1);expr:add(square(x3),x2);expr:add(x1,x1)",0.01085 + 0.9807*(sin(x2)+x1) + 0.4909*((x3)^2+x1) + 0.001501*((x3)^2+x2) + 0.2627*(x1+x1),generation budget reached
base,complementary,0.1,300,4,9016,federated-tree-gp-style,0.0,0.0,0.0,3.006244764403892e-05,0.08386416956006607,0.0,1.0,1.627382810999734,678912,1640,"expr:add(sin(x2),x1);expr:add(square(x3),x1);expr:add(square(x3),x2);expr:add(x1,x1)",0.01085 + 0.9807*(sin(x2)+x1) + 0.4909*((x3)^2+x1) + 0.001501*((x3)^2+x2) + 0.2627*(x1+x1),generation budget reached
base,complementary,0.1,300,4,9016,centralized-residual-counterexample-gp,0.0,0.3333333333333333,0.3333333333333333,3.0250276182479887e-05,0.08386565241621695,0.0,1.0,0.927568070000234,0,1604,"expr:add(sin(x2),x1);expr:add(x1,x1);x3^2",0.01073 + 0.9832*(sin(x2)+x1) + 0.507*(x1+x1) + 0.4924*(x3*x3),generation budget reached
base,complementary,0.1,300,4,9017,fedfalsify-v05,1.0,1.0,1.0,4.668778483155939e-05,0.09360077101323609,0.0,1.0,0.30214479500045854,237730,5,sin(x2);x1;x3^2,2.014·x₁ + 0.5005·x₃² + 1.001·sin(x₂),target federated MSE reached; no replacement passed the federated certificate
base,complementary,0.1,300,4,9017,centralized-tree-gp,0.0,0.0,0.0,0.003374573997424511,0.1047140721678213,0.0,1.0,0.9244949130006717,0,1597,"expr:add(cos(x3),sin(x1));expr:add(sin(x1),x1);expr:add(sin(x2),x1);expr:cos(add(x3,x3))",1.413 - 1.557*(cos(x3)+sin(x1)) + 1.228*(sin(x1)+x1) + 0.9609*(sin(x2)+x1) + 0.1535*cos((x3+x3)),generation budget reached
base,complementary,0.1,300,4,9017,federated-tree-gp-style,0.0,0.0,0.0,0.003374573997424399,0.10471407216782128,0.0,1.0,1.159227914999974,639680,1597,"expr:add(cos(x3),sin(x1));expr:add(sin(x1),x1);expr:add(sin(x2),x1);expr:cos(add(x3,x3))",1.413 - 1.557*(cos(x3)+sin(x1)) + 1.228*(sin(x1)+x1) + 0.9609*(sin(x2)+x1) + 0.1535*cos((x3+x3)),generation budget reached
base,complementary,0.1,300,4,9017,centralized-residual-counterexample-gp,0.0,0.0,0.0,0.0037736808858853006,0.11085422184930481,0.0,1.0,0.9456567570005063,0,1588,"expr:add(cos(x3),sin(x1));expr:add(sin(x1),x1);expr:add(sin(x2),x1)",1.338 - 1.422*(cos(x3)+sin(x1)) + 1.172*(sin(x1)+x1) + 0.9729*(sin(x2)+x1),generation budget reached
base,complementary,0.1,300,4,9018,fedfalsify-v05,1.0,1.0,1.0,3.0768401690421656e-05,0.0956151813447712,0.0,1.0,0.3278883909997603,237664,5,sin(x2);x1;x3^2,0.005802 + 2.003·x₁ + 0.4944·x₃² + 0.9776·sin(x₂),target federated MSE reached; no replacement passed the federated certificate
base,complementary,0.1,300,4,9018,centralized-tree-gp,0.0,0.0,0.0,0.0031813713056701716,0.1350394292412298,1.0,1.0,0.9062751899991781,0,1592,"expr:add(sin(x1),sin(x2));expr:add(x1,x1);expr:sin(add(cos(x3),sin(x1)));expr:square(add(cos(x4),square(x3)))",0.7875 + 0.9447*(sin(x1)+sin(x2)) + 0.9654*(x1+x1) - 1.117*sin((cos(x3)+sin(x1))) + 0.0384*((cos(x4)+(x3)^2))^2,generation budget reached
base,complementary,0.1,300,4,9018,federated-tree-gp-style,0.0,0.0,0.0,0.0031813713056702804,0.1350394292412298,1.0,1.0,1.193942048000281,639808,1592,"expr:add(sin(x1),sin(x2));expr:add(x1,x1);expr:sin(add(cos(x3),sin(x1)));expr:square(add(cos(x4),square(x3)))",0.7875 + 0.9447*(sin(x1)+sin(x2)) + 0.9654*(x1+x1) - 1.117*sin((cos(x3)+sin(x1))) + 0.0384*((cos(x4)+(x3)^2))^2,generation budget reached
base,complementary,0.1,300,4,9018,centralized-residual-counterexample-gp,0.0,0.0,0.0,0.0030953881334846874,0.12400239411293981,0.0,1.0,0.9545944120000058,0,1562,"expr:add(sin(x1),sin(x2));expr:add(square(x3),square(x3));expr:add(x1,x1);expr:sin(add(cos(x3),sin(x1)))",0.5205 + 0.9226*(sin(x1)+sin(x2)) + 0.1495*((x3)^2+(x3)^2) + 0.9302*(x1+x1) - 0.8677*sin((cos(x3)+sin(x1))),generation budget reached
base,complementary,0.1,300,4,9019,fedfalsify-v05,1.0,1.0,1.0,2.1166105320412297e-05,0.08920577413243448,0.0,1.0,0.3017928560002474,237875,5,sin(x2);x1;x3^2,0.008759 + 2.009·x₁ + 0.4959·x₃² + 0.9954·sin(x₂),target federated MSE reached; no replacement passed the federated certificate
base,complementary,0.1,300,4,9019,centralized-tree-gp,0.0,0.0,0.0,0.0004194331481264197,0.09620247343926816,0.0,1.0,0.8983657680000761,0,1564,"expr:add(sin(x1),square(x3));expr:add(sin(x2),x1);expr:add(square(x3),x1);expr:sin(add(sin(x1),sin(x1)))",0.0008284 - 0.4679*(sin(x1)+(x3)^2) + 1.022*(sin(x2)+x1) + 0.9697*((x3)^2+x1) + 0.4185*sin((sin(x1)+sin(x1))),generation budget reached
base,complementary,0.1,300,4,9019,federated-tree-gp-style,0.0,0.0,0.0,0.0004194331481264337,0.09620247343926816,0.0,1.0,1.5375176489997102,606208,1564,"expr:add(sin(x1),square(x3));expr:add(sin(x2),x1);expr:add(square(x3),x1);expr:sin(add(sin(x1),sin(x1)))",0.0008284 - 0.4679*(sin(x1)+(x3)^2) + 1.022*(sin(x2)+x1) + 0.9697*((x3)^2+x1) + 0.4185*sin((sin(x1)+sin(x1))),generation budget reached
base,complementary,0.1,300,4,9019,centralized-residual-counterexample-gp,0.0,0.0,0.0,2.1166105324246876e-05,0.08920577413243448,0.0,1.0,1.4938727600001585,0,1577,"expr:add(sin(x2),x1);expr:add(square(x3),x1);expr:square(add(x3,x3))",0.008759 + 0.9954*(sin(x2)+x1) + 1.013*((x3)^2+x1) - 0.1293*((x3+x3))^2,generation budget reached
base,complementary,0.1,300,4,9020,fedfalsify-v05,1.0,1.0,1.0,1.0722498769179829e-05,0.08774283696341105,0.0,1.0,0.707653548000053,563533,5,sin(x2);x1;x3^2,0.00215 + 2.002·x₁ + 0.4963·x₃² + 0.9893·sin(x₂),target federated MSE reached; no replacement passed the federated certificate
base,complementary,0.1,300,4,9020,centralized-tree-gp,0.0,0.0,0.0,0.003922278722386611,0.12410986500197799,0.0,1.0,1.4812444720000713,0,1606,"expr:add(sin(x2),x1);expr:add(x1,x1);expr:cos(mul(square(x3),square(x3)));expr:mul(square(x3),square(x3))",0.4656 + 1.003*(sin(x2)+x1) + 0.5015*(x1+x1) - 0.2435*cos(((x3)^2*(x3)^2)) + 0.08545*((x3)^2*(x3)^2),generation budget reached
base,complementary,0.1,300,4,9020,federated-tree-gp-style,0.0,0.0,0.0,0.0039222787223866015,0.12410986500197796,0.0,1.0,1.3355441210005665,648064,1606,"expr:add(sin(x2),x1);expr:add(x1,x1);expr:cos(mul(square(x3),square(x3)));expr:mul(square(x3),square(x3))",0.4656 + 1.003*(sin(x2)+x1) + 0.5015*(x1+x1) - 0.2435*cos(((x3)^2*(x3)^2)) + 0.08545*((x3)^2*(x3)^2),generation budget reached
base,complementary,0.1,300,4,9020,centralized-residual-counterexample-gp,0.0,0.0,0.0,0.014854909820835531,0.14851788392160126,0.0,1.0,0.8835579930000677,0,1555,"expr:add(square(x3),x2);expr:add(x1,x1);expr:sin(add(sin(x2),x1));expr:sin(add(x2,x2))",0.01919 + 0.4766*((x3)^2+x2) + 0.9862*(x1+x1) + 0.04743*sin((sin(x2)+x1)) + 0.361*sin((x2+x2)),generation budget reached
base,spurious,0.03,300,4,9016,fedfalsify-v05,1.0,1.0,1.0,8.186961974219918e-06,0.007949209965036862,0.0,1.0,0.3142963919999602,238535,5,sin(x2);x1;x3^2,0.003441 + 2.006·x₁ + 0.4993·x₃² + 0.9992·sin(x₂),target federated MSE reached; no replacement passed the federated certificate
base,spurious,0.03,300,4,9016,centralized-tree-gp,0.0,0.25,0.3333333333333333,0.000882900370639132,0.012392905425168967,1.0,1.0,0.8852889670006334,0,1570,"expr:add(cos(x3),x1);expr:add(square(x3),x1);expr:square(add(square(x3),x4));sin(x2)",-1.018 + 1.089*(cos(x3)+x1) + 0.9184*((x3)^2+x1) + 0.9993*sin(x2) - 0.009888*(((x3)^2+x4))^2,generation budget reached
base,spurious,0.03,300,4,9016,federated-tree-gp-style,0.0,0.25,0.3333333333333333,0.0008829003706391337,0.012392905425168965,1.0,1.0,1.1082789409992984,616960,1570,"expr:add(cos(x3),x1);expr:add(square(x3),x1);expr:square(add(square(x3),x4));sin(x2)",-1.018 + 1.089*(cos(x3)+x1) + 0.9184*((x3)^2+x1) + 0.9993*sin(x2) - 0.009888*(((x3)^2+x4))^2,generation budget reached
base,spurious,0.03,300,4,9016,centralized-residual-counterexample-gp,0.0,0.25,0.3333333333333333,0.000882900370639132,0.012392905425168967,1.0,1.0,0.9054561040002227,0,1571,"expr:add(cos(x3),x1);expr:add(square(x3),x1);expr:square(add(square(x3),x4));sin(x2)",-1.018 + 1.089*(cos(x3)+x1) + 0.9184*((x3)^2+x1) + 0.9993*sin(x2) - 0.009888*(((x3)^2+x4))^2,generation budget reached
base,spurious,0.03,300,4,9017,fedfalsify-v05,1.0,1.0,1.0,2.510973600125106e-06,0.008392874670315973,0.0,1.0,0.2974026009997033,238219,5,sin(x2);x1;x3^2,-0.002663 + 1.999·x₁ + 0.4995·x₃² + 0.994·sin(x₂),target federated MSE reached; no replacement passed the federated certificate
base,spurious,0.03,300,4,9017,centralized-tree-gp,0.0,0.0,0.0,7.612274756125469e-06,0.008364421735458203,0.0,1.0,0.877988625999933,0,1596,"expr:add(sin(x1),square(x3));expr:add(sin(x1),x1);expr:add(sin(x2),x1);expr:add(x1,x1)",-0.002337 + 0.4996*(sin(x1)+(x3)^2) - 0.4831*(sin(x1)+x1) + 0.9943*(sin(x2)+x1) + 0.7399*(x1+x1),generation budget reached
base,spurious,0.03,300,4,9017,federated-tree-gp-style,0.0,0.0,0.0,7.6122747561388485e-06,0.008364421735458205,0.0,1.0,1.114493611999933,631488,1596,"expr:add(sin(x1),square(x3));expr:add(sin(x1),x1);expr:add(sin(x2),x1);expr:add(x1,x1)",-0.002337 + 0.4996*(sin(x1)+(x3)^2) - 0.4831*(sin(x1)+x1) + 0.9943*(sin(x2)+x1) + 0.7399*(x1+x1),generation budget reached
base,spurious,0.03,300,4,9017,centralized-residual-counterexample-gp,0.0,0.0,0.0,7.612274756125469e-06,0.008364421735458203,0.0,1.0,0.9118539760002022,0,1590,"expr:add(sin(x1),square(x3));expr:add(sin(x1),x1);expr:add(sin(x2),x1);expr:add(x1,x1)",-0.002337 + 0.4996*(sin(x1)+(x3)^2) - 0.4831*(sin(x1)+x1) + 0.9943*(sin(x2)+x1) + 0.7399*(x1+x1),generation budget reached
base,spurious,0.03,300,4,9018,fedfalsify-v05,1.0,1.0,1.0,6.958809220920935e-06,0.008631517321624186,0.0,1.0,0.3147132230005809,238304,5,sin(x2);x1;x3^2,-0.01089 + 1.998·x₁ + 0.5047·x₃² + 1.001·sin(x₂),target federated MSE reached; no replacement passed the federated certificate
base,spurious,0.03,300,4,9018,centralized-tree-gp,0.0,0.25,0.3333333333333333,0.0055940148590801686,0.059572216386451694,1.0,1.0,0.8517764850003005,0,1587,"expr:add(sin(x2),x1);expr:cos(mul(cos(x1),square(x3)));expr:square(add(cos(x4),square(x3)));x1",0.4151 + 0.9976*(sin(x2)+x1) - 0.2409*cos((cos(x1)*(x3)^2)) + 0.07067*((cos(x4)+(x3)^2))^2 + 0.9995*x1,generation budget reached
base,spurious,0.03,300,4,9018,federated-tree-gp-style,0.0,0.25,0.3333333333333333,0.005594014859080194,0.059572216386451694,1.0,1.0,1.5114100040000267,611392,1587,"expr:add(sin(x2),x1);expr:cos(mul(cos(x1),square(x3)));expr:square(add(cos(x4),square(x3)));x1",0.4151 + 0.9976*(sin(x2)+x1) - 0.2409*cos((cos(x1)*(x3)^2)) + 0.07067*((cos(x4)+(x3)^2))^2 + 0.9995*x1,generation budget reached
base,spurious,0.03,300,4,9018,centralized-residual-counterexample-gp,0.0,0.6666666666666666,0.6666666666666666,6.958809218542432e-06,0.008631517321624186,0.0,1.0,1.4414075709992176,0,1613,"expr:add(sin(x2),x1);x1;x3^2",-0.01089 + 1.001*(sin(x2)+x1) + 0.5047*(x3)^2 + 0.9966*x1,generation budget reached
base,spurious,0.03,300,4,9019,fedfalsify-v05,1.0,1.0,1.0,4.2337141943203627e-07,0.007945831967746755,0.0,1.0,0.4287758849995953,238507,5,sin(x2);x1;x3^2,0.0008947 + 2·x₁ + 0.4998·x₃² + 1.003·sin(x₂),target federated MSE reached; no replacement passed the federated certificate
base,spurious,0.03,300,4,9019,centralized-tree-gp,0.0,0.3333333333333333,0.3333333333333333,4.233714206622643e-07,0.00794583196774676,0.0,1.0,1.3680951739997909,0,1571,"expr:add(sin(x2),x1);expr:add(square(x3),x1);x1",0.0008947 + 1.003*(sin(x2)+x1) + 0.4998*((x3)^2+x1) + 0.4968*x1,generation budget reached
base,spurious,0.03,300,4,9019,federated-tree-gp-style,0.0,0.3333333333333333,0.3333333333333333,4.233714206604205e-07,0.007945831967746756,0.0,1.0,1.3506827869996414,618112,1571,"expr:add(sin(x2),x1);expr:add(square(x3),x1);x1",0.0008947 + 1.003*(sin(x2)+x1) + 0.4998*((x3)^2+x1) + 0.4968*x1,generation budget reached
base,spurious,0.03,300,4,9019,centralized-residual-counterexample-gp,0.0,0.3333333333333333,0.3333333333333333,4.233714206622643e-07,0.00794583196774676,0.0,1.0,0.8660492409999279,0,1571,"expr:add(sin(x2),x1);expr:add(square(x3),x1);x1",0.0008947 + 1.003*(sin(x2)+x1) + 0.4998*((x3)^2+x1) + 0.4968*x1,generation budget reached
base,spurious,0.03,300,4,9020,fedfalsify-v05,1.0,1.0,1.0,2.595268403238369e-07,0.008373364043158199,0.0,1.0,0.2991981709992615,238057,5,sin(x2);x1;x3^2,-0.0004092 + 2·x₁ + 0.4995·x₃² + 1.001·sin(x₂),target federated MSE reached; no replacement passed the federated certificate
base,spurious,0.03,300,4,9020,centralized-tree-gp,0.0,0.6666666666666666,0.6666666666666666,2.5952684127449736e-07,0.008373364043158195,0.0,1.0,0.8511388269998861,0,1602,"expr:add(sin(x2),x1);x1;x3^2",-0.0004092 + 1.001*(sin(x2)+x1) + 0.4995*(x3*x3) + 0.9992*x1,generation budget reached
base,spurious,0.03,300,4,9020,federated-tree-gp-style,0.0,0.6666666666666666,0.6666666666666666,2.595268412747743e-07,0.008373364043158199,0.0,1.0,1.1113299829994503,655040,1602,"expr:add(sin(x2),x1);x1;x3^2",-0.0004092 + 1.001*(sin(x2)+x1) + 0.4995*(x3*x3) + 0.9992*x1,generation budget reached
base,spurious,0.03,300,4,9020,centralized-residual-counterexample-gp,0.0,0.6666666666666666,0.6666666666666666,2.5952684127449736e-07,0.008373364043158195,0.0,1.0,0.770403881000675,0,1510,"expr:add(sin(x2),x1);x1;x3^2",-0.0004092 + 1.001*(sin(x2)+x1) + 0.4995*(x3*x3) + 0.9992*x1,generation budget reached
base,spurious,0.1,300,4,9016,fedfalsify-v05,1.0,1.0,1.0,9.096624431192786e-05,0.08832455516707624,0.0,1.0,0.3025327469995318,237915,5,sin(x2);x1;x3^2,0.01147 + 2.02·x₁ + 0.4976·x₃² + 0.9974·sin(x₂),target federated MSE reached; no replacement passed the federated certificate
base,spurious,0.1,300,4,9016,centralized-tree-gp,0.0,0.25,0.3333333333333333,0.00012181099501623382,0.08828121895567172,0.0,1.0,0.8066475360001277,0,1589,"expr:add(sin(x1),x1);expr:add(sin(x2),x1);expr:add(square(x3),square(x3));x1",0.0106 - 0.02027*(sin(x1)+x1) + 0.9974*(sin(x2)+x1) + 0.2489*((x3)^2+(x3)^2) + 1.052*x1,generation budget reached
base,spurious,0.1,300,4,9016,federated-tree-gp-style,0.0,0.25,0.3333333333333333,0.00012181099501625934,0.0882812189556717,0.0,1.0,1.0475720960002946,620608,1589,"expr:add(sin(x1),x1);expr:add(sin(x2),x1);expr:add(square(x3),square(x3));x1",0.0106 - 0.02027*(sin(x1)+x1) + 0.9974*(sin(x2)+x1) + 0.2489*((x3)^2+(x3)^2) + 1.052*x1,generation budget reached
base,spurious,0.1,300,4,9016,centralized-residual-counterexample-gp,0.0,0.25,0.3333333333333333,9.744794541522631e-05,0.08818491497907059,0.0,1.0,0.8466760900000736,0,1565,"expr:add(sin(x2),x1);expr:add(square(x3),x3);expr:add(x1,x1);x3^2",0.01091 + 0.9967*(sin(x2)+x1) + 0.01008*((x3)^2+x3) + 0.5109*(x1+x1) + 0.4878*(x3*x3),generation budget reached
base,spurious,0.1,300,4,9017,fedfalsify-v05,1.0,1.0,1.0,2.7899706574015305e-05,0.09325416300351082,0.0,1.0,0.308629072000258,237754,5,sin(x2);x1;x3^2,-0.008877 + 1.997·x₁ + 0.4984·x₃² + 0.9801·sin(x₂),target federated MSE reached; no replacement passed the federated certificate
base,spurious,0.1,300,4,9017,centralized-tree-gp,0.0,0.0,0.0,0.0006675490815170026,0.09539027151559132,0.0,1.0,0.8727938050005832,0,1590,"expr:add(cos(x3),sin(x1));expr:add(sin(x1),x1);expr:add(sin(x2),sin(x2));expr:cos(add(x3,x3))",1.507 - 1.749*(cos(x3)+sin(x1)) + 1.914*(sin(x1)+x1) + 0.492*(sin(x2)+sin(x2)) + 0.2524*cos((x3+x3)),generation budget reached
base,spurious,0.1,300,4,9017,federated-tree-gp-style,0.0,0.0,0.0,0.0006675490815170372,0.09539027151559132,0.0,1.0,1.2221166460003587,632128,1590,"expr:add(cos(x3),sin(x1));expr:add(sin(x1),x1);expr:add(sin(x2),sin(x2));expr:cos(add(x3,x3))",1.507 - 1.749*(cos(x3)+sin(x1)) + 1.914*(sin(x1)+x1) + 0.492*(sin(x2)+sin(x2)) + 0.2524*cos((x3+x3)),generation budget reached
base,spurious,0.1,300,4,9017,centralized-residual-counterexample-gp,0.0,0.0,0.0,0.000291960693018665,0.09598049260038448,0.0,1.0,1.569472825000048,0,1614,"expr:add(cos(x3),cos(x3));expr:add(sin(x2),x1);expr:add(x1,x1);expr:square(mul(cos(x3),x3))",1.229 - 0.6674*(cos(x3)+cos(x3)) + 0.9781*(sin(x2)+x1) + 0.509*(x1+x1) + 0.1957*((cos(x3)*x3))^2,generation budget reached
base,spurious,0.1,300,4,9018,fedfalsify-v05,1.0,1.0,1.0,7.73201024354438e-05,0.09590574801804652,0.0,1.0,0.46542538199992123,237672,5,sin(x2);x1;x3^2,-0.03628 + 1.992·x₁ + 0.5157·x₃² + 1.003·sin(x₂),target federated MSE reached; no replacement passed the federated certificate
base,spurious,0.1,300,4,9018,centralized-tree-gp,0.0,0.0,0.0,0.001387016376939171,0.10473610898112024,0.0,1.0,1.4073504970001522,0,1601,"expr:add(cos(x3),square(x1));expr:add(sin(x1),square(x3));expr:add(sin(x2),x1);expr:add(square(x1),x1)",0.8166 - 0.9041*(cos(x3)+(x1)^2) + 0.1932*(sin(x1)+(x3)^2) + 1*(sin(x2)+x1) + 0.906*((x1)^2+x1),generation budget reached
base,spurious,0.1,300,4,9018,federated-tree-gp-style,0.0,0.0,0.0,0.001387016376939186,0.10473610898112024,0.0,1.0,1.65935601900037,636480,1601,"expr:add(cos(x3),square(x1));expr:add(sin(x1),square(x3));expr:add(sin(x2),x1);expr:add(square(x1),x1)",0.8166 - 0.9041*(cos(x3)+(x1)^2) + 0.1932*(sin(x1)+(x3)^2) + 1*(sin(x2)+x1) + 0.906*((x1)^2+x1),generation budget reached
base,spurious,0.1,300,4,9018,centralized-residual-counterexample-gp,0.0,0.3333333333333333,0.3333333333333333,0.004159682792936417,0.1252581075903689,0.0,1.0,0.8651401930001157,0,1581,"expr:add(sin(x1),square(x3));expr:add(sin(x2),x1);x1",0.01723 + 0.4868*(sin(x1)+(x3)^2) + 1.024*(sin(x2)+x1) + 0.737*x1,generation budget reached
base,spurious,0.1,300,4,9019,fedfalsify-v05,1.0,1.0,1.0,4.704126906553484e-06,0.08828702186385289,0.0,1.0,0.29197588300030475,237949,5,sin(x2);x1;x3^2,0.002982 + 1.999·x₁ + 0.4993·x₃² + 1.011·sin(x₂),target federated MSE reached; no replacement passed the federated certificate
base,spurious,0.1,300,4,9019,centralized-tree-gp,0.0,0.0,0.0,4.704126905058596e-06,0.08828702186385289,0.0,1.0,0.7430378419994668,0,1522,"expr:add(sin(x2),x1);expr:add(square(x3),x1);expr:add(x1,x1)",0.002982 + 1.011*(sin(x2)+x1) + 0.4993*((x3)^2+x1) + 0.2446*(x1+x1),generation budget reached
base,spurious,0.1,300,4,9019,federated-tree-gp-style,0.0,0.0,0.0,4.704126905046555e-06,0.08828702186385289,0.0,1.0,0.9662265280003339,553920,1522,"expr:add(sin(x2),x1);expr:add(square(x3),x1);expr:add(x1,x1)",0.002982 + 1.011*(sin(x2)+x1) + 0.4993*((x3)^2+x1) + 0.2446*(x1+x1),generation budget reached
base,spurious,0.1,300,4,9019,centralized-residual-counterexample-gp,0.0,0.0,0.0,4.704126905058596e-06,0.08828702186385289,0.0,1.0,0.8266890790000616,0,1524,"expr:add(sin(x2),x1);expr:add(square(x3),x1);expr:add(x1,x1)",0.002982 + 1.011*(sin(x2)+x1) + 0.4993*((x3)^2+x1) + 0.2446*(x1+x1),generation budget reached
base,spurious,0.1,300,4,9020,fedfalsify-v05,1.0,1.0,1.0,2.883631564312347e-06,0.09303737825731333,0.0,1.0,0.2916845159998047,237673,5,sin(x2);x1;x3^2,-0.001364 + 2.001·x₁ + 0.4984·x₃² + 1.003·sin(x₂),target federated MSE reached; no replacement passed the federated certificate
base,spurious,0.1,300,4,9020,centralized-tree-gp,0.0,0.3333333333333333,0.3333333333333333,2.883631564943809e-06,0.09303737825731333,0.0,1.0,0.7993181479996565,0,1519,"expr:add(sin(x2),x1);expr:add(square(x3),x1);x1",-0.001364 + 1.003*(sin(x2)+x1) + 0.4984*((x3)^2+x1) + 0.499*x1,generation budget reached
base,spurious,0.1,300,4,9020,federated-tree-gp-style,0.0,0.3333333333333333,0.3333333333333333,2.883631564944035e-06,0.09303737825731333,0.0,1.0,0.9811767359997248,565632,1519,"expr:add(sin(x2),x1);expr:add(square(x3),x1);x1",-0.001364 + 1.003*(sin(x2)+x1) + 0.4984*((x3)^2+x1) + 0.499*x1,generation budget reached
base,spurious,0.1,300,4,9020,centralized-residual-counterexample-gp,0.0,0.3333333333333333,0.3333333333333333,2.883631564943809e-06,0.09303737825731333,0.0,1.0,0.8382299790000616,0,1541,"expr:add(sin(x2),x1);expr:add(square(x3),x1);x1",-0.001364 + 1.003*(sin(x2)+x1) + 0.4984*((x3)^2+x1) + 0.499*x1,generation budget reached
base,exception,0.03,300,4,9016,fedfalsify-v05,1.0,1.0,1.0,2.9619043430381797e-06,0.013189239505126198,0.0,1.0,0.4203319560001546,307743,7,I(x3>1)*x3^2;sin(x2);x1;x3^2,0.0006231 + 1.998·x₁ + 0.7525·𝟙[x₃>1]·x₃² + 0.4984·x₃² + 0.9925·sin(x₂),target federated MSE reached; no replacement passed the federated certificate
base,exception,0.03,300,4,9016,centralized-tree-gp,0.0,0.0,0.0,0.0018402024425669373,0.03822772377409354,0.0,0.0,0.8277932600003624,0,1575,"expr:add(sin(x2),x1);expr:add(sin(x3),sin(x3));expr:add(square(x3),square(x3));expr:add(x1,x3)",-0.09558 + 0.9333*(sin(x2)+x1) - 0.4498*(sin(x3)+sin(x3)) + 0.4464*((x3)^2+(x3)^2) + 1.109*(x1+x3),generation budget reached
base,exception,0.03,300,4,9016,federated-tree-gp-style,0.0,0.0,0.0,0.001840202442566938,0.03822772377409354,0.0,0.0,1.083107182999811,634624,1575,"expr:add(sin(x2),x1);expr:add(sin(x3),sin(x3));expr:add(square(x3),square(x3));expr:add(x1,x3)",-0.09558 + 0.9333*(sin(x2)+x1) - 0.4498*(sin(x3)+sin(x3)) + 0.4464*((x3)^2+(x3)^2) + 1.109*(x1+x3),generation budget reached
base,exception,0.03,300,4,9016,centralized-residual-counterexample-gp,0.0,0.0,0.0,0.001381306393761187,0.029646069163980222,0.0,0.0,1.0368645559992729,0,1586,"expr:add(sin(x2),x1);expr:add(square(x3),x1);expr:mul(cos(x3),sin(x3));x3",-0.1068 + 1.068*(sin(x2)+x1) + 0.9116*((x3)^2+x1) - 0.8708*(cos(x3)*sin(x3)) + 0.6279*x3,generation budget reached
base,exception,0.03,300,4,9017,fedfalsify-v05,1.0,1.0,1.0,5.79100836168476e-06,0.014383030481658829,0.0,1.0,0.6419274869995206,307915,7,I(x3>1)*x3^2;sin(x2);x1;x3^2,-0.001973 + 2.005·x₁ + 0.75·𝟙[x₃>1]·x₃² + 0.5011·x₃² + 1·sin(x₂),target federated MSE reached; no replacement passed the federated certificate
base,exception,0.03,300,4,9017,centralized-tree-gp,0.0,0.25,0.25,0.027873212508074063,0.36325818526832826,0.0,0.0,1.5365644650000831,0,1632,"expr:add(cos(x3),x3);expr:square(add(sin(x2),square(x3)));expr:square(add(sin(x3),sin(x3)));x1",-1.159 + 0.5962*(cos(x3)+x3) + 0.1777*((sin(x2)+(x3)^2))^2 + 0.5164*((sin(x3)+sin(x3)))^2 + 2.057*x1,generation budget reached
base,exception,0.03,300,4,9017,federated-tree-gp-style,0.0,0.25,0.25,0.027873212508074063,0.36325818526832826,0.0,0.0,1.9501314079998338,682496,1632,"expr:add(cos(x3),x3);expr:square(add(sin(x2),square(x3)));expr:square(add(sin(x3),sin(x3)));x1",-1.159 + 0.5962*(cos(x3)+x3) + 0.1777*((sin(x2)+(x3)^2))^2 + 0.5164*((sin(x3)+sin(x3)))^2 + 2.057*x1,generation budget reached
base,exception,0.03,300,4,9017,centralized-residual-counterexample-gp,0.0,0.25,0.25,0.022417074161131187,0.33664430781131166,0.0,0.0,1.1130236560002231,0,1620,"expr:cos(mul(cos(x3),cos(x3)));expr:mul(sin(x3),square(x3));expr:square(add(sin(x2),square(x3)));x1",-2.341 + 3.184*cos((cos(x3)*cos(x3))) + 0.4115*(sin(x3)*(x3)^2) + 0.1502*((sin(x2)+(x3)^2))^2 + 2.057*x1,generation budget reached
base,exception,0.03,300,4,9018,fedfalsify-v05,1.0,1.0,1.0,3.805587781613911e-06,0.014430588328472356,0.0,1.0,0.4198470579995046,307956,7,I(x3>1)*x3^2;sin(x2);x1;x3^2,0.001375 + 2.002·x₁ + 0.7475·𝟙[x₃>1]·x₃² + 0.5·x₃² + 0.9922·sin(x₂),target federated MSE reached; no replacement passed the federated certificate
base,exception,0.03,300,4,9018,centralized-tree-gp,0.0,0.0,0.0,0.009512949787740744,0.153436399573872,0.0,0.0,0.9186910759999591,0,1633,"expr:add(sin(x2),x1);expr:add(x1,x3);expr:square(add(x3,x3))",-0.0807 + 1.214*(sin(x2)+x1) + 0.7089*(x1+x3) + 0.2273*((x3+x3))^2,generation budget reached
base,exception,0.03,300,4,9018,federated-tree-gp-style,0.0,0.0,0.0,0.009512949787740728,0.15343639957387198,0.0,0.0,1.1613966029999574,680960,1633,"expr:add(sin(x2),x1);expr:add(x1,x3);expr:square(add(x3,x3))",-0.0807 + 1.214*(sin(x2)+x1) + 0.7089*(x1+x3) + 0.2273*((x3+x3))^2,generation budget reached
base,exception,0.03,300,4,9018,centralized-residual-counterexample-gp,0.0,0.25,0.25,0.021523384542486493,0.26732678063444476,0.0,0.0,0.9496768760000123,0,1626,"cos(x3);expr:add(sin(x1),sin(x2));expr:add(x1,x3);x1",2.417 + 0.8373*(sin(x1)+sin(x2)) + 0.711*(x1+x3) - 2.814*cos(x3) + 0.8915*x1,generation budget reached
base,exception,0.03,300,4,9019,fedfalsify-v05,1.0,1.0,1.0,7.787400023960725e-06,0.013574001356328705,0.0,1.0,0.4307421749999776,307929,7,I(x3>1)*x3^2;sin(x2);x1;x3^2,0.008436 + 2.002·x₁ + 0.7558·𝟙[x₃>1]·x₃² + 0.4934·x₃² + 0.9972·sin(x₂),target federated MSE reached; no replacement passed the federated certificate
base,exception,0.03,300,4,9019,centralized-tree-gp,0.0,0.0,0.0,0.0014251744626554675,0.030466606480955036,0.0,0.0,0.9692103930001394,0,1584,"expr:add(sin(x2),x1);expr:add(sin(x3),x3);expr:add(square(x3),x1);x3",-0.08929 + 1.079*(sin(x2)+x1) - 1.17*(sin(x3)+x3) + 0.9001*((x3)^2+x1) + 2.442*x3,generation budget reached
base,exception,0.03,300,4,9019,federated-tree-gp-style,0.0,0.0,0.0,0.001425174462655454,0.030466606480955026,0.0,0.0,1.3796718019993932,636096,1584,"expr:add(sin(x2),x1);expr:add(sin(x3),x3);expr:add(square(x3),x1);x3",-0.08929 + 1.079*(sin(x2)+x1) - 1.17*(sin(x3)+x3) + 0.9001*((x3)^2+x1) + 2.442*x3,generation budget reached
base,exception,0.03,300,4,9019,centralized-residual-counterexample-gp,0.0,0.0,0.0,0.006181700452538842,0.0944507236786941,0.0,0.0,0.9484701990004396,0,1604,"expr:add(cos(x3),square(x3));expr:add(sin(x2),x1);expr:add(sin(x3),x3);expr:add(x1,x3)",-1.244 + 1.302*(cos(x3)+(x3)^2) + 0.928*(sin(x2)+x1) - 0.323*(sin(x3)+x3) + 1.128*(x1+x3),generation budget reached
base,exception,0.03,300,4,9020,fedfalsify-v05,1.0,1.0,1.0,1.0484931309795697e-06,0.013429347955865485,0.0,1.0,0.9244730170003095,950109,7,I(x3>1)*x3^2;sin(x2);x1;x3^2,-0.003703 + 2.001·x₁ + 0.7495·𝟙[x₃>1]·x₃² + 0.9957·sin(x₂) + 0.5014·x₃²,target federated MSE reached; no replacement passed the federated certificate
base,exception,0.03,300,4,9020,centralized-tree-gp,0.0,0.0,0.0,0.0016991255563720902,0.036856837022193646,0.0,0.0,0.8163164799998412,0,1551,"expr:add(sin(x2),x1);expr:add(square(x3),x1);expr:mul(square(x3),x3);x3",-0.09802 + 1.08*(sin(x2)+x1) + 0.9017*((x3)^2+x1) + 0.1334*((x3)^2*x3) + 0.1793*x3,generation budget reached
base,exception,0.03,300,4,9020,federated-tree-gp-style,0.0,0.0,0.0,0.0016991255563720935,0.03685683702219365,0.0,0.0,1.5940251800002443,605824,1551,"expr:add(sin(x2),x1);expr:add(square(x3),x1);expr:mul(square(x3),x3);x3",-0.09802 + 1.08*(sin(x2)+x1) + 0.9017*((x3)^2+x1) + 0.1334*((x3)^2*x3) + 0.1793*x3,generation budget reached
base,exception,0.03,300,4,9020,centralized-residual-counterexample-gp,0.0,0.5,0.5,0.018652037371030692,0.20679317005948425,0.0,1.0,1.482468176999646,0,1621,"I(x3>1)*x3^2;expr:add(cos(x3),x1);expr:add(x2,x3);x3^2",-1.868 + 2.003*(cos(x3)+x1) + 0.3986*(x2+x3) + 0.3199*I(x3>1)*((x3)^2) + 1.354*(x3*x3),generation budget reached
base,exception,0.1,300,4,9016,fedfalsify-v05,1.0,1.0,1.0,3.2910048156743474e-05,0.14654710561251336,0.0,1.0,0.7673284949996741,458469,7,I(x3>1)*x3^2;sin(x2);x1;x3^2,0.002077 + 1.995·x₁ + 0.7584·𝟙[x₃>1]·x₃² + 0.4947·x₃² + 0.9751·sin(x₂),target federated MSE reached; no replacement passed the federated certificate
base,exception,0.1,300,4,9016,centralized-tree-gp,0.0,0.0,0.0,0.0020309160675580917,0.17909501745598294,0.0,0.0,1.397553458999937,0,1619,"expr:add(cos(x3),sin(x2));expr:add(sin(x2),x1);expr:add(square(x3),x3);expr:square(add(square(x3),x3))",0.9704 - 1.007*(cos(x3)+sin(x2)) + 2.014*(sin(x2)+x1) + 0.2363*((x3)^2+x3) + 0.0562*(((x3)^2+x3))^2,generation budget reached
base,exception,0.1,300,4,9016,federated-tree-gp-style,0.0,0.0,0.0,0.0020309160675581065,0.17909501745598297,0.0,0.0,1.1326630129997284,658880,1619,"expr:add(cos(x3),sin(x2));expr:add(sin(x2),x1);expr:add(square(x3),x3);expr:square(add(square(x3),x3))",0.9704 - 1.007*(cos(x3)+sin(x2)) + 2.014*(sin(x2)+x1) + 0.2363*((x3)^2+x3) + 0.0562*(((x3)^2+x3))^2,generation budget reached
base,exception,0.1,300,4,9016,centralized-residual-counterexample-gp,0.0,0.0,0.0,0.003041864845159099,0.1928962436773206,0.0,0.0,0.9277532890000657,0,1628,"expr:add(sin(x2),x1);expr:add(sin(x3),sin(x3));expr:add(square(x3),x3);expr:add(x1,x1)",-0.1291 + 0.994*(sin(x2)+x1) - 0.2814*(sin(x3)+sin(x3)) + 0.9178*((x3)^2+x3) + 0.5092*(x1+x1),generation budget reached
base,exception,0.1,300,4,9017,fedfalsify-v05,1.0,1.0,1.0,6.434453749139974e-05,0.1598114497962092,0.0,1.0,0.8398205980001876,860074,7,I(x3>1)*x3^2;sin(x2);x1;x3^2,-0.006576 + 2.018·x₁ + 0.7501·𝟙[x₃>1]·x₃² + 0.5038·x₃² + 1·sin(x₂),target federated MSE reached; no replacement passed the federated certificate
base,exception,0.1,300,4,9017,centralized-tree-gp,0.0,0.25,0.25,0.018145316859497104,0.4006429576968195,0.0,0.0,0.896943332999399,0,1622,"expr:add(square(x3),x1);expr:mul(sin(x2),square(x3));expr:mul(sin(x3),square(x3));x3^2",-0.3159 + 2.055*((x3)^2+x1) + 0.2933*(sin(x2)*(x3)^2) + 0.4203*(sin(x3)*(x3)^2) - 1.095*(x3*x3),generation budget reached
base,exception,0.1,300,4,9017,federated-tree-gp-style,0.0,0.25,0.25,0.018145316859497027,0.4006429576968195,0.0,0.0,1.1581184070000745,674304,1622,"expr:add(square(x3),x1);expr:mul(sin(x2),square(x3));expr:mul(sin(x3),square(x3));x3^2",-0.3159 + 2.055*((x3)^2+x1) + 0.2933*(sin(x2)*(x3)^2) + 0.4203*(sin(x3)*(x3)^2) - 1.095*(x3*x3),generation budget reached
base,exception,0.1,300,4,9017,centralized-residual-counterexample-gp,0.0,0.0,0.0,0.0434446349187258,0.5703415925229,0.0,0.0,0.939054823999868,0,1606,"expr:add(sin(x3),x1);expr:add(square(x3),x1);expr:add(x1,x2);expr:mul(sin(x2),square(x3))",-0.118 + 0.8427*(sin(x3)+x1) + 0.901*((x3)^2+x1) + 0.3247*(x1+x2) + 0.2123*(sin(x2)*(x3)^2),generation budget reached
base,exception,0.1,300,4,9018,fedfalsify-v05,1.0,1.0,1.0,4.2284308684507565e-05,0.1603398703163596,0.0,1.0,2.1880455900000015,2583097,8,I(x3>1)*x3^2;sin(x2);x1;x3^2,0.004582 + 2.007·x₁ + 0.7415·𝟙[x₃>1]·x₃² + 0.9739·sin(x₂) + 0.5·x₃²,target federated MSE reached; no replacement passed the federated certificate
base,exception,0.1,300,4,9018,centralized-tree-gp,0.0,0.25,0.25,0.0034735820246982324,0.19390548280828568,0.0,1.0,0.8647134250004456,0,1618,"I(x3>1)*x3^2;expr:add(cos(x3),sin(x2));expr:add(sin(x2),x1);expr:square(mul(cos(x3),sin(x3)))",1.125 - 1.214*(cos(x3)+sin(x2)) + 2.047*(sin(x2)+x1) + 0.8174*I(x3>1)*((x3)^2) + 0.7947*((cos(x3)*sin(x3)))^2,generation budget reached
base,exception,0.1,300,4,9018,federated-tree-gp-style,0.0,0.25,0.25,0.0034735820246982393,0.19390548280828565,0.0,1.0,1.450969686999997,664704,1618,"I(x3>1)*x3^2;expr:add(cos(x3),sin(x2));expr:add(sin(x2),x1);expr:square(mul(cos(x3),sin(x3)))",1.125 - 1.214*(cos(x3)+sin(x2)) + 2.047*(sin(x2)+x1) + 0.8174*I(x3>1)*((x3)^2) + 0.7947*((cos(x3)*sin(x3)))^2,generation budget reached
base,exception,0.1,300,4,9018,centralized-residual-counterexample-gp,0.0,0.25,0.25,0.023245651381433106,0.4027793325470923,0.0,0.0,1.3885664089993952,0,1555,"expr:add(sin(x2),sin(x3));expr:add(x2,x3);expr:square(add(x3,x3));x1",-0.05966 + 0.3868*(sin(x2)+sin(x3)) + 0.3326*(x2+x3) + 0.2214*((x3+x3))^2 + 2.016*x1,generation budget reached
base,exception,0.1,300,4,9019,fedfalsify-v05,1.0,1.0,1.0,8.652666695324935e-05,0.15082223729254116,0.0,1.0,0.9634057800003575,640298,7,I(x3>1)*x3^2;sin(x2);x1;x3^2,0.02812 + 2.008·x₁ + 0.7694·𝟙[x₃>1]·x₃² + 0.4779·x₃² + 0.9906·sin(x₂),target federated MSE reached; no replacement passed the federated certificate
base,exception,0.1,300,4,9019,centralized-tree-gp,0.0,0.0,0.0,0.020644683503906643,0.3603420228785673,0.0,0.0,1.2725927100000263,0,1561,"expr:add(sin(x1),sin(x3));expr:add(square(x3),x1);expr:add(x1,x2);expr:add(x1,x3)",-0.05 - 0.4093*(sin(x1)+sin(x3)) + 0.8651*((x3)^2+x1) + 0.4414*(x1+x2) + 0.8738*(x1+x3),generation budget reached
base,exception,0.1,300,4,9019,federated-tree-gp-style,0.0,0.0,0.0,0.020644683503906674,0.36034202287856726,0.0,0.0,1.2633539660000679,600768,1561,"expr:add(sin(x1),sin(x3));expr:add(square(x3),x1);expr:add(x1,x2);expr:add(x1,x3)",-0.05 - 0.4093*(sin(x1)+sin(x3)) + 0.8651*((x3)^2+x1) + 0.4414*(x1+x2) + 0.8738*(x1+x3),generation budget reached
base,exception,0.1,300,4,9019,centralized-residual-counterexample-gp,0.0,0.0,0.0,0.020644683503906643,0.3603420228785673,0.0,0.0,0.858368440999584,0,1568,"expr:add(sin(x1),sin(x3));expr:add(square(x3),x1);expr:add(x1,x2);expr:add(x1,x3)",-0.05 - 0.4093*(sin(x1)+sin(x3)) + 0.8651*((x3)^2+x1) + 0.4414*(x1+x2) + 0.8738*(x1+x3),generation budget reached
base,exception,0.1,300,4,9020,fedfalsify-v05,1.0,1.0,1.0,1.1649923660308867e-05,0.14921497728739436,0.0,1.0,1.1424290539998765,1315707,7,I(x3>1)*x3^2;sin(x2);x1;x3^2,-0.01234 + 2.002·x₁ + 0.7483·𝟙[x₃>1]·x₃² + 0.9857·sin(x₂) + 0.5045·x₃²,target federated MSE reached; no replacement passed the federated certificate
base,exception,0.1,300,4,9020,centralized-tree-gp,0.0,0.0,0.0,0.019611267782494963,0.357818904575491,0.0,0.0,0.917103028999918,0,1624,"expr:add(sin(x3),x1);expr:add(square(x3),x1);expr:add(square(x3),x2);expr:sin(add(x3,x3))",-0.198 + 1.333*(sin(x3)+x1) + 0.5824*((x3)^2+x1) + 0.3608*((x3)^2+x2) - 0.8785*sin((x3+x3)),generation budget reached
base,exception,0.1,300,4,9020,federated-tree-gp-style,0.0,0.0,0.0,0.019611267782494876,0.357818904575491,0.0,0.0,1.1757426879994455,680896,1624,"expr:add(sin(x3),x1);expr:add(square(x3),x1);expr:add(square(x3),x2);expr:sin(add(x3,x3))",-0.198 + 1.333*(sin(x3)+x1) + 0.5824*((x3)^2+x1) + 0.3608*((x3)^2+x2) - 0.8785*sin((x3+x3)),generation budget reached
base,exception,0.1,300,4,9020,centralized-residual-counterexample-gp,0.0,0.0,0.0,0.01567003833251217,0.31875492329204147,0.0,0.0,0.966994282000087,0,1625,"expr:add(cos(x3),x1);expr:add(sin(x2),x1);expr:square(add(sin(x3),square(x3)));expr:square(add(sin(x3),x3))",-0.9746 + 1.044*(cos(x3)+x1) + 1.047*(sin(x2)+x1) + 0.1505*((sin(x3)+(x3)^2))^2 + 0.258*((sin(x3)+x3))^2,generation budget reached
poly3,complementary,0.03,300,4,9016,fedfalsify-v05,1.0,1.0,1.0,1.2629158784570346e-06,0.049262098640615655,0.0,1.0,0.3159657309997783,237912,5,x1;x1^2;x1^3,0.006006 + 0.9862·x₁ + 0.9972·x₁² + 1.003·x₁³,target federated MSE reached; no replacement passed the federated certificate
poly3,complementary,0.03,300,4,9016,centralized-tree-gp,0.0,0.75,1.0,2.2998463853855796e-06,0.04918602624114304,0.0,1.0,0.8863282109996362,0,1597,"expr:add(square(x1),square(x3));x1;x1^2;x1^3",0.01476 - 0.005919*((x1)^2+(x3)^2) + 1.003*((x1)^2*x1) + 1.003*(x1*x1) + 0.9863*x1,generation budget reached
poly3,complementary,0.03,300,4,9016,federated-tree-gp-style,0.0,0.75,1.0,2.2998463853894395e-06,0.04918602624114305,0.0,1.0,1.127773196999442,654400,1597,"expr:add(square(x1),square(x3));x1;x1^2;x1^3",0.01476 - 0.005919*((x1)^2+(x3)^2) + 1.003*((x1)^2*x1) + 1.003*(x1*x1) + 0.9863*x1,generation budget reached
poly3,complementary,0.03,300,4,9016,centralized-residual-counterexample-gp,0.0,0.6666666666666666,0.6666666666666666,0.0003581571975249302,0.08792117882730656,0.0,1.0,0.9167634819996238,0,1570,"expr:sin(add(sin(x1),sin(x1)));x1^2;x1^3",-0.003819 + 1.12*((x1)^2*x1) + 0.9917*(x1*x1) + 0.881*sin((sin(x1)+sin(x1))),generation budget reached
poly3,complementary,0.03,300,4,9017,fedfalsify-v05,1.0,1.0,1.0,9.876478322541767e-06,0.05407384524194664,0.0,1.0,0.37090538700067555,267807,6,x1;x1^2;x1^3,0.007752 + 0.9932·x₁ + 1.005·x₁³ + 0.9958·x₁²,target federated MSE reached; no replacement passed the federated certificate
poly3,complementary,0.03,300,4,9017,centralized-tree-gp,0.0,0.5,0.3333333333333333,0.00013668023943322623,0.058897476162721035,0.0,1.0,1.1546321280002303,0,1607,"expr:add(sin(x1),square(x1));x1^3",-0.003784 + 1*(sin(x1)+(x1)^2) + 1.127*((x1)^2*x1),generation budget reached
poly3,complementary,0.03,300,4,9017,federated-tree-gp-style,0.0,0.5,0.3333333333333333,0.0001366802394332228,0.05889747616272101,0.0,1.0,1.9144796109994786,652928,1607,"expr:add(sin(x1),square(x1));x1^3",-0.003784 + 1*(sin(x1)+(x1)^2) + 1.127*((x1)^2*x1),generation budget reached
poly3,complementary,0.03,300,4,9017,centralized-residual-counterexample-gp,0.0,0.0,0.0,0.0011245706375663685,0.13146206748980135,0.0,1.0,1.434216822000053,0,1600,"expr:add(sin(x1),square(x1));expr:mul(square(x1),square(x1));expr:square(add(sin(x2),x1));expr:square(add(square(x1),x1))",-0.1761 + 0.7496*(sin(x1)+(x1)^2) - 0.6108*((x1)^2*(x1)^2) - 0.05038*((sin(x2)+x1))^2 + 0.5714*(((x1)^2+x1))^2,generation budget reached
poly3,complementary,0.03,300,4,9018,fedfalsify-v05,1.0,1.0,1.0,2.418446211644495e-06,0.05406066850152288,0.0,1.0,1.3672479409997322,1274999,7,x1;x1^2;x1^3,0.005438 + 0.9963·x₁³ + 0.9976·x₁² + 1.015·x₁,no sufficiently supported counterexample repair; no replacement passed the federated certificate
poly3,complementary,0.03,300,4,9018,centralized-tree-gp,0.0,0.5,0.3333333333333333,4.1640463967594075e-07,0.05418484334684879,0.0,1.0,0.9105685060003452,0,1616,"expr:add(square(x1),x1);x1^3",0.002382 + 0.999*((x1)^2+x1) + 0.9994*((x1)^2*x1),generation budget reached
poly3,complementary,0.03,300,4,9018,federated-tree-gp-style,0.0,0.5,0.3333333333333333,4.164046396754883e-07,0.0541848433468488,0.0,1.0,1.16703684300046,653760,1616,"expr:add(square(x1),x1);x1^3",0.002382 + 0.999*((x1)^2+x1) + 0.9994*((x1)^2*x1),generation budget reached
poly3,complementary,0.03,300,4,9018,centralized-residual-counterexample-gp,0.0,0.6666666666666666,0.6666666666666666,2.4184462141814088e-06,0.054060668501522906,0.0,1.0,0.935574742999961,0,1597,"expr:add(x1,x1);x1^2;x1^3",0.005438 + 0.5076*(x1+x1) + 0.9963*((x1)^2*x1) + 0.9976*(x1)^2,generation budget reached
poly3,complementary,0.03,300,4,9019,fedfalsify-v05,1.0,1.0,1.0,2.5196577429162195e-06,0.050106302708509014,0.0,1.0,0.37071761199968023,267621,6,x1;x1^2;x1^3,-0.0001211 + 1.023·x₁ + 0.9958·x₁³ + 1.002·x₁²,target federated MSE reached; no replacement passed the federated certificate
poly3,complementary,0.03,300,4,9019,centralized-tree-gp,0.0,0.5,0.3333333333333333,1.1978609040157102e-06,0.050276770551732894,0.0,1.0,0.7571291989997917,0,1517,"expr:add(square(x1),x1);x1^3",-0.00447 + 1.004*((x1)^2+x1) + 0.9994*((x1)^2*x1),generation budget reached
poly3,complementary,0.03,300,4,9019,federated-tree-gp-style,0.0,0.5,0.3333333333333333,1.1978609040150033e-06,0.05027677055173289,0.0,1.0,0.9942529789996115,526144,1517,"expr:add(square(x1),x1);x1^3",-0.00447 + 1.004*((x1)^2+x1) + 0.9994*((x1)^2*x1),generation budget reached
poly3,complementary,0.03,300,4,9019,centralized-residual-counterexample-gp,0.0,0.5,0.3333333333333333,1.1978609040157102e-06,0.050276770551732894,0.0,1.0,0.8229778240001906,0,1535,"expr:add(square(x1),x1);x1^3",-0.00447 + 1.004*((x1)^2+x1) + 0.9994*((x1)^2*x1),generation budget reached
poly3,complementary,0.03,300,4,9020,fedfalsify-v05,1.0,1.0,1.0,1.1354076805557102e-06,0.05300489971559704,0.0,1.0,0.3819543720001093,267892,6,x1;x1^2;x1^3,0.00139 + 1.011·x₁ + 0.9974·x₁³ + 0.9984·x₁²,target federated MSE reached; no replacement passed the federated certificate
poly3,complementary,0.03,300,4,9020,centralized-tree-gp,0.0,0.25,0.3333333333333333,1.195824687996962e-06,0.053002203406767555,0.0,1.0,0.8746339950002948,0,1597,"expr:add(x1,x1);expr:mul(square(x1),square(x1));expr:square(add(square(x1),x1));x1^3",-0.0001953 + 0.5054*(x1+x1) - 1.001*((x1)^2*(x1)^2) - 1.004*((x1)^2*x1) + 1.001*(((x1)^2+x1))^2,generation budget reached
poly3,complementary,0.03,300,4,9020,federated-tree-gp-style,0.0,0.25,0.3333333333333333,1.1958246880191315e-06,0.05300220340676758,0.0,1.0,1.1446593969994865,652224,1597,"expr:add(x1,x1);expr:mul(square(x1),square(x1));expr:square(add(square(x1),x1));x1^3",-0.0001953 + 0.5054*(x1+x1) - 1.001*((x1)^2*(x1)^2) - 1.004*((x1)^2*x1) + 1.001*(((x1)^2+x1))^2,generation budget reached
poly3,complementary,0.03,300,4,9020,centralized-residual-counterexample-gp,0.0,0.25,0.3333333333333333,0.00028797402328078087,0.07378815085357421,0.0,1.0,0.897694758000398,0,1578,"expr:add(sin(x3),square(x1));expr:add(sin(x3),x3);expr:add(x1,x1);x1^3",0.00775 + 0.9926*(sin(x3)+(x1)^2) - 0.3759*(sin(x3)+x3) + 0.5062*(x1+x1) + 1.002*((x1)^2*x1),generation budget reached
poly3,complementary,0.1,300,4,9016,fedfalsify-v05,0.0,0.6666666666666666,0.6666666666666666,7.72782277970738e-05,0.5482655715205901,0.0,1.0,1.4682213999994929,1244129,6,sin(x1);x1^2;x1^3,0.02372 + 1.036·sin(x₁) + 1.122·x₁³ + 0.9864·x₁²,target federated MSE reached; no replacement passed the federated certificate
poly3,complementary,0.1,300,4,9016,centralized-tree-gp,0.0,0.25,0.3333333333333333,0.00028798660633386387,0.5521189394047328,0.0,1.0,1.3619253349997962,0,1578,"expr:add(cos(x1),square(x1));expr:add(cos(x1),x1);sin(x1);x1^3",0.2014 + 0.9234*(cos(x1)+(x1)^2) - 1.12*(cos(x1)+x1) + 1.255*((x1)^2*x1) + 2.249*sin(x1),generation budget reached
poly3,complementary,0.1,300,4,9016,federated-tree-gp-style,0.0,0.25,0.3333333333333333,0.000287986606333604,0.5521189394047328,0.0,1.0,1.839122920000591,624448,1578,"expr:add(cos(x1),square(x1));expr:add(cos(x1),x1);sin(x1);x1^3",0.2014 + 0.9234*(cos(x1)+(x1)^2) - 1.12*(cos(x1)+x1) + 1.255*((x1)^2*x1) + 2.249*sin(x1),generation budget reached
poly3,complementary,0.1,300,4,9016,centralized-residual-counterexample-gp,0.0,0.25,0.3333333333333333,1.999926734600704e-05,0.54734024543469,0.0,1.0,0.9200315079997381,0,1529,"expr:add(cos(x1),square(x1));expr:add(cos(x1),x1);expr:mul(sin(x1),x1);x1^3",-2.482 + 1.508*(cos(x1)+(x1)^2) + 0.9578*(cos(x1)+x1) + 0.8032*(sin(x1)*x1) + 1.008*((x1)^2*x1),generation budget reached
poly3,complementary,0.1,300,4,9017,fedfalsify-v05,1.0,1.0,1.0,0.00010973864799679672,0.6008205026882962,0.0,1.0,1.336516022000069,1573582,6,x1;x1^2;x1^3,0.02584 + 0.9775·x₁ + 0.9859·x₁² + 1.015·x₁³,target federated MSE reached; no replacement passed the federated certificate
poly3,complementary,0.1,300,4,9017,centralized-tree-gp,0.0,0.5,0.3333333333333333,0.0003051977343490123,0.6060548327029405,0.0,1.0,0.8934560389998296,0,1600,"expr:add(sin(x1),square(x1));x1^3",0.01557 + 0.9896*(sin(x1)+(x1)^2) + 1.136*((x1)^2*x1),generation budget reached
poly3,complementary,0.1,300,4,9017,federated-tree-gp-style,0.0,0.5,0.3333333333333333,0.00030519773434902126,0.6060548327029405,0.0,1.0,1.1631945999997697,633600,1600,"expr:add(sin(x1),square(x1));x1^3",0.01557 + 0.9896*(sin(x1)+(x1)^2) + 1.136*((x1)^2*x1),generation budget reached
poly3,complementary,0.1,300,4,9017,centralized-residual-counterexample-gp,0.0,0.5,0.3333333333333333,0.0003051977343490123,0.6060548327029405,0.0,1.0,0.9005536000004213,0,1573,"expr:add(sin(x1),square(x1));x1^3",0.01557 + 0.9896*(sin(x1)+(x1)^2) + 1.136*((x1)^2*x1),generation budget reached
poly3,complementary,0.1,300,4,9018,fedfalsify-v05,0.0,0.6666666666666666,0.6666666666666666,0.004203321141876022,0.799650345125048,0.0,1.0,0.771267828999953,860136,5,cos(x1);x1;x1^3,2.937 + 1.031·x₁ - 3.244·cos(x₁) + 0.9996·x₁³,target federated MSE reached; no replacement passed the federated certificate
poly3,complementary,0.1,300,4,9018,centralized-tree-gp,0.0,0.5,0.3333333333333333,4.626718215897344e-06,0.6020538149649866,0.0,1.0,0.8530162070001097,0,1604,"expr:add(square(x1),x1);x1^3",0.007941 + 0.9968*((x1)^2+x1) + 0.9981*((x1)^2*x1),generation budget reached
poly3,complementary,0.1,300,4,9018,federated-tree-gp-style,0.0,0.5,0.3333333333333333,4.626718215895291e-06,0.6020538149649866,0.0,1.0,1.0954820690003544,642304,1604,"expr:add(square(x1),x1);x1^3",0.007941 + 0.9968*((x1)^2+x1) + 0.9981*((x1)^2*x1),generation budget reached
poly3,complementary,0.1,300,4,9018,centralized-residual-counterexample-gp,0.0,0.25,0.3333333333333333,0.001690558806095927,0.8210555463955496,1.0,1.0,0.8673581689999992,0,1588,"expr:add(square(x1),x2);expr:sin(add(sin(x4),x1));expr:square(add(x1,x1));x1^3",0.02563 - 0.02645*((x1)^2+x2) + 1.152*((x1)^2*x1) + 0.7781*sin((sin(x4)+x1)) + 0.2508*((x1+x1))^2,generation budget reached
poly3,complementary,0.1,300,4,9019,fedfalsify-v05,1.0,1.0,1.0,2.7996197171682706e-05,0.5567366967612113,0.0,1.0,0.5464570630001617,562151,5,x1;x1^2;x1^3,-0.0004037 + 1.076·x₁ + 1.007·x₁² + 0.986·x₁³,target federated MSE reached; no replacement passed the federated certificate
poly3,complementary,0.1,300,4,9019,centralized-tree-gp,0.0,0.5,0.3333333333333333,1.3309565607236048e-05,0.5586307839081431,0.0,1.0,0.7967293509991578,0,1500,"expr:add(square(x1),x1);x1^3",-0.0149 + 1.013*((x1)^2+x1) + 0.9979*((x1)^2*x1),generation budget reached
poly3,complementary,0.1,300,4,9019,federated-tree-gp-style,0.0,0.5,0.3333333333333333,1.3309565607237769e-05,0.5586307839081432,0.0,1.0,1.5431446519996825,511488,1500,"expr:add(square(x1),x1);x1^3",-0.0149 + 1.013*((x1)^2+x1) + 0.9979*((x1)^2*x1),generation budget reached
poly3,complementary,0.1,300,4,9019,centralized-residual-counterexample-gp,0.0,0.5,0.3333333333333333,1.3309565607236048e-05,0.5586307839081431,0.0,1.0,1.3837236370000028,0,1510,"expr:add(square(x1),x1);x1^3",-0.0149 + 1.013*((x1)^2+x1) + 0.9979*((x1)^2*x1),generation budget reached
poly3,complementary,0.1,300,4,9020,fedfalsify-v05,0.0,0.3333333333333333,0.3333333333333333,0.004424035661736415,0.7544495549005759,0.0,1.0,1.1280519199999617,888531,5,cos(x1);sin(x1);x1^3,2.927 + 1.076·sin(x₁) - 3.27·cos(x₁) + 1.132·x₁³,target federated MSE reached; no replacement passed the federated certificate
poly3,complementary,0.1,300,4,9020,centralized-tree-gp,0.0,0.3333333333333333,0.3333333333333333,0.002121969809570474,0.8401833431095376,1.0,1.0,1.1878030879997823,0,1602,"expr:sin(mul(cos(x4),x1));expr:square(add(x1,x1));x1^3",0.01817 + 1.14*((x1)^2*x1) + 0.8632*sin((cos(x4)*x1)) + 0.2435*((x1+x1))^2,generation budget reached
poly3,complementary,0.1,300,4,9020,federated-tree-gp-style,0.0,0.3333333333333333,0.3333333333333333,0.0021219698095704662,0.8401833431095376,1.0,1.0,1.175885943999674,640768,1602,"expr:sin(mul(cos(x4),x1));expr:square(add(x1,x1));x1^3",0.01817 + 1.14*((x1)^2*x1) + 0.8632*sin((cos(x4)*x1)) + 0.2435*((x1+x1))^2,generation budget reached
poly3,complementary,0.1,300,4,9020,centralized-residual-counterexample-gp,0.0,0.3333333333333333,0.3333333333333333,0.004012793268362115,0.9392316679093388,0.0,1.0,0.9241470679999111,0,1583,"expr:cos(add(cos(x3),x1));expr:square(add(x1,x1));x1^3",0.5553 - 0.7788*cos((cos(x3)+x1)) + 1.177*((x1)^2*x1) + 0.1965*((x1+x1))^2,generation budget reached
poly3,spurious,0.03,300,4,9016,fedfalsify-v05,1.0,1.0,1.0,8.918147408025014e-06,0.053782248787894095,0.0,1.0,0.3710355040002469,267937,6,x1;x1^2;x1^3,0.01577 + 1.007·x₁ + 1.002·x₁³ + 0.9947·x₁²,target federated MSE reached; no replacement passed the federated certificate
poly3,spurious,0.03,300,4,9016,centralized-tree-gp,0.0,0.25,0.3333333333333333,0.00017703976468491468,0.05854580348821112,0.0,1.0,0.8374656939995475,0,1553,"expr:add(cos(x1),sin(x1));expr:add(x1,x1);expr:square(add(square(x1),x1));x1^3",1.901 - 1.874*(cos(x1)+sin(x1)) + 1.367*(x1+x1) + 0.669*((x1)^2*x1) + 0.06349*(((x1)^2+x1))^2,generation budget reached
poly3,spurious,0.03,300,4,9016,federated-tree-gp-style,0.0,0.25,0.3333333333333333,0.00017703976468489907,0.058545803488211125,0.0,1.0,1.0411228270004358,596672,1553,"expr:add(cos(x1),sin(x1));expr:add(x1,x1);expr:square(add(square(x1),x1));x1^3",1.901 - 1.874*(cos(x1)+sin(x1)) + 1.367*(x1+x1) + 0.669*((x1)^2*x1) + 0.06349*(((x1)^2+x1))^2,generation budget reached
poly3,spurious,0.03,300,4,9016,centralized-residual-counterexample-gp,0.0,0.5,0.6666666666666666,0.002604898441871737,0.25642313659878535,0.0,1.0,0.8764483089998976,0,1593,"expr:add(sin(x3),square(x1));expr:square(add(square(x1),x1));x1;x1^3",0.4294 + 0.3741*(sin(x3)+(x1)^2) + 0.8239*((x1)^2*x1) + 0.07986*(((x1)^2+x1))^2 + 1.02*x1,generation budget reached
poly3,spurious,0.03,300,4,9017,fedfalsify-v05,1.0,1.0,1.0,5.27039960006487e-06,0.057866961965897704,0.0,1.0,0.3982860280002569,267763,6,x1;x1^2;x1^3,-0.006405 + 1.017·x₁ + 0.995·x₁³ + 1.001·x₁²,target federated MSE reached; no replacement passed the federated certificate
poly3,spurious,0.03,300,4,9017,centralized-tree-gp,0.0,0.25,0.3333333333333333,0.0008437929999056789,0.15301791045305327,1.0,1.0,0.8662195420001808,0,1594,"expr:add(cos(x4),square(x1));expr:add(x1,x1);expr:sin(add(cos(x4),square(x4)));x1^3",0.01149 + 1.007*(cos(x4)+(x1)^2) + 0.5639*(x1+x1) + 0.9668*((x1)^2*x1) - 0.8258*sin((cos(x4)+(x4)^2)),generation budget reached
poly3,spurious,0.03,300,4,9017,federated-tree-gp-style,0.0,0.25,0.3333333333333333,0.0008437929999056753,0.15301791045305327,1.0,1.0,1.0927716449996296,637440,1594,"expr:add(cos(x4),square(x1));expr:add(x1,x1);expr:sin(add(cos(x4),square(x4)));x1^3",0.01149 + 1.007*(cos(x4)+(x1)^2) + 0.5639*(x1+x1) + 0.9668*((x1)^2*x1) - 0.8258*sin((cos(x4)+(x4)^2)),generation budget reached
poly3,spurious,0.03,300,4,9017,centralized-residual-counterexample-gp,0.0,0.5,0.6666666666666666,5.5328759986934265e-06,0.057865348696272,1.0,1.0,0.900648750000073,0,1608,"expr:add(cos(x4),cos(x4));expr:add(cos(x4),square(x1));x1;x1^3",-0.00866 - 0.4989*(cos(x4)+cos(x4)) + 1.001*(cos(x4)+(x1)^2) + 0.9949*((x1)^2*x1) + 1.017*x1,generation budget reached
poly3,spurious,0.03,300,4,9018,fedfalsify-v05,1.0,1.0,1.0,1.544780506549083e-06,0.061751812695620696,0.0,1.0,0.3586036460001196,267232,6,x1;x1^2;x1^3,-0.01018 + 0.9901·x₁ + 1.001·x₁³ + 0.9993·x₁²,target federated MSE reached; no replacement passed the federated certificate
poly3,spurious,0.03,300,4,9018,centralized-tree-gp,0.0,0.5,0.3333333333333333,1.6016155630169816e-06,0.0617878213514446,0.0,1.0,1.0842580369999268,0,1582,"expr:add(square(x1),x1);x1^3",-0.00858 + 0.9987*((x1)^2+x1) + 0.9994*((x1)^2*x1),generation budget reached
poly3,spurious,0.03,300,4,9018,federated-tree-gp-style,0.0,0.5,0.3333333333333333,1.6016155630162089e-06,0.06178782135144463,0.0,1.0,1.7922745610003403,607360,1582,"expr:add(square(x1),x1);x1^3",-0.00858 + 0.9987*((x1)^2+x1) + 0.9994*((x1)^2*x1),generation budget reached
poly3,spurious,0.03,300,4,9018,centralized-residual-counterexample-gp,0.0,0.25,0.3333333333333333,0.0030364210591400155,0.21415501787603972,1.0,1.0,1.479946041000403,0,1624,"expr:add(cos(x4),square(x1));expr:add(sin(x1),sin(x1));expr:cos(x4);x1",-0.1477 + 1.055*(cos(x4)+(x1)^2) - 4.623*(sin(x1)+sin(x1)) - 0.9395*cos(x4) + 9.487*x1,generation budget reached
poly3,spurious,0.03,300,4,9019,fedfalsify-v05,1.0,1.0,1.0,4.0573604982658795e-07,0.05770941233690936,0.0,1.0,0.477092920999894,238059,5,x1;x1^2;x1^3,0.004818 + 1.004·x₁ + 0.9976·x₁² + 0.9991·x₁³,target federated MSE reached; no replacement passed the federated certificate
poly3,spurious,0.03,300,4,9019,centralized-tree-gp,0.0,0.25,0.3333333333333333,0.00307160995827723,0.21894109165750023,1.0,1.0,1.061330683000051,0,1557,"expr:mul(square(x4),x1);expr:square(add(cos(x4),x1));expr:square(add(sin(x3),square(x1)));x1^3",-0.1236 + 0.9331*((x1)^2*x1) + 0.4311*((x4)^2*x1) + 0.6729*((cos(x4)+x1))^2 + 0.04639*((sin(x3)+(x1)^2))^2,generation budget reached
poly3,spurious,0.03,300,4,9019,federated-tree-gp-style,0.0,0.25,0.3333333333333333,0.003071609958277376,0.21894109165750023,1.0,1.0,1.0829961780000303,599744,1557,"expr:mul(square(x4),x1);expr:square(add(cos(x4),x1));expr:square(add(sin(x3),square(x1)));x1^3",-0.1236 + 0.9331*((x1)^2*x1) + 0.4311*((x4)^2*x1) + 0.6729*((cos(x4)+x1))^2 + 0.04639*((sin(x3)+(x1)^2))^2,generation budget reached
poly3,spurious,0.03,300,4,9019,centralized-residual-counterexample-gp,0.0,0.25,0.3333333333333333,0.002348182326934495,0.16852010314463944,1.0,1.0,0.8751508000004833,0,1571,"expr:mul(square(x4),x1);expr:square(add(cos(x4),x1));expr:square(add(square(x1),x1));x1^3",-0.08744 + 0.8496*((x1)^2*x1) + 0.4073*((x4)^2*x1) + 0.603*((cos(x4)+x1))^2 + 0.05341*(((x1)^2+x1))^2,generation budget reached
poly3,spurious,0.03,300,4,9020,fedfalsify-v05,1.0,1.0,1.0,6.280879934505533e-07,0.06038103532410953,0.0,1.0,0.8365392920004524,834733,6,x1;x1^2;x1^3,-0.002944 + 1.009·x₁ + 0.998·x₁³ + 0.9999·x₁²,no sufficiently supported counterexample repair; no replacement passed the federated certificate
poly3,spurious,0.03,300,4,9020,centralized-tree-gp,0.0,0.25,0.3333333333333333,3.163200889934395e-05,0.06107335260597914,0.0,1.0,0.859304126999632,0,1598,"expr:add(sin(x1),x1);expr:add(square(x1),x3);expr:add(x1,x3);x1^3",0.0007766 + 1.042*(sin(x1)+x1) + 0.9962*((x1)^2+x3) - 0.9854*(x1+x3) + 1.109*((x1)^2*x1),generation budget reached
poly3,spurious,0.03,300,4,9020,federated-tree-gp-style,0.0,0.25,0.3333333333333333,3.163200889933733e-05,0.06107335260597916,0.0,1.0,1.115652245000092,650368,1598,"expr:add(sin(x1),x1);expr:add(square(x1),x3);expr:add(x1,x3);x1^3",0.0007766 + 1.042*(sin(x1)+x1) + 0.9962*((x1)^2+x3) - 0.9854*(x1+x3) + 1.109*((x1)^2*x1),generation budget reached
poly3,spurious,0.03,300,4,9020,centralized-residual-counterexample-gp,0.0,0.25,0.3333333333333333,3.163200889934395e-05,0.06107335260597914,0.0,1.0,0.882142429999476,0,1581,"expr:add(sin(x1),x1);expr:add(square(x1),x3);expr:add(x1,x3);x1^3",0.0007766 + 1.042*(sin(x1)+x1) + 0.9962*((x1)^2+x3) - 0.9854*(x1+x3) + 1.109*((x1)^2*x1),generation budget reached
poly3,spurious,0.1,300,4,9016,fedfalsify-v05,0.0,0.6666666666666666,0.6666666666666666,0.00019918308620324324,0.5994481824895623,0.0,1.0,1.0030071099999986,1243427,6,sin(x1);x1^2;x1^3,0.05889 + 1.114·sin(x₁) + 1.128·x₁³ + 0.9773·x₁²,target federated MSE reached; no replacement passed the federated certificate
poly3,spurious,0.1,300,4,9016,centralized-tree-gp,0.0,0.25,0.3333333333333333,0.0005657403215215695,0.6239294001413032,0.0,1.0,0.8551206550000643,0,1590,"expr:add(x1,x1);expr:sin(add(cos(x1),sin(x1)));expr:square(add(square(x1),x1));x1^3",1.755 + 1.296*(x1+x1) + 0.6658*((x1)^2*x1) - 2.126*sin((cos(x1)+sin(x1))) + 0.07198*(((x1)^2+x1))^2,generation budget reached
poly3,spurious,0.1,300,4,9016,federated-tree-gp-style,0.0,0.25,0.3333333333333333,0.000565740321521615,0.6239294001413032,0.0,1.0,1.108131869999852,631808,1590,"expr:add(x1,x1);expr:sin(add(cos(x1),sin(x1)));expr:square(add(square(x1),x1));x1^3",1.755 + 1.296*(x1+x1) + 0.6658*((x1)^2*x1) - 2.126*sin((cos(x1)+sin(x1))) + 0.07198*(((x1)^2+x1))^2,generation budget reached
poly3,spurious,0.1,300,4,9016,centralized-residual-counterexample-gp,0.0,0.25,0.3333333333333333,0.0013470437552363904,0.6751095844019649,0.0,1.0,0.976421794000089,0,1574,"expr:add(x1,x1);expr:square(add(square(x1),x1));expr:square(mul(square(x1),square(x1)));x1^3",0.4657 + 0.4656*(x1+x1) + 0.6444*((x1)^2*x1) + 0.1927*(((x1)^2+x1))^2 - 0.001637*(((x1)^2*(x1)^2))^2,generation budget reached
poly3,spurious,0.1,300,4,9017,fedfalsify-v05,0.0,0.6666666666666666,0.6666666666666666,0.003969690250308474,0.8229546987043165,0.0,1.0,0.7591842680003538,562278,5,cos(x1);x1;x1^3,2.947 + 1.034·x₁ - 3.301·cos(x₁) + 0.9997·x₁³,target federated MSE reached; no replacement passed the federated certificate
poly3,spurious,0.1,300,4,9017,centralized-tree-gp,0.0,0.5,0.6666666666666666,5.73994907591859e-05,0.6428719714432628,0.0,1.0,1.3257233610002004,0,1579,"expr:add(x1,x1);expr:square(add(square(x1),x1));x1^2;x1^3",-0.03018 + 0.5275*(x1+x1) + 0.9881*((x1)^2*x1) - 0.002197*(((x1)^2+x1))^2 + 1.018*(x1)^2,generation budget reached
poly3,spurious,0.1,300,4,9017,federated-tree-gp-style,0.0,0.5,0.6666666666666666,5.7399490759191264e-05,0.6428719714432628,0.0,1.0,1.7707218949999515,624640,1579,"expr:add(x1,x1);expr:square(add(square(x1),x1));x1^2;x1^3",-0.03018 + 0.5275*(x1+x1) + 0.9881*((x1)^2*x1) - 0.002197*(((x1)^2+x1))^2 + 1.018*(x1)^2,generation budget reached
poly3,spurious,0.1,300,4,9017,centralized-residual-counterexample-gp,0.0,0.0,0.0,0.0042070901794376845,0.9335575616850845,1.0,1.0,1.1449964319999708,0,1570,"expr:add(x1,x4);expr:square(add(cos(x1),square(x1)));expr:square(add(cos(x4),x1));expr:square(add(square(x1),x1))",0.9594 + 0.1852*(x1+x4) - 0.7265*((cos(x1)+(x1)^2))^2 + 0.2463*((cos(x4)+x1))^2 + 0.5568*(((x1)^2+x1))^2,generation budget reached
poly3,spurious,0.1,300,4,9018,fedfalsify-v05,1.0,1.0,1.0,1.7164227839531994e-05,0.6861312521735635,0.0,1.0,1.0626195609993374,1240828,6,x1;x1^2;x1^3,-0.03393 + 0.9668·x₁ + 1.003·x₁³ + 0.9976·x₁²,target federated MSE reached; no replacement passed the federated certificate
poly3,spurious,0.1,300,4,9018,centralized-tree-gp,0.0,0.5,0.3333333333333333,1.7795728473178845e-05,0.6865313483493848,0.0,1.0,0.7368260169996574,0,1489,"expr:add(square(x1),x1);x1^3",-0.0286 + 0.9955*((x1)^2+x1) + 0.9981*((x1)^2*x1),generation budget reached
poly3,spurious,0.1,300,4,9018,federated-tree-gp-style,0.0,0.5,0.3333333333333333,1.7795728473175762e-05,0.6865313483493847,0.0,1.0,0.9752506240001821,519872,1489,"expr:add(square(x1),x1);x1^3",-0.0286 + 0.9955*((x1)^2+x1) + 0.9981*((x1)^2*x1),generation budget reached
poly3,spurious,0.1,300,4,9018,centralized-residual-counterexample-gp,0.0,0.25,0.3333333333333333,0.000931604429363533,0.7226673354545625,0.0,1.0,0.8961389389996839,0,1575,"expr:add(cos(x1),x1);expr:add(x1,x1);expr:cos(mul(cos(x1),cos(x1)));x1^3",5.269 - 3.698*(cos(x1)+x1) + 2.308*(x1+x1) - 2.633*cos((cos(x1)*cos(x1))) + 1.022*((x1)^2*x1),generation budget reached
poly3,spurious,0.1,300,4,9019,fedfalsify-v05,1.0,1.0,1.0,4.508178330067933e-06,0.6412156926323265,0.0,1.0,0.7746845360006773,888937,5,x1;x1^2;x1^3,0.01606 + 1.014·x₁ + 0.9921·x₁² + 0.997·x₁³,target federated MSE reached; no replacement passed the federated certificate
poly3,spurious,0.1,300,4,9019,centralized-tree-gp,0.0,0.5,0.3333333333333333,2.5330952858124804e-06,0.6414107880289289,0.0,1.0,0.7692179699997723,0,1528,"expr:add(square(x1),x1);x1^3",0.01156 + 0.9937*((x1)^2+x1) + 1.001*((x1)^2*x1),generation budget reached
poly3,spurious,0.1,300,4,9019,federated-tree-gp-style,0.0,0.5,0.3333333333333333,2.5330952858114996e-06,0.6414107880289288,0.0,1.0,1.0561602629995832,550720,1528,"expr:add(square(x1),x1);x1^3",0.01156 + 0.9937*((x1)^2+x1) + 1.001*((x1)^2*x1),generation budget reached
poly3,spurious,0.1,300,4,9019,centralized-residual-counterexample-gp,0.0,0.5,0.3333333333333333,2.5330952858124804e-06,0.6414107880289289,0.0,1.0,0.8451745120000851,0,1513,"expr:add(square(x1),x1);x1^3",0.01156 + 0.9937*((x1)^2+x1) + 1.001*((x1)^2*x1),generation budget reached
poly3,spurious,0.1,300,4,9020,fedfalsify-v05,1.0,1.0,1.0,6.978755492451343e-06,0.6709003924901057,0.0,1.0,1.2926537040002586,1567018,6,x1;x1^2;x1^3,-0.009814 + 1.03·x₁ + 0.9995·x₁² + 0.9932·x₁³,target federated MSE reached; no replacement passed the federated certificate
poly3,spurious,0.1,300,4,9020,centralized-tree-gp,0.0,0.25,0.3333333333333333,3.9254415255219425e-05,0.6679589605171959,0.0,1.0,0.9028821299998526,0,1626,"expr:add(sin(x1),x1);expr:add(square(x1),x3);expr:add(x1,x3);x1^3",-0.006273 + 1.044*(sin(x1)+x1) + 0.9962*((x1)^2+x3) - 0.9668*(x1+x3) + 1.104*((x1)^2*x1),generation budget reached
poly3,spurious,0.1,300,4,9020,federated-tree-gp-style,0.0,0.25,0.3333333333333333,3.9254415255212303e-05,0.6679589605171958,0.0,1.0,1.901315679999243,681024,1626,"expr:add(sin(x1),x1);expr:add(square(x1),x3);expr:add(x1,x3);x1^3",-0.006273 + 1.044*(sin(x1)+x1) + 0.9962*((x1)^2+x3) - 0.9668*(x1+x3) + 1.104*((x1)^2*x1),generation budget reached
poly3,spurious,0.1,300,4,9020,centralized-residual-counterexample-gp,0.0,0.25,0.3333333333333333,3.9254415255219425e-05,0.6679589605171959,0.0,1.0,1.5769498330000715,0,1626,"expr:add(sin(x1),x1);expr:add(square(x1),x3);expr:add(x1,x3);x1^3",-0.006273 + 1.044*(sin(x1)+x1) + 0.9962*((x1)^2+x3) - 0.9668*(x1+x3) + 1.104*((x1)^2*x1),generation budget reached
poly3,exception,0.03,300,4,9016,fedfalsify-v05,1.0,1.0,1.0,1.393739533060122e-06,0.056403220871032216,0.0,1.0,0.654900391999945,307904,7,I(x3>1)*x3^2;x1;x1^2;x1^3,0.005553 + 0.9851·x₁ + 0.7512·𝟙[x₃>1]·x₃² + 1.003·x₁³ + 0.9969·x₁²,target federated MSE reached; no replacement passed the federated certificate
poly3,exception,0.03,300,4,9016,centralized-tree-gp,0.0,0.25,0.25,0.009295691546648293,0.8424062891587276,1.0,0.0,1.1648154040003647,0,1620,"expr:add(cos(x1),square(x1));expr:add(sin(x1),x1);expr:add(sin(x4),x3);x1",-0.7443 + 1.51*(cos(x1)+(x1)^2) - 9.291*(sin(x1)+x1) + 0.5113*(sin(x4)+x3) + 18.93*x1,generation budget reached
poly3,exception,0.03,300,4,9016,federated-tree-gp-style,0.0,0.25,0.25,0.009295691546648912,0.8424062891587276,1.0,0.0,1.1352252079996106,662400,1620,"expr:add(cos(x1),square(x1));expr:add(sin(x1),x1);expr:add(sin(x4),x3);x1",-0.7443 + 1.51*(cos(x1)+(x1)^2) - 9.291*(sin(x1)+x1) + 0.5113*(sin(x4)+x3) + 18.93*x1,generation budget reached
poly3,exception,0.03,300,4,9016,centralized-residual-counterexample-gp,0.0,0.0,0.0,0.012862937301825323,1.1034387628649074,1.0,0.0,0.9558413760005351,0,1614,"expr:add(cos(x4),square(x1));expr:add(sin(x1),x2);expr:add(x1,x2);expr:square(add(square(x1),square(x3)))",0.1763 + 0.6706*(cos(x4)+(x1)^2) - 9.49*(sin(x1)+x2) + 9.702*(x1+x2) + 0.03462*(((x1)^2+(x3)^2))^2,generation budget reached
poly3,exception,0.03,300,4,9017,fedfalsify-v05,1.0,1.0,1.0,1.0727248995612492e-05,0.06124807096240305,0.0,1.0,0.4628129809998427,308271,7,I(x3>1)*x3^2;x1;x1^2;x1^3,0.007648 + 0.9927·x₁ + 0.7508·𝟙[x₃>1]·x₃² + 1.005·x₁³ + 0.9955·x₁²,target federated MSE reached; no replacement passed the federated certificate
poly3,exception,0.03,300,4,9017,centralized-tree-gp,0.0,0.0,0.0,0.011945781970376861,1.1335993859634284,0.0,0.0,0.9752376430005825,0,1618,"expr:add(sin(x1),sin(x2));expr:add(sin(x1),square(x1));expr:add(sin(x2),x1);expr:square(add(square(x1),square(x3)))",0.526 - 9.483*(sin(x1)+sin(x2)) + 0.6451*(sin(x1)+(x1)^2) + 9.531*(sin(x2)+x1) + 0.0358*(((x1)^2+(x3)^2))^2,generation budget reached
poly3,exception,0.03,300,4,9017,federated-tree-gp-style,0.0,0.0,0.0,0.011945781970376913,1.1335993859634281,0.0,0.0,1.2008175729997674,668928,1618,"expr:add(sin(x1),sin(x2));expr:add(sin(x1),square(x1));expr:add(sin(x2),x1);expr:square(add(square(x1),square(x3)))",0.526 - 9.483*(sin(x1)+sin(x2)) + 0.6451*(sin(x1)+(x1)^2) + 9.531*(sin(x2)+x1) + 0.0358*(((x1)^2+(x3)^2))^2,generation budget reached
poly3,exception,0.03,300,4,9017,centralized-residual-counterexample-gp,0.0,0.0,0.0,0.016171193356691177,1.1956291642329242,0.0,0.0,0.9693410240006415,0,1620,"expr:add(sin(x1),sin(x3));expr:add(sin(x3),x1);expr:square(add(cos(x2),square(x3)));expr:square(add(square(x1),square(x3)))",1.184 - 8.378*(sin(x1)+sin(x3)) + 9.113*(sin(x3)+x1) - 0.05724*((cos(x2)+(x3)^2))^2 + 0.08327*(((x1)^2+(x3)^2))^2,generation budget reached
poly3,exception,0.03,300,4,9018,fedfalsify-v05,1.0,1.0,1.0,2.3921255962240114e-06,0.061932921827433346,0.0,1.0,1.2278717999997752,1320298,8,I(x3>1)*x3^2;x1;x1^2;x1^3,0.00925 + 0.745·𝟙[x₃>1]·x₃² + 0.9964·x₁³ + 0.9978·x₁² + 1.017·x₁,no sufficiently supported counterexample repair; no replacement passed the federated certificate
poly3,exception,0.03,300,4,9018,centralized-tree-gp,0.0,0.0,0.0,0.005577223288238252,0.47253266612062694,0.0,0.0,0.8397074309996242,0,1577,"expr:add(sin(x1),sin(x2));expr:add(sin(x2),x1);expr:add(square(x1),x3);expr:add(square(x3),square(x3))",0.1081 - 9.327*(sin(x1)+sin(x2)) + 9.401*(sin(x2)+x1) + 0.9069*((x1)^2+x3) + 0.205*((x3)^2+(x3)^2),generation budget reached
poly3,exception,0.03,300,4,9018,federated-tree-gp-style,0.0,0.0,0.0,0.005577223288238161,0.47253266612062705,0.0,0.0,1.0796171570000297,620928,1577,"expr:add(sin(x1),sin(x2));expr:add(sin(x2),x1);expr:add(square(x1),x3);expr:add(square(x3),square(x3))",0.1081 - 9.327*(sin(x1)+sin(x2)) + 9.401*(sin(x2)+x1) + 0.9069*((x1)^2+x3) + 0.205*((x3)^2+(x3)^2),generation budget reached
poly3,exception,0.03,300,4,9018,centralized-residual-counterexample-gp,0.0,0.0,0.0,0.005577223288238252,0.47253266612062694,0.0,0.0,1.0876374460003717,0,1619,"expr:add(sin(x1),sin(x2));expr:add(sin(x2),x1);expr:add(square(x1),x3);expr:add(square(x3),square(x3))",0.1081 - 9.327*(sin(x1)+sin(x2)) + 9.401*(sin(x2)+x1) + 0.9069*((x1)^2+x3) + 0.205*((x3)^2+(x3)^2),generation budget reached
poly3,exception,0.03,300,4,9019,fedfalsify-v05,1.0,1.0,1.0,3.4958350028317433e-06,0.05743002374938564,0.0,1.0,0.6513011150000239,307802,7,I(x3>1)*x3^2;x1;x1^2;x1^3,-0.002775 + 1.024·x₁ + 0.7535·𝟙[x₃>1]·x₃² + 0.9952·x₁³ + 1.002·x₁²,target federated MSE reached; no replacement passed the federated certificate
poly3,exception,0.03,300,4,9019,centralized-tree-gp,0.0,0.25,0.25,0.006061019912478704,0.5859401020207723,0.0,0.0,1.3577292279996982,0,1593,"expr:add(square(x1),x1);expr:sin(add(cos(x3),sin(x3)));expr:square(add(cos(x1),square(x3)));x1^3",-0.5537 + 1.132*((x1)^2+x1) + 1.017*((x1)^2*x1) + 0.9371*sin((cos(x3)+sin(x3))) + 0.09186*((cos(x1)+(x3)^2))^2,generation budget reached
poly3,exception,0.03,300,4,9019,federated-tree-gp-style,0.0,0.25,0.25,0.006061019912478683,0.5859401020207723,0.0,0.0,1.7746052419997795,617344,1593,"expr:add(square(x1),x1);expr:sin(add(cos(x3),sin(x3)));expr:square(add(cos(x1),square(x3)));x1^3",-0.5537 + 1.132*((x1)^2+x1) + 1.017*((x1)^2*x1) + 0.9371*sin((cos(x3)+sin(x3))) + 0.09186*((cos(x1)+(x3)^2))^2,generation budget reached
poly3,exception,0.03,300,4,9019,centralized-residual-counterexample-gp,0.0,0.25,0.25,0.006061019912478704,0.5859401020207723,0.0,0.0,1.0529192770000009,0,1560,"expr:add(square(x1),x1);expr:sin(add(cos(x3),sin(x3)));expr:square(add(cos(x1),square(x3)));x1^3",-0.5537 + 1.132*((x1)^2+x1) + 1.017*((x1)^2*x1) + 0.9371*sin((cos(x3)+sin(x3))) + 0.09186*((cos(x1)+(x3)^2))^2,generation budget reached
poly3,exception,0.03,300,4,9020,fedfalsify-v05,1.0,1.0,1.0,1.5581076494839127e-06,0.060592331122018096,0.0,1.0,0.46505536299991945,308256,7,I(x3>1)*x3^2;x1;x1^2;x1^3,0.0003822 + 1.012·x₁ + 0.7516·𝟙[x₃>1]·x₃² + 0.997·x₁³ + 0.9982·x₁²,target federated MSE reached; no replacement passed the federated certificate
poly3,exception,0.03,300,4,9020,centralized-tree-gp,0.0,0.25,0.25,0.003568169929341246,0.47952514311485783,0.0,0.0,0.9046222940005464,0,1593,"expr:add(cos(x3),sin(x1));expr:add(sin(x1),sin(x1));expr:add(sin(x3),square(x1));x1^3",1.014 - 1.178*(cos(x3)+sin(x1)) + 1.131*(sin(x1)+sin(x1)) + 1.004*(sin(x3)+(x1)^2) + 1.137*((x1)^2*x1),generation budget reached
poly3,exception,0.03,300,4,9020,federated-tree-gp-style,0.0,0.25,0.25,0.0035681699293411717,0.47952514311485783,0.0,0.0,1.1899964750000436,652160,1593,"expr:add(cos(x3),sin(x1));expr:add(sin(x1),sin(x1));expr:add(sin(x3),square(x1));x1^3",1.014 - 1.178*(cos(x3)+sin(x1)) + 1.131*(sin(x1)+sin(x1)) + 1.004*(sin(x3)+(x1)^2) + 1.137*((x1)^2*x1),generation budget reached
poly3,exception,0.03,300,4,9020,centralized-residual-counterexample-gp,0.0,0.25,0.25,0.0029653828917643116,0.4369834338170625,0.0,0.0,0.947040134999952,0,1607,"expr:add(square(x1),x3);expr:add(x1,x1);expr:mul(cos(x3),square(x3));x1^3",0.6676 + 0.8889*((x1)^2+x3) + 0.5117*(x1+x1) - 0.48*(cos(x3)*(x3)^2) + 0.9924*((x1)^2*x1),generation budget reached
poly3,exception,0.1,300,4,9016,fedfalsify-v05,0.0,0.5,0.5,0.0043404875765951974,0.7724636070545476,0.0,1.0,0.9258200000003853,948069,6,I(x3>1)*x3^2;cos(x1);sin(x1);x1^3,2.911 + 0.9994·sin(x₁) + 0.7763·𝟙[x₃>1]·x₃² - 3.238·cos(x₁) + 1.137·x₁³,target federated MSE reached; no replacement passed the federated certificate
poly3,exception,0.1,300,4,9016,centralized-tree-gp,0.0,0.5,0.5,0.0042759349523342,1.0125616101383408,1.0,1.0,0.8719083799996952,0,1585,"I(x3>1)*x3^2;expr:add(cos(x4),square(x1));expr:cos(x4);x1^3",0.05454 + 0.9559*(cos(x4)+(x1)^2) - 1.016*cos(x4) + 0.7663*I(x3>1)*((x3)^2) + 1.192*((x1)^2*x1),generation budget reached
poly3,exception,0.1,300,4,9016,federated-tree-gp-style,0.0,0.5,0.5,0.004275934952334183,1.0125616101383412,1.0,1.0,1.0970215369998186,646080,1585,"I(x3>1)*x3^2;expr:add(cos(x4),square(x1));expr:cos(x4);x1^3",0.05454 + 0.9559*(cos(x4)+(x1)^2) - 1.016*cos(x4) + 0.7663*I(x3>1)*((x3)^2) + 1.192*((x1)^2*x1),generation budget reached
poly3,exception,0.1,300,4,9016,centralized-residual-counterexample-gp,0.0,0.5,0.5,0.004309419316941504,1.0190065515495317,1.0,1.0,0.9215865289997964,0,1594,"I(x3>1)*x3^2;expr:add(cos(x4),square(x1));expr:add(square(x1),square(x4));x1^3",-0.6514 + 0.7145*(cos(x4)+(x1)^2) + 0.2381*((x1)^2+(x4)^2) + 0.7673*I(x3>1)*((x3)^2) + 1.191*((x1)^2*x1),generation budget reached
poly3,exception,0.1,300,4,9017,fedfalsify-v05,1.0,1.0,1.0,0.00011919165546832621,0.6805341218044784,0.0,1.0,1.4509886879995975,1630070,7,I(x3>1)*x3^2;x1;x1^2;x1^3,0.02549 + 0.9757·x₁ + 0.7527·𝟙[x₃>1]·x₃² + 0.9849·x₁² + 1.016·x₁³,target federated MSE reached; no replacement passed the federated certificate
poly3,exception,0.1,300,4,9017,centralized-tree-gp,0.0,0.25,0.25,0.008332162860205009,1.5300109829909387,0.0,0.0,1.022492852999676,0,1609,"expr:add(sin(x1),sin(x3));expr:add(sin(x2),square(x1));expr:mul(cos(x3),square(x3));x1^3",0.7963 + 0.8495*(sin(x1)+sin(x3)) + 0.8985*(sin(x2)+(x1)^2) - 0.426*(cos(x3)*(x3)^2) + 1.163*((x1)^2*x1),generation budget reached
poly3,exception,0.1,300,4,9017,federated-tree-gp-style,0.0,0.25,0.25,0.00833216286020496,1.530010982990939,0.0,0.0,1.838280558000406,647488,1609,"expr:add(sin(x1),sin(x3));expr:add(sin(x2),square(x1));expr:mul(cos(x3),square(x3));x1^3",0.7963 + 0.8495*(sin(x1)+sin(x3)) + 0.8985*(sin(x2)+(x1)^2) - 0.426*(cos(x3)*(x3)^2) + 1.163*((x1)^2*x1),generation budget reached
poly3,exception,0.1,300,4,9017,centralized-residual-counterexample-gp,0.0,0.25,0.25,0.006536846359712669,1.307093984483341,0.0,0.0,1.4139884899996105,0,1604,"expr:add(sin(x1),square(x3));expr:square(add(square(x1),x1));x1^3;x3",0.4822 + 0.4665*(sin(x1)+(x3)^2) + 0.9212*((x1)^2*x1) + 0.1225*(((x1)^2+x1))^2 + 0.6411*x3,generation budget reached
poly3,exception,0.1,300,4,9018,fedfalsify-v05,0.0,0.75,0.75,0.0041657590555853686,0.8884562263898954,0.0,1.0,1.3131308339998213,919539,6,I(x3>1)*x3^2;cos(x1);x1;x1^3,2.922 + 1.034·x₁ + 0.7659·𝟙[x₃>1]·x₃² - 3.238·cos(x₁) + 0.9974·x₁³,target federated MSE reached; no replacement passed the federated certificate
poly3,exception,0.1,300,4,9018,centralized-tree-gp,0.0,0.25,0.25,0.01137216012967956,1.3920591058280758,0.0,0.0,0.8949491659996056,0,1621,"expr:add(sin(x1),x3);expr:square(add(cos(x1),cos(x1)));expr:square(add(square(x1),square(x3)));x1^3",1.617 + 0.7716*(sin(x1)+x3) + 1.085*((x1)^2*x1) - 0.3208*((cos(x1)+cos(x1)))^2 + 0.06989*(((x1)^2+(x3)^2))^2,generation budget reached
poly3,exception,0.1,300,4,9018,federated-tree-gp-style,0.0,0.25,0.25,0.011372160129679489,1.3920591058280753,0.0,0.0,1.1666484670004138,660160,1621,"expr:add(sin(x1),x3);expr:square(add(cos(x1),cos(x1)));expr:square(add(square(x1),square(x3)));x1^3",1.617 + 0.7716*(sin(x1)+x3) + 1.085*((x1)^2*x1) - 0.3208*((cos(x1)+cos(x1)))^2 + 0.06989*(((x1)^2+(x3)^2))^2,generation budget reached
poly3,exception,0.1,300,4,9018,centralized-residual-counterexample-gp,0.0,0.25,0.25,0.009511710668656042,1.5621112218423183,0.0,0.0,0.8948135900000125,0,1598,"expr:mul(sin(x1),x1);expr:square(add(square(x1),x3));expr:square(add(square(x3),x3));x1^3",-0.0426 + 1.358*(sin(x1)*x1) + 1.147*((x1)^2*x1) + 0.0864*(((x1)^2+x3))^2 + 0.05238*(((x3)^2+x3))^2,generation budget reached
poly3,exception,0.1,300,4,9019,fedfalsify-v05,1.0,1.0,1.0,3.8842611177851504e-05,0.6381113749931739,0.0,1.0,0.635478697000508,611382,6,I(x3>1)*x3^2;x1;x1^2;x1^3,-0.009249 + 1.081·x₁ + 0.7615·𝟙[x₃>1]·x₃² + 1.007·x₁² + 0.9839·x₁³,target federated MSE reached; no replacement passed the federated certificate
poly3,exception,0.1,300,4,9019,centralized-tree-gp,0.0,0.25,0.25,0.006243166065603795,1.4137536100714339,1.0,0.0,0.8440568920004807,0,1586,"expr:add(cos(x4),square(x1));expr:add(x1,x3);expr:square(add(sin(x3),square(x1)));x1^3",0.3919 + 0.7925*(cos(x4)+(x1)^2) + 0.7561*(x1+x3) + 1.049*((x1)^2*x1) + 0.02546*((sin(x3)+(x1)^2))^2,generation budget reached
poly3,exception,0.1,300,4,9019,federated-tree-gp-style,0.0,0.25,0.25,0.00624316606560377,1.4137536100714339,1.0,0.0,1.0789501230001406,622144,1586,"expr:add(cos(x4),square(x1));expr:add(x1,x3);expr:square(add(sin(x3),square(x1)));x1^3",0.3919 + 0.7925*(cos(x4)+(x1)^2) + 0.7561*(x1+x3) + 1.049*((x1)^2*x1) + 0.02546*((sin(x3)+(x1)^2))^2,generation budget reached
poly3,exception,0.1,300,4,9019,centralized-residual-counterexample-gp,0.0,0.5,0.5,0.0011880699153278085,0.78216995625517,0.0,0.0,0.8743187780000881,0,1595,"expr:add(cos(x1),square(x3));expr:add(x1,x3);x1^2;x1^3",-0.3284 + 0.3681*(cos(x1)+(x3)^2) + 0.789*(x1+x3) + 1.034*((x1)^2*x1) + 1.106*(x1*x1),generation budget reached
poly3,exception,0.1,300,4,9020,fedfalsify-v05,0.0,0.5,0.5,0.004317722394789019,0.835387404111111,0.0,1.0,0.9216045780003697,948605,6,I(x3>1)*x3^2;cos(x1);sin(x1);x1^3,2.895 + 1.081·sin(x₁) + 0.7849·𝟙[x₃>1]·x₃² - 3.262·cos(x₁) + 1.128·x₁³,target federated MSE reached; no replacement passed the federated certificate
poly3,exception,0.1,300,4,9020,centralized-tree-gp,0.0,0.75,0.75,0.0023912315176854407,0.8921333933959302,0.0,1.0,0.8613514460002989,0,1608,"I(x3>1)*x3^2;expr:sin(add(sin(x2),x1));x1^2;x1^3",0.1257 + 0.7096*I(x3>1)*((x3)^2) + 1.163*((x1)^2*x1) + 0.7904*sin((sin(x2)+x1)) + 0.9549*(x1)^2,generation budget reached
poly3,exception,0.1,300,4,9020,federated-tree-gp-style,0.0,0.75,0.75,0.002391231517685372,0.8921333933959302,0.0,1.0,1.0984153430008519,664832,1608,"I(x3>1)*x3^2;expr:sin(add(sin(x2),x1));x1^2;x1^3",0.1257 + 0.7096*I(x3>1)*((x3)^2) + 1.163*((x1)^2*x1) + 0.7904*sin((sin(x2)+x1)) + 0.9549*(x1)^2,generation budget reached
poly3,exception,0.1,300,4,9020,centralized-residual-counterexample-gp,0.0,0.5,0.5,0.0026243568716903796,1.0229724676023386,0.0,1.0,1.1235694810002315,0,1574,"I(x3>1)*x3^2;expr:add(sin(x3),square(x1));expr:add(x1,x1);x1^3",0.4086 + 0.9138*(sin(x3)+(x1)^2) + 0.5098*(x1+x1) + 0.5192*I(x3>1)*((x3)^2) + 0.9857*((x1)^2*x1),generation budget reached
nested_sine,complementary,0.03,300,4,9016,fedfalsify-v05,1.0,1.0,1.0,8.463898105282951e-07,0.0007036545959654741,0.0,1.0,0.35573459299939714,210159,4,sin(x1);sin(x1+x1^2),0.0002342 + 0.9989·sin(x₁) + 0.9997·sin(x₁+x₁²),target federated MSE reached; no replacement passed the federated certificate
nested_sine,complementary,0.03,300,4,9016,centralized-tree-gp,0.0,0.0,0.0,0.18424755666366188,0.07870439568963183,0.0,1.0,1.4870736160000888,0,1586,"expr:sin(add(sin(x1),sin(x1)));expr:sin(add(sin(x1),x1));expr:sin(mul(cos(x1),sin(x1)));expr:square(mul(sin(x3),square(x1)))",0.2382 + 6.62*sin((sin(x1)+sin(x1))) - 10.35*sin((sin(x1)+x1)) + 10.29*sin((cos(x1)*sin(x1))) - 0.01337*((sin(x3)*(x1)^2))^2,generation budget reached
nested_sine,complementary,0.03,300,4,9016,federated-tree-gp-style,0.0,0.0,0.0,0.18424755666366618,0.07870439568963183,0.0,1.0,1.9307977219996246,623552,1586,"expr:sin(add(sin(x1),sin(x1)));expr:sin(add(sin(x1),x1));expr:sin(mul(cos(x1),sin(x1)));expr:square(mul(sin(x3),square(x1)))",0.2382 + 6.62*sin((sin(x1)+sin(x1))) - 10.35*sin((sin(x1)+x1)) + 10.29*sin((cos(x1)*sin(x1))) - 0.01337*((sin(x3)*(x1)^2))^2,generation budget reached
nested_sine,complementary,0.03,300,4,9016,centralized-residual-counterexample-gp,0.0,0.25,0.5,0.18252035278854756,0.09304079646593873,0.0,1.0,1.168341199999304,0,1569,"expr:sin(add(sin(x1),sin(x1)));expr:sin(add(sin(x1),x1));expr:square(add(cos(x3),square(x1)));sin(x1)",0.2619 + 1.501*sin((sin(x1)+sin(x1))) + 0.584*sin((sin(x1)+x1)) - 1.222*sin(x1) - 0.009078*((cos(x3)+(x1)^2))^2,generation budget reached
nested_sine,complementary,0.03,300,4,9017,fedfalsify-v05,0.0,0.6666666666666666,1.0,2.1050814169560336e-05,0.0008106592097876079,0.0,1.0,0.25488026499988337,209687,4,sin(x1);sin(x1+x1^2);x1,0.0001077 + 0.003876·x₁ + 0.9997·sin(x₁+x₁²) + 0.9949·sin(x₁),target federated MSE reached; no replacement passed the federated certificate
nested_sine,complementary,0.03,300,4,9017,centralized-tree-gp,0.0,0.0,0.0,0.2846560048620221,0.11816576236370067,0.0,1.0,0.8598895009999978,0,1493,"expr:add(sin(x1),sin(x1));expr:sin(add(sin(x1),sin(x1)));expr:sin(add(sin(x1),x1))",0.215 - 0.6692*(sin(x1)+sin(x1)) + 1.716*sin((sin(x1)+sin(x1))) + 0.4677*sin((sin(x1)+x1)),generation budget reached
nested_sine,complementary,0.03,300,4,9017,federated-tree-gp-style,0.0,0.0,0.0,0.2846560048620217,0.11816576236370067,0.0,1.0,1.0424825840000267,528960,1493,"expr:add(sin(x1),sin(x1));expr:sin(add(sin(x1),sin(x1)));expr:sin(add(sin(x1),x1))",0.215 - 0.6692*(sin(x1)+sin(x1)) + 1.716*sin((sin(x1)+sin(x1))) + 0.4677*sin((sin(x1)+x1)),generation budget reached
nested_sine,complementary,0.03,300,4,9017,centralized-residual-counterexample-gp,0.0,0.0,0.0,0.38191117057043433,0.1580916026269492,0.0,1.0,0.8011134600001242,0,1474,"expr:sin(add(sin(x1),sin(x1)));x1",0.2262 + 1.364*sin((sin(x1)+sin(x1))) - 0.3151*x1,generation budget reached
nested_sine,complementary,0.03,300,4,9018,fedfalsify-v05,1.0,1.0,1.0,2.9636880874729554e-06,0.0007645524321514271,0.0,1.0,0.26049474400042527,210191,4,sin(x1);sin(x1+x1^2),-0.0003994 + 1.002·sin(x₁+x₁²) + 1.001·sin(x₁),target federated MSE reached; no replacement passed the federated certificate
nested_sine,complementary,0.03,300,4,9018,centralized-tree-gp,1.0,1.0,1.0,2.9636880874700366e-06,0.000764552432151427,0.0,1.0,0.8408928040007595,0,1544,sin(x1);sin(x1+x1^2),-0.0003994 + 1.002*sin(((x1)^2+x1)) + 1.001*sin(x1),generation budget reached
nested_sine,complementary,0.03,300,4,9018,federated-tree-gp-style,1.0,1.0,1.0,2.963688087472943e-06,0.000764552432151427,0.0,1.0,1.071866848999889,565696,1544,sin(x1);sin(x1+x1^2),-0.0003994 + 1.002*sin(((x1)^2+x1)) + 1.001*sin(x1),generation budget reached
nested_sine,complementary,0.03,300,4,9018,centralized-residual-counterexample-gp,0.0,0.0,0.0,0.19240813709007057,0.08544268036646888,0.0,1.0,0.965339567999763,0,1580,"expr:mul(cos(x1),square(x1));expr:sin(add(sin(x1),sin(x1)));expr:sin(add(sin(x1),x1));expr:square(add(cos(x1),sin(x1)))",-5.448 + 0.07339*(cos(x1)*(x1)^2) + 7.583*sin((sin(x1)+sin(x1))) - 11.99*sin((sin(x1)+x1)) + 5.685*((cos(x1)+sin(x1)))^2,generation budget reached
nested_sine,complementary,0.03,300,4,9019,fedfalsify-v05,1.0,1.0,1.0,5.681135941218275e-06,0.0007362521632268117,0.0,1.0,0.253097574000094,210264,4,sin(x1);sin(x1+x1^2),0.0008783 + 1.002·sin(x₁) + 0.9977·sin(x₁+x₁²),target federated MSE reached; no replacement passed the federated certificate
nested_sine,complementary,0.03,300,4,9019,centralized-tree-gp,0.0,0.5,0.5,5.681135970646448e-06,0.0007362521632268117,0.0,1.0,0.9251109950000682,0,1583,"expr:add(sin(x1),sin(x1));sin(x1+x1^2)",0.0008783 + 0.501*(sin(x1)+sin(x1)) + 0.9977*sin(((x1)^2+x1)),generation budget reached
nested_sine,complementary,0.03,300,4,9019,federated-tree-gp-style,0.0,0.5,0.5,5.681135970646794e-06,0.0007362521632268116,0.0,1.0,1.1286408939995454,596928,1583,"expr:add(sin(x1),sin(x1));sin(x1+x1^2)",0.0008783 + 0.501*(sin(x1)+sin(x1)) + 0.9977*sin(((x1)^2+x1)),generation budget reached
nested_sine,complementary,0.03,300,4,9019,centralized-residual-counterexample-gp,0.0,0.0,0.0,0.15861292615980907,0.062431987282819144,0.0,1.0,1.111433111000224,0,1593,"expr:sin(add(sin(x1),sin(x1)));expr:sin(add(sin(x1),x1));expr:sin(mul(cos(x1),sin(x1)))",0.2477 + 7.309*sin((sin(x1)+sin(x1))) - 11.52*sin((sin(x1)+x1)) + 11.3*sin((cos(x1)*sin(x1))) - 0.0002606*(((x1)^2*(x1)^2))^2,generation budget reached
nested_sine,complementary,0.03,300,4,9020,fedfalsify-v05,1.0,1.0,1.0,3.5994797149018277e-07,0.0007411767455628291,0.0,1.0,0.35948059800011833,210736,4,sin(x1);sin(x1+x1^2),-0.0001779 + 0.9999·sin(x₁+x₁²) + 1.001·sin(x₁),target federated MSE reached; no replacement passed the federated certificate
nested_sine,complementary,0.03,300,4,9020,centralized-tree-gp,0.0,0.3333333333333333,0.5,0.012419853919848567,0.010855197023954289,0.0,1.0,1.4394468979999147,0,1561,"expr:sin(add(sin(x1),sin(x1)));expr:square(add(square(x1),x1));sin(x1+x1^2)",0.06343 + 0.8722*sin((sin(x1)+sin(x1))) + 0.7768*sin(((x1)^2+x1)) - 0.00209*(((x1)^2+x1))^2,generation budget reached
nested_sine,complementary,0.03,300,4,9020,federated-tree-gp-style,0.0,0.3333333333333333,0.5,0.012419853919848556,0.010855197023954289,0.0,1.0,1.9008706190006706,603328,1561,"expr:sin(add(sin(x1),sin(x1)));expr:square(add(square(x1),x1));sin(x1+x1^2)",0.06343 + 0.8722*sin((sin(x1)+sin(x1))) + 0.7768*sin(((x1)^2+x1)) - 0.00209*(((x1)^2+x1))^2,generation budget reached
nested_sine,complementary,0.03,300,4,9020,centralized-residual-counterexample-gp,1.0,1.0,1.0,3.5994797149071386e-07,0.0007411767455628291,0.0,1.0,1.1324773209998966,0,1505,sin(x1);sin(x1+x1^2),-0.0001779 + 0.9999*sin(((x1)^2+x1)) + 1.001*sin(x1),generation budget reached
nested_sine,complementary,0.1,300,4,9016,fedfalsify-v05,1.0,1.0,1.0,9.404331000190093e-06,0.00781838439961638,0.0,1.0,0.25899117500011926,209533,4,sin(x1);sin(x1+x1^2),0.0007808 + 0.9962·sin(x₁) + 0.999·sin(x₁+x₁²),target federated MSE reached; no replacement passed the federated certificate
nested_sine,complementary,0.1,300,4,9016,centralized-tree-gp,0.0,0.0,0.0,0.1929308444034546,0.0771360487385946,0.0,1.0,0.832166201000291,0,1528,"expr:sin(add(sin(x1),sin(x1)));expr:sin(add(sin(x1),x1));expr:sin(mul(cos(x1),sin(x1)));expr:square(add(square(x1),x2))",0.2696 + 7.536*sin((sin(x1)+sin(x1))) - 11.9*sin((sin(x1)+x1)) + 11.63*sin((cos(x1)*sin(x1))) - 0.01037*(((x1)^2+x2))^2,generation budget reached
nested_sine,complementary,0.1,300,4,9016,federated-tree-gp-style,0.0,0.0,0.0,0.19293084440347394,0.07713604873859461,0.0,1.0,1.0868738569997731,557824,1528,"expr:sin(add(sin(x1),sin(x1)));expr:sin(add(sin(x1),x1));expr:sin(mul(cos(x1),sin(x1)));expr:square(add(square(x1),x2))",0.2696 + 7.536*sin((sin(x1)+sin(x1))) - 11.9*sin((sin(x1)+x1)) + 11.63*sin((cos(x1)*sin(x1))) - 0.01037*(((x1)^2+x2))^2,generation budget reached
nested_sine,complementary,0.1,300,4,9016,centralized-residual-counterexample-gp,0.0,0.0,0.0,0.14509815521405223,0.06392748945774909,0.0,1.0,0.960293578999881,0,1566,"expr:sin(add(sin(x1),sin(x1)));expr:sin(add(sin(x1),x1));expr:sin(mul(cos(x1),sin(x1)))",0.245 + 7.139*sin((sin(x1)+sin(x1))) - 11.25*sin((sin(x1)+x1)) + 11.1*sin((cos(x1)*sin(x1))) - 0.0002748*(((x1)^2*(x1)^2))^2,generation budget reached
nested_sine,complementary,0.1,300,4,9017,fedfalsify-v05,0.0,0.6666666666666666,1.0,0.0002338979326869762,0.009007324553195644,0.0,1.0,0.2852560289993562,209094,4,sin(x1);sin(x1+x1^2);x1,0.0003591 + 0.01292·x₁ + 0.9991·sin(x₁+x₁²) + 0.983·sin(x₁),target federated MSE reached; no replacement passed the federated certificate
nested_sine,complementary,0.1,300,4,9017,centralized-tree-gp,0.0,0.0,0.0,0.20766676447498092,0.0884959996970837,0.0,1.0,0.8738542030005192,0,1548,"expr:mul(cos(x1),sin(x1));expr:sin(add(sin(x1),sin(x1)));expr:sin(add(sin(x1),x1));expr:square(add(cos(x2),square(x1)))",0.2777 + 11.98*(cos(x1)*sin(x1)) + 8.032*sin((sin(x1)+sin(x1))) - 12.74*sin((sin(x1)+x1)) - 0.008039*((cos(x2)+(x1)^2))^2,generation budget reached
nested_sine,complementary,0.1,300,4,9017,federated-tree-gp-style,0.0,0.0,0.0,0.20766676447499655,0.08849599969708372,0.0,1.0,1.1646323320001102,577280,1548,"expr:mul(cos(x1),sin(x1));expr:sin(add(sin(x1),sin(x1)));expr:sin(add(sin(x1),x1));expr:square(add(cos(x2),square(x1)))",0.2777 + 11.98*(cos(x1)*sin(x1)) + 8.032*sin((sin(x1)+sin(x1))) - 12.74*sin((sin(x1)+x1)) - 0.008039*((cos(x2)+(x1)^2))^2,generation budget reached
nested_sine,complementary,0.1,300,4,9017,centralized-residual-counterexample-gp,0.0,0.3333333333333333,0.5,0.3288096892283068,0.11164360625085791,0.0,1.0,0.9433613100000002,0,1563,"expr:mul(cos(x1),sin(x1));expr:mul(sin(x1),square(x1));sin(x1)",0.2126 + 6.098*(cos(x1)*sin(x1)) + 1.634*(sin(x1)*(x1)^2) - 3.58*sin(x1),generation budget reached
nested_sine,complementary,0.1,300,4,9018,fedfalsify-v05,1.0,1.0,1.0,3.2929868234329324e-05,0.008495027023904745,0.0,1.0,0.2618961899997885,209637,4,sin(x1);sin(x1+x1^2),-0.001331 + 1.008·sin(x₁+x₁²) + 1.003·sin(x₁),target federated MSE reached; no replacement passed the federated certificate
nested_sine,complementary,0.1,300,4,9018,centralized-tree-gp,0.0,0.0,0.0,0.15844294686638294,0.11127844350460103,0.0,1.0,0.9008856160007781,0,1573,"expr:add(sin(x1),sin(x1));expr:mul(cos(x1),sin(x1));expr:sin(add(sin(x1),sin(x1)));expr:square(mul(cos(x1),x1))",0.2662 - 0.654*(sin(x1)+sin(x1)) + 0.4679*(cos(x1)*sin(x1)) + 1.944*sin((sin(x1)+sin(x1))) - 0.1021*((cos(x1)*x1))^2,generation budget reached
nested_sine,complementary,0.1,300,4,9018,federated-tree-gp-style,0.0,0.0,0.0,0.1584429468663832,0.11127844350460102,0.0,1.0,1.149265818999993,599936,1573,"expr:add(sin(x1),sin(x1));expr:mul(cos(x1),sin(x1));expr:sin(add(sin(x1),sin(x1)));expr:square(mul(cos(x1),x1))",0.2662 - 0.654*(sin(x1)+sin(x1)) + 0.4679*(cos(x1)*sin(x1)) + 1.944*sin((sin(x1)+sin(x1))) - 0.1021*((cos(x1)*x1))^2,generation budget reached
nested_sine,complementary,0.1,300,4,9018,centralized-residual-counterexample-gp,0.0,0.0,0.0,0.2709268207180582,0.133244912190339,0.0,1.0,0.8683502120002231,0,1530,"expr:add(sin(x1),sin(x1));expr:sin(add(sin(x1),sin(x1)));x1",0.2066 - 0.6667*(sin(x1)+sin(x1)) + 2.362*sin((sin(x1)+sin(x1))) - 0.231*x1,generation budget reached
nested_sine,complementary,0.1,300,4,9019,fedfalsify-v05,1.0,1.0,1.0,6.312373248200315e-05,0.00818057959140902,0.0,1.0,0.3741953580001791,209719,4,sin(x1);sin(x1+x1^2),0.002928 + 1.007·sin(x₁) + 0.9922·sin(x₁+x₁²),target federated MSE reached; no replacement passed the federated certificate
nested_sine,complementary,0.1,300,4,9019,centralized-tree-gp,1.0,1.0,1.0,6.31237324820042e-05,0.008180579591409021,0.0,1.0,1.2687838699994245,0,1524,sin(x1);sin(x1+x1^2),0.002928 + 0.9922*sin(((x1)^2+x1)) + 1.007*sin(x1),generation budget reached
nested_sine,complementary,0.1,300,4,9019,federated-tree-gp-style,1.0,1.0,1.0,6.312373248200322e-05,0.008180579591409023,0.0,1.0,1.6883383310005229,545216,1524,sin(x1);sin(x1+x1^2),0.002928 + 0.9922*sin(((x1)^2+x1)) + 1.007*sin(x1),generation budget reached
nested_sine,complementary,0.1,300,4,9019,centralized-residual-counterexample-gp,1.0,1.0,1.0,6.31237324820042e-05,0.008180579591409021,0.0,1.0,1.3867500330006806,0,1573,sin(x1);sin(x1+x1^2),0.002928 + 0.9922*sin(((x1)^2+x1)) + 1.007*sin(x1),generation budget reached
nested_sine,complementary,0.1,300,4,9020,fedfalsify-v05,1.0,1.0,1.0,3.999421989660451e-06,0.008235297172920326,0.0,1.0,0.24885122400064574,210070,4,sin(x1);sin(x1+x1^2),-0.0005931 + 0.9997·sin(x₁+x₁²) + 1.002·sin(x₁),target federated MSE reached; no replacement passed the federated certificate
nested_sine,complementary,0.1,300,4,9020,centralized-tree-gp,0.0,0.5,0.5,0.019336844206481088,0.02013634023002669,0.0,1.0,0.8947744639999655,0,1564,"expr:sin(add(sin(x1),sin(x1)));sin(x1+x1^2)",0.03833 + 0.8542*sin((sin(x1)+sin(x1))) + 0.7977*sin(((x1)^2+x1)),generation budget reached
nested_sine,complementary,0.1,300,4,9020,federated-tree-gp-style,0.0,0.5,0.5,0.01933684420648111,0.020136340230026688,0.0,1.0,1.1296252999991339,597568,1564,"expr:sin(add(sin(x1),sin(x1)));sin(x1+x1^2)",0.03833 + 0.8542*sin((sin(x1)+sin(x1))) + 0.7977*sin(((x1)^2+x1)),generation budget reached
nested_sine,complementary,0.1,300,4,9020,centralized-residual-counterexample-gp,1.0,1.0,1.0,3.999421989659337e-06,0.008235297172920326,0.0,1.0,0.8800113120005335,0,1543,sin(x1);sin(x1+x1^2),-0.0005931 + 0.9997*sin(((x1)^2+x1)) + 1.002*sin(x1),generation budget reached
nested_sine,spurious,0.03,300,4,9016,fedfalsify-v05,1.0,1.0,1.0,5.233953372644512e-06,0.0006916422215548646,0.0,1.0,0.24768055200001982,210304,4,sin(x1);sin(x1+x1^2),0.0009713 + 0.9991·sin(x₁+x₁²) + 1.002·sin(x₁),target federated MSE reached; no replacement passed the federated certificate
nested_sine,spurious,0.03,300,4,9016,centralized-tree-gp,0.0,0.3333333333333333,0.5,0.17344556865561805,0.1093553379722205,0.0,1.0,0.8287897399995927,0,1552,"expr:sin(add(sin(x1),sin(x1)));expr:sin(add(sin(x1),square(x1)));sin(x1)",0.1983 + 1.79*sin((sin(x1)+sin(x1))) + 0.2185*sin((sin(x1)+(x1)^2)) - 1.066*sin(x1) - 0.0002513*(((x1)^2*(x1)^2))^2,generation budget reached
nested_sine,spurious,0.03,300,4,9016,federated-tree-gp-style,0.0,0.3333333333333333,0.5,0.17344556865561778,0.1093553379722205,0.0,1.0,1.0848902449997695,563968,1552,"expr:sin(add(sin(x1),sin(x1)));expr:sin(add(sin(x1),square(x1)));sin(x1)",0.1983 + 1.79*sin((sin(x1)+sin(x1))) + 0.2185*sin((sin(x1)+(x1)^2)) - 1.066*sin(x1) - 0.0002513*(((x1)^2*(x1)^2))^2,generation budget reached
nested_sine,spurious,0.03,300,4,9016,centralized-residual-counterexample-gp,0.0,0.0,0.0,0.3534231896760217,0.14586914157658806,0.0,1.0,0.7835692419994302,0,1458,"expr:add(sin(x1),x1);expr:sin(add(sin(x1),sin(x1)))",0.2041 - 0.3705*(sin(x1)+x1) + 1.731*sin((sin(x1)+sin(x1))),generation budget reached
nested_sine,spurious,0.03,300,4,9017,fedfalsify-v05,1.0,1.0,1.0,1.3397898799357464e-06,0.0007695952235189237,0.0,1.0,0.2566515940006866,210469,4,sin(x1);sin(x1+x1^2),-0.0009114 + 1.001·sin(x₁+x₁²) + 1·sin(x₁),target federated MSE reached; no replacement passed the federated certificate
nested_sine,spurious,0.03,300,4,9017,centralized-tree-gp,0.0,0.5,0.5,1.3397898843539056e-06,0.0007695952235189238,0.0,1.0,0.8291638110003987,0,1532,"expr:add(sin(x1),sin(x1));sin(x1+x1^2)",-0.0009114 + 0.5002*(sin(x1)+sin(x1)) + 1.001*sin(((x1)^2+x1)),generation budget reached
nested_sine,spurious,0.03,300,4,9017,federated-tree-gp-style,0.0,0.5,0.5,1.3397898843532773e-06,0.0007695952235189238,0.0,1.0,1.0510318189999452,557952,1532,"expr:add(sin(x1),sin(x1));sin(x1+x1^2)",-0.0009114 + 0.5002*(sin(x1)+sin(x1)) + 1.001*sin(((x1)^2+x1)),generation budget reached
nested_sine,spurious,0.03,300,4,9017,centralized-residual-counterexample-gp,0.0,0.5,0.5,1.3397898843539056e-06,0.0007695952235189238,0.0,1.0,0.9189194489999863,0,1564,"expr:add(sin(x1),sin(x1));sin(x1+x1^2)",-0.0009114 + 0.5002*(sin(x1)+sin(x1)) + 1.001*sin(((x1)^2+x1)),generation budget reached
nested_sine,spurious,0.03,300,4,9018,fedfalsify-v05,1.0,1.0,1.0,3.321488515610227e-06,0.0007200307610006272,0.0,1.0,0.24995596699955058,210267,4,sin(x1);sin(x1+x1^2),-0.00139 + 1.001·sin(x₁+x₁²) + 0.9987·sin(x₁),target federated MSE reached; no replacement passed the federated certificate
nested_sine,spurious,0.03,300,4,9018,centralized-tree-gp,1.0,1.0,1.0,3.321488515609072e-06,0.0007200307610006273,0.0,1.0,0.9497735089998969,0,1479,sin(x1);sin(x1+x1^2),-0.00139 + 1.001*sin(((x1)^2+x1)) + 0.9987*sin(x1),generation budget reached
nested_sine,spurious,0.03,300,4,9018,federated-tree-gp-style,1.0,1.0,1.0,3.3214885156101105e-06,0.0007200307610006272,0.0,1.0,1.5090022969998245,496256,1479,sin(x1);sin(x1+x1^2),-0.00139 + 1.001*sin(((x1)^2+x1)) + 0.9987*sin(x1),generation budget reached
nested_sine,spurious,0.03,300,4,9018,centralized-residual-counterexample-gp,1.0,1.0,1.0,3.321488515609072e-06,0.0007200307610006273,0.0,1.0,1.299263769999925,0,1487,sin(x1);sin(x1+x1^2),-0.00139 + 1.001*sin(((x1)^2+x1)) + 0.9987*sin(x1),generation budget reached
nested_sine,spurious,0.03,300,4,9019,fedfalsify-v05,1.0,1.0,1.0,6.578074911390319e-07,0.000700178060048589,0.0,1.0,0.34769103300004645,210443,4,sin(x1);sin(x1+x1^2),-0.0001473 + 1·sin(x₁) + 1.001·sin(x₁+x₁²),target federated MSE reached; no replacement passed the federated certificate
nested_sine,spurious,0.03,300,4,9019,centralized-tree-gp,0.0,0.5,0.5,6.578074965775005e-07,0.000700178060048589,0.0,1.0,1.234978016000241,0,1555,"expr:add(sin(x1),sin(x1));sin(x1+x1^2)",-0.0001473 + 0.5002*(sin(x1)+sin(x1)) + 1.001*sin(((x1)^2+x1)),generation budget reached
nested_sine,spurious,0.03,300,4,9019,federated-tree-gp-style,0.0,0.5,0.5,6.578074965766099e-07,0.0007001780600485889,0.0,1.0,1.058695902999716,585216,1555,"expr:add(sin(x1),sin(x1));sin(x1+x1^2)",-0.0001473 + 0.5002*(sin(x1)+sin(x1)) + 1.001*sin(((x1)^2+x1)),generation budget reached
nested_sine,spurious,0.03,300,4,9019,centralized-residual-counterexample-gp,0.0,0.5,0.5,6.578074965775005e-07,0.000700178060048589,0.0,1.0,0.8506464760002928,0,1523,"expr:add(sin(x1),sin(x1));sin(x1+x1^2)",-0.0001473 + 0.5002*(sin(x1)+sin(x1)) + 1.001*sin(((x1)^2+x1)),generation budget reached
nested_sine,spurious,0.03,300,4,9020,fedfalsify-v05,1.0,1.0,1.0,7.977667681029084e-07,0.0007472311418861002,0.0,1.0,0.2673665639995306,210262,4,sin(x1);sin(x1+x1^2),-0.000546 + 1.001·sin(x₁+x₁²) + 1.001·sin(x₁),target federated MSE reached; no replacement passed the federated certificate
nested_sine,spurious,0.03,300,4,9020,centralized-tree-gp,0.0,0.25,0.5,0.014468307235455564,0.0102565452650893,1.0,1.0,0.9484641799999736,0,1559,"expr:add(cos(x4),sin(x1));expr:sin(add(sin(x1),sin(x1)));expr:square(mul(cos(x1),square(x1)));sin(x1+x1^2)",0.02428 + 0.04491*(cos(x4)+sin(x1)) + 0.8181*sin((sin(x1)+sin(x1))) + 0.7813*sin(((x1)^2+x1)) - 0.003881*((cos(x1)*(x1)^2))^2,generation budget reached
nested_sine,spurious,0.03,300,4,9020,federated-tree-gp-style,0.0,0.25,0.5,0.014468307235455603,0.010256545265089298,1.0,1.0,1.1562869010003851,608640,1559,"expr:add(cos(x4),sin(x1));expr:sin(add(sin(x1),sin(x1)));expr:square(mul(cos(x1),square(x1)));sin(x1+x1^2)",0.02428 + 0.04491*(cos(x4)+sin(x1)) + 0.8181*sin((sin(x1)+sin(x1))) + 0.7813*sin(((x1)^2+x1)) - 0.003881*((cos(x1)*(x1)^2))^2,generation budget reached
nested_sine,spurious,0.03,300,4,9020,centralized-residual-counterexample-gp,0.0,0.3333333333333333,0.5,0.018104808438659477,0.0117977313823437,1.0,1.0,0.9468712610005241,0,1550,"expr:add(cos(x4),sin(x1));expr:sin(add(sin(x1),sin(x1)));sin(x1+x1^2)",-0.002313 + 0.05841*(cos(x4)+sin(x1)) + 0.8044*sin((sin(x1)+sin(x1))) + 0.8056*sin(((x1)^2+x1)),generation budget reached
nested_sine,spurious,0.1,300,4,9016,fedfalsify-v05,1.0,1.0,1.0,5.815503761093873e-05,0.00768491357283183,0.0,1.0,0.2485759199998938,209556,4,sin(x1);sin(x1+x1^2),0.003238 + 0.997·sin(x₁+x₁²) + 1.008·sin(x₁),target federated MSE reached; no replacement passed the federated certificate
nested_sine,spurious,0.1,300,4,9016,centralized-tree-gp,0.0,0.0,0.0,0.2076397146012994,0.12784465957806573,0.0,1.0,0.8560811199995442,0,1547,"expr:add(cos(x1),square(x1));expr:add(sin(x1),sin(x1));expr:add(sin(x1),x1);expr:sin(add(sin(x1),sin(x1)))",0.3181 - 0.05829*(cos(x1)+(x1)^2) - 0.5321*(sin(x1)+sin(x1)) - 0.2331*(sin(x1)+x1) + 2.321*sin((sin(x1)+sin(x1))),generation budget reached
nested_sine,spurious,0.1,300,4,9016,federated-tree-gp-style,0.0,0.0,0.0,0.20763971460129707,0.12784465957806573,0.0,1.0,1.1300748210005622,581504,1547,"expr:add(cos(x1),square(x1));expr:add(sin(x1),sin(x1));expr:add(sin(x1),x1);expr:sin(add(sin(x1),sin(x1)))",0.3181 - 0.05829*(cos(x1)+(x1)^2) - 0.5321*(sin(x1)+sin(x1)) - 0.2331*(sin(x1)+x1) + 2.321*sin((sin(x1)+sin(x1))),generation budget reached
nested_sine,spurious,0.1,300,4,9016,centralized-residual-counterexample-gp,0.0,0.0,0.0,0.35145384297088067,0.15311674318090923,0.0,1.0,0.7799217080000744,0,1461,"expr:add(sin(x1),x1);expr:sin(add(sin(x1),sin(x1)))",0.2058 - 0.3649*(sin(x1)+x1) + 1.723*sin((sin(x1)+sin(x1))),generation budget reached
nested_sine,spurious,0.1,300,4,9017,fedfalsify-v05,1.0,1.0,1.0,1.4886554508690998e-05,0.008551058039099156,0.0,1.0,0.24955905899969366,209834,4,sin(x1);sin(x1+x1^2),-0.003038 + 1.003·sin(x₁+x₁²) + 1.001·sin(x₁),target federated MSE reached; no replacement passed the federated certificate
nested_sine,spurious,0.1,300,4,9017,centralized-tree-gp,1.0,1.0,1.0,1.4886554508692987e-05,0.008551058039099155,0.0,1.0,0.7615070499996364,0,1501,sin(x1);sin(x1+x1^2),-0.003038 + 1.003*sin(((x1)^2+x1)) + 1.001*sin(x1),generation budget reached
nested_sine,spurious,0.1,300,4,9017,federated-tree-gp-style,1.0,1.0,1.0,1.488655450869095e-05,0.008551058039099156,0.0,1.0,1.324525265000375,534016,1501,sin(x1);sin(x1+x1^2),-0.003038 + 1.003*sin(((x1)^2+x1)) + 1.001*sin(x1),generation budget reached
nested_sine,spurious,0.1,300,4,9017,centralized-residual-counterexample-gp,1.0,1.0,1.0,1.4886554508692987e-05,0.008551058039099155,0.0,1.0,1.3150831550001385,0,1509,sin(x1);sin(x1+x1^2),-0.003038 + 1.003*sin(((x1)^2+x1)) + 1.001*sin(x1),generation budget reached
nested_sine,spurious,0.1,300,4,9018,fedfalsify-v05,1.0,1.0,1.0,3.6905427967846864e-05,0.00800034178889586,0.0,1.0,0.36467652800001815,209649,4,sin(x1);sin(x1+x1^2),-0.004634 + 1.002·sin(x₁+x₁²) + 0.9958·sin(x₁),target federated MSE reached; no replacement passed the federated certificate
nested_sine,spurious,0.1,300,4,9018,centralized-tree-gp,1.0,1.0,1.0,3.6905427967846986e-05,0.00800034178889586,0.0,1.0,1.2642829819997132,0,1511,sin(x1);sin(x1+x1^2),-0.004634 + 1.002*sin(((x1)^2+x1)) + 0.9958*sin(x1),generation budget reached
nested_sine,spurious,0.1,300,4,9018,federated-tree-gp-style,1.0,1.0,1.0,3.6905427967846776e-05,0.00800034178889586,0.0,1.0,1.3433031760005179,518016,1511,sin(x1);sin(x1+x1^2),-0.004634 + 1.002*sin(((x1)^2+x1)) + 0.9958*sin(x1),generation budget reached
nested_sine,spurious,0.1,300,4,9018,centralized-residual-counterexample-gp,1.0,1.0,1.0,3.6905427967846986e-05,0.00800034178889586,0.0,1.0,0.8221344410003439,0,1495,sin(x1);sin(x1+x1^2),-0.004634 + 1.002*sin(((x1)^2+x1)) + 0.9958*sin(x1),generation budget reached
nested_sine,spurious,0.1,300,4,9019,fedfalsify-v05,1.0,1.0,1.0,7.3089724036378215e-06,0.007779756222762102,0.0,1.0,0.27119336200030375,209917,4,sin(x1);sin(x1+x1^2),-0.000491 + 1.001·sin(x₁) + 1.004·sin(x₁+x₁²),target federated MSE reached; no replacement passed the federated certificate
nested_sine,spurious,0.1,300,4,9019,centralized-tree-gp,0.0,0.5,0.5,7.308972421779114e-06,0.0077797562227621036,0.0,1.0,0.8807026590002351,0,1553,"expr:add(sin(x1),sin(x1));sin(x1+x1^2)",-0.000491 + 0.5006*(sin(x1)+sin(x1)) + 1.004*sin(((x1)^2+x1)),generation budget reached
nested_sine,spurious,0.1,300,4,9019,federated-tree-gp-style,0.0,0.5,0.5,7.3089724217782145e-06,0.0077797562227621036,0.0,1.0,1.1130822129998705,584960,1553,"expr:add(sin(x1),sin(x1));sin(x1+x1^2)",-0.000491 + 0.5006*(sin(x1)+sin(x1)) + 1.004*sin(((x1)^2+x1)),generation budget reached
nested_sine,spurious,0.1,300,4,9019,centralized-residual-counterexample-gp,0.0,0.5,0.5,7.308972421779114e-06,0.0077797562227621036,0.0,1.0,0.906359412000711,0,1577,"expr:add(sin(x1),sin(x1));sin(x1+x1^2)",-0.000491 + 0.5006*(sin(x1)+sin(x1)) + 1.004*sin(((x1)^2+x1)),generation budget reached
nested_sine,spurious,0.1,300,4,9020,fedfalsify-v05,1.0,1.0,1.0,8.864075470614528e-06,0.008302568243178892,0.0,1.0,0.2635674939992896,209749,4,sin(x1);sin(x1+x1^2),-0.00182 + 1.002·sin(x₁+x₁²) + 1.002·sin(x₁),target federated MSE reached; no replacement passed the federated certificate
nested_sine,spurious,0.1,300,4,9020,centralized-tree-gp,0.0,0.5,0.5,0.019266049657955926,0.01982686580470339,0.0,1.0,0.9236256870008219,0,1540,"expr:sin(add(sin(x1),sin(x1)));sin(x1+x1^2)",0.03347 + 0.8522*sin((sin(x1)+sin(x1))) + 0.7939*sin(((x1)^2+x1)),generation budget reached
nested_sine,spurious,0.1,300,4,9020,federated-tree-gp-style,0.0,0.5,0.5,0.019266049657955902,0.01982686580470339,0.0,1.0,1.1024068060005447,571840,1540,"expr:sin(add(sin(x1),sin(x1)));sin(x1+x1^2)",0.03347 + 0.8522*sin((sin(x1)+sin(x1))) + 0.7939*sin(((x1)^2+x1)),generation budget reached
nested_sine,spurious,0.1,300,4,9020,centralized-residual-counterexample-gp,0.0,0.5,0.5,0.019266049657955926,0.01982686580470339,0.0,1.0,0.9093568250000317,0,1547,"expr:sin(add(sin(x1),sin(x1)));sin(x1+x1^2)",0.03347 + 0.8522*sin((sin(x1)+sin(x1))) + 0.7939*sin(((x1)^2+x1)),generation budget reached
nested_sine,exception,0.03,300,4,9016,fedfalsify-v05,1.0,1.0,1.0,1.1230732378315014e-06,0.002164545940910308,0.0,1.0,0.33239084199976787,247703,5,I(x3>1)*x3^2;sin(x1);sin(x1+x1^2),0.0001093 + 0.7503·𝟙[x₃>1]·x₃² + 0.9979·sin(x₁) + 0.9996·sin(x₁+x₁²),target federated MSE reached; no replacement passed the federated certificate
nested_sine,exception,0.03,300,4,9016,centralized-tree-gp,0.0,0.3333333333333333,0.3333333333333333,0.08328306530652288,0.11861773413988141,0.0,1.0,0.9701635290002741,0,1636,"I(x3>1)*x3^2;expr:sin(add(sin(x1),x1));x1",0.2527 + 0.7509*I(x3>1)*((x3)^2) + 0.9989*sin((sin(x1)+x1)) - 0.00026*(((x1)^2*(x1)^2))^2 + 0.1366*x1,generation budget reached
nested_sine,exception,0.03,300,4,9016,federated-tree-gp-style,0.0,0.3333333333333333,0.3333333333333333,0.08328306530652274,0.11861773413988141,0.0,1.0,1.435927735000405,691968,1636,"I(x3>1)*x3^2;expr:sin(add(sin(x1),x1));x1",0.2527 + 0.7509*I(x3>1)*((x3)^2) + 0.9989*sin((sin(x1)+x1)) - 0.00026*(((x1)^2*(x1)^2))^2 + 0.1366*x1,generation budget reached
nested_sine,exception,0.03,300,4,9016,centralized-residual-counterexample-gp,0.0,0.3333333333333333,0.3333333333333333,0.13798803186990605,0.1530622503044526,1.0,1.0,1.471369384999889,0,1596,"I(x3>1)*x3^2;expr:sin(add(sin(x1),x1));expr:square(add(sin(x4),x1))",0.2533 + 0.7685*I(x3>1)*((x3)^2) + 1.156*sin((sin(x1)+x1)) - 0.03512*((sin(x4)+x1))^2,generation budget reached
nested_sine,exception,0.03,300,4,9017,fedfalsify-v05,0.0,0.75,1.0,2.1334480418330537e-05,0.0024146693117409698,0.0,1.0,0.48448767900026724,247399,5,I(x3>1)*x3^2;sin(x1);sin(x1+x1^2);x1,0.0001367 + 0.7501·𝟙[x₃>1]·x₃² + 0.006654·x₁ + 0.9995·sin(x₁+x₁²) + 0.9912·sin(x₁),target federated MSE reached; no replacement passed the federated certificate
nested_sine,exception,0.03,300,4,9017,centralized-tree-gp,0.0,0.3333333333333333,0.3333333333333333,0.1348000484501433,0.17007182761557782,0.0,1.0,1.335516961000394,0,1562,"I(x3>1)*x3^2;expr:add(sin(x1),x1);expr:sin(add(sin(x1),x1))",0.2365 + 0.1079*(sin(x1)+x1) + 0.7333*I(x3>1)*((x3)^2) + 0.95*sin((sin(x1)+x1)),generation budget reached
nested_sine,exception,0.03,300,4,9017,federated-tree-gp-style,0.0,0.3333333333333333,0.3333333333333333,0.13480004845014323,0.1700718276155778,0.0,1.0,1.4568839439998555,596608,1562,"I(x3>1)*x3^2;expr:add(sin(x1),x1);expr:sin(add(sin(x1),x1))",0.2365 + 0.1079*(sin(x1)+x1) + 0.7333*I(x3>1)*((x3)^2) + 0.95*sin((sin(x1)+x1)),generation budget reached
nested_sine,exception,0.03,300,4,9017,centralized-residual-counterexample-gp,0.0,0.5,0.3333333333333333,0.21288289231079988,0.36347477703439957,0.0,1.0,0.846135398000115,0,1518,"I(x3>1)*x3^2;expr:add(sin(x1),x1)",0.292 + 0.3483*(sin(x1)+x1) + 0.6839*I(x3>1)*((x3)^2),generation budget reached
nested_sine,exception,0.03,300,4,9018,fedfalsify-v05,1.0,1.0,1.0,4.803585794414171e-06,0.0023558131834483134,0.0,1.0,0.3198786220000329,247827,5,I(x3>1)*x3^2;sin(x1);sin(x1+x1^2),0.0003699 + 0.7488·𝟙[x₃>1]·x₃² + 1.004·sin(x₁+x₁²) + 1.002·sin(x₁),target federated MSE reached; no replacement passed the federated certificate
nested_sine,exception,0.03,300,4,9018,centralized-tree-gp,0.0,0.0,0.0,0.13227540001942367,0.20441342217138092,0.0,0.0,0.8470599669999501,0,1576,"expr:add(square(x3),square(x3));expr:mul(square(x3),x3);expr:sin(add(sin(x1),x1));expr:square(add(cos(x1),sin(x1)))",0.5042 + 0.1962*((x3)^2+(x3)^2) + 0.1752*((x3)^2*x3) + 1.515*sin((sin(x1)+x1)) - 0.3919*((cos(x1)+sin(x1)))^2,generation budget reached
nested_sine,exception,0.03,300,4,9018,federated-tree-gp-style,0.0,0.0,0.0,0.13227540001942367,0.2044134221713809,0.0,0.0,1.0842235489999439,615552,1576,"expr:add(square(x3),square(x3));expr:mul(square(x3),x3);expr:sin(add(sin(x1),x1));expr:square(add(cos(x1),sin(x1)))",0.5042 + 0.1962*((x3)^2+(x3)^2) + 0.1752*((x3)^2*x3) + 1.515*sin((sin(x1)+x1)) - 0.3919*((cos(x1)+sin(x1)))^2,generation budget reached
nested_sine,exception,0.03,300,4,9018,centralized-residual-counterexample-gp,0.0,0.3333333333333333,0.3333333333333333,0.12144144093308233,0.17546033916223075,0.0,1.0,0.8839926079999714,0,1580,"I(x3>1)*x3^2;expr:sin(add(sin(x1),x1));x1",0.2152 + 0.7443*I(x3>1)*((x3)^2) + 0.9881*sin((sin(x1)+x1)) + 0.1535*x1,generation budget reached
nested_sine,exception,0.03,300,4,9019,fedfalsify-v05,1.0,1.0,1.0,6.019876856238699e-06,0.002274123000386385,0.0,1.0,0.3214974209995489,247745,5,I(x3>1)*x3^2;sin(x1);sin(x1+x1^2),0.00136 + 0.7502·𝟙[x₃>1]·x₃² + 1.003·sin(x₁) + 0.996·sin(x₁+x₁²),target federated MSE reached; no replacement passed the federated certificate
nested_sine,exception,0.03,300,4,9019,centralized-tree-gp,0.0,0.0,0.0,0.2038896576354816,0.3440091049322862,0.0,0.0,0.8000410969998484,0,1541,"expr:add(sin(x1),square(x3));expr:add(x3,x3);expr:cos(add(square(x3),x3));x3^2",-0.1783 + 1.006*(sin(x1)+(x3)^2) + 0.3102*(x3+x3) + 0.426*cos(((x3)^2+x3)) - 0.5286*(x3)^2,generation budget reached
nested_sine,exception,0.03,300,4,9019,federated-tree-gp-style,0.0,0.0,0.0,0.2038896576354816,0.3440091049322862,0.0,0.0,1.0385054620001029,582208,1541,"expr:add(sin(x1),square(x3));expr:add(x3,x3);expr:cos(add(square(x3),x3));x3^2",-0.1783 + 1.006*(sin(x1)+(x3)^2) + 0.3102*(x3+x3) + 0.426*cos(((x3)^2+x3)) - 0.5286*(x3)^2,generation budget reached
nested_sine,exception,0.03,300,4,9019,centralized-residual-counterexample-gp,0.0,0.25,0.3333333333333333,0.05022272880144844,0.11101885088603036,0.0,0.0,0.8823454570001559,0,1585,"expr:add(sin(x1),square(x3));expr:add(x3,x3);sin(x1+x1^2);x3^2",-0.06073 + 1.011*(sin(x1)+(x3)^2) + 0.3354*(x3+x3) + 0.9846*sin(((x1)^2+x1)) - 0.6143*(x3)^2,generation budget reached
nested_sine,exception,0.03,300,4,9020,fedfalsify-v05,1.0,1.0,1.0,3.892582151443643e-07,0.0022539265304492863,0.0,1.0,0.3223410119999244,248050,5,I(x3>1)*x3^2;sin(x1);sin(x1+x1^2),-0.0002578 + 0.7499·𝟙[x₃>1]·x₃² + 0.9998·sin(x₁+x₁²) + 1.001·sin(x₁),target federated MSE reached; no replacement passed the federated certificate
nested_sine,exception,0.03,300,4,9020,centralized-tree-gp,0.0,0.25,0.3333333333333333,0.1518620573914899,0.2180492486181409,0.0,1.0,0.8844351259995165,0,1544,"I(x3>1)*x3^2;expr:add(sin(x1),sin(x1));expr:sin(add(x1,x1));expr:square(mul(cos(x1),cos(x1)))",0.3275 + 0.4284*(sin(x1)+sin(x1)) + 0.766*I(x3>1)*((x3)^2) + 0.4254*sin((x1+x1)) - 0.3696*((cos(x1)*cos(x1)))^2,generation budget reached
nested_sine,exception,0.03,300,4,9020,federated-tree-gp-style,0.0,0.25,0.3333333333333333,0.15186205739148992,0.2180492486181409,0.0,1.0,1.0766165080003702,597312,1544,"I(x3>1)*x3^2;expr:add(sin(x1),sin(x1));expr:sin(add(x1,x1));expr:square(mul(cos(x1),cos(x1)))",0.3275 + 0.4284*(sin(x1)+sin(x1)) + 0.766*I(x3>1)*((x3)^2) + 0.4254*sin((x1+x1)) - 0.3696*((cos(x1)*cos(x1)))^2,generation budget reached
nested_sine,exception,0.03,300,4,9020,centralized-residual-counterexample-gp,0.0,0.3333333333333333,0.3333333333333333,0.1681462606244847,0.23367932347948936,0.0,1.0,1.3476930979995814,0,1534,"I(x3>1)*x3^2;expr:add(sin(x1),sin(x1));expr:sin(add(x1,x1))",0.2132 + 0.4242*(sin(x1)+sin(x1)) + 0.7619*I(x3>1)*((x3)^2) + 0.4285*sin((x1+x1)),generation budget reached
nested_sine,exception,0.1,300,4,9016,fedfalsify-v05,1.0,1.0,1.0,1.2478591418359215e-05,0.024050510454558995,0.0,1.0,0.4820871530000659,247049,5,I(x3>1)*x3^2;sin(x1);sin(x1+x1^2),0.0003644 + 0.7511·𝟙[x₃>1]·x₃² + 0.9929·sin(x₁) + 0.9987·sin(x₁+x₁²),target federated MSE reached; no replacement passed the federated certificate
nested_sine,exception,0.1,300,4,9016,centralized-tree-gp,0.0,0.0,0.0,0.12825333587391574,0.20615019957054367,0.0,0.0,1.4916829070007225,0,1606,"expr:add(square(x3),x3);expr:mul(sin(x3),square(x3));expr:sin(add(sin(x1),sin(x1)));expr:sin(add(sin(x1),sin(x3)))",0.1405 + 0.3759*((x3)^2+x3) + 0.3352*(sin(x3)*(x3)^2) + 1.359*sin((sin(x1)+sin(x1))) - 0.8135*sin((sin(x1)+sin(x3))),generation budget reached
nested_sine,exception,0.1,300,4,9016,federated-tree-gp-style,0.0,0.0,0.0,0.1282533358739157,0.20615019957054367,0.0,0.0,1.788569796000047,657536,1606,"expr:add(square(x3),x3);expr:mul(sin(x3),square(x3));expr:sin(add(sin(x1),sin(x1)));expr:sin(add(sin(x1),sin(x3)))",0.1405 + 0.3759*((x3)^2+x3) + 0.3352*(sin(x3)*(x3)^2) + 1.359*sin((sin(x1)+sin(x1))) - 0.8135*sin((sin(x1)+sin(x3))),generation budget reached
nested_sine,exception,0.1,300,4,9016,centralized-residual-counterexample-gp,0.0,0.0,0.0,0.14119494288000703,0.22935773694746633,0.0,0.0,0.9812656799995239,0,1629,"expr:add(square(x3),x3);expr:mul(cos(x3),x3);expr:sin(add(sin(x1),sin(x1)))",0.08746 + 0.403*((x3)^2+x3) - 0.6049*(cos(x3)*x3) + 0.9387*sin((sin(x1)+sin(x1))),generation budget reached
nested_sine,exception,0.1,300,4,9017,fedfalsify-v05,0.0,0.75,1.0,0.00023704978072521205,0.026829659019344115,0.0,1.0,0.34134634299971367,246896,5,I(x3>1)*x3^2;sin(x1);sin(x1+x1^2);x1,0.0004557 + 0.7502·𝟙[x₃>1]·x₃² + 0.02218·x₁ + 0.9984·sin(x₁+x₁²) + 0.9707·sin(x₁),target federated MSE reached; no replacement passed the federated certificate
nested_sine,exception,0.1,300,4,9017,centralized-tree-gp,0.0,0.25,0.3333333333333333,0.142929147308205,0.16218864205517464,0.0,1.0,0.8470127910004521,0,1599,"I(x3>1)*x3^2;expr:add(sin(x1),x1);expr:sin(add(sin(x1),x1));x1",0.2347 - 1.091*(sin(x1)+x1) + 0.7242*I(x3>1)*((x3)^2) + 1.54*sin((sin(x1)+x1)) + 1.628*x1,generation budget reached
nested_sine,exception,0.1,300,4,9017,federated-tree-gp-style,0.0,0.25,0.3333333333333333,0.1429291473081973,0.16218864205517466,0.0,1.0,1.1206587409997155,643264,1599,"I(x3>1)*x3^2;expr:add(sin(x1),x1);expr:sin(add(sin(x1),x1));x1",0.2347 - 1.091*(sin(x1)+x1) + 0.7242*I(x3>1)*((x3)^2) + 1.54*sin((sin(x1)+x1)) + 1.628*x1,generation budget reached
nested_sine,exception,0.1,300,4,9017,centralized-residual-counterexample-gp,0.0,0.25,0.3333333333333333,0.142929147308205,0.16218864205517464,0.0,1.0,0.8908135760002551,0,1582,"I(x3>1)*x3^2;expr:add(sin(x1),x1);expr:sin(add(sin(x1),x1));x1",0.2347 - 1.091*(sin(x1)+x1) + 0.7242*I(x3>1)*((x3)^2) + 1.54*sin((sin(x1)+x1)) + 1.628*x1,generation budget reached
nested_sine,exception,0.1,300,4,9018,fedfalsify-v05,1.0,1.0,1.0,5.337317580558163e-05,0.026175702038314586,0.0,1.0,0.31727749400033645,247098,5,I(x3>1)*x3^2;sin(x1);sin(x1+x1^2),0.001233 + 0.746·𝟙[x₃>1]·x₃² + 1.012·sin(x₁+x₁²) + 1.008·sin(x₁),target federated MSE reached; no replacement passed the federated certificate
nested_sine,exception,0.1,300,4,9018,centralized-tree-gp,0.0,0.5,0.3333333333333333,0.16158019003787258,0.339204951544572,0.0,1.0,0.8109108099997684,0,1549,"I(x3>1)*x3^2;expr:add(sin(x1),sin(x1))",0.2604 + 0.4961*(sin(x1)+sin(x1)) + 0.7129*I(x3>1)*((x3)^2),generation budget reached
nested_sine,exception,0.1,300,4,9018,federated-tree-gp-style,0.0,0.5,0.3333333333333333,0.16158019003787247,0.339204951544572,0.0,1.0,1.0306708890002483,582592,1549,"I(x3>1)*x3^2;expr:add(sin(x1),sin(x1))",0.2604 + 0.4961*(sin(x1)+sin(x1)) + 0.7129*I(x3>1)*((x3)^2),generation budget reached
nested_sine,exception,0.1,300,4,9018,centralized-residual-counterexample-gp,0.0,0.0,0.0,0.21744468952008428,0.4924193703717515,0.0,0.0,0.7676710209998419,0,1488,"expr:add(sin(x1),x3);x3^2",0.1266 + 0.7216*(sin(x1)+x3) + 0.4012*(x3)^2,generation budget reached
nested_sine,exception,0.1,300,4,9019,fedfalsify-v05,1.0,1.0,1.0,6.688752048674569e-05,0.025268033337626505,0.0,1.0,0.31381128700013505,247068,5,I(x3>1)*x3^2;sin(x1);sin(x1+x1^2),0.004534 + 0.7506·𝟙[x₃>1]·x₃² + 1.011·sin(x₁) + 0.9866·sin(x₁+x₁²),target federated MSE reached; no replacement passed the federated certificate
nested_sine,exception,0.1,300,4,9019,centralized-tree-gp,0.0,0.3333333333333333,0.3333333333333333,0.1257295755478493,0.1903503151665632,0.0,1.0,0.8656601200000296,0,1599,"I(x3>1)*x3^2;expr:add(sin(x3),x1);expr:sin(add(sin(x1),sin(x1)))",0.1911 - 0.1574*(sin(x3)+x1) + 0.759*I(x3>1)*((x3)^2) + 1.159*sin((sin(x1)+sin(x1))),generation budget reached
nested_sine,exception,0.1,300,4,9019,federated-tree-gp-style,0.0,0.3333333333333333,0.3333333333333333,0.1257295755478494,0.1903503151665632,0.0,1.0,1.1199647579996963,626816,1599,"I(x3>1)*x3^2;expr:add(sin(x3),x1);expr:sin(add(sin(x1),sin(x1)))",0.1911 - 0.1574*(sin(x3)+x1) + 0.759*I(x3>1)*((x3)^2) + 1.159*sin((sin(x1)+sin(x1))),generation budget reached
nested_sine,exception,0.1,300,4,9019,centralized-residual-counterexample-gp,0.0,0.0,0.0,0.18116187729168715,0.3311528945697144,0.0,0.0,1.419627493999542,0,1604,"expr:add(cos(x3),x3);expr:add(sin(x1),x3);expr:square(add(square(x3),x3));expr:square(mul(x3,x3))",0.9235 - 0.8192*(cos(x3)+x3) + 0.9818*(sin(x1)+x3) + 0.06392*(((x3)^2+x3))^2 - 0.05418*((x3*x3))^2,generation budget reached
nested_sine,exception,0.1,300,4,9020,fedfalsify-v05,1.0,1.0,1.0,4.32509132326861e-06,0.02504362811610318,0.0,1.0,0.5020677319998867,247431,5,I(x3>1)*x3^2;sin(x1);sin(x1+x1^2),-0.0008594 + 0.7498·𝟙[x₃>1]·x₃² + 0.9994·sin(x₁+x₁²) + 1.004·sin(x₁),target federated MSE reached; no replacement passed the federated certificate
nested_sine,exception,0.1,300,4,9020,centralized-tree-gp,0.0,0.3333333333333333,0.3333333333333333,0.1266666021139791,0.1762256137403842,0.0,1.0,1.4347312569998394,0,1594,"I(x3>1)*x3^2;expr:sin(add(sin(x1),sin(x1)));expr:sin(add(sin(x1),square(x1)))",0.1622 + 0.7149*I(x3>1)*((x3)^2) + 0.8923*sin((sin(x1)+sin(x1))) + 0.4137*sin((sin(x1)+(x1)^2)),generation budget reached
nested_sine,exception,0.1,300,4,9020,federated-tree-gp-style,0.0,0.3333333333333333,0.3333333333333333,0.12666660211397912,0.1762256137403842,0.0,1.0,1.8281604180001523,626752,1594,"I(x3>1)*x3^2;expr:sin(add(sin(x1),sin(x1)));expr:sin(add(sin(x1),square(x1)))",0.1622 + 0.7149*I(x3>1)*((x3)^2) + 0.8923*sin((sin(x1)+sin(x1))) + 0.4137*sin((sin(x1)+(x1)^2)),generation budget reached
nested_sine,exception,0.1,300,4,9020,centralized-residual-counterexample-gp,0.0,0.5,0.3333333333333333,0.1309186834393242,0.23014556374533565,0.0,1.0,0.8754838569993808,0,1568,"I(x3>1)*x3^2;expr:sin(add(sin(x1),sin(x1)))",0.265 + 0.706*I(x3>1)*((x3)^2) + 0.94*sin((sin(x1)+sin(x1))),generation budget reached
trig_product,complementary,0.03,300,4,9016,fedfalsify-v05,1.0,1.0,1.0,2.603440897797887e-06,0.000870599045127356,0.0,1.0,0.17309630199997628,152138,2,sin(x1)*cos(x2),0.0003119 + 1.997·sin(x₁)cos(x₂),target federated MSE reached; no replacement passed the federated certificate
trig_product,complementary,0.03,300,4,9016,centralized-tree-gp,1.0,1.0,1.0,2.6034408977964815e-06,0.0008705990451273557,0.0,1.0,0.6694720650002637,0,1449,sin(x1)*cos(x2),0.0003119 + 1.997*(cos(x2)*sin(x1)),generation budget reached
trig_product,complementary,0.03,300,4,9016,federated-tree-gp-style,1.0,1.0,1.0,2.603440897797887e-06,0.000870599045127356,0.0,1.0,0.8606485439995595,425664,1449,sin(x1)*cos(x2),0.0003119 + 1.997*(cos(x2)*sin(x1)),generation budget reached
trig_product,complementary,0.03,300,4,9016,centralized-residual-counterexample-gp,1.0,1.0,1.0,2.6034408977964815e-06,0.0008705990451273557,0.0,1.0,0.7221860009994998,0,1445,sin(x1)*cos(x2),0.0003119 + 1.997*(cos(x2)*sin(x1)),generation budget reached
trig_product,complementary,0.03,300,4,9017,fedfalsify-v05,1.0,1.0,1.0,1.5425997826564058e-07,0.0009781747837658713,0.0,1.0,0.20697810700039554,211687,2,sin(x1)*cos(x2),2.001·sin(x₁)cos(x₂),target federated MSE reached; no replacement passed the federated certificate
trig_product,complementary,0.03,300,4,9017,centralized-tree-gp,1.0,1.0,1.0,1.5425997826564113e-07,0.0009781747837658713,0.0,1.0,0.6941183970002385,0,1458,sin(x1)*cos(x2),-4.477e-06 + 2.001*(cos(x2)*sin(x1)),generation budget reached
trig_product,complementary,0.03,300,4,9017,federated-tree-gp-style,1.0,1.0,1.0,1.5425997826564058e-07,0.0009781747837658713,0.0,1.0,0.8990533919995869,436224,1458,sin(x1)*cos(x2),-4.477e-06 + 2.001*(cos(x2)*sin(x1)),generation budget reached
trig_product,complementary,0.03,300,4,9017,centralized-residual-counterexample-gp,1.0,1.0,1.0,1.5425997826564113e-07,0.0009781747837658713,0.0,1.0,0.7153480470005888,0,1458,sin(x1)*cos(x2),-4.477e-06 + 2.001*(cos(x2)*sin(x1)),generation budget reached
trig_product,complementary,0.03,300,4,9018,fedfalsify-v05,1.0,1.0,1.0,2.811948400703815e-06,0.0009355374031104813,0.0,1.0,0.16155546699974366,152067,2,sin(x1)*cos(x2),0.0001526 + 2.003·sin(x₁)cos(x₂),target federated MSE reached; no replacement passed the federated certificate
trig_product,complementary,0.03,300,4,9018,centralized-tree-gp,1.0,1.0,1.0,2.8119484007037543e-06,0.0009355374031104817,0.0,1.0,0.7067951190001622,0,1468,sin(x1)*cos(x2),0.0001526 + 2.003*(cos(x2)*sin(x1)),generation budget reached
trig_product,complementary,0.03,300,4,9018,federated-tree-gp-style,1.0,1.0,1.0,2.811948400703815e-06,0.0009355374031104813,0.0,1.0,0.8975207880002927,445760,1468,sin(x1)*cos(x2),0.0001526 + 2.003*(cos(x2)*sin(x1)),generation budget reached
trig_product,complementary,0.03,300,4,9018,centralized-residual-counterexample-gp,1.0,1.0,1.0,2.8119484007037543e-06,0.0009355374031104817,0.0,1.0,0.7759661580003012,0,1469,sin(x1)*cos(x2),0.0001526 + 2.003*(cos(x2)*sin(x1)),generation budget reached
trig_product,complementary,0.03,300,4,9019,fedfalsify-v05,1.0,1.0,1.0,1.845707421893142e-06,0.0009415017510985648,0.0,1.0,0.17577686799995718,152060,2,sin(x1)*cos(x2),0.0003111 + 2.003·sin(x₁)cos(x₂),target federated MSE reached; no replacement passed the federated certificate
trig_product,complementary,0.03,300,4,9019,centralized-tree-gp,1.0,1.0,1.0,1.8457074218926007e-06,0.0009415017510985649,0.0,1.0,0.685924380999495,0,1451,sin(x1)*cos(x2),0.0003111 + 2.003*(cos(x2)*sin(x1)),generation budget reached
trig_product,complementary,0.03,300,4,9019,federated-tree-gp-style,1.0,1.0,1.0,1.845707421893142e-06,0.0009415017510985648,0.0,1.0,1.1543831320004756,423552,1451,sin(x1)*cos(x2),0.0003111 + 2.003*(cos(x2)*sin(x1)),generation budget reached
trig_product,complementary,0.03,300,4,9019,centralized-residual-counterexample-gp,1.0,1.0,1.0,1.8457074218926007e-06,0.0009415017510985649,0.0,1.0,1.129323810000642,0,1453,sin(x1)*cos(x2),0.0003111 + 2.003*(cos(x2)*sin(x1)),generation budget reached
trig_product,complementary,0.03,300,4,9020,fedfalsify-v05,1.0,1.0,1.0,6.692559591041898e-08,0.0008802343426777221,0.0,1.0,0.24791275400002633,152309,2,sin(x1)*cos(x2),-0.0002412 + 2·sin(x₁)cos(x₂),target federated MSE reached; no replacement passed the federated certificate
trig_product,complementary,0.03,300,4,9020,centralized-tree-gp,1.0,1.0,1.0,6.692559591030832e-08,0.0008802343426777218,0.0,1.0,1.1089629070002047,0,1450,sin(x1)*cos(x2),-0.0002412 + 2*(cos(x2)*sin(x1)),generation budget reached
trig_product,complementary,0.03,300,4,9020,federated-tree-gp-style,1.0,1.0,1.0,6.692559591041898e-08,0.0008802343426777221,0.0,1.0,1.4078977250001117,426688,1450,sin(x1)*cos(x2),-0.0002412 + 2*(cos(x2)*sin(x1)),generation budget reached
trig_product,complementary,0.03,300,4,9020,centralized-residual-counterexample-gp,1.0,1.0,1.0,6.692559591030832e-08,0.0008802343426777218,0.0,1.0,0.7255027279998103,0,1450,sin(x1)*cos(x2),-0.0002412 + 2*(cos(x2)*sin(x1)),generation budget reached
trig_product,complementary,0.1,300,4,9016,fedfalsify-v05,1.0,1.0,1.0,2.892712024499932e-05,0.00967332272363729,0.0,1.0,0.171224704999986,151504,2,sin(x1)*cos(x2),0.00104 + 1.989·sin(x₁)cos(x₂),target federated MSE reached; no replacement passed the federated certificate
trig_product,complementary,0.1,300,4,9016,centralized-tree-gp,1.0,1.0,1.0,2.8927120244987293e-05,0.00967332272363729,0.0,1.0,0.7009449589995711,0,1464,sin(x1)*cos(x2),0.00104 + 1.989*(cos(x2)*sin(x1)),generation budget reached
trig_product,complementary,0.1,300,4,9016,federated-tree-gp-style,1.0,1.0,1.0,2.892712024499932e-05,0.00967332272363729,0.0,1.0,0.868088840999917,433792,1464,sin(x1)*cos(x2),0.00104 + 1.989*(cos(x2)*sin(x1)),generation budget reached
trig_product,complementary,0.1,300,4,9016,centralized-residual-counterexample-gp,1.0,1.0,1.0,2.8927120244987293e-05,0.00967332272363729,0.0,1.0,0.6982275840000511,0,1464,sin(x1)*cos(x2),0.00104 + 1.989*(cos(x2)*sin(x1)),generation budget reached
trig_product,complementary,0.1,300,4,9017,fedfalsify-v05,1.0,1.0,1.0,1.7139999644535433e-06,0.010868608708509682,0.0,1.0,0.20016131899956235,211076,2,sin(x1)*cos(x2),-1.492e-05 + 2.003·sin(x₁)cos(x₂),target federated MSE reached; no replacement passed the federated certificate
trig_product,complementary,0.1,300,4,9017,centralized-tree-gp,1.0,1.0,1.0,1.7139999644541218e-06,0.010868608708509682,0.0,1.0,0.7051124330000675,0,1447,sin(x1)*cos(x2),-1.492e-05 + 2.003*(cos(x2)*sin(x1)),generation budget reached
trig_product,complementary,0.1,300,4,9017,federated-tree-gp-style,1.0,1.0,1.0,1.7139999644535433e-06,0.010868608708509682,0.0,1.0,0.886623297999904,426176,1447,sin(x1)*cos(x2),-1.492e-05 + 2.003*(cos(x2)*sin(x1)),generation budget reached
trig_product,complementary,0.1,300,4,9017,centralized-residual-counterexample-gp,1.0,1.0,1.0,1.7139999644541218e-06,0.010868608708509682,0.0,1.0,0.7515944149999996,0,1448,sin(x1)*cos(x2),-1.492e-05 + 2.003*(cos(x2)*sin(x1)),generation budget reached
trig_product,complementary,0.1,300,4,9018,fedfalsify-v05,1.0,1.0,1.0,3.1243871991979036e-05,0.010394860034560907,0.0,1.0,0.16426213999966421,151524,2,sin(x1)*cos(x2),0.0005088 + 2.011·sin(x₁)cos(x₂),target federated MSE reached; no replacement passed the federated certificate
trig_product,complementary,0.1,300,4,9018,centralized-tree-gp,1.0,1.0,1.0,3.124387199197162e-05,0.010394860034560905,0.0,1.0,0.7386676739997711,0,1477,sin(x1)*cos(x2),0.0005088 + 2.011*(cos(x2)*sin(x1)),generation budget reached
trig_product,complementary,0.1,300,4,9018,federated-tree-gp-style,1.0,1.0,1.0,3.1243871991979036e-05,0.010394860034560907,0.0,1.0,0.8842697690006389,446656,1477,sin(x1)*cos(x2),0.0005088 + 2.011*(cos(x2)*sin(x1)),generation budget reached
trig_product,complementary,0.1,300,4,9018,centralized-residual-counterexample-gp,1.0,1.0,1.0,3.124387199197162e-05,0.010394860034560905,0.0,1.0,0.7731601750001573,0,1476,sin(x1)*cos(x2),0.0005088 + 2.011*(cos(x2)*sin(x1)),generation budget reached
trig_product,complementary,0.1,300,4,9019,fedfalsify-v05,1.0,1.0,1.0,2.0507860916344936e-05,0.010461130567761833,0.0,1.0,0.16366421600014291,151415,2,sin(x1)*cos(x2),0.001037 + 2.009·sin(x₁)cos(x₂),target federated MSE reached; no replacement passed the federated certificate
trig_product,complementary,0.1,300,4,9019,centralized-tree-gp,1.0,1.0,1.0,2.050786091634106e-05,0.010461130567761833,0.0,1.0,0.7033893560001161,0,1452,sin(x1)*cos(x2),0.001037 + 2.009*(cos(x2)*sin(x1)),generation budget reached
trig_product,complementary,0.1,300,4,9019,federated-tree-gp-style,1.0,1.0,1.0,2.0507860916344936e-05,0.010461130567761833,0.0,1.0,0.9614204570007132,424960,1452,sin(x1)*cos(x2),0.001037 + 2.009*(cos(x2)*sin(x1)),generation budget reached
trig_product,complementary,0.1,300,4,9019,centralized-residual-counterexample-gp,1.0,1.0,1.0,2.050786091634106e-05,0.010461130567761833,0.0,1.0,1.1652960829997028,0,1452,sin(x1)*cos(x2),0.001037 + 2.009*(cos(x2)*sin(x1)),generation budget reached
trig_product,complementary,0.1,300,4,9020,fedfalsify-v05,1.0,1.0,1.0,7.436177809466084e-07,0.009780381585308027,0.0,1.0,0.22504825499981962,151681,2,sin(x1)*cos(x2),-0.000804 + 2.001·sin(x₁)cos(x₂),target federated MSE reached; no replacement passed the federated certificate
trig_product,complementary,0.1,300,4,9020,centralized-tree-gp,1.0,1.0,1.0,7.436177809468759e-07,0.009780381585308027,0.0,1.0,1.1002179689994591,0,1448,sin(x1)*cos(x2),-0.000804 + 2.001*(cos(x2)*sin(x1)),generation budget reached
trig_product,complementary,0.1,300,4,9020,federated-tree-gp-style,1.0,1.0,1.0,7.436177809466084e-07,0.009780381585308027,0.0,1.0,1.391226634999839,426624,1448,sin(x1)*cos(x2),-0.000804 + 2.001*(cos(x2)*sin(x1)),generation budget reached
trig_product,complementary,0.1,300,4,9020,centralized-residual-counterexample-gp,1.0,1.0,1.0,7.436177809468759e-07,0.009780381585308027,0.0,1.0,0.9163688259995979,0,1448,sin(x1)*cos(x2),-0.000804 + 2.001*(cos(x2)*sin(x1)),generation budget reached
trig_product,spurious,0.03,300,4,9016,fedfalsify-v05,1.0,1.0,1.0,2.245314573205931e-06,0.0008567360665242562,0.0,1.0,0.18630531999951927,152003,2,sin(x1)*cos(x2),0.0007449 + 2.003·sin(x₁)cos(x₂),target federated MSE reached; no replacement passed the federated certificate
trig_product,spurious,0.03,300,4,9016,centralized-tree-gp,1.0,1.0,1.0,2.2453145732043363e-06,0.0008567360665242562,0.0,1.0,0.6702733410002111,0,1453,sin(x1)*cos(x2),0.0007449 + 2.003*(cos(x2)*sin(x1)),generation budget reached
trig_product,spurious,0.03,300,4,9016,federated-tree-gp-style,1.0,1.0,1.0,2.245314573205931e-06,0.0008567360665242562,0.0,1.0,0.8759833739995884,426496,1453,sin(x1)*cos(x2),0.0007449 + 2.003*(cos(x2)*sin(x1)),generation budget reached
trig_product,spurious,0.03,300,4,9016,centralized-residual-counterexample-gp,1.0,1.0,1.0,2.2453145732043363e-06,0.0008567360665242562,0.0,1.0,0.7364934180004639,0,1454,sin(x1)*cos(x2),0.0007449 + 2.003*(cos(x2)*sin(x1)),generation budget reached
trig_product,spurious,0.03,300,4,9017,fedfalsify-v05,1.0,1.0,1.0,6.565136337954108e-07,0.0009725975058043508,0.0,1.0,0.1653539869994347,152315,2,sin(x1)*cos(x2),-0.0008245 + 2·sin(x₁)cos(x₂),target federated MSE reached; no replacement passed the federated certificate
trig_product,spurious,0.03,300,4,9017,centralized-tree-gp,1.0,1.0,1.0,6.565136337953398e-07,0.0009725975058043508,0.0,1.0,0.6961236779998217,0,1458,sin(x1)*cos(x2),-0.0008245 + 2*(cos(x2)*sin(x1)),generation budget reached
trig_product,spurious,0.03,300,4,9017,federated-tree-gp-style,1.0,1.0,1.0,6.565136337954108e-07,0.0009725975058043508,0.0,1.0,0.9106249159995059,435200,1458,sin(x1)*cos(x2),-0.0008245 + 2*(cos(x2)*sin(x1)),generation budget reached
trig_product,spurious,0.03,300,4,9017,centralized-residual-counterexample-gp,1.0,1.0,1.0,6.565136337953398e-07,0.0009725975058043508,0.0,1.0,0.7374090269995577,0,1460,sin(x1)*cos(x2),-0.0008245 + 2*(cos(x2)*sin(x1)),generation budget reached
trig_product,spurious,0.03,300,4,9018,fedfalsify-v05,1.0,1.0,1.0,2.1396444925340008e-06,0.0008833189490155187,0.0,1.0,0.1716055540000525,151884,2,sin(x1)*cos(x2),-0.001312 + 2.001·sin(x₁)cos(x₂),target federated MSE reached; no replacement passed the federated certificate
trig_product,spurious,0.03,300,4,9018,centralized-tree-gp,1.0,1.0,1.0,2.139644492534634e-06,0.0008833189490155187,0.0,1.0,0.707130664000033,0,1457,sin(x1)*cos(x2),-0.001312 + 2.001*(cos(x2)*sin(x1)),generation budget reached
trig_product,spurious,0.03,300,4,9018,federated-tree-gp-style,1.0,1.0,1.0,2.1396444925340008e-06,0.0008833189490155187,0.0,1.0,0.8851674510005978,436736,1457,sin(x1)*cos(x2),-0.001312 + 2.001*(cos(x2)*sin(x1)),generation budget reached
trig_product,spurious,0.03,300,4,9018,centralized-residual-counterexample-gp,1.0,1.0,1.0,2.139644492534634e-06,0.0008833189490155187,0.0,1.0,0.7523272250000446,0,1457,sin(x1)*cos(x2),-0.001312 + 2.001*(cos(x2)*sin(x1)),generation budget reached
trig_product,spurious,0.03,300,4,9019,fedfalsify-v05,1.0,1.0,1.0,9.443011439402134e-07,0.0008577140010304096,0.0,1.0,0.1667717990003439,152506,2,sin(x1)*cos(x2),6.671e-05 + 2.002·sin(x₁)cos(x₂),target federated MSE reached; no replacement passed the federated certificate
trig_product,spurious,0.03,300,4,9019,centralized-tree-gp,1.0,1.0,1.0,9.443011439376163e-07,0.0008577140010304096,0.0,1.0,0.676575782999862,0,1447,sin(x1)*cos(x2),6.671e-05 + 2.002*(cos(x2)*sin(x1)),generation budget reached
trig_product,spurious,0.03,300,4,9019,federated-tree-gp-style,1.0,1.0,1.0,9.443011439402134e-07,0.0008577140010304096,0.0,1.0,0.841492431000006,422464,1447,sin(x1)*cos(x2),6.671e-05 + 2.002*(cos(x2)*sin(x1)),generation budget reached
trig_product,spurious,0.03,300,4,9019,centralized-residual-counterexample-gp,1.0,1.0,1.0,9.443011439376163e-07,0.0008577140010304096,0.0,1.0,1.0061534559999927,0,1446,sin(x1)*cos(x2),6.671e-05 + 2.002*(cos(x2)*sin(x1)),generation budget reached
trig_product,spurious,0.03,300,4,9020,fedfalsify-v05,1.0,1.0,1.0,9.217959555385403e-07,0.0009119881499228381,0.0,1.0,0.2214005369996812,152040,2,sin(x1)*cos(x2),-0.0004137 + 2.002·sin(x₁)cos(x₂),target federated MSE reached; no replacement passed the federated certificate
trig_product,spurious,0.03,300,4,9020,centralized-tree-gp,1.0,1.0,1.0,9.217959555377603e-07,0.0009119881499228381,0.0,1.0,1.185793888000262,0,1452,sin(x1)*cos(x2),-0.0004137 + 2.002*(cos(x2)*sin(x1)),generation budget reached
trig_product,spurious,0.03,300,4,9020,federated-tree-gp-style,1.0,1.0,1.0,9.217959555385403e-07,0.0009119881499228381,0.0,1.0,1.4029029109997282,425664,1452,sin(x1)*cos(x2),-0.0004137 + 2.002*(cos(x2)*sin(x1)),generation budget reached
trig_product,spurious,0.03,300,4,9020,centralized-residual-counterexample-gp,1.0,1.0,1.0,9.217959555377603e-07,0.0009119881499228381,0.0,1.0,1.206766663000053,0,1451,sin(x1)*cos(x2),-0.0004137 + 2.002*(cos(x2)*sin(x1)),generation budget reached
trig_product,spurious,0.1,300,4,9016,fedfalsify-v05,1.0,1.0,1.0,2.4947940406309404e-05,0.009519289628047295,0.0,1.0,0.1603810450005767,151439,2,sin(x1)*cos(x2),0.002483 + 2.009·sin(x₁)cos(x₂),target federated MSE reached; no replacement passed the federated certificate
trig_product,spurious,0.1,300,4,9016,centralized-tree-gp,1.0,1.0,1.0,2.4947940406298938e-05,0.009519289628047295,0.0,1.0,0.699121032000221,0,1462,sin(x1)*cos(x2),0.002483 + 2.009*(cos(x2)*sin(x1)),generation budget reached
trig_product,spurious,0.1,300,4,9016,federated-tree-gp-style,1.0,1.0,1.0,2.4947940406309404e-05,0.009519289628047295,0.0,1.0,0.9031460700007301,431808,1462,sin(x1)*cos(x2),0.002483 + 2.009*(cos(x2)*sin(x1)),generation budget reached
trig_product,spurious,0.1,300,4,9016,centralized-residual-counterexample-gp,1.0,1.0,1.0,2.4947940406298938e-05,0.009519289628047295,0.0,1.0,0.7440756750002038,0,1460,sin(x1)*cos(x2),0.002483 + 2.009*(cos(x2)*sin(x1)),generation budget reached
trig_product,spurious,0.1,300,4,9017,fedfalsify-v05,1.0,1.0,1.0,7.2945959499243036e-06,0.010806638953381681,0.0,1.0,0.18007725000006758,151745,2,sin(x1)*cos(x2),-0.002748 + 2.001·sin(x₁)cos(x₂),target federated MSE reached; no replacement passed the federated certificate
trig_product,spurious,0.1,300,4,9017,centralized-tree-gp,1.0,1.0,1.0,7.294595949923936e-06,0.010806638953381681,0.0,1.0,0.6987089989997912,0,1444,sin(x1)*cos(x2),-0.002748 + 2.001*(cos(x2)*sin(x1)),generation budget reached
trig_product,spurious,0.1,300,4,9017,federated-tree-gp-style,1.0,1.0,1.0,7.2945959499243036e-06,0.010806638953381681,0.0,1.0,0.857136258000537,421696,1444,sin(x1)*cos(x2),-0.002748 + 2.001*(cos(x2)*sin(x1)),generation budget reached
trig_product,spurious,0.1,300,4,9017,centralized-residual-counterexample-gp,1.0,1.0,1.0,7.294595949923936e-06,0.010806638953381681,0.0,1.0,0.716914079000162,0,1444,sin(x1)*cos(x2),-0.002748 + 2.001*(cos(x2)*sin(x1)),generation budget reached
trig_product,spurious,0.1,300,4,9018,fedfalsify-v05,1.0,1.0,1.0,2.377382803391859e-05,0.00981465498906132,0.0,1.0,0.15973073700024543,151203,2,sin(x1)*cos(x2),-0.004373 + 2.005·sin(x₁)cos(x₂),target federated MSE reached; no replacement passed the federated certificate
trig_product,spurious,0.1,300,4,9018,centralized-tree-gp,1.0,1.0,1.0,2.377382803391859e-05,0.00981465498906132,0.0,1.0,0.7042355009998573,0,1463,sin(x1)*cos(x2),-0.004373 + 2.005*(cos(x2)*sin(x1)),generation budget reached
trig_product,spurious,0.1,300,4,9018,federated-tree-gp-style,1.0,1.0,1.0,2.377382803391859e-05,0.00981465498906132,0.0,1.0,0.8582410789995265,439616,1463,sin(x1)*cos(x2),-0.004373 + 2.005*(cos(x2)*sin(x1)),generation budget reached
trig_product,spurious,0.1,300,4,9018,centralized-residual-counterexample-gp,1.0,1.0,1.0,2.377382803391859e-05,0.00981465498906132,0.0,1.0,0.7241588910001155,0,1465,sin(x1)*cos(x2),-0.004373 + 2.005*(cos(x2)*sin(x1)),generation budget reached
trig_product,spurious,0.1,300,4,9019,fedfalsify-v05,1.0,1.0,1.0,1.0492235469136203e-05,0.009530155567004556,0.0,1.0,0.1600648760004333,151918,2,sin(x1)*cos(x2),0.0002224 + 2.006·sin(x₁)cos(x₂),target federated MSE reached; no replacement passed the federated certificate
trig_product,spurious,0.1,300,4,9019,centralized-tree-gp,1.0,1.0,1.0,1.0492235469136211e-05,0.009530155567004555,0.0,1.0,0.6609432229997765,0,1447,sin(x1)*cos(x2),0.0002224 + 2.006*(cos(x2)*sin(x1)),generation budget reached
trig_product,spurious,0.1,300,4,9019,federated-tree-gp-style,1.0,1.0,1.0,1.0492235469136203e-05,0.009530155567004556,0.0,1.0,0.8651882929998465,422464,1447,sin(x1)*cos(x2),0.0002224 + 2.006*(cos(x2)*sin(x1)),generation budget reached
trig_product,spurious,0.1,300,4,9019,centralized-residual-counterexample-gp,1.0,1.0,1.0,1.0492235469136211e-05,0.009530155567004555,0.0,1.0,0.7091273129999536,0,1446,sin(x1)*cos(x2),0.0002224 + 2.006*(cos(x2)*sin(x1)),generation budget reached
trig_product,spurious,0.1,300,4,9020,fedfalsify-v05,1.0,1.0,1.0,1.0242177739536987e-05,0.010133201665809314,0.0,1.0,0.23620940100045118,151370,2,sin(x1)*cos(x2),-0.001379 + 2.006·sin(x₁)cos(x₂),target federated MSE reached; no replacement passed the federated certificate
trig_product,spurious,0.1,300,4,9020,centralized-tree-gp,1.0,1.0,1.0,1.0242177739539566e-05,0.010133201665809315,0.0,1.0,1.0858337300005587,0,1451,sin(x1)*cos(x2),-0.001379 + 2.006*(cos(x2)*sin(x1)),generation budget reached
trig_product,spurious,0.1,300,4,9020,federated-tree-gp-style,1.0,1.0,1.0,1.0242177739536987e-05,0.010133201665809314,0.0,1.0,1.4184182750004766,426368,1451,sin(x1)*cos(x2),-0.001379 + 2.006*(cos(x2)*sin(x1)),generation budget reached
trig_product,spurious,0.1,300,4,9020,centralized-residual-counterexample-gp,1.0,1.0,1.0,1.0242177739539566e-05,0.010133201665809315,0.0,1.0,1.134285820000514,0,1451,sin(x1)*cos(x2),-0.001379 + 2.006*(cos(x2)*sin(x1)),generation budget reached
trig_product,exception,0.03,300,4,9016,fedfalsify-v05,1.0,1.0,1.0,3.044233387201796e-06,0.002386159247742364,0.0,1.0,0.31088653700044233,187620,3,I(x3>1)*x3^2;sin(x1)*cos(x2),0.0002595 + 0.7503·𝟙[x₃>1]·x₃² + 1.995·sin(x₁)cos(x₂),target federated MSE reached; no replacement passed the federated certificate
trig_product,exception,0.03,300,4,9016,centralized-tree-gp,0.0,0.5,0.5,0.058666696121920915,0.055572767138901934,0.0,1.0,1.0252834700004314,0,1556,"I(x3>1)*x3^2;expr:sin(mul(cos(x2),x1))",-0.01101 + 0.7496*I(x3>1)*((x3)^2) + 1.644*sin((cos(x2)*x1)),generation budget reached
trig_product,exception,0.03,300,4,9016,federated-tree-gp-style,0.0,0.5,0.5,0.058666696121921,0.055572767138901934,0.0,1.0,1.072896937999758,590656,1556,"I(x3>1)*x3^2;expr:sin(mul(cos(x2),x1))",-0.01101 + 0.7496*I(x3>1)*((x3)^2) + 1.644*sin((cos(x2)*x1)),generation budget reached
trig_product,exception,0.03,300,4,9016,centralized-residual-counterexample-gp,0.0,0.5,0.5,0.058666696121920915,0.055572767138901934,0.0,1.0,0.8359661069998765,0,1541,"I(x3>1)*x3^2;expr:sin(mul(cos(x2),x1))",-0.01101 + 0.7496*I(x3>1)*((x3)^2) + 1.644*sin((cos(x2)*x1)),generation budget reached
trig_product,exception,0.03,300,4,9017,fedfalsify-v05,1.0,1.0,1.0,9.965575920037424e-07,0.002471833996657805,0.0,1.0,0.2639956800003347,248882,3,I(x3>1)*x3^2;sin(x1)*cos(x2),-0.0007243 + 0.7509·𝟙[x₃>1]·x₃² + 2.001·sin(x₁)cos(x₂),target federated MSE reached; no replacement passed the federated certificate
trig_product,exception,0.03,300,4,9017,centralized-tree-gp,1.0,1.0,1.0,9.96557592003888e-07,0.002471833996657805,0.0,1.0,0.8360290560003705,0,1555,I(x3>1)*x3^2;sin(x1)*cos(x2),-0.0007243 + 0.7509*I(x3>1)*((x3)^2) + 2.001*(cos(x2)*sin(x1)),generation budget reached
trig_product,exception,0.03,300,4,9017,federated-tree-gp-style,1.0,1.0,1.0,9.965575920037458e-07,0.0024718339966578054,0.0,1.0,1.0505905269992581,595776,1555,I(x3>1)*x3^2;sin(x1)*cos(x2),-0.0007243 + 0.7509*I(x3>1)*((x3)^2) + 2.001*(cos(x2)*sin(x1)),generation budget reached
trig_product,exception,0.03,300,4,9017,centralized-residual-counterexample-gp,1.0,1.0,1.0,9.96557592003888e-07,0.002471833996657805,0.0,1.0,0.9361567559999457,0,1582,I(x3>1)*x3^2;sin(x1)*cos(x2),-0.0007243 + 0.7509*I(x3>1)*((x3)^2) + 2.001*(cos(x2)*sin(x1)),generation budget reached
trig_product,exception,0.03,300,4,9018,fedfalsify-v05,1.0,1.0,1.0,4.57350107976305e-06,0.002411956690238575,0.0,1.0,0.2218262019996473,187562,3,I(x3>1)*x3^2;sin(x1)*cos(x2),0.00123 + 0.7488·𝟙[x₃>1]·x₃² + 2.006·sin(x₁)cos(x₂),target federated MSE reached; no replacement passed the federated certificate
trig_product,exception,0.03,300,4,9018,centralized-tree-gp,1.0,1.0,1.0,4.5735010797584355e-06,0.0024119566902385753,0.0,1.0,0.8499800279996634,0,1548,I(x3>1)*x3^2;sin(x1)*cos(x2),0.00123 + 0.7488*I(x3>1)*((x3)^2) + 2.006*(cos(x2)*sin(x1)),generation budget reached
trig_product,exception,0.03,300,4,9018,federated-tree-gp-style,1.0,1.0,1.0,4.573501079763028e-06,0.002411956690238576,0.0,1.0,1.0482137190001595,566400,1548,I(x3>1)*x3^2;sin(x1)*cos(x2),0.00123 + 0.7488*I(x3>1)*((x3)^2) + 2.006*(cos(x2)*sin(x1)),generation budget reached
trig_product,exception,0.03,300,4,9018,centralized-residual-counterexample-gp,1.0,1.0,1.0,4.5735010797584355e-06,0.0024119566902385753,0.0,1.0,0.8419880159999593,0,1520,I(x3>1)*x3^2;sin(x1)*cos(x2),0.00123 + 0.7488*I(x3>1)*((x3)^2) + 2.006*(cos(x2)*sin(x1)),generation budget reached
trig_product,exception,0.03,300,4,9019,fedfalsify-v05,1.0,1.0,1.0,2.3317822560346782e-06,0.002427782478829409,0.0,1.0,0.21749547399940639,187451,3,I(x3>1)*x3^2;sin(x1)*cos(x2),-6.56e-05 + 0.7507·𝟙[x₃>1]·x₃² + 2.004·sin(x₁)cos(x₂),target federated MSE reached; no replacement passed the federated certificate
trig_product,exception,0.03,300,4,9019,centralized-tree-gp,0.0,0.5,0.5,0.0009048732577354151,0.004669197786776501,0.0,1.0,0.8176447090008878,0,1551,"I(x3>1)*x3^2;expr:sin(mul(cos(x2),sin(x1)))",-0.0009297 + 0.7511*I(x3>1)*((x3)^2) + 2.199*sin((cos(x2)*sin(x1))),generation budget reached
trig_product,exception,0.03,300,4,9019,federated-tree-gp-style,0.0,0.5,0.5,0.0009048732577354129,0.004669197786776501,0.0,1.0,1.4947633900001165,565184,1551,"I(x3>1)*x3^2;expr:sin(mul(cos(x2),sin(x1)))",-0.0009297 + 0.7511*I(x3>1)*((x3)^2) + 2.199*sin((cos(x2)*sin(x1))),generation budget reached
trig_product,exception,0.03,300,4,9019,centralized-residual-counterexample-gp,0.0,0.5,0.5,0.0009048732577354151,0.004669197786776501,0.0,1.0,1.4442265459992996,0,1553,"I(x3>1)*x3^2;expr:sin(mul(cos(x2),sin(x1)))",-0.0009297 + 0.7511*I(x3>1)*((x3)^2) + 2.199*sin((cos(x2)*sin(x1))),generation budget reached
trig_product,exception,0.03,300,4,9020,fedfalsify-v05,1.0,1.0,1.0,7.187968813361072e-08,0.0023678873385488035,0.0,1.0,0.29124460900038684,187885,3,I(x3>1)*x3^2;sin(x1)*cos(x2),-0.0004374 + 0.75·𝟙[x₃>1]·x₃² + 2·sin(x₁)cos(x₂),target federated MSE reached; no replacement passed the federated certificate
trig_product,exception,0.03,300,4,9020,centralized-tree-gp,0.0,0.3333333333333333,0.5,0.03934092376026265,0.05237082632687348,0.0,1.0,1.4033015670001987,0,1578,"I(x3>1)*x3^2;expr:sin(mul(cos(x2),x1));expr:square(add(cos(x2),sin(x1)))",-0.2341 + 0.7534*I(x3>1)*((x3)^2) + 1.252*sin((cos(x2)*x1)) + 0.2278*((cos(x2)+sin(x1)))^2,generation budget reached
trig_product,exception,0.03,300,4,9020,federated-tree-gp-style,0.0,0.3333333333333333,0.5,0.03934092376026267,0.05237082632687348,0.0,1.0,1.3182236570000896,616832,1578,"I(x3>1)*x3^2;expr:sin(mul(cos(x2),x1));expr:square(add(cos(x2),sin(x1)))",-0.2341 + 0.7534*I(x3>1)*((x3)^2) + 1.252*sin((cos(x2)*x1)) + 0.2278*((cos(x2)+sin(x1)))^2,generation budget reached
trig_product,exception,0.03,300,4,9020,centralized-residual-counterexample-gp,0.0,0.3333333333333333,0.5,0.03934092376026265,0.05237082632687348,0.0,1.0,0.8797569999996995,0,1569,"I(x3>1)*x3^2;expr:sin(mul(cos(x2),x1));expr:square(add(cos(x2),sin(x1)))",-0.2341 + 0.7534*I(x3>1)*((x3)^2) + 1.252*sin((cos(x2)*x1)) + 0.2278*((cos(x2)+sin(x1)))^2,generation budget reached
trig_product,exception,0.1,300,4,9016,fedfalsify-v05,1.0,1.0,1.0,3.382481486054557e-05,0.02651288053047072,0.0,1.0,0.23524506600006134,187035,3,I(x3>1)*x3^2;sin(x1)*cos(x2),0.0008651 + 0.751·𝟙[x₃>1]·x₃² + 1.982·sin(x₁)cos(x₂),target federated MSE reached; no replacement passed the federated certificate
trig_product,exception,0.1,300,4,9016,centralized-tree-gp,0.0,0.25,0.5,0.03859319540940774,0.06548556274861464,0.0,1.0,0.8781434680004168,0,1567,"I(x3>1)*x3^2;expr:cos(mul(x2,x2));expr:sin(mul(cos(x2),x1));expr:square(add(cos(x2),sin(x1)))",-0.2269 - 0.08827*cos((x2*x2)) + 0.7509*I(x3>1)*((x3)^2) + 1.238*sin((cos(x2)*x1)) + 0.2407*((cos(x2)+sin(x1)))^2,generation budget reached
trig_product,exception,0.1,300,4,9016,federated-tree-gp-style,0.0,0.25,0.5,0.03859319540940776,0.06548556274861461,0.0,1.0,1.1556703959995502,616064,1567,"I(x3>1)*x3^2;expr:cos(mul(x2,x2));expr:sin(mul(cos(x2),x1));expr:square(add(cos(x2),sin(x1)))",-0.2269 - 0.08827*cos((x2*x2)) + 0.7509*I(x3>1)*((x3)^2) + 1.238*sin((cos(x2)*x1)) + 0.2407*((cos(x2)+sin(x1)))^2,generation budget reached
trig_product,exception,0.1,300,4,9016,centralized-residual-counterexample-gp,0.0,0.25,0.5,0.03788283313784582,0.06458926918071924,0.0,1.0,0.8913663769999403,0,1564,"I(x3>1)*x3^2;expr:sin(mul(cos(x2),x1));expr:square(add(cos(x2),sin(x1)));expr:square(mul(sin(x1),x1))",-0.1812 + 0.7511*I(x3>1)*((x3)^2) + 1.241*sin((cos(x2)*x1)) + 0.2426*((cos(x2)+sin(x1)))^2 - 0.06118*((sin(x1)*x1))^2,generation budget reached
trig_product,exception,0.1,300,4,9017,fedfalsify-v05,1.0,1.0,1.0,1.1072862269021499e-05,0.027464822185086734,0.0,1.0,0.2659450649998689,248293,3,I(x3>1)*x3^2;sin(x1)*cos(x2),-0.002414 + 0.753·𝟙[x₃>1]·x₃² + 2.004·sin(x₁)cos(x₂),target federated MSE reached; no replacement passed the federated certificate
trig_product,exception,0.1,300,4,9017,centralized-tree-gp,0.0,0.25,0.5,0.016388766729555554,0.058248492808787376,0.0,0.0,0.9574470950001341,0,1597,"expr:add(sin(x1),sin(x3));expr:mul(square(x3),x3);expr:sin(add(cos(x3),cos(x3)));sin(x1)*cos(x2)",0.9522 + 0.07732*(sin(x1)+sin(x3)) + 1.967*(cos(x2)*sin(x1)) + 0.1688*((x3)^2*x3) - 0.9433*sin((cos(x3)+cos(x3))),generation budget reached
trig_product,exception,0.1,300,4,9017,federated-tree-gp-style,0.0,0.25,0.5,0.01638876672955555,0.058248492808787376,0.0,0.0,1.1451837370004796,644928,1597,"expr:add(sin(x1),sin(x3));expr:mul(square(x3),x3);expr:sin(add(cos(x3),cos(x3)));sin(x1)*cos(x2)",0.9522 + 0.07732*(sin(x1)+sin(x3)) + 1.967*(cos(x2)*sin(x1)) + 0.1688*((x3)^2*x3) - 0.9433*sin((cos(x3)+cos(x3))),generation budget reached
trig_product,exception,0.1,300,4,9017,centralized-residual-counterexample-gp,0.0,0.0,0.0,0.019621775741332514,0.06568155177528079,0.0,0.0,0.9253583509998862,0,1572,"expr:mul(square(x3),x3);expr:sin(add(cos(x3),cos(x3)));expr:sin(mul(cos(x2),sin(x1)));expr:sin(mul(cos(x2),x1))",0.9488 + 0.1784*((x3)^2*x3) - 0.9541*sin((cos(x3)+cos(x3))) + 2.075*sin((cos(x2)*sin(x1))) + 0.0928*sin((cos(x2)*x1)),generation budget reached
trig_product,exception,0.1,300,4,9018,fedfalsify-v05,1.0,1.0,1.0,5.0816679190143244e-05,0.026799518780428636,0.0,1.0,0.22245526700044138,186946,3,I(x3>1)*x3^2;sin(x1)*cos(x2),0.004101 + 0.746·𝟙[x₃>1]·x₃² + 2.019·sin(x₁)cos(x₂),target federated MSE reached; no replacement passed the federated certificate
trig_product,exception,0.1,300,4,9018,centralized-tree-gp,0.0,0.25,0.5,0.015018692780377757,0.05753773811950422,0.0,0.0,0.9031234679996487,0,1603,"expr:add(sin(x3),x2);expr:cos(mul(cos(x3),x3));expr:square(add(square(x3),x3));sin(x1)*cos(x2)",-1.006 + 0.03533*(sin(x3)+x2) + 1.151*cos((cos(x3)*x3)) + 2.065*(cos(x2)*sin(x1)) + 0.08609*(((x3)^2+x3))^2,generation budget reached
trig_product,exception,0.1,300,4,9018,federated-tree-gp-style,0.0,0.25,0.5,0.015018692780377664,0.05753773811950422,0.0,0.0,1.5196921100005056,641856,1603,"expr:add(sin(x3),x2);expr:cos(mul(cos(x3),x3));expr:square(add(square(x3),x3));sin(x1)*cos(x2)",-1.006 + 0.03533*(sin(x3)+x2) + 1.151*cos((cos(x3)*x3)) + 2.065*(cos(x2)*sin(x1)) + 0.08609*(((x3)^2+x3))^2,generation budget reached
trig_product,exception,0.1,300,4,9018,centralized-residual-counterexample-gp,1.0,1.0,1.0,5.081667919013492e-05,0.02679951878042863,0.0,1.0,1.3901397419995192,0,1541,I(x3>1)*x3^2;sin(x1)*cos(x2),0.004101 + 0.746*I(x3>1)*((x3)^2) + 2.019*(cos(x2)*sin(x1)),generation budget reached
trig_product,exception,0.1,300,4,9019,fedfalsify-v05,1.0,1.0,1.0,2.5908692176360943e-05,0.026975360875882325,0.0,1.0,0.3091951110000082,186963,3,I(x3>1)*x3^2;sin(x1)*cos(x2),-0.0002187 + 0.7522·𝟙[x₃>1]·x₃² + 2.014·sin(x₁)cos(x₂),target federated MSE reached; no replacement passed the federated certificate
trig_product,exception,0.1,300,4,9019,centralized-tree-gp,1.0,1.0,1.0,2.590869217636461e-05,0.02697536087588232,0.0,1.0,1.3091765850003867,0,1553,I(x3>1)*x3^2;sin(x1)*cos(x2),-0.0002187 + 0.7522*I(x3>1)*((x3)^2) + 2.014*(cos(x2)*sin(x1)),generation budget reached
trig_product,exception,0.1,300,4,9019,federated-tree-gp-style,1.0,1.0,1.0,2.590869217636103e-05,0.02697536087588232,0.0,1.0,1.3982731870000862,568384,1553,I(x3>1)*x3^2;sin(x1)*cos(x2),-0.0002187 + 0.7522*I(x3>1)*((x3)^2) + 2.014*(cos(x2)*sin(x1)),generation budget reached
trig_product,exception,0.1,300,4,9019,centralized-residual-counterexample-gp,0.0,0.5,0.5,0.0009333788402819472,0.02950203532596607,0.0,1.0,0.8448191179995774,0,1539,"I(x3>1)*x3^2;expr:sin(mul(cos(x2),sin(x1)))",-0.00109 + 0.7526*I(x3>1)*((x3)^2) + 2.209*sin((cos(x2)*sin(x1))),generation budget reached
trig_product,exception,0.1,300,4,9020,fedfalsify-v05,1.0,1.0,1.0,7.986632321645768e-07,0.026309859317208938,0.0,1.0,0.21629342599953816,187132,3,I(x3>1)*x3^2;sin(x1)*cos(x2),-0.001458 + 0.7502·𝟙[x₃>1]·x₃² + 2.001·sin(x₁)cos(x₂),target federated MSE reached; no replacement passed the federated certificate
trig_product,exception,0.1,300,4,9020,centralized-tree-gp,0.0,0.5,0.5,0.05509197550623832,0.09352686320427016,0.0,1.0,0.7883093899999949,0,1505,"I(x3>1)*x3^2;expr:sin(mul(cos(x2),x1))",-0.002163 + 0.7521*I(x3>1)*((x3)^2) + 1.609*sin((cos(x2)*x1)),generation budget reached
trig_product,exception,0.1,300,4,9020,federated-tree-gp-style,0.0,0.5,0.5,0.05509197550623828,0.09352686320427016,0.0,1.0,0.9977186790001724,540544,1505,"I(x3>1)*x3^2;expr:sin(mul(cos(x2),x1))",-0.002163 + 0.7521*I(x3>1)*((x3)^2) + 1.609*sin((cos(x2)*x1)),generation budget reached
trig_product,exception,0.1,300,4,9020,centralized-residual-counterexample-gp,0.0,0.5,0.5,0.05509197550623832,0.09352686320427016,0.0,1.0,0.8186799079994671,0,1491,"I(x3>1)*x3^2;expr:sin(mul(cos(x2),x1))",-0.002163 + 0.7521*I(x3>1)*((x3)^2) + 1.609*sin((cos(x2)*x1)),generation budget reached
interaction,complementary,0.03,300,4,9016,fedfalsify-v05,1.0,1.0,1.0,2.2839676606338996e-06,0.004113436088208029,0.0,1.0,0.1936873539998487,180465,3,x1*x2;x3^2,0.003604 + 0.9988·x₁x₂ + 0.4983·x₃²,target federated MSE reached; no replacement passed the federated certificate
interaction,complementary,0.03,300,4,9016,centralized-tree-gp,1.0,1.0,1.0,2.2839676606348703e-06,0.004113436088208029,0.0,1.0,0.8327823239997088,0,1585,x1*x2;x3^2,0.003604 + 0.9988*(x1*x2) + 0.4983*(x3)^2,generation budget reached
interaction,complementary,0.03,300,4,9016,federated-tree-gp-style,1.0,1.0,1.0,2.2839676606338975e-06,0.00411343608820803,0.0,1.0,1.0704031790000954,611392,1585,x1*x2;x3^2,0.003604 + 0.9988*(x1*x2) + 0.4983*(x3)^2,generation budget reached
interaction,complementary,0.03,300,4,9016,centralized-residual-counterexample-gp,1.0,1.0,1.0,2.2839676606348703e-06,0.004113436088208029,0.0,1.0,0.8864703319995897,0,1572,x1*x2;x3^2,0.003604 + 0.9988*(x1*x2) + 0.4983*(x3)^2,generation budget reached
interaction,complementary,0.03,300,4,9017,fedfalsify-v05,1.0,1.0,1.0,8.343944539161468e-08,0.004543219345197206,0.0,1.0,0.192439381999975,180192,3,x1*x2;x3^2,-9.652e-05 + 1·x₁x₂ + 0.5·x₃²,target federated MSE reached; no replacement passed the federated certificate
interaction,complementary,0.03,300,4,9017,centralized-tree-gp,1.0,1.0,1.0,8.343944539190999e-08,0.004543219345197204,0.0,1.0,0.8459327350001331,0,1596,x1*x2;x3^2,-9.652e-05 + 1*(x1*x2) + 0.5*(x3)^2,generation budget reached
interaction,complementary,0.03,300,4,9017,federated-tree-gp-style,1.0,1.0,1.0,8.343944539162106e-08,0.004543219345197204,0.0,1.0,1.1397517189998325,624384,1596,x1*x2;x3^2,-9.652e-05 + 1*(x1*x2) + 0.5*(x3)^2,generation budget reached
interaction,complementary,0.03,300,4,9017,centralized-residual-counterexample-gp,0.0,0.25,0.5,3.0487067276390877e-05,0.004661706072494571,0.0,1.0,1.0331997109997246,0,1570,"cos(x3);expr:mul(cos(x2),square(x3));expr:mul(cos(x3),square(x3));x1*x2",1.243 - 1.233*cos(x3) - 0.00273*(cos(x2)*(x3)^2) - 0.1618*(cos(x3)*(x3)^2) + 1*(x1*x2),generation budget reached
interaction,complementary,0.03,300,4,9018,fedfalsify-v05,1.0,1.0,1.0,6.251428783841436e-07,0.00434861559978862,0.0,1.0,0.2719948909998493,180157,3,x1*x2;x3^2,0.002149 + 0.9996·x₁x₂ + 0.4988·x₃²,target federated MSE reached; no replacement passed the federated certificate
interaction,complementary,0.03,300,4,9018,centralized-tree-gp,0.0,0.5,0.5,6.251428768356108e-07,0.00434861559978862,0.0,1.0,1.3505306499992003,0,1580,"expr:square(add(x3,x3));x1*x2",0.002149 + 0.9996*(x1*x2) + 0.1247*((x3+x3))^2,generation budget reached
interaction,complementary,0.03,300,4,9018,federated-tree-gp-style,0.0,0.5,0.5,6.251428768377657e-07,0.004348615599788619,0.0,1.0,1.6837306819998048,597952,1580,"expr:square(add(x3,x3));x1*x2",0.002149 + 0.9996*(x1*x2) + 0.1247*((x3+x3))^2,generation budget reached
interaction,complementary,0.03,300,4,9018,centralized-residual-counterexample-gp,0.0,0.5,0.5,6.251428768356108e-07,0.00434861559978862,0.0,1.0,1.1601339549997647,0,1509,"expr:square(add(x3,x3));x1*x2",0.002149 + 0.9996*(x1*x2) + 0.1247*((x3+x3))^2,generation budget reached
interaction,complementary,0.03,300,4,9019,fedfalsify-v05,1.0,1.0,1.0,3.928034867033463e-06,0.0038966571283624435,0.0,1.0,0.1991006219996052,180403,3,x1*x2;x3^2,0.00286 + 0.998·x₁x₂ + 0.4991·x₃²,target federated MSE reached; no replacement passed the federated certificate
interaction,complementary,0.03,300,4,9019,centralized-tree-gp,0.0,0.5,0.5,4.294147434975788e-06,0.003895633209410593,0.0,1.0,0.8008435900001132,0,1560,"expr:square(add(x3,x3));x1*x2",0.001852 + 0.9979*(x1*x2) + 0.1248*((x3+x3))^2 + 0.0008352*((sin(x2)*x2))^2,generation budget reached
interaction,complementary,0.03,300,4,9019,federated-tree-gp-style,0.0,0.5,0.5,4.294147434976502e-06,0.0038956332094105925,0.0,1.0,1.0414442990004318,572736,1560,"expr:square(add(x3,x3));x1*x2",0.001852 + 0.9979*(x1*x2) + 0.1248*((x3+x3))^2 + 0.0008352*((sin(x2)*x2))^2,generation budget reached
interaction,complementary,0.03,300,4,9019,centralized-residual-counterexample-gp,0.0,0.3333333333333333,0.5,0.004598330841274889,0.031860431632629985,1.0,1.0,0.8900539300002492,0,1575,"expr:add(sin(x4),square(x3));expr:square(add(sin(x3),x3));x1*x2",-0.1194 + 0.1269*(sin(x4)+(x3)^2) + 0.9974*(x1*x2) + 0.1803*((sin(x3)+x3))^2,generation budget reached
interaction,complementary,0.03,300,4,9020,fedfalsify-v05,1.0,1.0,1.0,6.266248586501782e-07,0.004074411130954226,0.0,1.0,0.20837630999994872,180428,3,x1*x2;x3^2,0.0009781 + 0.9994·x₁x₂ + 0.4992·x₃²,target federated MSE reached; no replacement passed the federated certificate
interaction,complementary,0.03,300,4,9020,centralized-tree-gp,0.0,0.3333333333333333,0.5,1.5519250840672977e-06,0.004067607436331489,1.0,1.0,0.8335663389998444,0,1565,"expr:add(square(x3),square(x3));expr:mul(square(x4),x3);x1*x2",0.001017 + 0.2496*((x3)^2+(x3)^2) - 0.001168*((x4)^2*x3) + 0.9992*(x1*x2),generation budget reached
interaction,complementary,0.03,300,4,9020,federated-tree-gp-style,0.0,0.3333333333333333,0.5,1.5519250840680477e-06,0.004067607436331489,1.0,1.0,1.1030379200001335,615680,1565,"expr:add(square(x3),square(x3));expr:mul(square(x4),x3);x1*x2",0.001017 + 0.2496*((x3)^2+(x3)^2) - 0.001168*((x4)^2*x3) + 0.9992*(x1*x2),generation budget reached
interaction,complementary,0.03,300,4,9020,centralized-residual-counterexample-gp,0.0,0.25,0.5,1.1744275250857315e-06,0.004059422892967952,0.0,1.0,0.8886648190000415,0,1565,"expr:mul(sin(x3),sin(x3));expr:square(add(cos(x3),square(x3)));expr:square(add(sin(x3),x3));x1*x2",-0.03875 - 0.4367*(sin(x3)*sin(x3)) + 0.9994*(x1*x2) + 0.04037*((cos(x3)+(x3)^2))^2 + 0.2217*((sin(x3)+x3))^2,generation budget reached
interaction,complementary,0.1,300,4,9016,fedfalsify-v05,1.0,1.0,1.0,2.537741840028057e-05,0.04570484542453365,0.0,1.0,0.20821667500058538,179893,3,x1*x2;x3^2,0.01201 + 0.996·x₁x₂ + 0.4944·x₃²,target federated MSE reached; no replacement passed the federated certificate
interaction,complementary,0.1,300,4,9016,centralized-tree-gp,1.0,1.0,1.0,2.537741840026782e-05,0.04570484542453365,0.0,1.0,0.7852173040000707,0,1501,x1*x2;x3^2,0.01201 + 0.996*(x1*x2) + 0.4944*(x3*x3),generation budget reached
interaction,complementary,0.1,300,4,9016,federated-tree-gp-style,1.0,1.0,1.0,2.5377418400280487e-05,0.04570484542453365,0.0,1.0,0.9746673069994358,503296,1501,x1*x2;x3^2,0.01201 + 0.996*(x1*x2) + 0.4944*(x3*x3),generation budget reached
interaction,complementary,0.1,300,4,9016,centralized-residual-counterexample-gp,1.0,1.0,1.0,2.537741840026782e-05,0.04570484542453365,0.0,1.0,0.7648092790004739,0,1501,x1*x2;x3^2,0.01201 + 0.996*(x1*x2) + 0.4944*(x3*x3),generation budget reached
interaction,complementary,0.1,300,4,9017,fedfalsify-v05,1.0,1.0,1.0,9.271049572560222e-07,0.05048021494663561,0.0,1.0,0.2068966190008723,179652,3,x1*x2;x3^2,-0.0003217 + 1.001·x₁x₂ + 0.4999·x₃²,target federated MSE reached; no replacement passed the federated certificate
interaction,complementary,0.1,300,4,9017,centralized-tree-gp,0.0,0.25,0.5,2.782579341018329e-05,0.0504073936112439,0.0,1.0,0.8594084380001732,0,1567,"cos(x3);expr:sin(add(cos(x3),cos(x3)));expr:square(add(sin(x3),sin(x3)));x1*x2",1.828 - 2.044*cos(x3) + 1.001*(x1*x2) + 0.2284*sin((cos(x3)+cos(x3))) - 0.1489*((sin(x3)+sin(x3)))^2,generation budget reached
interaction,complementary,0.1,300,4,9017,federated-tree-gp-style,0.0,0.25,0.5,2.782579341022505e-05,0.0504073936112439,0.0,1.0,1.7463304409993725,587136,1567,"cos(x3);expr:sin(add(cos(x3),cos(x3)));expr:square(add(sin(x3),sin(x3)));x1*x2",1.828 - 2.044*cos(x3) + 1.001*(x1*x2) + 0.2284*sin((cos(x3)+cos(x3))) - 0.1489*((sin(x3)+sin(x3)))^2,generation budget reached
interaction,complementary,0.1,300,4,9017,centralized-residual-counterexample-gp,0.0,0.3333333333333333,0.5,0.0017397347174357646,0.058246005537105246,0.0,1.0,1.315346048999345,0,1519,"cos(x3);expr:sin(add(cos(x3),cos(x3)));x1*x2",1.354 - 1.013*cos(x3) + 1.005*(x1*x2) - 0.3788*sin((cos(x3)+cos(x3))),generation budget reached
interaction,complementary,0.1,300,4,9018,fedfalsify-v05,1.0,1.0,1.0,6.9460319572097515e-06,0.04831795110876243,0.0,1.0,0.27157846199952473,179588,3,x1*x2;x3^2,0.007164 + 0.9985·x₁x₂ + 0.4961·x₃²,target federated MSE reached; no replacement passed the federated certificate
interaction,complementary,0.1,300,4,9018,centralized-tree-gp,0.0,0.5,0.5,6.946031953102419e-06,0.04831795110876242,0.0,1.0,1.3672036530006153,0,1594,"expr:add(square(x3),square(x3));x1*x2",0.007164 + 0.2481*((x3)^2+(x3)^2) + 0.9985*(x1*x2),generation budget reached
interaction,complementary,0.1,300,4,9018,federated-tree-gp-style,0.0,0.5,0.5,6.946031953108465e-06,0.04831795110876243,0.0,1.0,1.0865469680002207,621504,1594,"expr:add(square(x3),square(x3));x1*x2",0.007164 + 0.2481*((x3)^2+(x3)^2) + 0.9985*(x1*x2),generation budget reached
interaction,complementary,0.1,300,4,9018,centralized-residual-counterexample-gp,0.0,0.25,0.5,0.0006440402727470571,0.04980833058200057,0.0,1.0,0.8814077300003191,0,1587,"expr:add(cos(x1),square(x3));expr:add(sin(x3),x2);expr:add(square(x1),square(x3));x1*x2",-0.3215 + 0.3823*(cos(x1)+(x3)^2) - 0.008131*(sin(x3)+x2) + 0.1103*((x1)^2+(x3)^2) + 0.9981*(x1*x2),generation budget reached
interaction,complementary,0.1,300,4,9019,fedfalsify-v05,1.0,1.0,1.0,4.364483178356124e-05,0.04329619031513827,0.0,1.0,0.21361084999989544,179899,3,x1*x2;x3^2,0.009535 + 0.9934·x₁x₂ + 0.497·x₃²,target federated MSE reached; no replacement passed the federated certificate
interaction,complementary,0.1,300,4,9019,centralized-tree-gp,0.0,0.5,0.5,4.364483178042565e-05,0.04329619031513827,0.0,1.0,0.8672446769996895,0,1562,"expr:square(add(x3,x3));x1*x2",0.009535 + 0.9934*(x1*x2) + 0.1243*((x3+x3))^2,generation budget reached
interaction,complementary,0.1,300,4,9019,federated-tree-gp-style,0.0,0.5,0.5,4.364483178041685e-05,0.04329619031513827,0.0,1.0,1.0568491799995172,577792,1562,"expr:square(add(x3,x3));x1*x2",0.009535 + 0.9934*(x1*x2) + 0.1243*((x3+x3))^2,generation budget reached
interaction,complementary,0.1,300,4,9019,centralized-residual-counterexample-gp,0.0,0.5,0.5,4.364483178105729e-05,0.04329619031513827,0.0,1.0,0.8548379019994172,0,1571,"expr:add(square(x3),square(x3));x1*x2",0.009535 + 0.2485*((x3)^2+(x3)^2) + 0.9934*(x1*x2),generation budget reached
interaction,complementary,0.1,300,4,9020,fedfalsify-v05,1.0,1.0,1.0,6.962498403972105e-06,0.045271234788380306,0.0,1.0,0.21469351899941103,179945,3,x1*x2;x3^2,0.00326 + 0.9979·x₁x₂ + 0.4973·x₃²,target federated MSE reached; no replacement passed the federated certificate
interaction,complementary,0.1,300,4,9020,centralized-tree-gp,0.0,0.25,0.5,1.2887357783872252e-05,0.04522694140198813,1.0,1.0,0.8703003150003497,0,1604,"expr:add(sin(x4),sin(x4));expr:add(sin(x4),square(x3));expr:sin(mul(sin(x3),x2));x1*x2",0.003613 - 0.245*(sin(x4)+sin(x4)) + 0.4969*(sin(x4)+(x3)^2) + 0.9978*(x1*x2) + 0.007297*sin((sin(x3)*x2)),generation budget reached
interaction,complementary,0.1,300,4,9020,federated-tree-gp-style,0.0,0.25,0.5,1.2887357783868793e-05,0.04522694140198812,1.0,1.0,1.1312404889995378,644352,1604,"expr:add(sin(x4),sin(x4));expr:add(sin(x4),square(x3));expr:sin(mul(sin(x3),x2));x1*x2",0.003613 - 0.245*(sin(x4)+sin(x4)) + 0.4969*(sin(x4)+(x3)^2) + 0.9978*(x1*x2) + 0.007297*sin((sin(x3)*x2)),generation budget reached
interaction,complementary,0.1,300,4,9020,centralized-residual-counterexample-gp,0.0,0.25,0.5,0.0004383163367905703,0.05008634862512434,1.0,1.0,0.8805603939999855,0,1586,"expr:add(cos(x4),square(x3));expr:square(add(sin(x2),x3));expr:square(add(x4,x4));x1*x2",-0.4342 + 0.4868*(cos(x4)+(x3)^2) + 0.997*(x1*x2) + 0.005133*((sin(x2)+x3))^2 + 0.03624*((x4+x4))^2,generation budget reached
interaction,spurious,0.03,300,4,9016,fedfalsify-v05,1.0,1.0,1.0,3.0586725985606855e-07,0.004162626942073843,0.0,1.0,0.30598704799922416,328931,3,x1*x2;x3^2,0.002044 + 1·x₁x₂ + 0.4995·x₃²,target federated MSE reached; no replacement passed the federated certificate
interaction,spurious,0.03,300,4,9016,centralized-tree-gp,0.0,0.25,0.5,2.337498572582262e-05,0.004404180040755015,0.0,1.0,0.7923340170000301,0,1564,"cos(x3);expr:sin(mul(x3,x3));expr:square(add(cos(x3),cos(x3)));x1*x2",1.185 - 1.853*cos(x3) + 1.001*(x1*x2) + 0.1145*sin((x3*x3)) + 0.1736*((cos(x3)+cos(x3)))^2,generation budget reached
interaction,spurious,0.03,300,4,9016,federated-tree-gp-style,0.0,0.25,0.5,2.337498572581682e-05,0.0044041800407550145,0.0,1.0,1.269325156999912,580544,1564,"cos(x3);expr:sin(mul(x3,x3));expr:square(add(cos(x3),cos(x3)));x1*x2",1.185 - 1.853*cos(x3) + 1.001*(x1*x2) + 0.1145*sin((x3*x3)) + 0.1736*((cos(x3)+cos(x3)))^2,generation budget reached
interaction,spurious,0.03,300,4,9016,centralized-residual-counterexample-gp,1.0,1.0,1.0,3.0586725985658905e-07,0.004162626942073843,0.0,1.0,1.402786011999524,0,1586,x1*x2;x3^2,0.002044 + 1*(x1*x2) + 0.4995*(x3)^2,generation budget reached
interaction,spurious,0.03,300,4,9017,fedfalsify-v05,1.0,1.0,1.0,4.4445671942133325e-07,0.004819838968980702,0.0,1.0,0.2786810269999478,180340,3,x1*x2;x3^2,-0.001437 + 1·x₁x₂ + 0.4997·x₃²,target federated MSE reached; no replacement passed the federated certificate
interaction,spurious,0.03,300,4,9017,centralized-tree-gp,1.0,1.0,1.0,4.444567194218107e-07,0.004819838968980702,0.0,1.0,1.15064465299929,0,1483,x1*x2;x3^2,-0.001437 + 1*(x1*x2) + 0.4997*(x3*x3),generation budget reached
interaction,spurious,0.03,300,4,9017,federated-tree-gp-style,1.0,1.0,1.0,4.4445671942133553e-07,0.004819838968980702,0.0,1.0,1.4826507019997734,495104,1483,x1*x2;x3^2,-0.001437 + 1*(x1*x2) + 0.4997*(x3*x3),generation budget reached
interaction,spurious,0.03,300,4,9017,centralized-residual-counterexample-gp,1.0,1.0,1.0,4.444567194218107e-07,0.004819838968980702,0.0,1.0,0.743360378000034,0,1483,x1*x2;x3^2,-0.001437 + 1*(x1*x2) + 0.4997*(x3*x3),generation budget reached
interaction,spurious,0.03,300,4,9018,fedfalsify-v05,1.0,1.0,1.0,3.940919612582572e-06,0.0043772646959427475,0.0,1.0,0.21490389500013407,180289,3,x1*x2;x3^2,-0.007967 + 1.001·x₁x₂ + 0.5033·x₃²,target federated MSE reached; no replacement passed the federated certificate
interaction,spurious,0.03,300,4,9018,centralized-tree-gp,1.0,1.0,1.0,3.940919612586988e-06,0.0043772646959427475,0.0,1.0,0.7641749670001445,0,1547,x1*x2;x3^2,-0.007967 + 1.001*(x1*x2) + 0.5033*(x3)^2,generation budget reached
interaction,spurious,0.03,300,4,9018,federated-tree-gp-style,1.0,1.0,1.0,3.940919612582554e-06,0.004377264695942747,0.0,1.0,0.991127026999493,555136,1547,x1*x2;x3^2,-0.007967 + 1.001*(x1*x2) + 0.5033*(x3)^2,generation budget reached
interaction,spurious,0.03,300,4,9018,centralized-residual-counterexample-gp,1.0,1.0,1.0,3.940919612586988e-06,0.0043772646959427475,0.0,1.0,0.8007173650003097,0,1522,x1*x2;x3^2,-0.007967 + 1.001*(x1*x2) + 0.5033*(x3)^2,generation budget reached
interaction,spurious,0.03,300,4,9019,fedfalsify-v05,1.0,1.0,1.0,4.4586514440948714e-07,0.004001960518899509,0.0,1.0,0.20582440399994084,180516,3,x1*x2;x3^2,0.0005127 + 0.9993·x₁x₂ + 0.4999·x₃²,target federated MSE reached; no replacement passed the federated certificate
interaction,spurious,0.03,300,4,9019,centralized-tree-gp,0.0,0.3333333333333333,0.5,1.5019557675358753e-06,0.003993466089680439,0.0,1.0,0.8113169199996264,0,1527,"expr:add(square(x3),square(x3));expr:cos(mul(cos(x3),x2));x1*x2",-0.002731 + 0.0004884*(sin(x4)+(x3)^2) + 0.2493*((x3)^2+(x3)^2) + 0.006535*cos((cos(x3)*x2)) + 0.9996*(x1*x2),generation budget reached
interaction,spurious,0.03,300,4,9019,federated-tree-gp-style,0.0,0.3333333333333333,0.5,1.5019557675360104e-06,0.003993466089680439,0.0,1.0,1.0316675610001766,548992,1527,"expr:add(square(x3),square(x3));expr:cos(mul(cos(x3),x2));x1*x2",-0.002731 + 0.0004884*(sin(x4)+(x3)^2) + 0.2493*((x3)^2+(x3)^2) + 0.006535*cos((cos(x3)*x2)) + 0.9996*(x1*x2),generation budget reached
interaction,spurious,0.03,300,4,9019,centralized-residual-counterexample-gp,0.0,0.25,0.5,0.004039720638099939,0.023370965976855628,1.0,1.0,0.8226339949997055,0,1511,"expr:add(sin(x4),square(x3));expr:cos(mul(sin(x3),square(x3)));expr:square(add(cos(x1),square(x3)));x1*x2",0.4861 + 0.102*(sin(x4)+(x3)^2) - 0.3894*cos((sin(x3)*(x3)^2)) + 0.9994*(x1*x2) + 0.03508*((cos(x1)+(x3)^2))^2,generation budget reached
interaction,spurious,0.03,300,4,9020,fedfalsify-v05,1.0,1.0,1.0,2.9372266688948613e-06,0.004251771531354043,0.0,1.0,0.20530917800078896,180292,3,x1*x2;x3^2,-0.0009851 + 1.002·x₁x₂ + 0.4996·x₃²,target federated MSE reached; no replacement passed the federated certificate
interaction,spurious,0.03,300,4,9020,centralized-tree-gp,0.0,0.5,0.5,2.8429689544103057e-06,0.004250749960347,0.0,1.0,0.8777526280000529,0,1603,"expr:add(square(x3),square(x3));x1*x2",8.95e-05 + 0.2488*((x3)^2+(x3)^2) + 1.002*(x1*x2) + 0.0004115*((x3*x3))^2,generation budget reached
interaction,spurious,0.03,300,4,9020,federated-tree-gp-style,0.0,0.5,0.5,2.8429689544134897e-06,0.004250749960347,0.0,1.0,1.1060420939993492,651008,1603,"expr:add(square(x3),square(x3));x1*x2",8.95e-05 + 0.2488*((x3)^2+(x3)^2) + 1.002*(x1*x2) + 0.0004115*((x3*x3))^2,generation budget reached
interaction,spurious,0.03,300,4,9020,centralized-residual-counterexample-gp,0.0,0.5,0.5,2.9372266680896857e-06,0.004251771531354043,0.0,1.0,0.9145505699998466,0,1565,"expr:add(square(x3),square(x3));x1*x2",-0.0009851 + 0.2498*((x3)^2+(x3)^2) + 1.002*(x1*x2),generation budget reached
interaction,spurious,0.1,300,4,9016,fedfalsify-v05,1.0,1.0,1.0,3.398525114739991e-06,0.04625141046748714,0.0,1.0,0.31190387300011935,328340,3,x1*x2;x3^2,0.006814 + 1.001·x₁x₂ + 0.4982·x₃²,target federated MSE reached; no replacement passed the federated certificate
interaction,spurious,0.1,300,4,9016,centralized-tree-gp,0.0,0.5,0.5,0.00022779910754770055,0.04787421564437865,0.0,1.0,1.3427073170005315,0,1542,cos(x3);x1*x2,1.216 - 1.249*cos(x3) + 1.002*(x1*x2) + 0.0007243*(((x3)^2*(x3)^2))^2,generation budget reached
interaction,spurious,0.1,300,4,9016,federated-tree-gp-style,0.0,0.5,0.5,0.00022779910754769993,0.04787421564437865,0.0,1.0,1.7260793680006827,567808,1542,cos(x3);x1*x2,1.216 - 1.249*cos(x3) + 1.002*(x1*x2) + 0.0007243*(((x3)^2*(x3)^2))^2,generation budget reached
interaction,spurious,0.1,300,4,9016,centralized-residual-counterexample-gp,1.0,1.0,1.0,3.398525114737985e-06,0.04625141046748714,0.0,1.0,1.2692562100000941,0,1504,x1*x2;x3^2,0.006814 + 1.001*(x1*x2) + 0.4982*(x3*x3),generation budget reached
interaction,spurious,0.1,300,4,9017,fedfalsify-v05,1.0,1.0,1.0,4.938407993787707e-06,0.053553766322007805,0.0,1.0,0.30364586700034124,179779,3,x1*x2;x3^2,-0.00479 + 1·x₁x₂ + 0.4989·x₃²,target federated MSE reached; no replacement passed the federated certificate
interaction,spurious,0.1,300,4,9017,centralized-tree-gp,1.0,1.0,1.0,4.938407993790027e-06,0.053553766322007805,0.0,1.0,0.7505801160004921,0,1495,x1*x2;x3^2,-0.00479 + 1*(x1*x2) + 0.4989*(x3*x3),generation budget reached
interaction,spurious,0.1,300,4,9017,federated-tree-gp-style,1.0,1.0,1.0,4.93840799378768e-06,0.053553766322007805,0.0,1.0,0.9601987830001235,521920,1495,x1*x2;x3^2,-0.00479 + 1*(x1*x2) + 0.4989*(x3*x3),generation budget reached
interaction,spurious,0.1,300,4,9017,centralized-residual-counterexample-gp,1.0,1.0,1.0,4.938407993790027e-06,0.053553766322007805,0.0,1.0,0.7976932569999917,0,1500,x1*x2;x3^2,-0.00479 + 1*(x1*x2) + 0.4989*(x3*x3),generation budget reached
interaction,spurious,0.1,300,4,9018,fedfalsify-v05,1.0,1.0,1.0,4.378799574263072e-05,0.04863627439936387,0.0,1.0,0.19442911600071966,179615,3,x1*x2;x3^2,-0.02656 + 1.002·x₁x₂ + 0.511·x₃²,target federated MSE reached; no replacement passed the federated certificate
interaction,spurious,0.1,300,4,9018,centralized-tree-gp,0.0,0.5,0.5,0.0037894565502744767,0.07468299828747542,0.0,1.0,0.808884598000077,0,1535,"expr:sin(add(cos(x3),cos(x3)));x1*x2",1.288 + 1.002*(x1*x2) - 1.149*sin((cos(x3)+cos(x3))),generation budget reached
interaction,spurious,0.1,300,4,9018,federated-tree-gp-style,0.0,0.5,0.5,0.0037894565502744784,0.07468299828747543,0.0,1.0,1.0291634659997726,559936,1535,"expr:sin(add(cos(x3),cos(x3)));x1*x2",1.288 + 1.002*(x1*x2) - 1.149*sin((cos(x3)+cos(x3))),generation budget reached
interaction,spurious,0.1,300,4,9018,centralized-residual-counterexample-gp,0.0,0.3333333333333333,0.5,0.0028485532004551275,0.06764119853356329,1.0,1.0,0.9188283899993621,0,1580,"expr:add(sin(x4),square(x3));expr:sin(add(cos(x3),cos(x3)));x1*x2",0.9979 + 0.1139*(sin(x4)+(x3)^2) + 0.9938*(x1*x2) - 0.8891*sin((cos(x3)+cos(x3))),generation budget reached
interaction,spurious,0.1,300,4,9019,fedfalsify-v05,1.0,1.0,1.0,4.9540571377622115e-06,0.04446622798777232,0.0,1.0,0.19966725400081486,179974,3,x1*x2;x3^2,0.001709 + 0.9977·x₁x₂ + 0.4996·x₃²,target federated MSE reached; no replacement passed the federated certificate
interaction,spurious,0.1,300,4,9019,centralized-tree-gp,0.0,0.5,0.5,4.9540571375854924e-06,0.04446622798777231,0.0,1.0,0.7875287450005999,0,1511,"expr:square(add(x3,x3));x1*x2",0.001709 + 0.9977*(x1*x2) + 0.1249*((x3+x3))^2,generation budget reached
interaction,spurious,0.1,300,4,9019,federated-tree-gp-style,0.0,0.5,0.5,4.954057137581451e-06,0.04446622798777232,0.0,1.0,0.9811868070000855,519360,1511,"expr:square(add(x3,x3));x1*x2",0.001709 + 0.9977*(x1*x2) + 0.1249*((x3+x3))^2,generation budget reached
interaction,spurious,0.1,300,4,9019,centralized-residual-counterexample-gp,0.0,0.3333333333333333,0.5,0.0008314465350698557,0.04965561909907265,0.0,1.0,0.8521427449995826,0,1572,"expr:add(cos(x1),square(x3));x1*x2;x1^2",-0.4146 + 0.4937*(cos(x1)+(x3)^2) + 0.1369*(x1*x1) + 1.001*(x1*x2),generation budget reached
interaction,spurious,0.1,300,4,9020,fedfalsify-v05,1.0,1.0,1.0,3.263585192212674e-05,0.047241905903933804,0.0,1.0,0.21728255499965599,179801,3,x1*x2;x3^2,-0.003284 + 1.006·x₁x₂ + 0.4985·x₃²,target federated MSE reached; no replacement passed the federated certificate
interaction,spurious,0.1,300,4,9020,centralized-tree-gp,0.0,0.3333333333333333,0.5,8.68963563903262e-05,0.04787672354549323,0.0,1.0,0.7712960090002525,0,1538,"expr:square(add(sin(x3),x3));expr:square(mul(x3,x3));x1*x2",-0.01833 + 1.005*(x1*x2) + 0.1423*((sin(x3)+x3))^2 + 0.04837*((x3*x3))^2,generation budget reached
interaction,spurious,0.1,300,4,9020,federated-tree-gp-style,0.0,0.3333333333333333,0.5,8.689635639031688e-05,0.04787672354549323,0.0,1.0,1.2492450949994236,572032,1538,"expr:square(add(sin(x3),x3));expr:square(mul(x3,x3));x1*x2",-0.01833 + 1.005*(x1*x2) + 0.1423*((sin(x3)+x3))^2 + 0.04837*((x3*x3))^2,generation budget reached
interaction,spurious,0.1,300,4,9020,centralized-residual-counterexample-gp,0.0,0.25,0.5,4.040089937528193e-05,0.04723341576442406,0.0,1.0,1.3360610219997398,0,1553,"expr:square(add(sin(x3),x3));expr:square(mul(cos(x3),square(x3)));expr:square(mul(x3,x3));x1*x2",0.002187 + 1.006*(x1*x2) + 0.1274*((sin(x3)+x3))^2 - 0.02189*((cos(x3)*(x3)^2))^2 + 0.06167*((x3*x3))^2,generation budget reached
interaction,exception,0.03,300,4,9016,fedfalsify-v05,1.0,1.0,1.0,1.996093735915572e-06,0.00668064244902035,0.0,1.0,0.4964267100003781,247561,5,I(x3>1)*x3^2;x1*x2;x3^2,0.002603 + 0.9985·x₁x₂ + 0.7508·𝟙[x₃>1]·x₃² + 0.499·x₃²,target federated MSE reached; no replacement passed the federated certificate
interaction,exception,0.03,300,4,9016,centralized-tree-gp,0.0,0.0,0.0,0.21007425980745129,0.8592474009547277,1.0,0.0,1.4044973309992201,0,1601,"expr:add(sin(x1),x3);expr:add(sin(x4),square(x2));expr:square(add(x1,x2));expr:square(mul(x3,x3))",-0.183 + 0.4371*(sin(x1)+x3) - 0.2648*(sin(x4)+(x2)^2) + 0.3656*((x1+x2))^2 + 0.1564*((x3*x3))^2,generation budget reached
interaction,exception,0.03,300,4,9016,federated-tree-gp-style,0.0,0.0,0.0,0.21007425980745154,0.8592474009547277,1.0,0.0,1.5122332540004209,658624,1601,"expr:add(sin(x1),x3);expr:add(sin(x4),square(x2));expr:square(add(x1,x2));expr:square(mul(x3,x3))",-0.183 + 0.4371*(sin(x1)+x3) - 0.2648*(sin(x4)+(x2)^2) + 0.3656*((x1+x2))^2 + 0.1564*((x3*x3))^2,generation budget reached
interaction,exception,0.03,300,4,9016,centralized-residual-counterexample-gp,0.0,0.25,0.3333333333333333,0.05738144217650222,0.41620660875489063,0.0,0.0,0.9485813199999029,0,1581,"expr:add(cos(x1),cos(x2));expr:add(sin(x1),x3);expr:square(add(x1,x2));x3^2",-2.738 + 1.506*(cos(x1)+cos(x2)) + 0.4759*(sin(x1)+x3) + 0.8488*(x3*x3) + 0.4665*((x1+x2))^2,generation budget reached
interaction,exception,0.03,300,4,9017,fedfalsify-v05,1.0,1.0,1.0,6.32628304649193e-07,0.0076406877998346,0.0,1.0,0.3318599609992816,247667,5,I(x3>1)*x3^2;x1*x2;x3^2,-0.002236 + 1·x₁x₂ + 0.7512·𝟙[x₃>1]·x₃² + 0.5006·x₃²,target federated MSE reached; no replacement passed the federated certificate
interaction,exception,0.03,300,4,9017,centralized-tree-gp,0.0,0.25,0.3333333333333333,0.001553715698489497,0.025921043926433976,0.0,0.0,0.8473309609998978,0,1584,"cos(x3);expr:add(square(x3),x3);expr:sin(mul(cos(x3),sin(x3)));x1*x2",0.6249 + 0.6449*((x3)^2+x3) - 0.7888*cos(x3) + 0.9978*(x1*x2) - 0.8945*sin((cos(x3)*sin(x3))),generation budget reached
interaction,exception,0.03,300,4,9017,federated-tree-gp-style,0.0,0.25,0.3333333333333333,0.001553715698489495,0.02592104392643398,0.0,0.0,1.108510613999897,634176,1584,"cos(x3);expr:add(square(x3),x3);expr:sin(mul(cos(x3),sin(x3)));x1*x2",0.6249 + 0.6449*((x3)^2+x3) - 0.7888*cos(x3) + 0.9978*(x1*x2) - 0.8945*sin((cos(x3)*sin(x3))),generation budget reached
interaction,exception,0.03,300,4,9017,centralized-residual-counterexample-gp,0.0,0.25,0.3333333333333333,0.0012074362905646389,0.021524409124723344,0.0,0.0,0.9164626090005186,0,1596,"expr:add(cos(x3),x3);expr:add(square(x3),x3);expr:sin(add(x3,x3));x1*x2",0.08652 - 0.2021*(cos(x3)+x3) + 0.8359*((x3)^2+x3) + 0.997*(x1*x2) - 0.439*sin((x3+x3)),generation budget reached
interaction,exception,0.03,300,4,9018,fedfalsify-v05,1.0,1.0,1.0,9.929514807303233e-07,0.007226943713776869,0.0,1.0,0.305579160999514,247590,5,I(x3>1)*x3^2;x1*x2;x3^2,0.001984 + 0.9995·x₁x₂ + 0.7481·𝟙[x₃>1]·x₃² + 0.5001·x₃²,target federated MSE reached; no replacement passed the federated certificate
interaction,exception,0.03,300,4,9018,centralized-tree-gp,0.0,0.25,0.3333333333333333,0.012726428680751939,0.09020623305097118,0.0,0.0,0.8340891650004778,0,1546,"expr:add(square(x1),x3);expr:square(add(cos(x3),cos(x3)));expr:square(add(sin(x3),square(x3)));x1*x2",0.8228 + 0.05743*((x1)^2+x3) + 0.9813*(x1*x2) - 0.2792*((cos(x3)+cos(x3)))^2 + 0.1584*((sin(x3)+(x3)^2))^2,generation budget reached
interaction,exception,0.03,300,4,9018,federated-tree-gp-style,0.0,0.25,0.3333333333333333,0.012726428680752005,0.09020623305097117,0.0,0.0,1.060126321000098,590720,1546,"expr:add(square(x1),x3);expr:square(add(cos(x3),cos(x3)));expr:square(add(sin(x3),square(x3)));x1*x2",0.8228 + 0.05743*((x1)^2+x3) + 0.9813*(x1*x2) - 0.2792*((cos(x3)+cos(x3)))^2 + 0.1584*((sin(x3)+(x3)^2))^2,generation budget reached
interaction,exception,0.03,300,4,9018,centralized-residual-counterexample-gp,0.0,0.5,0.6666666666666666,0.00048287438691914836,0.011526918124892876,0.0,1.0,0.8884201750006469,0,1587,"I(x3>1)*x3^2;expr:mul(sin(x3),x3);expr:square(add(sin(x3),square(x3)));x1*x2",-0.06785 + 0.4869*I(x3>1)*((x3)^2) + 0.6871*(sin(x3)*x3) + 0.9999*(x1*x2) + 0.07827*((sin(x3)+(x3)^2))^2,generation budget reached
interaction,exception,0.03,300,4,9019,fedfalsify-v05,1.0,1.0,1.0,9.226038019749522e-06,0.006901612564774446,0.0,1.0,0.3070834560003277,247912,5,I(x3>1)*x3^2;x1*x2;x3^2,0.007287 + 0.9974·x₁x₂ + 0.7544·𝟙[x₃>1]·x₃² + 0.4952·x₃²,target federated MSE reached; no replacement passed the federated certificate
interaction,exception,0.03,300,4,9019,centralized-tree-gp,0.0,0.0,0.0,0.2885546123436076,0.7523958717088123,0.0,0.0,0.9547301749998951,0,1586,"expr:add(cos(x1),square(x3));expr:add(cos(x3),x3);expr:add(square(x1),square(x3));expr:mul(sin(x1),x2)",-1.472 + 0.7097*(cos(x1)+(x3)^2) + 0.6604*(cos(x3)+x3) + 0.3958*((x1)^2+(x3)^2) + 1.575*(sin(x1)*x2),generation budget reached
interaction,exception,0.03,300,4,9019,federated-tree-gp-style,0.0,0.0,0.0,0.2885546123436079,0.7523958717088124,0.0,0.0,1.3133323170004587,638848,1586,"expr:add(cos(x1),square(x3));expr:add(cos(x3),x3);expr:add(square(x1),square(x3));expr:mul(sin(x1),x2)",-1.472 + 0.7097*(cos(x1)+(x3)^2) + 0.6604*(cos(x3)+x3) + 0.3958*((x1)^2+(x3)^2) + 1.575*(sin(x1)*x2),generation budget reached
interaction,exception,0.03,300,4,9019,centralized-residual-counterexample-gp,0.0,0.0,0.0,0.2885546123436076,0.7523958717088123,0.0,0.0,1.4961289499997292,0,1599,"expr:add(cos(x1),square(x3));expr:add(cos(x3),x3);expr:add(square(x1),square(x3));expr:mul(sin(x1),x2)",-1.472 + 0.7097*(cos(x1)+(x3)^2) + 0.6604*(cos(x3)+x3) + 0.3958*((x1)^2+(x3)^2) + 1.575*(sin(x1)*x2),generation budget reached
interaction,exception,0.03,300,4,9020,fedfalsify-v05,1.0,1.0,1.0,7.350980758002307e-07,0.006626546692391225,0.0,1.0,0.47573145600017597,247900,5,I(x3>1)*x3^2;x1*x2;x3^2,-0.001862 + 0.9991·x₁x₂ + 0.7494·𝟙[x₃>1]·x₃² + 0.501·x₃²,target federated MSE reached; no replacement passed the federated certificate
interaction,exception,0.03,300,4,9020,centralized-tree-gp,0.0,0.0,0.0,0.38412448447202985,0.5353421190157004,0.0,0.0,1.4098285769996437,0,1595,"expr:add(square(x3),x3);expr:mul(sin(x1),x2);expr:mul(square(x1),square(x2));expr:sin(add(sin(x3),sin(x3)))",-0.2645 + 0.9117*((x3)^2+x3) + 1.459*(sin(x1)*x2) + 0.07689*((x1)^2*(x2)^2) - 0.4897*sin((sin(x3)+sin(x3))),generation budget reached
interaction,exception,0.03,300,4,9020,federated-tree-gp-style,0.0,0.0,0.0,0.38412448447202946,0.5353421190157004,0.0,0.0,1.4824238230003175,653056,1595,"expr:add(square(x3),x3);expr:mul(sin(x1),x2);expr:mul(square(x1),square(x2));expr:sin(add(sin(x3),sin(x3)))",-0.2645 + 0.9117*((x3)^2+x3) + 1.459*(sin(x1)*x2) + 0.07689*((x1)^2*(x2)^2) - 0.4897*sin((sin(x3)+sin(x3))),generation budget reached
interaction,exception,0.03,300,4,9020,centralized-residual-counterexample-gp,0.0,0.0,0.0,0.3913952663085185,0.6622221032647998,0.0,0.0,0.8328754750000371,0,1515,"expr:add(square(x3),x3);expr:mul(sin(x1),x2);expr:mul(square(x1),square(x2))",-0.044 + 0.8123*((x3)^2+x3) + 1.461*(sin(x1)*x2) + 0.07625*((x1)^2*(x2)^2),generation budget reached
interaction,exception,0.1,300,4,9016,fedfalsify-v05,1.0,1.0,1.0,2.2178819253436023e-05,0.07422936054467057,0.0,1.0,0.29996742100047413,246939,5,I(x3>1)*x3^2;x1*x2;x3^2,0.008678 + 0.9949·x₁x₂ + 0.7528·𝟙[x₃>1]·x₃² + 0.4967·x₃²,target federated MSE reached; no replacement passed the federated certificate
interaction,exception,0.1,300,4,9016,centralized-tree-gp,0.0,0.25,0.3333333333333333,0.0022220087037641257,0.10231575647494068,0.0,0.0,0.8407287190002535,0,1605,"expr:add(sin(x3),sin(x3));expr:add(square(x3),x3);expr:square(add(square(x3),x3));x1*x2",-0.03074 - 0.2698*(sin(x3)+sin(x3)) + 0.7528*((x3)^2+x3) + 0.9939*(x1*x2) + 0.02435*(((x3)^2+x3))^2,generation budget reached
interaction,exception,0.1,300,4,9016,federated-tree-gp-style,0.0,0.25,0.3333333333333333,0.0022220087037641183,0.10231575647494068,0.0,0.0,1.1099814640001568,638528,1605,"expr:add(sin(x3),sin(x3));expr:add(square(x3),x3);expr:square(add(square(x3),x3));x1*x2",-0.03074 - 0.2698*(sin(x3)+sin(x3)) + 0.7528*((x3)^2+x3) + 0.9939*(x1*x2) + 0.02435*(((x3)^2+x3))^2,generation budget reached
interaction,exception,0.1,300,4,9016,centralized-residual-counterexample-gp,0.0,0.25,0.3333333333333333,0.0015015158927567055,0.09189262999736524,0.0,0.0,0.8559694659998058,0,1556,"expr:add(square(x3),x3);expr:square(add(cos(x3),x3));expr:square(add(x3,x3));x1*x2",0.06277 + 0.5541*((x3)^2+x3) + 0.9963*(x1*x2) - 0.2433*((cos(x3)+x3))^2 + 0.1398*((x3+x3))^2,generation budget reached
interaction,exception,0.1,300,4,9017,fedfalsify-v05,1.0,1.0,1.0,7.029203404390908e-06,0.08489653110927332,0.0,1.0,0.3011188680002306,247080,5,I(x3>1)*x3^2;x1*x2;x3^2,-0.007454 + 1.001·x₁x₂ + 0.754·𝟙[x₃>1]·x₃² + 0.5019·x₃²,target federated MSE reached; no replacement passed the federated certificate
interaction,exception,0.1,300,4,9017,centralized-tree-gp,0.0,0.25,0.3333333333333333,0.00246705541401959,0.11942710586974814,0.0,0.0,0.8857321940004113,0,1619,"expr:add(square(x3),x3);expr:sin(add(x3,x3));expr:square(add(cos(x3),square(x3)));x1*x2",-0.01398 + 0.6611*((x3)^2+x3) + 0.9961*(x1*x2) - 0.4401*sin((x3+x3)) + 0.05935*((cos(x3)+(x3)^2))^2,generation budget reached
interaction,exception,0.1,300,4,9017,federated-tree-gp-style,0.0,0.25,0.3333333333333333,0.0024670554140196065,0.11942710586974814,0.0,0.0,1.1249369520000982,662528,1619,"expr:add(square(x3),x3);expr:sin(add(x3,x3));expr:square(add(cos(x3),square(x3)));x1*x2",-0.01398 + 0.6611*((x3)^2+x3) + 0.9961*(x1*x2) - 0.4401*sin((x3+x3)) + 0.05935*((cos(x3)+(x3)^2))^2,generation budget reached
interaction,exception,0.1,300,4,9017,centralized-residual-counterexample-gp,0.0,0.25,0.3333333333333333,0.0012420725183739545,0.1001237271254066,0.0,0.0,0.8891923420005696,0,1581,"expr:add(cos(x3),x3);expr:add(square(x3),x3);expr:sin(mul(cos(x3),sin(x3)));x1*x2",0.08294 - 0.2049*(cos(x3)+x3) + 0.8381*((x3)^2+x3) + 0.9975*(x1*x2) - 0.9305*sin((cos(x3)*sin(x3))),generation budget reached
interaction,exception,0.1,300,4,9018,fedfalsify-v05,1.0,1.0,1.0,1.1032794202617814e-05,0.08029937459752079,0.0,1.0,0.3170601439996972,246943,5,I(x3>1)*x3^2;x1*x2;x3^2,0.006615 + 0.9982·x₁x₂ + 0.7436·𝟙[x₃>1]·x₃² + 0.5003·x₃²,target federated MSE reached; no replacement passed the federated certificate
interaction,exception,0.1,300,4,9018,centralized-tree-gp,0.0,0.5,0.6666666666666666,0.0016714102258200067,0.10092683952745567,0.0,1.0,0.8525717920001625,0,1553,"I(x3>1)*x3^2;expr:sin(add(cos(x3),cos(x3)));expr:square(mul(cos(x3),sin(x3)));x1*x2",1.11 + 0.7683*I(x3>1)*((x3)^2) + 1.001*(x1*x2) - 1.128*sin((cos(x3)+cos(x3))) + 1.331*((cos(x3)*sin(x3)))^2,generation budget reached
interaction,exception,0.1,300,4,9018,federated-tree-gp-style,0.0,0.5,0.6666666666666666,0.001671410225820015,0.10092683952745567,0.0,1.0,1.1288152690003699,598720,1553,"I(x3>1)*x3^2;expr:sin(add(cos(x3),cos(x3)));expr:square(mul(cos(x3),sin(x3)));x1*x2",1.11 + 0.7683*I(x3>1)*((x3)^2) + 1.001*(x1*x2) - 1.128*sin((cos(x3)+cos(x3))) + 1.331*((cos(x3)*sin(x3)))^2,generation budget reached
interaction,exception,0.1,300,4,9018,centralized-residual-counterexample-gp,0.0,0.5,0.6666666666666666,0.0016714102258200067,0.10092683952745567,0.0,1.0,1.4421344869997483,0,1596,"I(x3>1)*x3^2;expr:sin(add(cos(x3),cos(x3)));expr:square(mul(cos(x3),sin(x3)));x1*x2",1.11 + 0.7683*I(x3>1)*((x3)^2) + 1.001*(x1*x2) - 1.128*sin((cos(x3)+cos(x3))) + 1.331*((cos(x3)*sin(x3)))^2,generation budget reached
interaction,exception,0.1,300,4,9019,fedfalsify-v05,1.0,1.0,1.0,0.00010251153349885373,0.07668458405304937,0.0,1.0,0.49488764600027935,247307,5,I(x3>1)*x3^2;x1*x2;x3^2,0.02429 + 0.9914·x₁x₂ + 0.7648·𝟙[x₃>1]·x₃² + 0.4841·x₃²,target federated MSE reached; no replacement passed the federated certificate
interaction,exception,0.1,300,4,9019,centralized-tree-gp,0.0,0.0,0.0,0.27383016741792154,0.8423104204094248,0.0,0.0,1.3581712300001527,0,1593,"cos(x1);expr:add(square(x3),x3);expr:mul(sin(x1),x2);expr:sin(add(cos(x2),x3))",0.3703 + 0.8664*((x3)^2+x3) - 0.5517*cos(x1) + 1.537*(sin(x1)*x2) - 0.4589*sin((cos(x2)+x3)),generation budget reached
interaction,exception,0.1,300,4,9019,federated-tree-gp-style,0.0,0.0,0.0,0.2738301674179212,0.8423104204094246,0.0,0.0,1.6333397050002532,627136,1593,"cos(x1);expr:add(square(x3),x3);expr:mul(sin(x1),x2);expr:sin(add(cos(x2),x3))",0.3703 + 0.8664*((x3)^2+x3) - 0.5517*cos(x1) + 1.537*(sin(x1)*x2) - 0.4589*sin((cos(x2)+x3)),generation budget reached
interaction,exception,0.1,300,4,9019,centralized-residual-counterexample-gp,0.0,0.25,0.3333333333333333,0.28151991687922373,0.7844066107452534,0.0,1.0,0.8456305269992299,0,1578,"I(x3>1)*x3^2;expr:add(cos(x3),x3);expr:mul(sin(x1),x2);x1^2",0.3981 - 0.5007*(cos(x3)+x3) + 1.307*I(x3>1)*((x3)^2) + 1.545*(sin(x1)*x2) + 0.1941*(x1*x1),generation budget reached
interaction,exception,0.1,300,4,9020,fedfalsify-v05,1.0,1.0,1.0,8.16775637724893e-06,0.07362829658212476,0.0,1.0,0.48665513200012356,555600,5,I(x3>1)*x3^2;x1*x2;x3^2,-0.006207 + 0.9971·x₁x₂ + 0.748·𝟙[x₃>1]·x₃² + 0.5035·x₃²,target federated MSE reached; no replacement passed the federated certificate
interaction,exception,0.1,300,4,9020,centralized-tree-gp,0.0,0.0,0.0,0.2755329934030905,0.924632790992294,0.0,0.0,0.9438177550000546,0,1615,"expr:add(square(x1),square(x3));expr:add(square(x3),x3);expr:mul(sin(x1),x2)",-0.2404 + 0.1797*((x1)^2+(x3)^2) + 0.7068*((x3)^2+x3) + 1.571*(sin(x1)*x2),generation budget reached
interaction,exception,0.1,300,4,9020,federated-tree-gp-style,0.0,0.0,0.0,0.2755329934030903,0.9246327909922941,0.0,0.0,1.1989660879999064,667648,1615,"expr:add(square(x1),square(x3));expr:add(square(x3),x3);expr:mul(sin(x1),x2)",-0.2404 + 0.1797*((x1)^2+(x3)^2) + 0.7068*((x3)^2+x3) + 1.571*(sin(x1)*x2),generation budget reached
interaction,exception,0.1,300,4,9020,centralized-residual-counterexample-gp,0.0,0.0,0.0,0.18624946124063252,0.7590317722089588,1.0,0.0,0.9284321340001043,0,1586,"expr:add(sin(x4),square(x3));expr:add(square(x3),x3);expr:mul(sin(x1),x2);expr:mul(sin(x2),x1)",0.04019 + 0.1597*(sin(x4)+(x3)^2) + 0.7412*((x3)^2+x3) + 1.012*(sin(x1)*x2) + 0.8513*(sin(x2)*x1),generation budget reached
