benchmark,scenario,noise_ratio,samples_per_client,num_clients,seed,method,exact_recovery,term_precision,term_recall,test_nmse,train_mse,spurious_accepted,exception_recovered,fallback_selected,selected_source,validation_mse,worst_validation_mse,runtime_seconds,communication_bytes,discovered_terms,expression,stop_reason,candidate_bank_target_recall,candidate_bank_contains_all_truth,candidate_bank_size,candidate_bank_nuisance_count,probe_certified,candidate_sets_evaluated,necessity_failures,swap_failures,exception_eligible_diagnostics,selector_structure,panel,balance_profile,nominal_samples_per_client,client_sizes,communication_per_client,frozen_v6_anchor_structure,fcrra_final_structure,anchor_discovery_coefficients,fcrra_final_coefficients,exception_term,exception_in_bank,exception_in_anchor,fcrra_attempted,eligible_discovery_clients,eligible_discovery_support,eligible_selector_clients,eligible_selector_support,residual_numerator,residual_denominator,exception_coefficient,anchor_role_information_score,augmented_role_information_score,outside_selector_sse_max_difference,outside_selector_prediction_max_difference,augmentation_accepted
cubic_cross,complementary,0.1,100,4,20101,fcrra-spent-diagnostic,1.0,1.0,1.0,4.1730467325238594e-05,0.34079879680565045,0.0,1.0,0.0,frozen-v6-anchor,0.2550118756708514,0.3327341752681965,1.625568020000003,3077525,x1*x2;x1^3;x3^2,0.02329 + 0.5078·x₃² + 0.8032·x₁³ + 1.194·x₁x₂,"FCRRA spent-seed diagnostic; anchor=1,x3^2,x1^3,x1*x2; exception=; in_bank=0; in_anchor=0; attempted=0; eligible_discovery=; eligible_selector=; numerator=None; denominator=None; gamma=None; anchor_role_ic=None; augmented_role_ic=None; outside_sse_max_diff=None; outside_prediction_max_diff=None; accepted=0; final=1,x3^2,x1^3,x1*x2; wrapper_overhead_unoptimized=1",1.0,1.0,6,3,1.0,63,0,0,0,1;x3^2;x1^3;x1*x2,G,balanced,100,100;100;100;100,769381.25,1;x3^2;x1^3;x1*x2,1;x3^2;x1^3;x1*x2,"[0.060504732269969,0.49145298673994986,0.8049251292664511,1.1840369920547826]","[0.02328732072235693,0.5077658841584455,0.8031932632093821,1.1937583968769443]",,0.0,0.0,0.0,,0,,0,,,,,,,,0.0
cubic_cross,complementary,0.1,100,4,20102,fcrra-spent-diagnostic,1.0,1.0,1.0,5.969550843552564e-05,0.20174188556108852,0.0,1.0,0.0,frozen-v6-anchor,0.21522119459948996,0.26924929528066266,1.6811949159999955,3142667,x1*x2;x1^3;x3^2,-0.01897 + 0.4944·x₃² + 0.7942·x₁³ + 1.193·x₁x₂,"FCRRA spent-seed diagnostic; anchor=1,x3^2,x1^3,x1*x2; exception=; in_bank=0; in_anchor=0; attempted=0; eligible_discovery=; eligible_selector=; numerator=None; denominator=None; gamma=None; anchor_role_ic=None; augmented_role_ic=None; outside_sse_max_diff=None; outside_prediction_max_diff=None; accepted=0; final=1,x3^2,x1^3,x1*x2; wrapper_overhead_unoptimized=1",1.0,1.0,7,4,1.0,120,0,0,0,1;x3^2;x1^3;x1*x2,G,balanced,100,100;100;100;100,785666.75,1;x3^2;x1^3;x1*x2,1;x3^2;x1^3;x1*x2,"[-0.04637291284042422,0.5008419685357319,0.791900252416824,1.1952251726290353]","[-0.018969183747481733,0.49444247550098724,0.7942209472441394,1.1933135772797898]",,0.0,0.0,0.0,,0,,0,,,,,,,,0.0
cubic_cross,complementary,0.1,100,4,20103,fcrra-spent-diagnostic,1.0,1.0,1.0,4.0290145209576936e-05,0.31944678116274383,0.0,1.0,0.0,frozen-v6-anchor,0.34290313460034605,0.48663406947136234,1.712926037999992,3169742,x1*x2;x1^3;x3^2,-0.02531 + 0.5182·x₃² + 0.8029·x₁³ + 1.189·x₁x₂,"FCRRA spent-seed diagnostic; anchor=1,x3^2,x1^3,x1*x2; exception=; in_bank=0; in_anchor=0; attempted=0; eligible_discovery=; eligible_selector=; numerator=None; denominator=None; gamma=None; anchor_role_ic=None; augmented_role_ic=None; outside_sse_max_diff=None; outside_prediction_max_diff=None; accepted=0; final=1,x3^2,x1^3,x1*x2; wrapper_overhead_unoptimized=1",1.0,1.0,7,4,1.0,120,0,0,0,1;x3^2;x1^3;x1*x2,G,balanced,100,100;100;100;100,792435.5,1;x3^2;x1^3;x1*x2,1;x3^2;x1^3;x1*x2,"[-0.08474154217747065,0.5371951888216863,0.7989594037669165,1.1901637270416636]","[-0.02530603292861364,0.5181537519614869,0.8029257243336065,1.1893313777657877]",,0.0,0.0,0.0,,0,,0,,,,,,,,0.0
cubic_cross,complementary,0.1,100,4,20104,fcrra-spent-diagnostic,0.0,0.6666666666666666,0.6666666666666666,0.0005441060539429774,0.28341280296770455,0.0,1.0,0.0,frozen-v6-anchor,0.33701553057177874,0.4574038829067357,1.6924641359999981,3143270,cos(x3);x1*x2;x1^3,1.289 - 1.458·cos(x₃) + 0.8037·x₁³ + 1.223·x₁x₂,"FCRRA spent-seed diagnostic; anchor=1,cos(x3),x1^3,x1*x2; exception=; in_bank=0; in_anchor=0; attempted=0; eligible_discovery=; eligible_selector=; numerator=None; denominator=None; gamma=None; anchor_role_ic=None; augmented_role_ic=None; outside_sse_max_diff=None; outside_prediction_max_diff=None; accepted=0; final=1,cos(x3),x1^3,x1*x2; wrapper_overhead_unoptimized=1",1.0,1.0,8,5,0.0,219,0,1,0,1;cos(x3);x1^3;x1*x2,G,balanced,100,100;100;100;100,785817.5,1;cos(x3);x1^3;x1*x2,1;cos(x3);x1^3;x1*x2,"[1.2821983917743254,-1.4663167202670668,0.802238995931885,1.2273662090433777]","[1.2888593799087034,-1.4575572670214345,0.8037325955955015,1.2230949584986874]",,0.0,0.0,0.0,,0,,0,,,,,,,,0.0
cubic_cross,complementary,0.1,100,4,20105,fcrra-spent-diagnostic,0.0,0.6666666666666666,0.6666666666666666,0.000321542585956593,0.3214131433507246,0.0,1.0,0.0,frozen-v6-anchor,0.23084750292300527,0.3312995921988204,1.6866338069999927,3142092,cos(x3);x1*x2;x1^3,1.35 - 1.494·cos(x₃) + 0.8013·x₁³ + 1.192·x₁x₂,"FCRRA spent-seed diagnostic; anchor=1,cos(x3),x1^3,x1*x2; exception=; in_bank=0; in_anchor=0; attempted=0; eligible_discovery=; eligible_selector=; numerator=None; denominator=None; gamma=None; anchor_role_ic=None; augmented_role_ic=None; outside_sse_max_diff=None; outside_prediction_max_diff=None; accepted=0; final=1,cos(x3),x1^3,x1*x2; wrapper_overhead_unoptimized=1",1.0,1.0,8,5,0.0,219,0,1,0,1;cos(x3);x1^3;x1*x2,G,balanced,100,100;100;100;100,785523.0,1;cos(x3);x1^3;x1*x2,1;cos(x3);x1^3;x1*x2,"[1.3154674515713225,-1.453061783013518,0.7999026979199844,1.1689751292991002]","[1.34986468712474,-1.494352469664551,0.8012869934679158,1.1915641792220877]",,0.0,0.0,0.0,,0,,0,,,,,,,,0.0
cubic_cross,complementary,0.1,250,4,20101,fcrra-spent-diagnostic,1.0,1.0,1.0,6.57973803475878e-05,0.256862645527264,0.0,1.0,0.0,frozen-v6-anchor,0.27745579425756417,0.33200782947468066,1.7359985920000014,3150337,x1*x2;x1^3;x3^2,-0.01735 + 0.487·x₃² + 0.795·x₁³ + 1.2·x₁x₂,"FCRRA spent-seed diagnostic; anchor=1,x3^2,x1^3,x1*x2; exception=; in_bank=0; in_anchor=0; attempted=0; eligible_discovery=; eligible_selector=; numerator=None; denominator=None; gamma=None; anchor_role_ic=None; augmented_role_ic=None; outside_sse_max_diff=None; outside_prediction_max_diff=None; accepted=0; final=1,x3^2,x1^3,x1*x2; wrapper_overhead_unoptimized=1",1.0,1.0,7,4,0.0,120,0,1,0,1;x3^2;x1^3;x1*x2,G,balanced,250,250;250;250;250,787584.25,1;x3^2;x1^3;x1*x2,1;x3^2;x1^3;x1*x2,"[0.004250589263123494,0.4819913078163144,0.7918649348946303,1.1951269150013464]","[-0.017345268572627755,0.48695314457968103,0.7950069167497276,1.199559925146561]",,0.0,0.0,0.0,,0,,0,,,,,,,,0.0
cubic_cross,complementary,0.1,250,4,20102,fcrra-spent-diagnostic,1.0,1.0,1.0,2.7567337070253594e-05,0.3040495298001266,0.0,1.0,0.0,frozen-v6-anchor,0.31404815918649637,0.3644630950081217,1.7594943389999997,3152979,x1*x2;x1^3;x3^2,0.04942 + 0.4893·x₃² + 0.7967·x₁³ + 1.199·x₁x₂,"FCRRA spent-seed diagnostic; anchor=1,x3^2,x1^3,x1*x2; exception=; in_bank=0; in_anchor=0; attempted=0; eligible_discovery=; eligible_selector=; numerator=None; denominator=None; gamma=None; anchor_role_ic=None; augmented_role_ic=None; outside_sse_max_diff=None; outside_prediction_max_diff=None; accepted=0; final=1,x3^2,x1^3,x1*x2; wrapper_overhead_unoptimized=1",1.0,1.0,7,4,1.0,120,0,0,0,1;x3^2;x1^3;x1*x2,G,balanced,250,250;250;250;250,788244.75,1;x3^2;x1^3;x1*x2,1;x3^2;x1^3;x1*x2,"[0.0717606422644037,0.47545551161730004,0.7938122030141069,1.1981270471025705]","[0.04942256849045558,0.4893348532280133,0.796695175481715,1.1988578631045612]",,0.0,0.0,0.0,,0,,0,,,,,,,,0.0
cubic_cross,complementary,0.1,250,4,20103,fcrra-spent-diagnostic,1.0,1.0,1.0,2.178602804852296e-05,0.253722921616445,0.0,1.0,0.0,frozen-v6-anchor,0.24351417499778988,0.33744887459022266,1.7356087010000039,3152724,x1*x2;x1^3;x3^2,-0.004508 + 0.5017·x₃² + 0.8033·x₁³ + 1.208·x₁x₂,"FCRRA spent-seed diagnostic; anchor=1,x3^2,x1^3,x1*x2; exception=; in_bank=0; in_anchor=0; attempted=0; eligible_discovery=; eligible_selector=; numerator=None; denominator=None; gamma=None; anchor_role_ic=None; augmented_role_ic=None; outside_sse_max_diff=None; outside_prediction_max_diff=None; accepted=0; final=1,x3^2,x1^3,x1*x2; wrapper_overhead_unoptimized=1",1.0,1.0,7,4,0.0,120,0,1,0,1;x3^2;x1^3;x1*x2,G,balanced,250,250;250;250;250,788181.0,1;x3^2;x1^3;x1*x2,1;x3^2;x1^3;x1*x2,"[0.005045651510525939,0.49782377294736746,0.8033016336386691,1.2012640173331366]","[-0.0045084212706575765,0.5016712717799082,0.8033491585159896,1.2078335814464758]",,0.0,0.0,0.0,,0,,0,,,,,,,,0.0
cubic_cross,complementary,0.1,250,4,20104,fcrra-spent-diagnostic,1.0,1.0,1.0,3.874875128919038e-05,0.2425778963246558,0.0,1.0,0.0,frozen-v6-anchor,0.2542099231224503,0.2972261826371868,1.7394236540000065,3153511,x1*x2;x1^3;x3^2,-0.02387 + 0.5022·x₃² + 0.7983·x₁³ + 1.184·x₁x₂,"FCRRA spent-seed diagnostic; anchor=1,x3^2,x1^3,x1*x2; exception=; in_bank=0; in_anchor=0; attempted=0; eligible_discovery=; eligible_selector=; numerator=None; denominator=None; gamma=None; anchor_role_ic=None; augmented_role_ic=None; outside_sse_max_diff=None; outside_prediction_max_diff=None; accepted=0; final=1,x3^2,x1^3,x1*x2; wrapper_overhead_unoptimized=1",1.0,1.0,7,4,1.0,120,0,0,0,1;x3^2;x1^3;x1*x2,G,balanced,250,250;250;250;250,788377.75,1;x3^2;x1^3;x1*x2,1;x3^2;x1^3;x1*x2,"[-0.01850295193482543,0.5028860104943333,0.7989393840696697,1.1894471530640889]","[-0.02387379529333164,0.5021788481300139,0.798337359446001,1.1839655806970215]",,0.0,0.0,0.0,,0,,0,,,,,,,,0.0
cubic_cross,complementary,0.1,250,4,20105,fcrra-spent-diagnostic,0.0,0.6666666666666666,0.6666666666666666,0.0004829046693405466,0.3246319947786826,0.0,1.0,0.0,frozen-v6-anchor,0.2831907997548315,0.33446585601798173,1.7447725450000036,3152769,cos(x3);x1*x2;x1^3,1.304 - 1.454·cos(x₃) + 0.8008·x₁³ + 1.225·x₁x₂,"FCRRA spent-seed diagnostic; anchor=1,cos(x3),x1^3,x1*x2; exception=; in_bank=0; in_anchor=0; attempted=0; eligible_discovery=; eligible_selector=; numerator=None; denominator=None; gamma=None; anchor_role_ic=None; augmented_role_ic=None; outside_sse_max_diff=None; outside_prediction_max_diff=None; accepted=0; final=1,cos(x3),x1^3,x1*x2; wrapper_overhead_unoptimized=1",1.0,1.0,7,4,0.0,120,0,1,0,1;cos(x3);x1^3;x1*x2,G,balanced,250,250;250;250;250,788192.25,1;cos(x3);x1^3;x1*x2,1;cos(x3);x1^3;x1*x2,"[1.3073799339420025,-1.4754754461462793,0.798866377352236,1.2221592808605128]","[1.3035427956225696,-1.453999926725655,0.8007575119519982,1.2253161184461814]",,0.0,0.0,0.0,,0,,0,,,,,,,,0.0
cubic_cross,complementary,0.2,100,4,20101,fcrra-spent-diagnostic,1.0,1.0,1.0,0.00016692186929838357,1.3631951872226018,0.0,1.0,0.0,frozen-v6-anchor,1.020047502683236,1.3309367010725226,1.5090170419999964,2986902,x1*x2;x1^3;x3^2,0.04657 + 0.5155·x₃² + 0.8064·x₁³ + 1.188·x₁x₂,"FCRRA spent-seed diagnostic; anchor=1,x3^2,x1^3,x1*x2; exception=; in_bank=0; in_anchor=0; attempted=0; eligible_discovery=; eligible_selector=; numerator=None; denominator=None; gamma=None; anchor_role_ic=None; augmented_role_ic=None; outside_sse_max_diff=None; outside_prediction_max_diff=None; accepted=0; final=1,x3^2,x1^3,x1*x2; wrapper_overhead_unoptimized=1",1.0,1.0,6,3,1.0,63,0,0,0,1;x3^2;x1^3;x1*x2,G,balanced,100,100;100;100;100,746725.5,1;x3^2;x1^3;x1*x2,1;x3^2;x1^3;x1*x2,"[0.12100946453977324,0.482905973479985,0.8098502585329119,1.1680739841096663]","[0.046574641433628966,0.5155317683223288,0.8063865264194205,1.187516793760408]",,0.0,0.0,0.0,,0,,0,,,,,,,,0.0
cubic_cross,complementary,0.2,100,4,20102,fcrra-spent-diagnostic,1.0,1.0,1.0,0.00023878203366111222,0.806967542244354,0.0,1.0,0.0,frozen-v6-anchor,0.8608847783980142,1.076997181122819,1.514953625000004,2993058,x1*x2;x1^3;x3^2,-0.03794 + 0.4889·x₃² + 0.7884·x₁³ + 1.187·x₁x₂,"FCRRA spent-seed diagnostic; anchor=1,x3^2,x1^3,x1*x2; exception=; in_bank=0; in_anchor=0; attempted=0; eligible_discovery=; eligible_selector=; numerator=None; denominator=None; gamma=None; anchor_role_ic=None; augmented_role_ic=None; outside_sse_max_diff=None; outside_prediction_max_diff=None; accepted=0; final=1,x3^2,x1^3,x1*x2; wrapper_overhead_unoptimized=1",1.0,1.0,7,4,1.0,120,0,0,0,1;x3^2;x1^3;x1*x2,G,balanced,100,100;100;100;100,748264.5,1;x3^2;x1^3;x1*x2,1;x3^2;x1^3;x1*x2,"[-0.09274582568099499,0.5016839370715247,0.78380050483368,1.1904503452582156]","[-0.0379383675059215,0.4888849510066167,0.7884418944899264,1.1866271545686682]",,0.0,0.0,0.0,,0,,0,,,,,,,,0.0
cubic_cross,complementary,0.2,100,4,20103,fcrra-spent-diagnostic,1.0,1.0,1.0,0.0001611605808223213,1.2777871246509753,0.0,1.0,0.0,frozen-v6-anchor,1.371612538401275,1.9465362778849642,1.5504362890000039,3019547,x1*x2;x1^3;x3^2,-0.05061 + 0.5363·x₃² + 0.8059·x₁³ + 1.179·x₁x₂,"FCRRA spent-seed diagnostic; anchor=1,x3^2,x1^3,x1*x2; exception=; in_bank=0; in_anchor=0; attempted=0; eligible_discovery=; eligible_selector=; numerator=None; denominator=None; gamma=None; anchor_role_ic=None; augmented_role_ic=None; outside_sse_max_diff=None; outside_prediction_max_diff=None; accepted=0; final=1,x3^2,x1^3,x1*x2; wrapper_overhead_unoptimized=1",1.0,1.0,7,4,1.0,120,0,0,0,1;x3^2;x1^3;x1*x2,G,balanced,100,100;100;100;100,754886.75,1;x3^2;x1^3;x1*x2,1;x3^2;x1^3;x1*x2,"[-0.16948308435509496,0.5743903776434379,0.7979188075338484,1.1803274540834496]","[-0.050612065867904725,0.5363075039274207,0.8058514486678947,1.1786627555391251]",,0.0,0.0,0.0,,0,,0,,,,,,,,0.0
cubic_cross,complementary,0.2,100,4,20104,fcrra-spent-diagnostic,1.0,1.0,1.0,0.0005391394012309588,1.085950251686367,0.0,1.0,0.0,frozen-v6-anchor,1.3520342617699248,1.7750648193691176,1.5177547149999953,2989698,x1*x2;x1^3;x3^2,-0.1335 + 0.5065·x₃² + 0.8081·x₁³ + 1.249·x₁x₂,"FCRRA spent-seed diagnostic; anchor=1,x3^2,x1^3,x1*x2; exception=; in_bank=0; in_anchor=0; attempted=0; eligible_discovery=; eligible_selector=; numerator=None; denominator=None; gamma=None; anchor_role_ic=None; augmented_role_ic=None; outside_sse_max_diff=None; outside_prediction_max_diff=None; accepted=0; final=1,x3^2,x1^3,x1*x2; wrapper_overhead_unoptimized=1",1.0,1.0,7,4,1.0,120,0,0,0,1;x3^2;x1^3;x1*x2,G,balanced,100,100;100;100;100,747424.5,1;x3^2;x1^3;x1*x2,1;x3^2;x1^3;x1*x2,"[-0.16509397341042686,0.5008715301352751,0.8057669028967983,1.2629122376032749]","[-0.1335095775845442,0.5064841419430592,0.8080905541109503,1.2492923915608631]",,0.0,0.0,0.0,,0,,0,,,,,,,,0.0
cubic_cross,complementary,0.2,100,4,20105,fcrra-spent-diagnostic,1.0,1.0,1.0,7.816166112985525e-05,1.240675632871612,0.0,1.0,0.0,frozen-v6-anchor,0.9239207283662471,1.3253392606522842,1.5260624480000047,2988949,x1*x2;x1^3;x3^2,-0.07482 + 0.5191·x₃² + 0.801·x₁³ + 1.18·x₁x₂,"FCRRA spent-seed diagnostic; anchor=1,x3^2,x1^3,x1*x2; exception=; in_bank=0; in_anchor=0; attempted=0; eligible_discovery=; eligible_selector=; numerator=None; denominator=None; gamma=None; anchor_role_ic=None; augmented_role_ic=None; outside_sse_max_diff=None; outside_prediction_max_diff=None; accepted=0; final=1,x3^2,x1^3,x1*x2; wrapper_overhead_unoptimized=1",1.0,1.0,7,4,1.0,120,0,0,0,1;x3^2;x1^3;x1*x2,G,balanced,100,100;100;100;100,747237.25,1;x3^2;x1^3;x1*x2,1;x3^2;x1^3;x1*x2,"[-0.06340486936715095,0.4886788301186291,0.7990902196633105,1.1382792991223862]","[-0.07482057809453999,0.5191409130221639,0.8010076322229664,1.1801341829800813]",,0.0,0.0,0.0,,0,,0,,,,,,,,0.0
cubic_cross,complementary,0.2,250,4,20101,fcrra-spent-diagnostic,0.0,0.5,0.6666666666666666,0.005223123034028242,1.1006096147660387,0.0,1.0,0.0,frozen-v6-anchor,1.093438041265922,1.2776232842310664,1.5705665140000065,3002010,sin(x1);x1;x1*x2;x3^2,-0.03552 + 6.593·x₁ + 0.479·x₃² - 7.065·sin(x₁) + 1.218·x₁x₂,"FCRRA spent-seed diagnostic; anchor=1,x1,x3^2,sin(x1),x1*x2; exception=; in_bank=0; in_anchor=0; attempted=0; eligible_discovery=; eligible_selector=; numerator=None; denominator=None; gamma=None; anchor_role_ic=None; augmented_role_ic=None; outside_sse_max_diff=None; outside_prediction_max_diff=None; accepted=0; final=1,x1,x3^2,sin(x1),x1*x2; wrapper_overhead_unoptimized=1",1.0,1.0,7,4,0.0,120,0,2,0,1;x1;x3^2;sin(x1);x1*x2,G,balanced,250,250;250;250;250,750502.5,1;x1;x3^2;sin(x1);x1*x2,1;x1;x3^2;sin(x1);x1*x2,"[0.003887560746407096,6.602537498427065,0.46686232012492807,-7.135372588154443,1.2036063957129979]","[-0.035516383104942775,6.5931272196597375,0.47904763882841384,-7.064745182869809,1.2177872665939458]",,0.0,0.0,0.0,,0,,0,,,,,,,,0.0
cubic_cross,complementary,0.2,250,4,20102,fcrra-spent-diagnostic,1.0,1.0,1.0,0.00011026934826922524,1.2161981192005062,0.0,1.0,0.0,frozen-v6-anchor,1.2561926367459864,1.4578523800324774,1.577038587000004,3003700,x1*x2;x1^3;x3^2,0.09885 + 0.4787·x₃² + 0.7934·x₁³ + 1.198·x₁x₂,"FCRRA spent-seed diagnostic; anchor=1,x3^2,x1^3,x1*x2; exception=; in_bank=0; in_anchor=0; attempted=0; eligible_discovery=; eligible_selector=; numerator=None; denominator=None; gamma=None; anchor_role_ic=None; augmented_role_ic=None; outside_sse_max_diff=None; outside_prediction_max_diff=None; accepted=0; final=1,x3^2,x1^3,x1*x2; wrapper_overhead_unoptimized=1",1.0,1.0,7,4,1.0,120,0,0,0,1;x3^2;x1^3;x1*x2,G,balanced,250,250;250;250;250,750925.0,1;x3^2;x1^3;x1*x2,1;x3^2;x1^3;x1*x2,"[0.14352128452871948,0.45091102323463983,0.7876244060282179,1.196254094205187]","[0.09884513697563133,0.4786697064583447,0.793390350963722,1.19771572621206]",,0.0,0.0,0.0,,0,,0,,,,,,,,0.0
cubic_cross,complementary,0.2,250,4,20103,fcrra-spent-diagnostic,1.0,1.0,1.0,8.714411221320798e-05,1.0148916864657798,0.0,1.0,0.0,frozen-v6-anchor,0.9740566999911809,1.3497954983609153,1.607946499999997,3004264,x1*x2;x1^3;x3^2,-0.009017 + 0.5033·x₃² + 0.8067·x₁³ + 1.216·x₁x₂,"FCRRA spent-seed diagnostic; anchor=1,x3^2,x1^3,x1*x2; exception=; in_bank=0; in_anchor=0; attempted=0; eligible_discovery=; eligible_selector=; numerator=None; denominator=None; gamma=None; anchor_role_ic=None; augmented_role_ic=None; outside_sse_max_diff=None; outside_prediction_max_diff=None; accepted=0; final=1,x3^2,x1^3,x1*x2; wrapper_overhead_unoptimized=1",1.0,1.0,7,4,0.0,120,0,1,0,1;x3^2;x1^3;x1*x2,G,balanced,250,250;250;250;250,751066.0,1;x3^2;x1^3;x1*x2,1;x3^2;x1^3;x1*x2,"[0.010091303020998588,0.4956475458947591,0.8066032672773431,1.2025280346663179]","[-0.009016842545532982,0.5033425435617686,0.8066983170323717,1.2156671628961784]",,0.0,0.0,0.0,,0,,0,,,,,,,,0.0
cubic_cross,complementary,0.2,250,4,20104,fcrra-spent-diagnostic,1.0,1.0,1.0,0.0001549950051302454,0.9703115852986233,0.0,1.0,0.0,frozen-v6-anchor,1.0168396924897865,1.1889047305487435,1.6190575689999918,3004263,x1*x2;x1^3;x3^2,-0.04775 + 0.5044·x₃² + 0.7967·x₁³ + 1.168·x₁x₂,"FCRRA spent-seed diagnostic; anchor=1,x3^2,x1^3,x1*x2; exception=; in_bank=0; in_anchor=0; attempted=0; eligible_discovery=; eligible_selector=; numerator=None; denominator=None; gamma=None; anchor_role_ic=None; augmented_role_ic=None; outside_sse_max_diff=None; outside_prediction_max_diff=None; accepted=0; final=1,x3^2,x1^3,x1*x2; wrapper_overhead_unoptimized=1",1.0,1.0,7,4,1.0,120,0,0,0,1;x3^2;x1^3;x1*x2,G,balanced,250,250;250;250;250,751065.75,1;x3^2;x1^3;x1*x2,1;x3^2;x1^3;x1*x2,"[-0.03700590386971658,0.5057720209886948,0.7978787681393444,1.178894306128222]","[-0.04774759059150959,0.5043576962622088,0.7966747188923566,1.1679311613973136]",,0.0,0.0,0.0,,0,,0,,,,,,,,0.0
cubic_cross,complementary,0.2,250,4,20105,fcrra-spent-diagnostic,0.0,0.6666666666666666,0.6666666666666666,0.000794632605207913,1.2709917196530394,0.0,1.0,0.0,frozen-v6-anchor,1.1378829925961942,1.3767731200435853,1.5716257269999971,3003095,cos(x3);x1*x2;x1^3,1.266 - 1.472·cos(x₃) + 0.8023·x₁³ + 1.249·x₁x₂,"FCRRA spent-seed diagnostic; anchor=1,cos(x3),x1^3,x1*x2; exception=; in_bank=0; in_anchor=0; attempted=0; eligible_discovery=; eligible_selector=; numerator=None; denominator=None; gamma=None; anchor_role_ic=None; augmented_role_ic=None; outside_sse_max_diff=None; outside_prediction_max_diff=None; accepted=0; final=1,cos(x3),x1^3,x1*x2; wrapper_overhead_unoptimized=1",1.0,1.0,7,4,0.0,120,0,1,0,1;cos(x3);x1^3;x1*x2,G,balanced,250,250;250;250;250,750773.75,1;cos(x3);x1^3;x1*x2,1;cos(x3);x1^3;x1*x2,"[1.2711379759375327,-1.5105437867984488,0.7985670698512521,1.2446089774180484]","[1.2661778923029647,-1.4716336954457983,0.802336043170966,1.2487798838946356]",,0.0,0.0,0.0,,0,,0,,,,,,,,0.0
cubic_cross,spurious,0.1,100,4,20101,fcrra-spent-diagnostic,1.0,1.0,1.0,0.00010259565209730641,0.26270359789857256,0.0,1.0,0.0,frozen-v6-anchor,0.2190540870930183,0.3897198488400761,1.6904194799999885,3135059,x1*x2;x1^3;x3^2,-0.02194 + 0.5193·x₃² + 0.7928·x₁³ + 1.188·x₁x₂,"FCRRA spent-seed diagnostic; anchor=1,x3^2,x1^3,x1*x2; exception=; in_bank=0; in_anchor=0; attempted=0; eligible_discovery=; eligible_selector=; numerator=None; denominator=None; gamma=None; anchor_role_ic=None; augmented_role_ic=None; outside_sse_max_diff=None; outside_prediction_max_diff=None; accepted=0; final=1,x3^2,x1^3,x1*x2; wrapper_overhead_unoptimized=1",1.0,1.0,6,3,1.0,63,0,0,0,1;x3^2;x1^3;x1*x2,G,balanced,100,100;100;100;100,783764.75,1;x3^2;x1^3;x1*x2,1;x3^2;x1^3;x1*x2,"[-0.048113494620849906,0.5326161946116805,0.7908560625008825,1.1762018879807397]","[-0.021938241977234846,0.5193093657841503,0.7927888029819596,1.1878254592179225]",,0.0,0.0,0.0,,0,,0,,,,,,,,0.0
cubic_cross,spurious,0.1,100,4,20102,fcrra-spent-diagnostic,1.0,1.0,1.0,1.7029901162621612e-05,0.25225310558254493,0.0,1.0,0.0,frozen-v6-anchor,0.2691218576076049,0.36686156966250866,1.635437120000006,3107230,x1*x2;x1^3;x3^2,-0.04031 + 0.5143·x₃² + 0.8024·x₁³ + 1.199·x₁x₂,"FCRRA spent-seed diagnostic; anchor=1,x3^2,x1^3,x1*x2; exception=; in_bank=0; in_anchor=0; attempted=0; eligible_discovery=; eligible_selector=; numerator=None; denominator=None; gamma=None; anchor_role_ic=None; augmented_role_ic=None; outside_sse_max_diff=None; outside_prediction_max_diff=None; accepted=0; final=1,x3^2,x1^3,x1*x2; wrapper_overhead_unoptimized=1",1.0,1.0,6,3,0.0,63,0,1,0,1;x3^2;x1^3;x1*x2,G,balanced,100,100;100;100;100,776807.5,1;x3^2;x1^3;x1*x2,1;x3^2;x1^3;x1*x2,"[-0.038118354496343265,0.5212744766024358,0.8021918069311461,1.199956727108351]","[-0.04031267802405106,0.5142662735120967,0.8023971294341484,1.1991181594212912]",,0.0,0.0,0.0,,0,,0,,,,,,,,0.0
cubic_cross,spurious,0.1,100,4,20103,fcrra-spent-diagnostic,1.0,1.0,1.0,0.0001187737075684947,0.36792787825161954,0.0,1.0,0.0,frozen-v6-anchor,0.4527575538931922,0.7325342670240692,1.6886686739999988,3140068,x1*x2;x1^3;x3^2,-0.04413 + 0.5268·x₃² + 0.7954·x₁³ + 1.222·x₁x₂,"FCRRA spent-seed diagnostic; anchor=1,x3^2,x1^3,x1*x2; exception=; in_bank=0; in_anchor=0; attempted=0; eligible_discovery=; eligible_selector=; numerator=None; denominator=None; gamma=None; anchor_role_ic=None; augmented_role_ic=None; outside_sse_max_diff=None; outside_prediction_max_diff=None; accepted=0; final=1,x3^2,x1^3,x1*x2; wrapper_overhead_unoptimized=1",1.0,1.0,7,4,1.0,120,0,0,0,1;x3^2;x1^3;x1*x2,G,balanced,100,100;100;100;100,785017.0,1;x3^2;x1^3;x1*x2,1;x3^2;x1^3;x1*x2,"[-0.10297420121900158,0.5479774585498451,0.7919100168806984,1.2157299739269685]","[-0.044125783910598765,0.5267804148263594,0.7954005308820331,1.2224522938670384]",,0.0,0.0,0.0,,0,,0,,,,,,,,0.0
cubic_cross,spurious,0.1,100,4,20104,fcrra-spent-diagnostic,1.0,1.0,1.0,5.2490781953833384e-05,0.2768595669236106,0.0,1.0,0.0,frozen-v6-anchor,0.2404644760581346,0.33122748249313644,1.6800040900000113,3140024,x1*x2;x1^3;x3^2,-0.0347 + 0.4967·x₃² + 0.8014·x₁³ + 1.184·x₁x₂,"FCRRA spent-seed diagnostic; anchor=1,x3^2,x1^3,x1*x2; exception=; in_bank=0; in_anchor=0; attempted=0; eligible_discovery=; eligible_selector=; numerator=None; denominator=None; gamma=None; anchor_role_ic=None; augmented_role_ic=None; outside_sse_max_diff=None; outside_prediction_max_diff=None; accepted=0; final=1,x3^2,x1^3,x1*x2; wrapper_overhead_unoptimized=1",1.0,1.0,7,4,1.0,120,0,0,0,1;x3^2;x1^3;x1*x2,G,balanced,100,100;100;100;100,785006.0,1;x3^2;x1^3;x1*x2,1;x3^2;x1^3;x1*x2,"[0.0010012921942599284,0.47088895524031127,0.8059945044329466,1.1786766703933242]","[-0.034702756774165865,0.4966748367364807,0.8013624299562603,1.1843387098797205]",,0.0,0.0,0.0,,0,,0,,,,,,,,0.0
cubic_cross,spurious,0.1,100,4,20105,fcrra-spent-diagnostic,1.0,1.0,1.0,3.0331202431892217e-05,0.33307302701317854,0.0,1.0,0.0,frozen-v6-anchor,0.4497479806386887,0.5453787073998229,1.6420256050000006,3108473,x1*x2;x1^3;x3^2,-0.04686 + 0.5088·x₃² + 0.7968·x₁³ + 1.206·x₁x₂,"FCRRA spent-seed diagnostic; anchor=1,x3^2,x1^3,x1*x2; exception=; in_bank=0; in_anchor=0; attempted=0; eligible_discovery=; eligible_selector=; numerator=None; denominator=None; gamma=None; anchor_role_ic=None; augmented_role_ic=None; outside_sse_max_diff=None; outside_prediction_max_diff=None; accepted=0; final=1,x3^2,x1^3,x1*x2; wrapper_overhead_unoptimized=1",1.0,1.0,7,4,1.0,120,0,0,0,1;x3^2;x1^3;x1*x2,G,balanced,100,100;100;100;100,777118.25,1;x3^2;x1^3;x1*x2,1;x3^2;x1^3;x1*x2,"[0.01040482874770321,0.5032899708543468,0.8006398391060353,1.1864951029032187]","[-0.046861912891830906,0.5087736614227563,0.7968238410663414,1.2058101628638909]",,0.0,0.0,0.0,,0,,0,,,,,,,,0.0
cubic_cross,spurious,0.1,250,4,20101,fcrra-spent-diagnostic,1.0,1.0,1.0,2.858379922988865e-05,0.30072158170378216,0.0,1.0,0.0,frozen-v6-anchor,0.30978594268512016,0.4432476145362345,1.732996399000001,3151477,x1*x2;x1^3;x3^2,-0.05923 + 0.5105·x₃² + 0.8004·x₁³ + 1.193·x₁x₂,"FCRRA spent-seed diagnostic; anchor=1,x3^2,x1^3,x1*x2; exception=; in_bank=0; in_anchor=0; attempted=0; eligible_discovery=; eligible_selector=; numerator=None; denominator=None; gamma=None; anchor_role_ic=None; augmented_role_ic=None; outside_sse_max_diff=None; outside_prediction_max_diff=None; accepted=0; final=1,x3^2,x1^3,x1*x2; wrapper_overhead_unoptimized=1",1.0,1.0,7,4,1.0,120,0,0,0,1;x3^2;x1^3;x1*x2,G,balanced,250,250;250;250;250,787869.25,1;x3^2;x1^3;x1*x2,1;x3^2;x1^3;x1*x2,"[-0.056499200508915326,0.505547563532656,0.8011201843315817,1.1910669537171954]","[-0.059231175288858844,0.5105110373753586,0.8003560678566402,1.1927260564721787]",,0.0,0.0,0.0,,0,,0,,,,,,,,0.0
cubic_cross,spurious,0.1,250,4,20102,fcrra-spent-diagnostic,1.0,1.0,1.0,5.6410575206815105e-05,0.33033443496805104,0.0,1.0,0.0,frozen-v6-anchor,0.33747806587614326,0.41052571982440034,1.7288588879999907,3152845,x1*x2;x1^3;x3^2,0.02524 + 0.4835·x₃² + 0.7992·x₁³ + 1.219·x₁x₂,"FCRRA spent-seed diagnostic; anchor=1,x3^2,x1^3,x1*x2; exception=; in_bank=0; in_anchor=0; attempted=0; eligible_discovery=; eligible_selector=; numerator=None; denominator=None; gamma=None; anchor_role_ic=None; augmented_role_ic=None; outside_sse_max_diff=None; outside_prediction_max_diff=None; accepted=0; final=1,x3^2,x1^3,x1*x2; wrapper_overhead_unoptimized=1",1.0,1.0,7,4,1.0,120,0,0,0,1;x3^2;x1^3;x1*x2,G,balanced,250,250;250;250;250,788211.25,1;x3^2;x1^3;x1*x2,1;x3^2;x1^3;x1*x2,"[0.01112799920860219,0.4908352199846877,0.801352035292751,1.216333997101912]","[0.025240591160896306,0.48346837289467853,0.7992316242232258,1.218858618647001]",,0.0,0.0,0.0,,0,,0,,,,,,,,0.0
cubic_cross,spurious,0.1,250,4,20103,fcrra-spent-diagnostic,1.0,1.0,1.0,2.777200555976564e-05,0.2276901561065601,0.0,1.0,0.0,frozen-v6-anchor,0.2526732211680118,0.31373027108853924,1.7364432060000041,3153040,x1*x2;x1^3;x3^2,0.03458 + 0.4868·x₃² + 0.7962·x₁³ + 1.196·x₁x₂,"FCRRA spent-seed diagnostic; anchor=1,x3^2,x1^3,x1*x2; exception=; in_bank=0; in_anchor=0; attempted=0; eligible_discovery=; eligible_selector=; numerator=None; denominator=None; gamma=None; anchor_role_ic=None; augmented_role_ic=None; outside_sse_max_diff=None; outside_prediction_max_diff=None; accepted=0; final=1,x3^2,x1^3,x1*x2; wrapper_overhead_unoptimized=1",1.0,1.0,7,4,1.0,120,0,0,0,1;x3^2;x1^3;x1*x2,G,balanced,250,250;250;250;250,788260.0,1;x3^2;x1^3;x1*x2,1;x3^2;x1^3;x1*x2,"[0.021033151293227803,0.4890712729317678,0.7957502327302649,1.1937116008097082]","[0.03458038554384231,0.486769728808202,0.7962245658649374,1.1958428406304722]",,0.0,0.0,0.0,,0,,0,,,,,,,,0.0
cubic_cross,spurious,0.1,250,4,20104,fcrra-spent-diagnostic,1.0,1.0,1.0,1.2890358096362381e-05,0.27621298026760793,0.0,1.0,0.0,frozen-v6-anchor,0.25694857441014796,0.36044257609626434,1.7677870950000028,3156624,x1*x2;x1^3;x3^2,-0.02147 + 0.5027·x₃² + 0.7976·x₁³ + 1.204·x₁x₂,"FCRRA spent-seed diagnostic; anchor=1,x3^2,x1^3,x1*x2; exception=; in_bank=0; in_anchor=0; attempted=0; eligible_discovery=; eligible_selector=; numerator=None; denominator=None; gamma=None; anchor_role_ic=None; augmented_role_ic=None; outside_sse_max_diff=None; outside_prediction_max_diff=None; accepted=0; final=1,x3^2,x1^3,x1*x2; wrapper_overhead_unoptimized=1",1.0,1.0,8,5,1.0,219,0,0,0,1;x3^2;x1^3;x1*x2,G,balanced,250,250;250;250;250,789156.0,1;x3^2;x1^3;x1*x2,1;x3^2;x1^3;x1*x2,"[-0.027260385547504207,0.5040663668016757,0.796948511429256,1.2059945912921033]","[-0.021470248863182793,0.5027332046271505,0.7975912480842977,1.2043598448232995]",,0.0,0.0,0.0,,0,,0,,,,,,,,0.0
cubic_cross,spurious,0.1,250,4,20105,fcrra-spent-diagnostic,1.0,1.0,1.0,1.4657366186202468e-05,0.30444387977521803,0.0,1.0,0.0,frozen-v6-anchor,0.3424282405641832,0.4692416938826227,1.732937316999994,3153116,x1*x2;x1^3;x3^2,-0.01949 + 0.4967·x₃² + 0.8011·x₁³ + 1.206·x₁x₂,"FCRRA spent-seed diagnostic; anchor=1,x3^2,x1^3,x1*x2; exception=; in_bank=0; in_anchor=0; attempted=0; eligible_discovery=; eligible_selector=; numerator=None; denominator=None; gamma=None; anchor_role_ic=None; augmented_role_ic=None; outside_sse_max_diff=None; outside_prediction_max_diff=None; accepted=0; final=1,x3^2,x1^3,x1*x2; wrapper_overhead_unoptimized=1",1.0,1.0,7,4,1.0,120,0,0,0,1;x3^2;x1^3;x1*x2,G,balanced,250,250;250;250;250,788279.0,1;x3^2;x1^3;x1*x2,1;x3^2;x1^3;x1*x2,"[-0.032459169184096304,0.49740724857217744,0.8003480407977621,1.2021300391008323]","[-0.019489813131541342,0.49671408588132615,0.8011162792305847,1.2059064116952851]",,0.0,0.0,0.0,,0,,0,,,,,,,,0.0
cubic_cross,spurious,0.2,100,4,20101,fcrra-spent-diagnostic,0.0,0.6666666666666666,0.6666666666666666,0.0006546367063320336,1.0435087767858817,0.0,1.0,0.0,frozen-v6-anchor,0.8664106640586163,1.5012005217363007,1.5530654880000014,3014693,cos(x3);x1*x2;x1^3,1.426 - 1.595·cos(x₃) + 0.7841·x₁³ + 1.176·x₁x₂,"FCRRA spent-seed diagnostic; anchor=1,cos(x3),x1^3,x1*x2; exception=; in_bank=0; in_anchor=0; attempted=0; eligible_discovery=; eligible_selector=; numerator=None; denominator=None; gamma=None; anchor_role_ic=None; augmented_role_ic=None; outside_sse_max_diff=None; outside_prediction_max_diff=None; accepted=0; final=1,cos(x3),x1^3,x1*x2; wrapper_overhead_unoptimized=1",0.6666666666666666,0.0,6,4,1.0,63,0,0,0,1;cos(x3);x1^3;x1*x2,G,balanced,100,100;100;100;100,753673.25,1;cos(x3);x1^3;x1*x2,1;cos(x3);x1^3;x1*x2,"[1.4403066672874254,-1.6647896544991956,0.7794753936218115,1.1493667719055354]","[1.4260611030210435,-1.5945924597031962,0.7840816579720599,1.1761936820380332]",,0.0,0.0,0.0,,0,,0,,,,,,,,0.0
cubic_cross,spurious,0.2,100,4,20102,fcrra-spent-diagnostic,1.0,1.0,1.0,6.811960467479755e-05,1.0090124223301797,0.0,1.0,0.0,frozen-v6-anchor,1.0764874304304721,1.4674462786500801,1.5033360789999932,2987062,x1*x2;x1^3;x3^2,-0.08063 + 0.5285·x₃² + 0.8048·x₁³ + 1.198·x₁x₂,"FCRRA spent-seed diagnostic; anchor=1,x3^2,x1^3,x1*x2; exception=; in_bank=0; in_anchor=0; attempted=0; eligible_discovery=; eligible_selector=; numerator=None; denominator=None; gamma=None; anchor_role_ic=None; augmented_role_ic=None; outside_sse_max_diff=None; outside_prediction_max_diff=None; accepted=0; final=1,x3^2,x1^3,x1*x2; wrapper_overhead_unoptimized=1",1.0,1.0,6,3,0.0,63,0,1,0,1;x3^2;x1^3;x1*x2,G,balanced,100,100;100;100;100,746765.5,1;x3^2;x1^3;x1*x2,1;x3^2;x1^3;x1*x2,"[-0.07623670899285373,0.5425489532049667,0.8043836138623154,1.1999134542168253]","[-0.08062535605897377,0.5285325470297446,0.8047942588694631,1.1982363188503051]",,0.0,0.0,0.0,,0,,0,,,,,,,,0.0
cubic_cross,spurious,0.2,100,4,20103,fcrra-spent-diagnostic,0.0,1.0,0.6666666666666666,0.012590745749747376,2.1457079513188546,0.0,1.0,0.0,frozen-v6-anchor,1.9639760356431353,3.107098735957758,1.5514325110000016,3018948,x1*x2;x1^3,0.7048 + 0.7897·x₁³ + 1.26·x₁x₂,"FCRRA spent-seed diagnostic; anchor=1,x1^3,x1*x2; exception=; in_bank=0; in_anchor=0; attempted=0; eligible_discovery=; eligible_selector=; numerator=None; denominator=None; gamma=None; anchor_role_ic=None; augmented_role_ic=None; outside_sse_max_diff=None; outside_prediction_max_diff=None; accepted=0; final=1,x1^3,x1*x2; wrapper_overhead_unoptimized=1",1.0,1.0,7,4,1.0,120,0,0,0,1;x1^3;x1*x2,G,balanced,100,100;100;100;100,754737.0,1;x1^3;x1*x2,1;x1^3;x1*x2,"[0.6716192575807756,0.7912368729386646,1.275294316321098]","[0.7047569988890661,0.7897115841624834,1.260360595282618]",,0.0,0.0,0.0,,0,,0,,,,,,,,0.0
cubic_cross,spurious,0.2,100,4,20104,fcrra-spent-diagnostic,1.0,1.0,1.0,0.00020996312775715901,1.1074382676944428,0.0,1.0,0.0,frozen-v6-anchor,0.9618579042324288,1.3249099299720646,1.523446201000013,2991154,x1*x2;x1^3;x3^2,-0.06941 + 0.4933·x₃² + 0.8027·x₁³ + 1.169·x₁x₂,"FCRRA spent-seed diagnostic; anchor=1,x3^2,x1^3,x1*x2; exception=; in_bank=0; in_anchor=0; attempted=0; eligible_discovery=; eligible_selector=; numerator=None; denominator=None; gamma=None; anchor_role_ic=None; augmented_role_ic=None; outside_sse_max_diff=None; outside_prediction_max_diff=None; accepted=0; final=1,x3^2,x1^3,x1*x2; wrapper_overhead_unoptimized=1",1.0,1.0,7,4,1.0,120,0,0,0,1;x3^2;x1^3;x1*x2,G,balanced,100,100;100;100;100,747788.5,1;x3^2;x1^3;x1*x2,1;x3^2;x1^3;x1*x2,"[0.0020025843883146877,0.4417779104807239,0.8119890088659083,1.15735334078677]","[-0.06940551356190101,0.49334967347996234,0.802724859913694,1.1686774197675622]",,0.0,0.0,0.0,,0,,0,,,,,,,,0.0
cubic_cross,spurious,0.2,100,4,20105,fcrra-spent-diagnostic,1.0,1.0,1.0,0.00012132480974694055,1.3322921080527141,0.0,1.0,0.0,frozen-v6-anchor,1.7989919225545614,2.1815148295989273,1.6163780340000073,3075868,x1*x2;x1^3;x3^2,-0.09372 + 0.5175·x₃² + 0.7936·x₁³ + 1.212·x₁x₂,"FCRRA spent-seed diagnostic; anchor=1,x3^2,x1^3,x1*x2; exception=; in_bank=0; in_anchor=0; attempted=0; eligible_discovery=; eligible_selector=; numerator=None; denominator=None; gamma=None; anchor_role_ic=None; augmented_role_ic=None; outside_sse_max_diff=None; outside_prediction_max_diff=None; accepted=0; final=1,x3^2,x1^3,x1*x2; wrapper_overhead_unoptimized=1",1.0,1.0,7,4,1.0,120,0,0,0,1;x3^2;x1^3;x1*x2,G,balanced,100,100;100;100;100,768967.0,1;x3^2;x1^3;x1*x2,1;x3^2;x1^3;x1*x2,"[0.020809657495216793,0.5065799417087704,0.8012796782120781,1.1729902058065451]","[-0.09372382579629053,0.5175473228508383,0.793647682133444,1.211620325735662]",,0.0,0.0,0.0,,0,,0,,,,,,,,0.0
cubic_cross,spurious,0.2,250,4,20101,fcrra-spent-diagnostic,1.0,1.0,1.0,0.00011433519691343094,1.2028863268151286,0.0,1.0,0.0,frozen-v6-anchor,1.2391437707404895,1.772990458144944,1.5684600529999955,3002234,x1*x2;x1^3;x3^2,-0.1185 + 0.521·x₃² + 0.8007·x₁³ + 1.185·x₁x₂,"FCRRA spent-seed diagnostic; anchor=1,x3^2,x1^3,x1*x2; exception=; in_bank=0; in_anchor=0; attempted=0; eligible_discovery=; eligible_selector=; numerator=None; denominator=None; gamma=None; anchor_role_ic=None; augmented_role_ic=None; outside_sse_max_diff=None; outside_prediction_max_diff=None; accepted=0; final=1,x3^2,x1^3,x1*x2; wrapper_overhead_unoptimized=1",1.0,1.0,7,4,1.0,120,0,0,0,1;x3^2;x1^3;x1*x2,G,balanced,250,250;250;250;250,750558.5,1;x3^2;x1^3;x1*x2,1;x3^2;x1^3;x1*x2,"[-0.11299840101790926,0.5110951270653489,0.8022403686631678,1.1821339074344295]","[-0.1184623505823558,0.5210220747529545,0.8007121357135851,1.1854521129473883]",,0.0,0.0,0.0,,0,,0,,,,,,,,0.0
cubic_cross,spurious,0.2,250,4,20102,fcrra-spent-diagnostic,1.0,1.0,1.0,0.00022564230084658364,1.3213377398722042,0.0,1.0,0.0,frozen-v6-anchor,1.3499122635045442,1.6421028792975523,1.5767388769999968,3003512,x1*x2;x1^3;x3^2,0.05048 + 0.4669·x₃² + 0.7985·x₁³ + 1.238·x₁x₂,"FCRRA spent-seed diagnostic; anchor=1,x3^2,x1^3,x1*x2; exception=; in_bank=0; in_anchor=0; attempted=0; eligible_discovery=; eligible_selector=; numerator=None; denominator=None; gamma=None; anchor_role_ic=None; augmented_role_ic=None; outside_sse_max_diff=None; outside_prediction_max_diff=None; accepted=0; final=1,x3^2,x1^3,x1*x2; wrapper_overhead_unoptimized=1",1.0,1.0,7,4,1.0,120,0,0,0,1;x3^2;x1^3;x1*x2,G,balanced,250,250;250;250;250,750878.0,1;x3^2;x1^3;x1*x2,1;x3^2;x1^3;x1*x2,"[0.022255998417137768,0.48167043996940584,0.802704070585505,1.2326679942038634]","[0.05048118231706085,0.4669367457915126,0.7984632484467515,1.237717237296835]",,0.0,0.0,0.0,,0,,0,,,,,,,,0.0
cubic_cross,spurious,0.2,250,4,20103,fcrra-spent-diagnostic,1.0,1.0,1.0,0.00011108802221944035,0.9107606244262405,0.0,1.0,0.0,frozen-v6-anchor,1.0106928846720693,1.2549210843541017,1.5770809119999996,3003444,x1*x2;x1^3;x3^2,0.06916 + 0.4735·x₃² + 0.7924·x₁³ + 1.192·x₁x₂,"FCRRA spent-seed diagnostic; anchor=1,x3^2,x1^3,x1*x2; exception=; in_bank=0; in_anchor=0; attempted=0; eligible_discovery=; eligible_selector=; numerator=None; denominator=None; gamma=None; anchor_role_ic=None; augmented_role_ic=None; outside_sse_max_diff=None; outside_prediction_max_diff=None; accepted=0; final=1,x3^2,x1^3,x1*x2; wrapper_overhead_unoptimized=1",1.0,1.0,7,4,1.0,120,0,0,0,1;x3^2;x1^3;x1*x2,G,balanced,250,250;250;250;250,750861.0,1;x3^2;x1^3;x1*x2,1;x3^2;x1^3;x1*x2,"[0.042066302586367676,0.4781425458635744,0.7915004654605357,1.1874232016194681]","[0.06916077108292899,0.4735394576186707,0.792449131730298,1.1916856812644356]",,0.0,0.0,0.0,,0,,0,,,,,,,,0.0
cubic_cross,spurious,0.2,250,4,20104,fcrra-spent-diagnostic,1.0,1.0,1.0,5.1561432387844384e-05,1.1048519210704317,0.0,1.0,0.0,frozen-v6-anchor,1.0277942976405958,1.441770304385002,1.6024432469999965,3002996,x1*x2;x1^3;x3^2,-0.04294 + 0.5055·x₃² + 0.7952·x₁³ + 1.209·x₁x₂,"FCRRA spent-seed diagnostic; anchor=1,x3^2,x1^3,x1*x2; exception=; in_bank=0; in_anchor=0; attempted=0; eligible_discovery=; eligible_selector=; numerator=None; denominator=None; gamma=None; anchor_role_ic=None; augmented_role_ic=None; outside_sse_max_diff=None; outside_prediction_max_diff=None; accepted=0; final=1,x3^2,x1^3,x1*x2; wrapper_overhead_unoptimized=1",1.0,1.0,7,4,1.0,120,0,0,0,1;x3^2;x1^3;x1*x2,G,balanced,250,250;250;250;250,750749.0,1;x3^2;x1^3;x1*x2,1;x3^2;x1^3;x1*x2,"[-0.0545207710950768,0.5081327336033818,0.7938970228585168,1.2119891825842468]","[-0.04294049773058885,0.5054664092562929,0.7951824961689495,1.2087196896496042]",,0.0,0.0,0.0,,0,,0,,,,,,,,0.0
cubic_cross,spurious,0.2,250,4,20105,fcrra-spent-diagnostic,1.0,1.0,1.0,5.862946475481674e-05,1.2177755191008721,0.0,1.0,0.0,frozen-v6-anchor,1.3697129622567406,1.8769667755304846,1.574954059999996,3003332,x1*x2;x1^3;x3^2,-0.03898 + 0.4934·x₃² + 0.8022·x₁³ + 1.212·x₁x₂,"FCRRA spent-seed diagnostic; anchor=1,x3^2,x1^3,x1*x2; exception=; in_bank=0; in_anchor=0; attempted=0; eligible_discovery=; eligible_selector=; numerator=None; denominator=None; gamma=None; anchor_role_ic=None; augmented_role_ic=None; outside_sse_max_diff=None; outside_prediction_max_diff=None; accepted=0; final=1,x3^2,x1^3,x1*x2; wrapper_overhead_unoptimized=1",1.0,1.0,7,4,1.0,120,0,0,0,1;x3^2;x1^3;x1*x2,G,balanced,250,250;250;250;250,750833.0,1;x3^2;x1^3;x1*x2,1;x3^2;x1^3;x1*x2,"[-0.06491833836825878,0.49481449714438863,0.8006960815955289,1.204260078201709]","[-0.03897962626748738,0.4934281717647235,0.802232558461475,1.2118128233938534]",,0.0,0.0,0.0,,0,,0,,,,,,,,0.0
cubic_cross,exception,0.1,100,4,20101,fcrra-spent-diagnostic,1.0,1.0,1.0,7.31970143738131e-05,0.4321384114624129,0.0,1.0,0.0,frozen-v6-anchor,0.310032808941605,0.39330985570104343,2.3470598619999805,3622001,I(x3>1)*x3^2;x1*x2;x1^3;x3^2,-0.008214 + 0.5301·x₃² + 0.7381·𝟙[x₃>1]·x₃² + 0.8035·x₁³ + 1.193·x₁x₂,"FCRRA spent-seed diagnostic; anchor=1,x3^2,I(x3>1)*x3^2,x1^3,x1*x2; exception=I(x3>1)*x3^2; in_bank=1; in_anchor=1; attempted=0; eligible_discovery=; eligible_selector=; numerator=None; denominator=None; gamma=None; anchor_role_ic=None; augmented_role_ic=None; outside_sse_max_diff=None; outside_prediction_max_diff=None; accepted=0; final=1,x3^2,I(x3>1)*x3^2,x1^3,x1*x2; wrapper_overhead_unoptimized=1",1.0,1.0,6,2,1.0,63,0,0,1,1;x3^2;I(x3>1)*x3^2;x1^3;x1*x2,G,balanced,100,100;100;100;100,905500.25,1;x3^2;I(x3>1)*x3^2;x1^3;x1*x2,1;x3^2;I(x3>1)*x3^2;x1^3;x1*x2,"[0.0075291135964809935,0.5233881629179453,0.7529868330848257,0.8046610867281583,1.1820524087399555]","[-0.008213786247244672,0.5301222463540955,0.7380910262300289,0.8035223557272171,1.1927864484023585]",I(x3>1)*x3^2,1.0,1.0,0.0,,0,,0,,,,,,,,0.0
cubic_cross,exception,0.1,100,4,20102,fcrra-spent-diagnostic,1.0,1.0,1.0,6.112667635891642e-05,0.2739605893842259,0.0,1.0,0.0,frozen-v6-anchor,0.28842860868388603,0.357321459467632,2.370270204999997,3631503,I(x3>1)*x3^2;x1*x2;x1^3;x3^2,-0.009973 + 0.4983·x₃² + 0.7295·𝟙[x₃>1]·x₃² + 0.7953·x₁³ + 1.193·x₁x₂,"FCRRA spent-seed diagnostic; anchor=1,x3^2,I(x3>1)*x3^2,x1^3,x1*x2; exception=I(x3>1)*x3^2; in_bank=1; in_anchor=1; attempted=0; eligible_discovery=; eligible_selector=; numerator=None; denominator=None; gamma=None; anchor_role_ic=None; augmented_role_ic=None; outside_sse_max_diff=None; outside_prediction_max_diff=None; accepted=0; final=1,x3^2,I(x3>1)*x3^2,x1^3,x1*x2; wrapper_overhead_unoptimized=1",1.0,1.0,8,4,1.0,219,0,0,1,1;x3^2;I(x3>1)*x3^2;x1^3;x1*x2,G,balanced,100,100;100;100;100,907875.75,1;x3^2;I(x3>1)*x3^2;x1^3;x1*x2,1;x3^2;I(x3>1)*x3^2;x1^3;x1*x2,"[-0.029459706951269368,0.49519479704668823,0.7354179273824913,0.7928058217947186,1.1970895962834467]","[-0.009973353753792555,0.49833798385513445,0.7294737387130893,0.7952600134944322,1.1930682701648245]",I(x3>1)*x3^2,1.0,1.0,0.0,,0,,0,,,,,,,,0.0
cubic_cross,exception,0.1,100,4,20103,fcrra-spent-diagnostic,0.0,0.75,0.75,0.0003117931845686714,0.4453453435681743,0.0,1.0,0.0,frozen-v6-anchor,0.4249324054745082,0.6118740691304689,2.470131264999992,3687455,I(x3>1)*x3^2;cos(x3);x1*x2;x1^3,1.348 - 1.418·cos(x₃) + 0.7885·𝟙[x₃>1]·x₃² + 0.8028·x₁³ + 1.195·x₁x₂,"FCRRA spent-seed diagnostic; anchor=1,cos(x3),I(x3>1)*x3^2,x1^3,x1*x2; exception=I(x3>1)*x3^2; in_bank=1; in_anchor=1; attempted=0; eligible_discovery=; eligible_selector=; numerator=None; denominator=None; gamma=None; anchor_role_ic=None; augmented_role_ic=None; outside_sse_max_diff=None; outside_prediction_max_diff=None; accepted=0; final=1,cos(x3),I(x3>1)*x3^2,x1^3,x1*x2; wrapper_overhead_unoptimized=1",1.0,1.0,7,3,0.0,120,0,1,1,1;cos(x3);I(x3>1)*x3^2;x1^3;x1*x2,G,balanced,100,100;100;100;100,921863.75,1;cos(x3);I(x3>1)*x3^2;x1^3;x1*x2,1;cos(x3);I(x3>1)*x3^2;x1^3;x1*x2,"[1.2831829451256747,-1.3839522963716275,0.8167924037759787,0.793877118602102,1.191615171083404]","[1.3478213644248445,-1.4183425854439715,0.7885359276165897,0.8027572739341032,1.1947628485052677]",I(x3>1)*x3^2,1.0,1.0,0.0,,0,,0,,,,,,,,0.0
cubic_cross,exception,0.1,100,4,20104,fcrra-spent-diagnostic,1.0,1.0,1.0,0.00018267160492354696,0.3731572238276097,0.0,1.0,0.0,frozen-v6-anchor,0.4741493822836612,0.6220553096968388,2.44455696899999,3685074,I(x3>1)*x3^2;x1*x2;x1^3;x3^2,-0.1231 + 0.5237·x₃² + 0.754·𝟙[x₃>1]·x₃² + 0.8027·x₁³ + 1.228·x₁x₂,"FCRRA spent-seed diagnostic; anchor=1,x3^2,I(x3>1)*x3^2,x1^3,x1*x2; exception=I(x3>1)*x3^2; in_bank=1; in_anchor=1; attempted=0; eligible_discovery=; eligible_selector=; numerator=None; denominator=None; gamma=None; anchor_role_ic=None; augmented_role_ic=None; outside_sse_max_diff=None; outside_prediction_max_diff=None; accepted=0; final=1,x3^2,I(x3>1)*x3^2,x1^3,x1*x2; wrapper_overhead_unoptimized=1",1.0,1.0,6,2,1.0,63,0,0,1,1;x3^2;I(x3>1)*x3^2;x1^3;x1*x2,G,balanced,100,100;100;100;100,921268.5,1;x3^2;I(x3>1)*x3^2;x1^3;x1*x2,1;x3^2;I(x3>1)*x3^2;x1^3;x1*x2,"[-0.1456172364573011,0.5190109737157999,0.7623107162315027,0.8011723629940057,1.236649867523605]","[-0.12309766208939037,0.5236930531212618,0.7540441861988226,0.8027423750449277,1.228218172484719]",I(x3>1)*x3^2,1.0,1.0,0.0,,0,,0,,,,,,,,0.0
cubic_cross,exception,0.1,100,4,20105,fcrra-spent-diagnostic,1.0,1.0,1.0,3.06789547841211e-05,0.4106368092501855,0.0,1.0,0.0,frozen-v6-anchor,0.30968471004649795,0.43609708560846533,2.444677292000023,3684534,I(x3>1)*x3^2;x1*x2;x1^3;x3^2,-0.03084 + 0.4948·x₃² + 0.767·𝟙[x₃>1]·x₃² + 0.7994·x₁³ + 1.188·x₁x₂,"FCRRA spent-seed diagnostic; anchor=1,x3^2,I(x3>1)*x3^2,x1^3,x1*x2; exception=I(x3>1)*x3^2; in_bank=1; in_anchor=1; attempted=0; eligible_discovery=; eligible_selector=; numerator=None; denominator=None; gamma=None; anchor_role_ic=None; augmented_role_ic=None; outside_sse_max_diff=None; outside_prediction_max_diff=None; accepted=0; final=1,x3^2,I(x3>1)*x3^2,x1^3,x1*x2; wrapper_overhead_unoptimized=1",1.0,1.0,6,2,1.0,63,0,0,1,1;x3^2;I(x3>1)*x3^2;x1^3;x1*x2,G,balanced,100,100;100;100;100,921133.5,1;x3^2;I(x3>1)*x3^2;x1^3;x1*x2,1;x3^2;I(x3>1)*x3^2;x1^3;x1*x2,"[-0.02740463293314235,0.479361497205844,0.7722141135085329,0.7989091447185822,1.1648702796102097]","[-0.03083965873867364,0.49475898998964246,0.7669886804064485,0.7994003006204332,1.188370766234287]",I(x3>1)*x3^2,1.0,1.0,0.0,,0,,0,,,,,,,,0.0
cubic_cross,exception,0.1,250,4,20101,fcrra-spent-diagnostic,1.0,1.0,1.0,6.778102901170887e-05,0.3464891032536191,0.0,1.0,0.0,frozen-v6-anchor,0.37885766510201446,0.45440161902641846,2.4740738689999944,3669538,I(x3>1)*x3^2;x1*x2;x1^3;x3^2,-0.02015 + 0.487·x₃² + 0.7535·𝟙[x₃>1]·x₃² + 0.7945·x₁³ + 1.199·x₁x₂,"FCRRA spent-seed diagnostic; anchor=1,x3^2,I(x3>1)*x3^2,x1^3,x1*x2; exception=I(x3>1)*x3^2; in_bank=1; in_anchor=1; attempted=0; eligible_discovery=; eligible_selector=; numerator=None; denominator=None; gamma=None; anchor_role_ic=None; augmented_role_ic=None; outside_sse_max_diff=None; outside_prediction_max_diff=None; accepted=0; final=1,x3^2,I(x3>1)*x3^2,x1^3,x1*x2; wrapper_overhead_unoptimized=1",1.0,1.0,7,3,1.0,120,0,0,1,1;x3^2;I(x3>1)*x3^2;x1^3;x1*x2,G,balanced,250,250;250;250;250,917384.5,1;x3^2;I(x3>1)*x3^2;x1^3;x1*x2,1;x3^2;I(x3>1)*x3^2;x1^3;x1*x2,"[0.0030821644476634272,0.47971719741115987,0.7627444759233534,0.7902778908898302,1.1939976946083042]","[-0.020146997522709913,0.48701449963466625,0.753529121308117,0.7944899840375942,1.1994953559781887]",I(x3>1)*x3^2,1.0,1.0,0.0,,0,,0,,,,,,,,0.0
cubic_cross,exception,0.1,250,4,20102,fcrra-spent-diagnostic,1.0,1.0,1.0,3.2918984328035475e-05,0.40270038078153014,0.0,1.0,0.0,frozen-v6-anchor,0.4174578210547038,0.48504751927897216,2.3483564450000074,3579789,I(x3>1)*x3^2;x1*x2;x1^3;x3^2,0.06687 + 0.4901·x₃² + 0.7392·𝟙[x₃>1]·x₃² + 0.7978·x₁³ + 1.199·x₁x₂,"FCRRA spent-seed diagnostic; anchor=1,x3^2,I(x3>1)*x3^2,x1^3,x1*x2; exception=I(x3>1)*x3^2; in_bank=1; in_anchor=1; attempted=0; eligible_discovery=; eligible_selector=; numerator=None; denominator=None; gamma=None; anchor_role_ic=None; augmented_role_ic=None; outside_sse_max_diff=None; outside_prediction_max_diff=None; accepted=0; final=1,x3^2,I(x3>1)*x3^2,x1^3,x1*x2; wrapper_overhead_unoptimized=1",1.0,1.0,8,4,1.0,219,0,0,1,1;x3^2;I(x3>1)*x3^2;x1^3;x1*x2,G,balanced,250,250;250;250;250,894947.25,1;x3^2;I(x3>1)*x3^2;x1^3;x1*x2,1;x3^2;I(x3>1)*x3^2;x1^3;x1*x2,"[0.07973517974249854,0.47392756323553803,0.7647392812849971,0.7928365561097512,1.1977188394224911]","[0.06686701680450399,0.49014808921797864,0.7391889200976174,0.7978088239175869,1.1994956893199944]",I(x3>1)*x3^2,1.0,1.0,0.0,,0,,0,,,,,,,,0.0
cubic_cross,exception,0.1,250,4,20103,fcrra-spent-diagnostic,1.0,1.0,1.0,2.8506163646897057e-05,0.33884347465856185,0.0,1.0,0.0,frozen-v6-anchor,0.3256113870276363,0.45211512709625373,2.3451766350000014,3582330,I(x3>1)*x3^2;x1*x2;x1^3;x3^2,0.009619 + 0.491·x₃² + 0.7569·𝟙[x₃>1]·x₃² + 0.8036·x₁³ + 1.209·x₁x₂,"FCRRA spent-seed diagnostic; anchor=1,x3^2,I(x3>1)*x3^2,x1^3,x1*x2; exception=I(x3>1)*x3^2; in_bank=1; in_anchor=1; attempted=0; eligible_discovery=; eligible_selector=; numerator=None; denominator=None; gamma=None; anchor_role_ic=None; augmented_role_ic=None; outside_sse_max_diff=None; outside_prediction_max_diff=None; accepted=0; final=1,x3^2,I(x3>1)*x3^2,x1^3,x1*x2; wrapper_overhead_unoptimized=1",1.0,1.0,8,4,1.0,219,0,0,1,1;x3^2;I(x3>1)*x3^2;x1^3;x1*x2,G,balanced,250,250;250;250;250,895582.5,1;x3^2;I(x3>1)*x3^2;x1^3;x1*x2,1;x3^2;I(x3>1)*x3^2;x1^3;x1*x2,"[0.002395960057415063,0.5009590873202842,0.7474628026527845,0.8039986216562055,1.2014432159498194]","[0.009618927316495938,0.4910027519122517,0.7568929379564858,0.8036217259588251,1.2091111533644658]",I(x3>1)*x3^2,1.0,1.0,0.0,,0,,0,,,,,,,,0.0
cubic_cross,exception,0.1,250,4,20104,fcrra-spent-diagnostic,1.0,1.0,1.0,4.848776569670576e-05,0.3232268377063307,0.0,1.0,0.0,frozen-v6-anchor,0.343877984785058,0.3949666878467534,2.3757765670000026,3608964,I(x3>1)*x3^2;x1*x2;x1^3;x3^2,-0.02448 + 0.5051·x₃² + 0.7385·𝟙[x₃>1]·x₃² + 0.799·x₁³ + 1.182·x₁x₂,"FCRRA spent-seed diagnostic; anchor=1,x3^2,I(x3>1)*x3^2,x1^3,x1*x2; exception=I(x3>1)*x3^2; in_bank=1; in_anchor=1; attempted=0; eligible_discovery=; eligible_selector=; numerator=None; denominator=None; gamma=None; anchor_role_ic=None; augmented_role_ic=None; outside_sse_max_diff=None; outside_prediction_max_diff=None; accepted=0; final=1,x3^2,I(x3>1)*x3^2,x1^3,x1*x2; wrapper_overhead_unoptimized=1",1.0,1.0,7,3,1.0,120,0,0,1,1;x3^2;I(x3>1)*x3^2;x1^3;x1*x2,G,balanced,250,250;250;250;250,902241.0,1;x3^2;I(x3>1)*x3^2;x1^3;x1*x2,1;x3^2;I(x3>1)*x3^2;x1^3;x1*x2,"[-0.002034558082436517,0.50169067424021,0.7264178162716727,0.8012310889578044,1.1898984501354988]","[-0.02448105106360493,0.5051037954430188,0.738505214658612,0.7989842852803002,1.181995770960875]",I(x3>1)*x3^2,1.0,1.0,0.0,,0,,0,,,,,,,,0.0
cubic_cross,exception,0.1,250,4,20105,fcrra-spent-diagnostic,0.0,0.75,0.75,0.00035566665468823026,0.43474860398094145,0.0,1.0,0.0,frozen-v6-anchor,0.37426199410060423,0.4967233198986415,2.402298602000002,3613564,I(x3>1)*x3^2;cos(x3);x1*x2;x1^3,1.324 - 1.504·cos(x₃) + 0.7763·𝟙[x₃>1]·x₃² + 0.7968·x₁³ + 1.223·x₁x₂,"FCRRA spent-seed diagnostic; anchor=1,cos(x3),I(x3>1)*x3^2,x1^3,x1*x2; exception=I(x3>1)*x3^2; in_bank=1; in_anchor=1; attempted=0; eligible_discovery=; eligible_selector=; numerator=None; denominator=None; gamma=None; anchor_role_ic=None; augmented_role_ic=None; outside_sse_max_diff=None; outside_prediction_max_diff=None; accepted=0; final=1,cos(x3),I(x3>1)*x3^2,x1^3,x1*x2; wrapper_overhead_unoptimized=1",1.0,1.0,8,4,0.0,219,0,1,1,1;cos(x3);I(x3>1)*x3^2;x1^3;x1*x2,G,balanced,250,250;250;250;250,903391.0,1;cos(x3);I(x3>1)*x3^2;x1^3;x1*x2,1;cos(x3);I(x3>1)*x3^2;x1^3;x1*x2,"[1.3286552956340367,-1.5257768726566627,0.772028620383355,0.7941275170448886,1.2204687505886933]","[1.3240138513026056,-1.50411149569512,0.7763171955662123,0.7967915061899337,1.2231288370373]",I(x3>1)*x3^2,1.0,1.0,0.0,,0,,0,,,,,,,,0.0
cubic_cross,exception,0.2,100,4,20101,fcrra-spent-diagnostic,1.0,1.0,1.0,0.00029278805746992144,1.7285536458496518,0.0,1.0,0.0,frozen-v6-anchor,1.2401312357663634,1.5732394228041717,2.238137773999995,3524476,I(x3>1)*x3^2;x1*x2;x1^3;x3^2,-0.01643 + 0.5602·x₃² + 0.7262·𝟙[x₃>1]·x₃² + 0.807·x₁³ + 1.186·x₁x₂,"FCRRA spent-seed diagnostic; anchor=1,x3^2,I(x3>1)*x3^2,x1^3,x1*x2; exception=I(x3>1)*x3^2; in_bank=1; in_anchor=1; attempted=0; eligible_discovery=; eligible_selector=; numerator=None; denominator=None; gamma=None; anchor_role_ic=None; augmented_role_ic=None; outside_sse_max_diff=None; outside_prediction_max_diff=None; accepted=0; final=1,x3^2,I(x3>1)*x3^2,x1^3,x1*x2; wrapper_overhead_unoptimized=1",1.0,1.0,5,1,0.0,32,1,0,1,1;x3^2;I(x3>1)*x3^2;x1^3;x1*x2,G,balanced,100,100;100;100;100,881119.0,1;x3^2;I(x3>1)*x3^2;x1^3;x1*x2,1;x3^2;I(x3>1)*x3^2;x1^3;x1*x2,"[0.015058227192830545,0.5467763258358839,0.7559736661697573,0.8093221734563172,1.164104817480029]","[-0.01642757250366579,0.5602444927078837,0.726182052467671,0.8070447114543985,1.185572896811366]",I(x3>1)*x3^2,1.0,1.0,0.0,,0,,0,,,,,,,,0.0
cubic_cross,exception,0.2,100,4,20102,fcrra-spent-diagnostic,1.0,1.0,1.0,0.0002445067053687246,1.0958423575369036,0.0,1.0,0.0,frozen-v6-anchor,1.1537144347356039,1.429285837870799,2.045961374000001,3411056,I(x3>1)*x3^2;x1*x2;x1^3;x3^2,-0.01995 + 0.4967·x₃² + 0.7089·𝟙[x₃>1]·x₃² + 0.7905·x₁³ + 1.186·x₁x₂,"FCRRA spent-seed diagnostic; anchor=1,x3^2,I(x3>1)*x3^2,x1^3,x1*x2; exception=I(x3>1)*x3^2; in_bank=1; in_anchor=1; attempted=0; eligible_discovery=; eligible_selector=; numerator=None; denominator=None; gamma=None; anchor_role_ic=None; augmented_role_ic=None; outside_sse_max_diff=None; outside_prediction_max_diff=None; accepted=0; final=1,x3^2,I(x3>1)*x3^2,x1^3,x1*x2; wrapper_overhead_unoptimized=1",1.0,1.0,7,3,1.0,120,0,0,1,1;x3^2;I(x3>1)*x3^2;x1^3;x1*x2,G,balanced,100,100;100;100;100,852764.0,1;x3^2;I(x3>1)*x3^2;x1^3;x1*x2,1;x3^2;I(x3>1)*x3^2;x1^3;x1*x2,"[-0.05891941390264047,0.4903895940933685,0.7208358547650588,0.7856116435894612,1.1941791925670326]","[-0.019946707516633064,0.4966759677102836,0.7089474774320049,0.7905200269899703,1.186136540338638]",I(x3>1)*x3^2,1.0,1.0,0.0,,0,,0,,,,,,,,0.0
cubic_cross,exception,0.2,100,4,20103,fcrra-spent-diagnostic,0.0,0.75,0.75,0.00044809143658113676,1.7113889438671168,0.0,1.0,0.0,frozen-v6-anchor,1.713511440339082,2.42132518042957,2.1076997859999835,3437550,I(x3>1)*x3^2;cos(x3);x1*x2;x1^3,1.313 - 1.334·cos(x₃) + 0.8044·𝟙[x₃>1]·x₃² + 0.8062·x₁³ + 1.186·x₁x₂,"FCRRA spent-seed diagnostic; anchor=1,cos(x3),I(x3>1)*x3^2,x1^3,x1*x2; exception=I(x3>1)*x3^2; in_bank=1; in_anchor=1; attempted=0; eligible_discovery=; eligible_selector=; numerator=None; denominator=None; gamma=None; anchor_role_ic=None; augmented_role_ic=None; outside_sse_max_diff=None; outside_prediction_max_diff=None; accepted=0; final=1,cos(x3),I(x3>1)*x3^2,x1^3,x1*x2; wrapper_overhead_unoptimized=1",1.0,1.0,7,3,0.0,120,0,1,1,1;cos(x3);I(x3>1)*x3^2;x1^3;x1*x2,G,balanced,100,100;100;100;100,859387.5,1;cos(x3);I(x3>1)*x3^2;x1^3;x1*x2,1;cos(x3);I(x3>1)*x3^2;x1^3;x1*x2,"[1.1850092419350433,-1.2674063323840434,0.856301418870327,0.790383741495888,1.18555657490505]","[1.3133291469125976,-1.3342962011778239,0.8044136520196401,0.8061725176836628,1.1859151726134576]",I(x3>1)*x3^2,1.0,1.0,0.0,,0,,0,,,,,,,,0.0
cubic_cross,exception,0.2,100,4,20104,fcrra-spent-diagnostic,0.0,1.0,0.75,0.007783086776455301,2.117505065175485,0.0,1.0,0.0,frozen-v6-anchor,2.040507468328968,2.71514154636731,2.2258815289999916,3529984,I(x3>1)*x3^2;x1*x2;x1^3,0.5398 + 1.111·𝟙[x₃>1]·x₃² + 0.8046·x₁³ + 1.237·x₁x₂,"FCRRA spent-seed diagnostic; anchor=1,I(x3>1)*x3^2,x1^3,x1*x2; exception=I(x3>1)*x3^2; in_bank=1; in_anchor=1; attempted=0; eligible_discovery=; eligible_selector=; numerator=None; denominator=None; gamma=None; anchor_role_ic=None; augmented_role_ic=None; outside_sse_max_diff=None; outside_prediction_max_diff=None; accepted=0; final=1,I(x3>1)*x3^2,x1^3,x1*x2; wrapper_overhead_unoptimized=1",1.0,1.0,7,3,1.0,120,0,0,1,1;I(x3>1)*x3^2;x1^3;x1*x2,G,balanced,100,100;100;100;100,882496.0,1;I(x3>1)*x3^2;x1^3;x1*x2,1;I(x3>1)*x3^2;x1^3;x1*x2,"[0.5518009384176676,1.1101657915476526,0.7943054691498498,1.2353710759727914]","[0.5397578529762816,1.111462102519266,0.8045901762710879,1.2366828761159758]",I(x3>1)*x3^2,1.0,1.0,0.0,,0,,0,,,,,,,,0.0
cubic_cross,exception,0.2,100,4,20105,fcrra-spent-diagnostic,1.0,1.0,1.0,0.00012271581910503322,1.642547237000742,0.0,1.0,0.0,frozen-v6-anchor,1.2387388401859127,1.7443883424336795,2.1470392309999795,3473258,I(x3>1)*x3^2;x1*x2;x1^3;x3^2,-0.06168 + 0.4895·x₃² + 0.784·𝟙[x₃>1]·x₃² + 0.7988·x₁³ + 1.177·x₁x₂,"FCRRA spent-seed diagnostic; anchor=1,x3^2,I(x3>1)*x3^2,x1^3,x1*x2; exception=I(x3>1)*x3^2; in_bank=1; in_anchor=1; attempted=0; eligible_discovery=; eligible_selector=; numerator=None; denominator=None; gamma=None; anchor_role_ic=None; augmented_role_ic=None; outside_sse_max_diff=None; outside_prediction_max_diff=None; accepted=0; final=1,x3^2,I(x3>1)*x3^2,x1^3,x1*x2; wrapper_overhead_unoptimized=1",1.0,1.0,8,4,0.0,219,0,1,1,1;x3^2;I(x3>1)*x3^2;x1^3;x1*x2,G,balanced,100,100;100;100;100,868314.5,1;x3^2;I(x3>1)*x3^2;x1^3;x1*x2,1;x3^2;I(x3>1)*x3^2;x1^3;x1*x2,"[-0.05480926586638754,0.4587229944116731,0.7944282270171683,0.797818289437175,1.1297405592205478]","[-0.06167931748470846,0.4895179799788219,0.783977360819469,0.7988006012413081,1.1767415324768442]",I(x3>1)*x3^2,1.0,1.0,0.0,,0,,0,,,,,,,,0.0
cubic_cross,exception,0.2,250,4,20101,fcrra-spent-diagnostic,0.0,0.6,0.75,0.005193545236767635,1.4574984051796496,0.0,1.0,0.0,frozen-v6-anchor,1.489183415726749,1.756804206381346,2.2713839790000065,3544966,I(x3>1)*x3^2;sin(x1);x1;x1*x2;x3^2,-0.03023 + 6.58·x₁ + 0.4707·x₃² - 7.044·sin(x₁) + 0.7612·𝟙[x₃>1]·x₃² + 1.218·x₁x₂,"FCRRA spent-seed diagnostic; anchor=1,x1,x3^2,sin(x1),I(x3>1)*x3^2,x1*x2; exception=I(x3>1)*x3^2; in_bank=1; in_anchor=1; attempted=0; eligible_discovery=; eligible_selector=; numerator=None; denominator=None; gamma=None; anchor_role_ic=None; augmented_role_ic=None; outside_sse_max_diff=None; outside_prediction_max_diff=None; accepted=0; final=1,x1,x3^2,sin(x1),I(x3>1)*x3^2,x1*x2; wrapper_overhead_unoptimized=1",1.0,1.0,7,3,0.0,120,0,1,1,1;x1;x3^2;sin(x1);I(x3>1)*x3^2;x1*x2,G,balanced,250,250;250;250;250,886241.5,1;x1;x3^2;sin(x1);I(x3>1)*x3^2;x1*x2,1;x1;x3^2;sin(x1);I(x3>1)*x3^2;x1*x2,"[0.009480123254235973,6.576557256677935,0.4553254713032713,-7.112979245725668,0.7808005683139303,1.201102580103677]","[-0.030233918683211656,6.57973310043128,0.47066209538843856,-7.044445266014568,0.7612315655235674,1.2180307969110955]",I(x3>1)*x3^2,1.0,1.0,0.0,,0,,0,,,,,,,,0.0
cubic_cross,exception,0.2,250,4,20102,fcrra-spent-diagnostic,1.0,1.0,1.0,0.00013167593730237532,1.6108015231261206,0.0,1.0,0.0,frozen-v6-anchor,1.6698312842188563,1.9401900771159226,2.0968895149999867,3421816,I(x3>1)*x3^2;x1*x2;x1^3;x3^2,0.1337 + 0.4803·x₃² + 0.7284·𝟙[x₃>1]·x₃² + 0.7956·x₁³ + 1.199·x₁x₂,"FCRRA spent-seed diagnostic; anchor=1,x3^2,I(x3>1)*x3^2,x1^3,x1*x2; exception=I(x3>1)*x3^2; in_bank=1; in_anchor=1; attempted=0; eligible_discovery=; eligible_selector=; numerator=None; denominator=None; gamma=None; anchor_role_ic=None; augmented_role_ic=None; outside_sse_max_diff=None; outside_prediction_max_diff=None; accepted=0; final=1,x3^2,I(x3>1)*x3^2,x1^3,x1*x2; wrapper_overhead_unoptimized=1",1.0,1.0,7,3,1.0,120,0,0,1,1;x3^2;I(x3>1)*x3^2;x1^3;x1*x2,G,balanced,250,250;250;250;250,855454.0,1;x3^2;I(x3>1)*x3^2;x1^3;x1*x2,1;x3^2;I(x3>1)*x3^2;x1^3;x1*x2,"[0.15947035948493848,0.44785512647107995,0.7794785625700354,0.7856731122195026,1.195437678845026]","[0.1337340336047257,0.4802961784362728,0.7283778401976105,0.7956176478352017,1.1989913786427573]",I(x3>1)*x3^2,1.0,1.0,0.0,,0,,0,,,,,,,,0.0
cubic_cross,exception,0.2,250,4,20103,fcrra-spent-diagnostic,1.0,1.0,1.0,0.00011402465460334708,1.3553738986342474,0.0,1.0,0.0,frozen-v6-anchor,1.3024455481105601,1.8084605083850303,2.135206186000005,3454477,I(x3>1)*x3^2;x1*x2;x1^3;x3^2,0.01924 + 0.482·x₃² + 0.7638·𝟙[x₃>1]·x₃² + 0.8072·x₁³ + 1.218·x₁x₂,"FCRRA spent-seed diagnostic; anchor=1,x3^2,I(x3>1)*x3^2,x1^3,x1*x2; exception=I(x3>1)*x3^2; in_bank=1; in_anchor=1; attempted=0; eligible_discovery=; eligible_selector=; numerator=None; denominator=None; gamma=None; anchor_role_ic=None; augmented_role_ic=None; outside_sse_max_diff=None; outside_prediction_max_diff=None; accepted=0; final=1,x3^2,I(x3>1)*x3^2,x1^3,x1*x2; wrapper_overhead_unoptimized=1",1.0,1.0,7,3,1.0,120,0,0,1,1;x3^2;I(x3>1)*x3^2;x1^3;x1*x2,G,balanced,250,250;250;250;250,863619.25,1;x3^2;I(x3>1)*x3^2;x1^3;x1*x2,1;x3^2;I(x3>1)*x3^2;x1^3;x1*x2,"[0.004791920114803053,0.5019181746405578,0.7449256053056101,0.8079972433124122,1.202886431899682]","[0.019237854629614384,0.4820055038245271,0.763785875915565,0.8072434519177786,1.2182223067320537]",I(x3>1)*x3^2,1.0,1.0,0.0,,0,,0,,,,,,,,0.0
cubic_cross,exception,0.2,250,4,20104,fcrra-spent-diagnostic,1.0,1.0,1.0,0.00019395106275973094,1.2929073508253228,0.0,1.0,0.0,frozen-v6-anchor,1.3755119391401869,1.5798667513870426,2.082947480999991,3422532,I(x3>1)*x3^2;x1*x2;x1^3;x3^2,-0.04896 + 0.5102·x₃² + 0.727·𝟙[x₃>1]·x₃² + 0.798·x₁³ + 1.164·x₁x₂,"FCRRA spent-seed diagnostic; anchor=1,x3^2,I(x3>1)*x3^2,x1^3,x1*x2; exception=I(x3>1)*x3^2; in_bank=1; in_anchor=1; attempted=0; eligible_discovery=; eligible_selector=; numerator=None; denominator=None; gamma=None; anchor_role_ic=None; augmented_role_ic=None; outside_sse_max_diff=None; outside_prediction_max_diff=None; accepted=0; final=1,x3^2,I(x3>1)*x3^2,x1^3,x1*x2; wrapper_overhead_unoptimized=1",1.0,1.0,7,3,1.0,120,0,0,1,1;x3^2;I(x3>1)*x3^2;x1^3;x1*x2,G,balanced,250,250;250;250;250,855633.0,1;x3^2;I(x3>1)*x3^2;x1^3;x1*x2,1;x3^2;I(x3>1)*x3^2;x1^3;x1*x2,"[-0.00406911616491003,0.5033813484804146,0.7028356325433842,0.8024621779156088,1.179796900271039]","[-0.048962102130700194,0.510207590885937,0.7270104293199061,0.7979685705606949,1.1639915419248406]",I(x3>1)*x3^2,1.0,1.0,0.0,,0,,0,,,,,,,,0.0
cubic_cross,exception,0.2,250,4,20105,fcrra-spent-diagnostic,1.0,1.0,1.0,0.0004571801531143645,1.6736075839443987,0.0,1.0,0.0,frozen-v6-anchor,1.5350678128578454,1.8971466590588362,2.0846528060000082,3421651,I(x3>1)*x3^2;x1*x2;x1^3;x3^2,-0.1199 + 0.5074·x₃² + 0.754·𝟙[x₃>1]·x₃² + 0.8028·x₁³ + 1.253·x₁x₂,"FCRRA spent-seed diagnostic; anchor=1,x3^2,I(x3>1)*x3^2,x1^3,x1*x2; exception=I(x3>1)*x3^2; in_bank=1; in_anchor=1; attempted=0; eligible_discovery=; eligible_selector=; numerator=None; denominator=None; gamma=None; anchor_role_ic=None; augmented_role_ic=None; outside_sse_max_diff=None; outside_prediction_max_diff=None; accepted=0; final=1,x3^2,I(x3>1)*x3^2,x1^3,x1*x2; wrapper_overhead_unoptimized=1",1.0,1.0,7,3,1.0,120,0,0,1,1;x3^2;I(x3>1)*x3^2;x1^3;x1*x2,G,balanced,250,250;250;250;250,855412.75,1;x3^2;I(x3>1)*x3^2;x1^3;x1*x2,1;x3^2;I(x3>1)*x3^2;x1^3;x1*x2,"[-0.1563929456966819,0.523389474576974,0.7440783859855405,0.7985520727534785,1.2510325341425916]","[-0.11994282771323649,0.507357139897864,0.7540228781060472,0.8028440565158595,1.2531410849148608]",I(x3>1)*x3^2,1.0,1.0,0.0,,0,,0,,,,,,,,0.0
fourier_quadratic,complementary,0.1,100,4,20101,fcrra-spent-diagnostic,1.0,1.0,1.0,0.00011158284088893554,0.034388806155567275,0.0,1.0,0.0,frozen-v6-anchor,0.026769075317483272,0.03327636801251401,1.4983750470000246,3000890,cos(x1);sin(x3);x2^2,-0.004218 + 0.7023·x₂² + 0.8867·sin(x₃) + 1.029·cos(x₁),"FCRRA spent-seed diagnostic; anchor=1,x2^2,sin(x3),cos(x1); exception=; in_bank=0; in_anchor=0; attempted=0; eligible_discovery=; eligible_selector=; numerator=None; denominator=None; gamma=None; anchor_role_ic=None; augmented_role_ic=None; outside_sse_max_diff=None; outside_prediction_max_diff=None; accepted=0; final=1,x2^2,sin(x3),cos(x1); wrapper_overhead_unoptimized=1",1.0,1.0,7,4,1.0,120,0,0,0,1;x2^2;sin(x3);cos(x1),G,balanced,100,100;100;100;100,750222.5,1;x2^2;sin(x3);cos(x1),1;x2^2;sin(x3);cos(x1),"[-0.013468423620848213,0.7058148787000227,0.8847072310325486,1.0367243381505267]","[-0.0042182325627684505,0.7022870615985147,0.8866985760482041,1.0291182895543112]",,0.0,0.0,0.0,,0,,0,,,,,,,,0.0
fourier_quadratic,complementary,0.1,100,4,20102,fcrra-spent-diagnostic,1.0,1.0,1.0,6.6774205909739e-05,0.03714444315537742,0.0,1.0,0.0,frozen-v6-anchor,0.04029633260128721,0.04826312105807726,1.4847518950000165,2995426,cos(x1);sin(x3);x2^2,-0.008873 + 0.6984·x₂² + 0.886·sin(x₃) + 1.004·cos(x₁),"FCRRA spent-seed diagnostic; anchor=1,x2^2,sin(x3),cos(x1); exception=; in_bank=0; in_anchor=0; attempted=0; eligible_discovery=; eligible_selector=; numerator=None; denominator=None; gamma=None; anchor_role_ic=None; augmented_role_ic=None; outside_sse_max_diff=None; outside_prediction_max_diff=None; accepted=0; final=1,x2^2,sin(x3),cos(x1); wrapper_overhead_unoptimized=1",1.0,1.0,5,2,1.0,32,0,0,0,1;x2^2;sin(x3);cos(x1),G,balanced,100,100;100;100;100,748856.5,1;x2^2;sin(x3);cos(x1),1;x2^2;sin(x3);cos(x1),"[-0.0031850669425210754,0.6956597415646893,0.8834536627433309,0.9890728794054962]","[-0.008872949558695026,0.6984075441098376,0.8859578049611685,1.0037104958239684]",,0.0,0.0,0.0,,0,,0,,,,,,,,0.0
fourier_quadratic,complementary,0.1,100,4,20103,fcrra-spent-diagnostic,1.0,1.0,1.0,1.8375206164558308e-05,0.036523248364876845,0.0,1.0,0.0,frozen-v6-anchor,0.03877767517070048,0.05131738595554793,1.5860273259999929,3088214,cos(x1);sin(x3);x2^2,0.0005361 + 0.7003·x₂² + 0.9115·sin(x₃) + 0.9946·cos(x₁),"FCRRA spent-seed diagnostic; anchor=1,x2^2,sin(x3),cos(x1); exception=; in_bank=0; in_anchor=0; attempted=0; eligible_discovery=; eligible_selector=; numerator=None; denominator=None; gamma=None; anchor_role_ic=None; augmented_role_ic=None; outside_sse_max_diff=None; outside_prediction_max_diff=None; accepted=0; final=1,x2^2,sin(x3),cos(x1); wrapper_overhead_unoptimized=1",1.0,1.0,6,3,1.0,63,0,0,0,1;x2^2;sin(x3);cos(x1),G,balanced,100,100;100;100;100,772053.5,1;x2^2;sin(x3);cos(x1),1;x2^2;sin(x3);cos(x1),"[-0.009548400337385132,0.7013224703661035,0.9269462795525317,0.991258193100458]","[0.0005361478395961756,0.7003459849276406,0.9115022904066743,0.9946033351945069]",,0.0,0.0,0.0,,0,,0,,,,,,,,0.0
fourier_quadratic,complementary,0.1,100,4,20104,fcrra-spent-diagnostic,1.0,1.0,1.0,7.241617747360391e-05,0.03583561499982631,0.0,1.0,0.0,frozen-v6-anchor,0.04489729325952894,0.05875496330310834,1.5622860570000228,3056569,cos(x1);sin(x3);x2^2,-0.0255 + 0.7033·x₂² + 0.8877·sin(x₃) + 1.002·cos(x₁),"FCRRA spent-seed diagnostic; anchor=1,x2^2,sin(x3),cos(x1); exception=; in_bank=0; in_anchor=0; attempted=0; eligible_discovery=; eligible_selector=; numerator=None; denominator=None; gamma=None; anchor_role_ic=None; augmented_role_ic=None; outside_sse_max_diff=None; outside_prediction_max_diff=None; accepted=0; final=1,x2^2,sin(x3),cos(x1); wrapper_overhead_unoptimized=1",1.0,1.0,6,3,1.0,63,0,0,0,1;x2^2;sin(x3);cos(x1),G,balanced,100,100;100;100;100,764142.25,1;x2^2;sin(x3);cos(x1),1;x2^2;sin(x3);cos(x1),"[-0.03348957231141103,0.7046027769745001,0.8868374896717024,0.9976474280459819]","[-0.02549521579543803,0.7033083391064039,0.8877021073404537,1.0019758402110193]",,0.0,0.0,0.0,,0,,0,,,,,,,,0.0
fourier_quadratic,complementary,0.1,100,4,20105,fcrra-spent-diagnostic,1.0,1.0,1.0,4.097417695495872e-05,0.035364367750906345,0.0,1.0,0.0,frozen-v6-anchor,0.025607275886179438,0.03818701809011979,1.626200228999977,3117950,cos(x1);sin(x3);x2^2,-0.001914 + 0.6998·x₂² + 0.9068·sin(x₃) + 0.9805·cos(x₁),"FCRRA spent-seed diagnostic; anchor=1,x2^2,sin(x3),cos(x1); exception=; in_bank=0; in_anchor=0; attempted=0; eligible_discovery=; eligible_selector=; numerator=None; denominator=None; gamma=None; anchor_role_ic=None; augmented_role_ic=None; outside_sse_max_diff=None; outside_prediction_max_diff=None; accepted=0; final=1,x2^2,sin(x3),cos(x1); wrapper_overhead_unoptimized=1",1.0,1.0,7,4,1.0,120,0,0,0,1;x2^2;sin(x3);cos(x1),G,balanced,100,100;100;100;100,779487.5,1;x2^2;sin(x3);cos(x1),1;x2^2;sin(x3);cos(x1),"[-0.004196512849947709,0.6980148585696572,0.9095998833295895,0.9742886481116062]","[-0.0019137003979996976,0.6997903215461495,0.9068349695499985,0.9805265542667846]",,0.0,0.0,0.0,,0,,0,,,,,,,,0.0
fourier_quadratic,complementary,0.1,250,4,20101,fcrra-spent-diagnostic,1.0,1.0,1.0,3.7457976993894644e-05,0.0378559677742483,0.0,1.0,0.0,frozen-v6-anchor,0.03964821405321246,0.04667864555312149,1.6586165859999937,3101208,cos(x1);sin(x3);x2^2,-0.01478 + 0.7027·x₂² + 0.8981·sin(x₃) + 0.9869·cos(x₁),"FCRRA spent-seed diagnostic; anchor=1,x2^2,sin(x3),cos(x1); exception=; in_bank=0; in_anchor=0; attempted=0; eligible_discovery=; eligible_selector=; numerator=None; denominator=None; gamma=None; anchor_role_ic=None; augmented_role_ic=None; outside_sse_max_diff=None; outside_prediction_max_diff=None; accepted=0; final=1,x2^2,sin(x3),cos(x1); wrapper_overhead_unoptimized=1",1.0,1.0,6,3,1.0,63,0,0,0,1;x2^2;sin(x3);cos(x1),G,balanced,250,250;250;250;250,775302.0,1;x2^2;sin(x3);cos(x1),1;x2^2;sin(x3);cos(x1),"[-0.003540644583526209,0.7004000556807297,0.9015784124723268,0.9839638272030209]","[-0.014779315266104154,0.7027132653800637,0.8980664913118485,0.9869392941917058]",,0.0,0.0,0.0,,0,,0,,,,,,,,0.0
fourier_quadratic,complementary,0.1,250,4,20102,fcrra-spent-diagnostic,1.0,1.0,1.0,6.814508019389992e-05,0.03651994923570396,0.0,1.0,0.0,frozen-v6-anchor,0.037311600290952984,0.04352949342440395,1.5395965490000094,3012081,cos(x1);sin(x3);x2^2,-0.003073 + 0.7039·x₂² + 0.8989·sin(x₃) + 1.015·cos(x₁),"FCRRA spent-seed diagnostic; anchor=1,x2^2,sin(x3),cos(x1); exception=; in_bank=0; in_anchor=0; attempted=0; eligible_discovery=; eligible_selector=; numerator=None; denominator=None; gamma=None; anchor_role_ic=None; augmented_role_ic=None; outside_sse_max_diff=None; outside_prediction_max_diff=None; accepted=0; final=1,x2^2,sin(x3),cos(x1); wrapper_overhead_unoptimized=1",1.0,1.0,6,3,1.0,63,0,0,0,1;x2^2;sin(x3);cos(x1),G,balanced,250,250;250;250;250,753020.25,1;x2^2;sin(x3);cos(x1),1;x2^2;sin(x3);cos(x1),"[-9.845804653174639e-05,0.702818646790569,0.9008035061194329,1.0163700111407084]","[-0.00307275800577262,0.7039157102092357,0.8989328500592949,1.015217184873052]",,0.0,0.0,0.0,,0,,0,,,,,,,,0.0
fourier_quadratic,complementary,0.1,250,4,20103,fcrra-spent-diagnostic,1.0,1.0,1.0,4.31975293906145e-05,0.0310706595972202,0.0,1.0,0.0,frozen-v6-anchor,0.029978986309042492,0.04244326602053655,1.582845950999996,3044717,cos(x1);sin(x3);x2^2,-0.006265 + 0.7042·x₂² + 0.904·sin(x₃) + 0.9948·cos(x₁),"FCRRA spent-seed diagnostic; anchor=1,x2^2,sin(x3),cos(x1); exception=; in_bank=0; in_anchor=0; attempted=0; eligible_discovery=; eligible_selector=; numerator=None; denominator=None; gamma=None; anchor_role_ic=None; augmented_role_ic=None; outside_sse_max_diff=None; outside_prediction_max_diff=None; accepted=0; final=1,x2^2,sin(x3),cos(x1); wrapper_overhead_unoptimized=1",1.0,1.0,7,4,1.0,120,0,0,0,1;x2^2;sin(x3);cos(x1),G,balanced,250,250;250;250;250,761179.25,1;x2^2;sin(x3);cos(x1),1;x2^2;sin(x3);cos(x1),"[-0.008211448365180729,0.7056058427210217,0.8965290557583129,0.99292413578284]","[-0.0062646042897111795,0.7041562749581953,0.9040014712291166,0.9947526685555261]",,0.0,0.0,0.0,,0,,0,,,,,,,,0.0
fourier_quadratic,complementary,0.1,250,4,20104,fcrra-spent-diagnostic,1.0,1.0,1.0,6.051082349706864e-05,0.033721513150772736,0.0,1.0,0.0,frozen-v6-anchor,0.034963643780992516,0.04024541877244956,1.6084531710000078,3074913,cos(x1);sin(x3);x2^2,-0.02256 + 0.7031·x₂² + 0.8942·sin(x₃) + 1.014·cos(x₁),"FCRRA spent-seed diagnostic; anchor=1,x2^2,sin(x3),cos(x1); exception=; in_bank=0; in_anchor=0; attempted=0; eligible_discovery=; eligible_selector=; numerator=None; denominator=None; gamma=None; anchor_role_ic=None; augmented_role_ic=None; outside_sse_max_diff=None; outside_prediction_max_diff=None; accepted=0; final=1,x2^2,sin(x3),cos(x1); wrapper_overhead_unoptimized=1",1.0,1.0,7,4,1.0,120,0,0,0,1;x2^2;sin(x3);cos(x1),G,balanced,250,250;250;250;250,768728.25,1;x2^2;sin(x3);cos(x1),1;x2^2;sin(x3);cos(x1),"[-0.018422086044560082,0.7028354171898666,0.8981984704551635,1.0126320129497914]","[-0.022556423762255504,0.7030633404325011,0.8942190431240101,1.0136261072420212]",,0.0,0.0,0.0,,0,,0,,,,,,,,0.0
fourier_quadratic,complementary,0.1,250,4,20105,fcrra-spent-diagnostic,1.0,1.0,1.0,3.505991706808935e-05,0.03941664638996933,0.0,1.0,0.0,frozen-v6-anchor,0.03538662615351855,0.04373026280035219,1.5693404719999933,3040584,cos(x1);sin(x3);x2^2,-0.01993 + 0.7039·x₂² + 0.8999·sin(x₃) + 0.9994·cos(x₁),"FCRRA spent-seed diagnostic; anchor=1,x2^2,sin(x3),cos(x1); exception=; in_bank=0; in_anchor=0; attempted=0; eligible_discovery=; eligible_selector=; numerator=None; denominator=None; gamma=None; anchor_role_ic=None; augmented_role_ic=None; outside_sse_max_diff=None; outside_prediction_max_diff=None; accepted=0; final=1,x2^2,sin(x3),cos(x1); wrapper_overhead_unoptimized=1",1.0,1.0,6,3,1.0,63,0,0,0,1;x2^2;sin(x3);cos(x1),G,balanced,250,250;250;250;250,760146.0,1;x2^2;sin(x3);cos(x1),1;x2^2;sin(x3);cos(x1),"[-0.019940555740923127,0.7023382843174153,0.9056143094378747,1.0011571111115465]","[-0.019926001516315052,0.703883166112318,0.899869097988004,0.9993934086726253]",,0.0,0.0,0.0,,0,,0,,,,,,,,0.0
fourier_quadratic,complementary,0.2,100,4,20101,fcrra-spent-diagnostic,1.0,1.0,1.0,0.00044633136409385235,0.13755522462226907,0.0,1.0,0.0,frozen-v6-anchor,0.10707630126999608,0.13310547205032322,1.4938527010000087,2997814,cos(x1);sin(x3);x2^2,-0.008436 + 0.7046·x₂² + 0.8734·sin(x₃) + 1.058·cos(x₁),"FCRRA spent-seed diagnostic; anchor=1,x2^2,sin(x3),cos(x1); exception=; in_bank=0; in_anchor=0; attempted=0; eligible_discovery=; eligible_selector=; numerator=None; denominator=None; gamma=None; anchor_role_ic=None; augmented_role_ic=None; outside_sse_max_diff=None; outside_prediction_max_diff=None; accepted=0; final=1,x2^2,sin(x3),cos(x1); wrapper_overhead_unoptimized=1",1.0,1.0,7,4,0.0,120,0,1,0,1;x2^2;sin(x3);cos(x1),G,balanced,100,100;100;100;100,749453.5,1;x2^2;sin(x3);cos(x1),1;x2^2;sin(x3);cos(x1),"[-0.02693684724216361,0.7116297574001038,0.8694144620656532,1.0734486763020534]","[-0.008436465156307919,0.704574123201366,0.8733971521384875,1.0582365791803214]",,0.0,0.0,0.0,,0,,0,,,,,,,,0.0
fourier_quadratic,complementary,0.2,100,4,20102,fcrra-spent-diagnostic,1.0,1.0,1.0,0.00026709682365434344,0.14857777262150967,0.0,1.0,0.0,frozen-v6-anchor,0.16118533040508728,0.19305248423226165,1.4888935070000002,2995677,cos(x1);sin(x3);x2^2,-0.01775 + 0.6968·x₂² + 0.8719·sin(x₃) + 1.007·cos(x₁),"FCRRA spent-seed diagnostic; anchor=1,x2^2,sin(x3),cos(x1); exception=; in_bank=0; in_anchor=0; attempted=0; eligible_discovery=; eligible_selector=; numerator=None; denominator=None; gamma=None; anchor_role_ic=None; augmented_role_ic=None; outside_sse_max_diff=None; outside_prediction_max_diff=None; accepted=0; final=1,x2^2,sin(x3),cos(x1); wrapper_overhead_unoptimized=1",1.0,1.0,6,3,1.0,63,0,0,0,1;x2^2;sin(x3);cos(x1),G,balanced,100,100;100;100;100,748919.25,1;x2^2;sin(x3);cos(x1),1;x2^2;sin(x3);cos(x1),"[-0.006370133885524432,0.6913194831294349,0.8669073254872262,0.9781457588120528]","[-0.01774589914849617,0.6968150882225504,0.8719156099604267,1.0074209917193833]",,0.0,0.0,0.0,,0,,0,,,,,,,,0.0
fourier_quadratic,complementary,0.2,100,4,20103,fcrra-spent-diagnostic,1.0,1.0,1.0,7.350082469512144e-05,0.14609299345950738,0.0,1.0,0.0,frozen-v6-anchor,0.15511070068295207,0.20526954382251386,1.5007486519999986,3000107,cos(x1);sin(x3);x2^2,0.001072 + 0.7007·x₂² + 0.923·sin(x₃) + 0.9892·cos(x₁),"FCRRA spent-seed diagnostic; anchor=1,x2^2,sin(x3),cos(x1); exception=; in_bank=0; in_anchor=0; attempted=0; eligible_discovery=; eligible_selector=; numerator=None; denominator=None; gamma=None; anchor_role_ic=None; augmented_role_ic=None; outside_sse_max_diff=None; outside_prediction_max_diff=None; accepted=0; final=1,x2^2,sin(x3),cos(x1); wrapper_overhead_unoptimized=1",1.0,1.0,7,4,1.0,120,0,0,0,1;x2^2;sin(x3);cos(x1),G,balanced,100,100;100;100;100,750026.75,1;x2^2;sin(x3);cos(x1),1;x2^2;sin(x3);cos(x1),"[-0.019096800675407977,0.7026449407322704,0.9538925591055734,0.9825163862020787]","[0.0010722956379324417,0.7006919698604266,0.9230045808506935,0.9892066704644711]",,0.0,0.0,0.0,,0,,0,,,,,,,,0.0
fourier_quadratic,complementary,0.2,100,4,20104,fcrra-spent-diagnostic,1.0,1.0,1.0,0.0002896647100610804,0.14334245999930523,0.0,1.0,0.0,frozen-v6-anchor,0.1795891730381219,0.23501985321245986,1.4910820759999979,2994057,cos(x1);sin(x3);x2^2,-0.05099 + 0.7066·x₂² + 0.8754·sin(x₃) + 1.004·cos(x₁),"FCRRA spent-seed diagnostic; anchor=1,x2^2,sin(x3),cos(x1); exception=; in_bank=0; in_anchor=0; attempted=0; eligible_discovery=; eligible_selector=; numerator=None; denominator=None; gamma=None; anchor_role_ic=None; augmented_role_ic=None; outside_sse_max_diff=None; outside_prediction_max_diff=None; accepted=0; final=1,x2^2,sin(x3),cos(x1); wrapper_overhead_unoptimized=1",1.0,1.0,6,3,1.0,63,0,0,0,1;x2^2;sin(x3);cos(x1),G,balanced,100,100;100;100;100,748514.25,1;x2^2;sin(x3);cos(x1),1;x2^2;sin(x3);cos(x1),"[-0.06697914462337984,0.7092055539490805,0.8736749793439997,0.9952948560930386]","[-0.05099043163228714,0.7066166782184296,0.8754042147209633,1.003951680496394]",,0.0,0.0,0.0,,0,,0,,,,,,,,0.0
fourier_quadratic,complementary,0.2,100,4,20105,fcrra-spent-diagnostic,1.0,1.0,1.0,0.00016389670750592553,0.14145747100362532,0.0,1.0,0.0,frozen-v6-anchor,0.10242910354465819,0.15274807236019872,1.497513257999998,2996969,cos(x1);sin(x3);x2^2,-0.003827 + 0.6996·x₂² + 0.9137·sin(x₃) + 0.9611·cos(x₁),"FCRRA spent-seed diagnostic; anchor=1,x2^2,sin(x3),cos(x1); exception=; in_bank=0; in_anchor=0; attempted=0; eligible_discovery=; eligible_selector=; numerator=None; denominator=None; gamma=None; anchor_role_ic=None; augmented_role_ic=None; outside_sse_max_diff=None; outside_prediction_max_diff=None; accepted=0; final=1,x2^2,sin(x3),cos(x1); wrapper_overhead_unoptimized=1",1.0,1.0,7,4,1.0,120,0,0,0,1;x2^2;sin(x3);cos(x1),G,balanced,100,100;100;100;100,749242.25,1;x2^2;sin(x3);cos(x1),1;x2^2;sin(x3);cos(x1),"[-0.008393025700415002,0.6960297171393629,0.9191997666598208,0.9485772962242511]","[-0.0038274008312486553,0.6995806430959045,0.9136699391438011,0.961053108604363]",,0.0,0.0,0.0,,0,,0,,,,,,,,0.0
fourier_quadratic,complementary,0.2,250,4,20101,fcrra-spent-diagnostic,1.0,1.0,1.0,0.00014983190786710716,0.1514238710969932,0.0,1.0,0.0,frozen-v6-anchor,0.1585928562128794,0.18671458221255124,1.5441590980000228,3013989,cos(x1);sin(x3);x2^2,-0.02956 + 0.7054·x₂² + 0.8961·sin(x₃) + 0.9739·cos(x₁),"FCRRA spent-seed diagnostic; anchor=1,x2^2,sin(x3),cos(x1); exception=; in_bank=0; in_anchor=0; attempted=0; eligible_discovery=; eligible_selector=; numerator=None; denominator=None; gamma=None; anchor_role_ic=None; augmented_role_ic=None; outside_sse_max_diff=None; outside_prediction_max_diff=None; accepted=0; final=1,x2^2,sin(x3),cos(x1); wrapper_overhead_unoptimized=1",1.0,1.0,7,4,1.0,120,0,0,0,1;x2^2;sin(x3);cos(x1),G,balanced,250,250;250;250;250,753497.25,1;x2^2;sin(x3);cos(x1),1;x2^2;sin(x3);cos(x1),"[-0.007081289167292226,0.7008001113614786,0.9031568249448867,0.9679276544065187]","[-0.02955863054684982,0.7054265307611157,0.896132982639905,0.9738785884155653]",,0.0,0.0,0.0,,0,,0,,,,,,,,0.0
fourier_quadratic,complementary,0.2,250,4,20102,fcrra-spent-diagnostic,1.0,1.0,1.0,0.00027258032091897425,0.14607979694281584,0.0,1.0,0.0,frozen-v6-anchor,0.14924640116381924,0.1741179736976135,1.5408282509999935,3009616,cos(x1);sin(x3);x2^2,-0.006146 + 0.7078·x₂² + 0.8979·sin(x₃) + 1.03·cos(x₁),"FCRRA spent-seed diagnostic; anchor=1,x2^2,sin(x3),cos(x1); exception=; in_bank=0; in_anchor=0; attempted=0; eligible_discovery=; eligible_selector=; numerator=None; denominator=None; gamma=None; anchor_role_ic=None; augmented_role_ic=None; outside_sse_max_diff=None; outside_prediction_max_diff=None; accepted=0; final=1,x2^2,sin(x3),cos(x1); wrapper_overhead_unoptimized=1",1.0,1.0,6,3,1.0,63,0,0,0,1;x2^2;sin(x3);cos(x1),G,balanced,250,250;250;250;250,752404.0,1;x2^2;sin(x3);cos(x1),1;x2^2;sin(x3);cos(x1),"[-0.000196916093243793,0.7056372935811573,0.9016070122390818,1.0327400222818364]","[-0.006145516025419294,0.7078314204201763,0.8978657001337709,1.030434369775482]",,0.0,0.0,0.0,,0,,0,,,,,,,,0.0
fourier_quadratic,complementary,0.2,250,4,20103,fcrra-spent-diagnostic,1.0,1.0,1.0,0.00017279011754738624,0.12428263838888078,0.0,1.0,0.0,frozen-v6-anchor,0.11991594523612158,0.16977306408208398,1.5344895829999814,3008748,cos(x1);sin(x3);x2^2,-0.01253 + 0.7083·x₂² + 0.908·sin(x₃) + 0.9895·cos(x₁),"FCRRA spent-seed diagnostic; anchor=1,x2^2,sin(x3),cos(x1); exception=; in_bank=0; in_anchor=0; attempted=0; eligible_discovery=; eligible_selector=; numerator=None; denominator=None; gamma=None; anchor_role_ic=None; augmented_role_ic=None; outside_sse_max_diff=None; outside_prediction_max_diff=None; accepted=0; final=1,x2^2,sin(x3),cos(x1); wrapper_overhead_unoptimized=1",1.0,1.0,6,3,1.0,63,0,0,0,1;x2^2;sin(x3);cos(x1),G,balanced,250,250;250;250;250,752187.0,1;x2^2;sin(x3);cos(x1),1;x2^2;sin(x3);cos(x1),"[-0.016422896730542202,0.711211685442067,0.8930581115168782,0.9858482715660926]","[-0.012529208592617306,0.7083125499180369,0.9080029424754129,0.9895053371403665]",,0.0,0.0,0.0,,0,,0,,,,,,,,0.0
fourier_quadratic,complementary,0.2,250,4,20104,fcrra-spent-diagnostic,1.0,1.0,1.0,0.00024204329418023445,0.13488605260309094,0.0,1.0,0.0,frozen-v6-anchor,0.1398545751239641,0.16098167508981667,1.5404205679999734,3013561,cos(x1);sin(x3);x2^2,-0.04511 + 0.7061·x₂² + 0.8884·sin(x₃) + 1.027·cos(x₁),"FCRRA spent-seed diagnostic; anchor=1,x2^2,sin(x3),cos(x1); exception=; in_bank=0; in_anchor=0; attempted=0; eligible_discovery=; eligible_selector=; numerator=None; denominator=None; gamma=None; anchor_role_ic=None; augmented_role_ic=None; outside_sse_max_diff=None; outside_prediction_max_diff=None; accepted=0; final=1,x2^2,sin(x3),cos(x1); wrapper_overhead_unoptimized=1",1.0,1.0,7,4,1.0,120,0,0,0,1;x2^2;sin(x3);cos(x1),G,balanced,250,250;250;250;250,753390.25,1;x2^2;sin(x3);cos(x1),1;x2^2;sin(x3);cos(x1),"[-0.036844172089310234,0.7056708343797494,0.8963969409105773,1.0252640259000165]","[-0.045112847537318895,0.7061266808661115,0.8884380862643831,1.0272522145135934]",,0.0,0.0,0.0,,0,,0,,,,,,,,0.0
fourier_quadratic,complementary,0.2,250,4,20105,fcrra-spent-diagnostic,1.0,1.0,1.0,0.00014023966833826088,0.15766658555987728,0.0,1.0,0.0,frozen-v6-anchor,0.1415465046140648,0.17492105120143797,1.5702703229999884,3012410,cos(x1);sin(x3);x2^2,-0.03985 + 0.7078·x₂² + 0.8997·sin(x₃) + 0.9988·cos(x₁),"FCRRA spent-seed diagnostic; anchor=1,x2^2,sin(x3),cos(x1); exception=; in_bank=0; in_anchor=0; attempted=0; eligible_discovery=; eligible_selector=; numerator=None; denominator=None; gamma=None; anchor_role_ic=None; augmented_role_ic=None; outside_sse_max_diff=None; outside_prediction_max_diff=None; accepted=0; final=1,x2^2,sin(x3),cos(x1); wrapper_overhead_unoptimized=1",1.0,1.0,7,4,0.0,120,0,1,0,1;x2^2;sin(x3);cos(x1),G,balanced,250,250;250;250;250,753102.5,1;x2^2;sin(x3);cos(x1),1;x2^2;sin(x3);cos(x1),"[-0.03988111148202522,0.7046765686348467,0.9112286188759838,1.00231422222351]","[-0.03985200304537029,0.7077663322257817,0.8997381959923155,0.9987868173743472]",,0.0,0.0,0.0,,0,,0,,,,,,,,0.0
fourier_quadratic,spurious,0.1,100,4,20101,fcrra-spent-diagnostic,1.0,1.0,1.0,5.1733802409098924e-05,0.030072678585401455,0.0,1.0,0.0,frozen-v6-anchor,0.02529405875814336,0.04453059220359705,1.5972818170000096,3086980,cos(x1);sin(x3);x2^2,-0.001804 + 0.698·x₂² + 0.8959·sin(x₃) + 1.018·cos(x₁),"FCRRA spent-seed diagnostic; anchor=1,x2^2,sin(x3),cos(x1); exception=; in_bank=0; in_anchor=0; attempted=0; eligible_discovery=; eligible_selector=; numerator=None; denominator=None; gamma=None; anchor_role_ic=None; augmented_role_ic=None; outside_sse_max_diff=None; outside_prediction_max_diff=None; accepted=0; final=1,x2^2,sin(x3),cos(x1); wrapper_overhead_unoptimized=1",1.0,1.0,6,3,1.0,63,0,0,0,1;x2^2;sin(x3);cos(x1),G,balanced,100,100;100;100;100,771745.0,1;x2^2;sin(x3);cos(x1),1;x2^2;sin(x3);cos(x1),"[-0.004362331709440781,0.6970270844008976,0.8926908981723941,1.014637653150065]","[-0.0018036905917025476,0.697994577185116,0.8959418406102879,1.0181895052794259]",,0.0,0.0,0.0,,0,,0,,,,,,,,0.0
fourier_quadratic,spurious,0.1,100,4,20102,fcrra-spent-diagnostic,1.0,1.0,1.0,7.04112267235203e-05,0.030636898664621617,0.0,1.0,0.0,frozen-v6-anchor,0.03349284768604737,0.044216926711443706,1.5189528420000045,3027298,cos(x1);sin(x3);x2^2,-0.01095 + 0.6992·x₂² + 0.8875·sin(x₃) + 1.014·cos(x₁),"FCRRA spent-seed diagnostic; anchor=1,x2^2,sin(x3),cos(x1); exception=; in_bank=0; in_anchor=0; attempted=0; eligible_discovery=; eligible_selector=; numerator=None; denominator=None; gamma=None; anchor_role_ic=None; augmented_role_ic=None; outside_sse_max_diff=None; outside_prediction_max_diff=None; accepted=0; final=1,x2^2,sin(x3),cos(x1); wrapper_overhead_unoptimized=1",1.0,1.0,6,3,1.0,63,0,0,0,1;x2^2;sin(x3);cos(x1),G,balanced,100,100;100;100;100,756824.5,1;x2^2;sin(x3);cos(x1),1;x2^2;sin(x3);cos(x1),"[-0.008617449192831472,0.6989671154421921,0.8961811871760904,1.0209663104224125]","[-0.010945699256650402,0.6992385499424025,0.8874867641347497,1.0144947520882563]",,0.0,0.0,0.0,,0,,0,,,,,,,,0.0
fourier_quadratic,spurious,0.1,100,4,20103,fcrra-spent-diagnostic,1.0,1.0,1.0,3.3687307113787815e-05,0.03658166893725984,0.0,1.0,0.0,frozen-v6-anchor,0.04244806119399343,0.06867515819549226,1.662670692000006,3148589,cos(x1);sin(x3);x2^2,-0.01003 + 0.7034·x₂² + 0.8926·sin(x₃) + 1.01·cos(x₁),"FCRRA spent-seed diagnostic; anchor=1,x2^2,sin(x3),cos(x1); exception=; in_bank=0; in_anchor=0; attempted=0; eligible_discovery=; eligible_selector=; numerator=None; denominator=None; gamma=None; anchor_role_ic=None; augmented_role_ic=None; outside_sse_max_diff=None; outside_prediction_max_diff=None; accepted=0; final=1,x2^2,sin(x3),cos(x1); wrapper_overhead_unoptimized=1",1.0,1.0,7,4,1.0,120,0,0,0,1;x2^2;sin(x3);cos(x1),G,balanced,100,100;100;100;100,787147.25,1;x2^2;sin(x3);cos(x1),1;x2^2;sin(x3);cos(x1),"[-0.017768470329672326,0.7026916804950238,0.8878936057515696,1.0094337936850106]","[-0.010028053804635588,0.7033735997347982,0.8925608884000239,1.0098766884719692]",,0.0,0.0,0.0,,0,,0,,,,,,,,0.0
fourier_quadratic,spurious,0.1,100,4,20104,fcrra-spent-diagnostic,1.0,1.0,1.0,0.00019657097028672995,0.03507046661294318,0.0,1.0,0.0,frozen-v6-anchor,0.027752634315466908,0.037016005815794985,1.597365970999988,3090113,cos(x1);sin(x3);x2^2,-0.01846 + 0.6969·x₂² + 0.9014·sin(x₃) + 1.023·cos(x₁),"FCRRA spent-seed diagnostic; anchor=1,x2^2,sin(x3),cos(x1); exception=; in_bank=0; in_anchor=0; attempted=0; eligible_discovery=; eligible_selector=; numerator=None; denominator=None; gamma=None; anchor_role_ic=None; augmented_role_ic=None; outside_sse_max_diff=None; outside_prediction_max_diff=None; accepted=0; final=1,x2^2,sin(x3),cos(x1); wrapper_overhead_unoptimized=1",1.0,1.0,7,4,1.0,120,0,0,0,1;x2^2;sin(x3);cos(x1),G,balanced,100,100;100;100;100,772528.25,1;x2^2;sin(x3);cos(x1),1;x2^2;sin(x3);cos(x1),"[-0.011534265220188189,0.6935396992047601,0.8939013413203845,1.0205606979850441]","[-0.018460039135238044,0.6968580741180594,0.9013918094867026,1.022810891069263]",,0.0,0.0,0.0,,0,,0,,,,,,,,0.0
fourier_quadratic,spurious,0.1,100,4,20105,fcrra-spent-diagnostic,1.0,1.0,1.0,0.00020125924119176214,0.03276854627191738,0.0,1.0,0.0,frozen-v6-anchor,0.04242202474920565,0.051490436186207945,1.5877066209999953,3086664,cos(x1);sin(x3);x2^2,-0.03645 + 0.7104·x₂² + 0.9081·sin(x₃) + 1.012·cos(x₁),"FCRRA spent-seed diagnostic; anchor=1,x2^2,sin(x3),cos(x1); exception=; in_bank=0; in_anchor=0; attempted=0; eligible_discovery=; eligible_selector=; numerator=None; denominator=None; gamma=None; anchor_role_ic=None; augmented_role_ic=None; outside_sse_max_diff=None; outside_prediction_max_diff=None; accepted=0; final=1,x2^2,sin(x3),cos(x1); wrapper_overhead_unoptimized=1",1.0,1.0,6,3,1.0,63,0,0,0,1;x2^2;sin(x3);cos(x1),G,balanced,100,100;100;100;100,771666.0,1;x2^2;sin(x3);cos(x1),1;x2^2;sin(x3);cos(x1),"[-0.01803603641853968,0.7069544943810001,0.9081927278839553,1.012583813525409]","[-0.03644674789510355,0.7104092067062409,0.9080937219500035,1.011593998457968]",,0.0,0.0,0.0,,0,,0,,,,,,,,0.0
fourier_quadratic,spurious,0.1,250,4,20101,fcrra-spent-diagnostic,1.0,1.0,1.0,9.176384959755471e-05,0.03454308091533595,0.0,1.0,0.0,frozen-v6-anchor,0.036474635377909924,0.05200345176715289,1.6091992149999896,3070389,cos(x1);sin(x3);x2^2,-0.003278 + 0.6984·x₂² + 0.9079·sin(x₃) + 0.974·cos(x₁),"FCRRA spent-seed diagnostic; anchor=1,x2^2,sin(x3),cos(x1); exception=; in_bank=0; in_anchor=0; attempted=0; eligible_discovery=; eligible_selector=; numerator=None; denominator=None; gamma=None; anchor_role_ic=None; augmented_role_ic=None; outside_sse_max_diff=None; outside_prediction_max_diff=None; accepted=0; final=1,x2^2,sin(x3),cos(x1); wrapper_overhead_unoptimized=1",1.0,1.0,6,3,1.0,63,0,0,0,1;x2^2;sin(x3);cos(x1),G,balanced,250,250;250;250;250,767597.25,1;x2^2;sin(x3);cos(x1),1;x2^2;sin(x3);cos(x1),"[-0.0029273998538013046,0.6978754556127436,0.9082430965787909,0.9721199001355529]","[-0.0032775192939385324,0.6984206575238728,0.907885040301032,0.9740257959290268]",,0.0,0.0,0.0,,0,,0,,,,,,,,0.0
fourier_quadratic,spurious,0.1,250,4,20102,fcrra-spent-diagnostic,1.0,1.0,1.0,0.0001176368154052681,0.040333402867078934,0.0,1.0,0.0,frozen-v6-anchor,0.041640173399710115,0.049709928619104116,1.5924959989999934,3041491,cos(x1);sin(x3);x2^2,0.00129 + 0.7042·x₂² + 0.898·sin(x₃) + 0.977·cos(x₁),"FCRRA spent-seed diagnostic; anchor=1,x2^2,sin(x3),cos(x1); exception=; in_bank=0; in_anchor=0; attempted=0; eligible_discovery=; eligible_selector=; numerator=None; denominator=None; gamma=None; anchor_role_ic=None; augmented_role_ic=None; outside_sse_max_diff=None; outside_prediction_max_diff=None; accepted=0; final=1,x2^2,sin(x3),cos(x1); wrapper_overhead_unoptimized=1",1.0,1.0,6,3,1.0,63,0,0,0,1;x2^2;sin(x3);cos(x1),G,balanced,250,250;250;250;250,760372.75,1;x2^2;sin(x3);cos(x1),1;x2^2;sin(x3);cos(x1),"[-0.002778381239035177,0.7050438853211012,0.8922717154478441,0.9761844689457155]","[0.0012904313265138278,0.7041840000289126,0.897960033270525,0.9769658395123628]",,0.0,0.0,0.0,,0,,0,,,,,,,,0.0
fourier_quadratic,spurious,0.1,250,4,20103,fcrra-spent-diagnostic,1.0,1.0,1.0,1.709754011335251e-05,0.02933155238459645,0.0,1.0,0.0,frozen-v6-anchor,0.03294909122774099,0.04145714154571265,1.6722014730000012,3101700,cos(x1);sin(x3);x2^2,0.002929 + 0.7004·x₂² + 0.8892·sin(x₃) + 1.002·cos(x₁),"FCRRA spent-seed diagnostic; anchor=1,x2^2,sin(x3),cos(x1); exception=; in_bank=0; in_anchor=0; attempted=0; eligible_discovery=; eligible_selector=; numerator=None; denominator=None; gamma=None; anchor_role_ic=None; augmented_role_ic=None; outside_sse_max_diff=None; outside_prediction_max_diff=None; accepted=0; final=1,x2^2,sin(x3),cos(x1); wrapper_overhead_unoptimized=1",1.0,1.0,7,4,1.0,120,0,0,0,1;x2^2;sin(x3);cos(x1),G,balanced,250,250;250;250;250,775425.0,1;x2^2;sin(x3);cos(x1),1;x2^2;sin(x3);cos(x1),"[-0.00970615682970255,0.7032745088581801,0.8967475054512256,1.0092743503343908]","[0.0029286860357913645,0.700371135864485,0.8891717894023962,1.0016252348841281]",,0.0,0.0,0.0,,0,,0,,,,,,,,0.0
fourier_quadratic,spurious,0.1,250,4,20104,fcrra-spent-diagnostic,1.0,1.0,1.0,4.671765075445483e-05,0.03179305348875662,0.0,1.0,0.0,frozen-v6-anchor,0.029798922540605857,0.042549640928386354,1.58930181300002,3044087,cos(x1);sin(x3);x2^2,-0.0178 + 0.7034·x₂² + 0.8964·sin(x₃) + 1.015·cos(x₁),"FCRRA spent-seed diagnostic; anchor=1,x2^2,sin(x3),cos(x1); exception=; in_bank=0; in_anchor=0; attempted=0; eligible_discovery=; eligible_selector=; numerator=None; denominator=None; gamma=None; anchor_role_ic=None; augmented_role_ic=None; outside_sse_max_diff=None; outside_prediction_max_diff=None; accepted=0; final=1,x2^2,sin(x3),cos(x1); wrapper_overhead_unoptimized=1",1.0,1.0,7,4,1.0,120,0,0,0,1;x2^2;sin(x3);cos(x1),G,balanced,250,250;250;250;250,761021.75,1;x2^2;sin(x3);cos(x1),1;x2^2;sin(x3);cos(x1),"[-0.021908316955308926,0.704088077025952,0.8913375956855949,1.0189853584257074]","[-0.01780019687263802,0.7033857617322499,0.896393717190336,1.0149886635668128]",,0.0,0.0,0.0,,0,,0,,,,,,,,0.0
fourier_quadratic,spurious,0.1,250,4,20105,fcrra-spent-diagnostic,1.0,1.0,1.0,0.00011800571132637782,0.03838587368146748,0.0,1.0,0.0,frozen-v6-anchor,0.043020863878862156,0.056727219906969446,1.58674747500001,3044068,cos(x1);sin(x3);x2^2,-0.008375 + 0.7048·x₂² + 0.9045·sin(x₃) + 0.9714·cos(x₁),"FCRRA spent-seed diagnostic; anchor=1,x2^2,sin(x3),cos(x1); exception=; in_bank=0; in_anchor=0; attempted=0; eligible_discovery=; eligible_selector=; numerator=None; denominator=None; gamma=None; anchor_role_ic=None; augmented_role_ic=None; outside_sse_max_diff=None; outside_prediction_max_diff=None; accepted=0; final=1,x2^2,sin(x3),cos(x1); wrapper_overhead_unoptimized=1",1.0,1.0,7,4,1.0,120,0,0,0,1;x2^2;sin(x3);cos(x1),G,balanced,250,250;250;250;250,761017.0,1;x2^2;sin(x3);cos(x1),1;x2^2;sin(x3);cos(x1),"[-0.011823517874140155,0.7043233315255366,0.9022789434021372,0.9700565072930503]","[-0.008374885750104014,0.7047633980632264,0.9044803403147246,0.9714382533832203]",,0.0,0.0,0.0,,0,,0,,,,,,,,0.0
fourier_quadratic,spurious,0.2,100,4,20101,fcrra-spent-diagnostic,1.0,1.0,1.0,0.00020693521002388638,0.12029071434160586,0.0,1.0,0.0,frozen-v6-anchor,0.1011762350325616,0.1781223688144782,1.529035671999992,3024551,cos(x1);sin(x3);x2^2,-0.003607 + 0.696·x₂² + 0.8919·sin(x₃) + 1.036·cos(x₁),"FCRRA spent-seed diagnostic; anchor=1,x2^2,sin(x3),cos(x1); exception=; in_bank=0; in_anchor=0; attempted=0; eligible_discovery=; eligible_selector=; numerator=None; denominator=None; gamma=None; anchor_role_ic=None; augmented_role_ic=None; outside_sse_max_diff=None; outside_prediction_max_diff=None; accepted=0; final=1,x2^2,sin(x3),cos(x1); wrapper_overhead_unoptimized=1",1.0,1.0,6,3,1.0,63,0,0,0,1;x2^2;sin(x3);cos(x1),G,balanced,100,100;100;100;100,756137.75,1;x2^2;sin(x3);cos(x1),1;x2^2;sin(x3);cos(x1),"[-0.008724663419337197,0.6940541688018645,0.8853817963453416,1.0292753063010844]","[-0.0036073812119353497,0.6959891543745679,0.8918836812574864,1.03637901062365]",,0.0,0.0,0.0,,0,,0,,,,,,,,0.0
fourier_quadratic,spurious,0.2,100,4,20102,fcrra-spent-diagnostic,1.0,1.0,1.0,0.0002816449071184723,0.12254759465848648,0.0,1.0,0.0,frozen-v6-anchor,0.1339713907443804,0.17686770684590697,1.4938795849999735,2994599,cos(x1);sin(x3);x2^2,-0.02189 + 0.6985·x₂² + 0.875·sin(x₃) + 1.029·cos(x₁),"FCRRA spent-seed diagnostic; anchor=1,x2^2,sin(x3),cos(x1); exception=; in_bank=0; in_anchor=0; attempted=0; eligible_discovery=; eligible_selector=; numerator=None; denominator=None; gamma=None; anchor_role_ic=None; augmented_role_ic=None; outside_sse_max_diff=None; outside_prediction_max_diff=None; accepted=0; final=1,x2^2,sin(x3),cos(x1); wrapper_overhead_unoptimized=1",1.0,1.0,6,3,1.0,63,0,0,0,1;x2^2;sin(x3);cos(x1),G,balanced,100,100;100;100;100,748649.75,1;x2^2;sin(x3);cos(x1),1;x2^2;sin(x3);cos(x1),"[-0.017234898386081277,0.6979342308844423,0.8923623743527258,1.0419326208457573]","[-0.021891398540974,0.698477099888615,0.8749735283066467,1.0289895042415518]",,0.0,0.0,0.0,,0,,0,,,,,,,,0.0
fourier_quadratic,spurious,0.2,100,4,20103,fcrra-spent-diagnostic,1.0,1.0,1.0,0.00013474922868947012,0.14632667574903932,0.0,1.0,0.0,frozen-v6-anchor,0.169792244775892,0.27470063278202017,1.4979096630000015,2998090,cos(x1);sin(x3);x2^2,-0.02006 + 0.7067·x₂² + 0.8851·sin(x₃) + 1.02·cos(x₁),"FCRRA spent-seed diagnostic; anchor=1,x2^2,sin(x3),cos(x1); exception=; in_bank=0; in_anchor=0; attempted=0; eligible_discovery=; eligible_selector=; numerator=None; denominator=None; gamma=None; anchor_role_ic=None; augmented_role_ic=None; outside_sse_max_diff=None; outside_prediction_max_diff=None; accepted=0; final=1,x2^2,sin(x3),cos(x1); wrapper_overhead_unoptimized=1",1.0,1.0,7,4,1.0,120,0,0,0,1;x2^2;sin(x3);cos(x1),G,balanced,100,100;100;100;100,749522.5,1;x2^2;sin(x3);cos(x1),1;x2^2;sin(x3);cos(x1),"[-0.03553694065992996,0.7053833609901171,0.8757872115037271,1.0188675873712039]","[-0.020056107645749187,0.7067471994748021,0.8851217768412963,1.0197533770198643]",,0.0,0.0,0.0,,0,,0,,,,,,,,0.0
fourier_quadratic,spurious,0.2,100,4,20104,fcrra-spent-diagnostic,1.0,1.0,1.0,0.0007862838819399625,0.1402818664517727,0.0,1.0,0.0,frozen-v6-anchor,0.11101053726172398,0.14806402326287865,1.5000364030000242,2999051,cos(x1);sin(x3);x2^2,-0.03692 + 0.6937·x₂² + 0.9028·sin(x₃) + 1.046·cos(x₁),"FCRRA spent-seed diagnostic; anchor=1,x2^2,sin(x3),cos(x1); exception=; in_bank=0; in_anchor=0; attempted=0; eligible_discovery=; eligible_selector=; numerator=None; denominator=None; gamma=None; anchor_role_ic=None; augmented_role_ic=None; outside_sse_max_diff=None; outside_prediction_max_diff=None; accepted=0; final=1,x2^2,sin(x3),cos(x1); wrapper_overhead_unoptimized=1",1.0,1.0,7,4,1.0,120,0,0,0,1;x2^2;sin(x3);cos(x1),G,balanced,100,100;100;100;100,749762.75,1;x2^2;sin(x3);cos(x1),1;x2^2;sin(x3);cos(x1),"[-0.023068530440943036,0.6870793984095963,0.8878026826414,1.0411213959711931]","[-0.03692007831189019,0.6937161482427597,0.9027836190179503,1.0456217822139227]",,0.0,0.0,0.0,,0,,0,,,,,,,,0.0
fourier_quadratic,spurious,0.2,100,4,20105,fcrra-spent-diagnostic,1.0,1.0,1.0,0.0008050369656002128,0.1310741850876695,0.0,1.0,0.0,frozen-v6-anchor,0.16968809899679857,0.20596174474490853,1.5066789539999945,2998757,cos(x1);sin(x3);x2^2,-0.07289 + 0.7208·x₂² + 0.9162·sin(x₃) + 1.023·cos(x₁),"FCRRA spent-seed diagnostic; anchor=1,x2^2,sin(x3),cos(x1); exception=; in_bank=0; in_anchor=0; attempted=0; eligible_discovery=; eligible_selector=; numerator=None; denominator=None; gamma=None; anchor_role_ic=None; augmented_role_ic=None; outside_sse_max_diff=None; outside_prediction_max_diff=None; accepted=0; final=1,x2^2,sin(x3),cos(x1); wrapper_overhead_unoptimized=1",1.0,1.0,7,4,1.0,120,0,0,0,1;x2^2;sin(x3);cos(x1),G,balanced,100,100;100;100;100,749689.25,1;x2^2;sin(x3);cos(x1),1;x2^2;sin(x3);cos(x1),"[-0.03607207283760783,0.7139089887620726,0.916385455768497,1.025167627051832]","[-0.07289349582597829,0.7208184134177581,0.9161874439415305,1.0231879969844877]",,0.0,0.0,0.0,,0,,0,,,,,,,,0.0
fourier_quadratic,spurious,0.2,250,4,20101,fcrra-spent-diagnostic,1.0,1.0,1.0,0.00036705539819343046,0.13817232366134377,0.0,1.0,0.0,frozen-v6-anchor,0.1458985415116151,0.2080138070686177,1.5488393429999974,3008481,cos(x1);sin(x3);x2^2,-0.006555 + 0.6968·x₂² + 0.9158·sin(x₃) + 0.9481·cos(x₁),"FCRRA spent-seed diagnostic; anchor=1,x2^2,sin(x3),cos(x1); exception=; in_bank=0; in_anchor=0; attempted=0; eligible_discovery=; eligible_selector=; numerator=None; denominator=None; gamma=None; anchor_role_ic=None; augmented_role_ic=None; outside_sse_max_diff=None; outside_prediction_max_diff=None; accepted=0; final=1,x2^2,sin(x3),cos(x1); wrapper_overhead_unoptimized=1",1.0,1.0,6,3,1.0,63,0,0,0,1;x2^2;sin(x3);cos(x1),G,balanced,250,250;250;250;250,752120.25,1;x2^2;sin(x3);cos(x1),1;x2^2;sin(x3);cos(x1),"[-0.005854799707808667,0.6957509112255114,0.9164861931578303,0.9442398002715513]","[-0.006555038601587444,0.696841315049424,0.9157700806184645,0.9480515918879024]",,0.0,0.0,0.0,,0,,0,,,,,,,,0.0
fourier_quadratic,spurious,0.2,250,4,20102,fcrra-spent-diagnostic,1.0,1.0,1.0,0.00047054726133030666,0.16133361146831574,0.0,1.0,0.0,frozen-v6-anchor,0.16656069359880954,0.1988397144763381,1.5456696270000236,3012862,cos(x1);sin(x3);x2^2,0.002581 + 0.7084·x₂² + 0.8959·sin(x₃) + 0.9539·cos(x₁),"FCRRA spent-seed diagnostic; anchor=1,x2^2,sin(x3),cos(x1); exception=; in_bank=0; in_anchor=0; attempted=0; eligible_discovery=; eligible_selector=; numerator=None; denominator=None; gamma=None; anchor_role_ic=None; augmented_role_ic=None; outside_sse_max_diff=None; outside_prediction_max_diff=None; accepted=0; final=1,x2^2,sin(x3),cos(x1); wrapper_overhead_unoptimized=1",1.0,1.0,7,4,1.0,120,0,0,0,1;x2^2;sin(x3);cos(x1),G,balanced,250,250;250;250;250,753215.5,1;x2^2;sin(x3);cos(x1),1;x2^2;sin(x3);cos(x1),"[-0.005556762478225785,0.7100877706422174,0.8845434308959239,0.9523689378918434]","[0.0025808626407559975,0.7083680000591333,0.8959200665572196,0.9539316790536255]",,0.0,0.0,0.0,,0,,0,,,,,,,,0.0
fourier_quadratic,spurious,0.2,250,4,20103,fcrra-spent-diagnostic,1.0,1.0,1.0,6.839016036555416e-05,0.11732620953838581,0.0,1.0,0.0,frozen-v6-anchor,0.13179636491100294,0.1658285661829566,1.5627905190000035,3009836,cos(x1);sin(x3);x2^2,0.005857 + 0.7007·x₂² + 0.8783·sin(x₃) + 1.003·cos(x₁),"FCRRA spent-seed diagnostic; anchor=1,x2^2,sin(x3),cos(x1); exception=; in_bank=0; in_anchor=0; attempted=0; eligible_discovery=; eligible_selector=; numerator=None; denominator=None; gamma=None; anchor_role_ic=None; augmented_role_ic=None; outside_sse_max_diff=None; outside_prediction_max_diff=None; accepted=0; final=1,x2^2,sin(x3),cos(x1); wrapper_overhead_unoptimized=1",1.0,1.0,7,4,1.0,120,0,0,0,1;x2^2;sin(x3);cos(x1),G,balanced,250,250;250;250;250,752459.0,1;x2^2;sin(x3);cos(x1),1;x2^2;sin(x3);cos(x1),"[-0.019412313659617375,0.7065490177163828,0.8934950109026881,1.0185487006692076]","[0.00585737205594526,0.7007422717306763,0.8783435788212036,1.003250469798408]",,0.0,0.0,0.0,,0,,0,,,,,,,,0.0
fourier_quadratic,spurious,0.2,250,4,20104,fcrra-spent-diagnostic,1.0,1.0,1.0,0.0001868706032166122,0.12717221395502645,0.0,1.0,0.0,frozen-v6-anchor,0.1191956901624409,0.17019856371355618,1.5561830660000169,3011589,cos(x1);sin(x3);x2^2,-0.0356 + 0.7068·x₂² + 0.8928·sin(x₃) + 1.03·cos(x₁),"FCRRA spent-seed diagnostic; anchor=1,x2^2,sin(x3),cos(x1); exception=; in_bank=0; in_anchor=0; attempted=0; eligible_discovery=; eligible_selector=; numerator=None; denominator=None; gamma=None; anchor_role_ic=None; augmented_role_ic=None; outside_sse_max_diff=None; outside_prediction_max_diff=None; accepted=0; final=1,x2^2,sin(x3),cos(x1); wrapper_overhead_unoptimized=1",1.0,1.0,7,4,1.0,120,0,0,0,1;x2^2;sin(x3);cos(x1),G,balanced,250,250;250;250;250,752897.25,1;x2^2;sin(x3);cos(x1),1;x2^2;sin(x3);cos(x1),"[-0.043816633910802594,0.7081761540519234,0.8826751913714362,1.0379707168518395]","[-0.03560039375869623,0.7067715234662816,0.8927874343976704,1.0299773271628168]",,0.0,0.0,0.0,,0,,0,,,,,,,,0.0
fourier_quadratic,spurious,0.2,250,4,20105,fcrra-spent-diagnostic,1.0,1.0,1.0,0.0004720228450334018,0.1535434947258699,0.0,1.0,0.0,frozen-v6-anchor,0.1720834555154373,0.22690887962792233,1.552332017999987,3011943,cos(x1);sin(x3);x2^2,-0.01675 + 0.7095·x₂² + 0.909·sin(x₃) + 0.9429·cos(x₁),"FCRRA spent-seed diagnostic; anchor=1,x2^2,sin(x3),cos(x1); exception=; in_bank=0; in_anchor=0; attempted=0; eligible_discovery=; eligible_selector=; numerator=None; denominator=None; gamma=None; anchor_role_ic=None; augmented_role_ic=None; outside_sse_max_diff=None; outside_prediction_max_diff=None; accepted=0; final=1,x2^2,sin(x3),cos(x1); wrapper_overhead_unoptimized=1",1.0,1.0,7,4,0.0,120,0,1,0,1;x2^2;sin(x3);cos(x1),G,balanced,250,250;250;250;250,752985.75,1;x2^2;sin(x3);cos(x1),1;x2^2;sin(x3);cos(x1),"[-0.023647035748461498,0.7086466630510874,0.9045578868045122,0.9401130145865242]","[-0.0167497715135818,0.7095267961276207,0.90896068064666,0.9428765067966526]",,0.0,0.0,0.0,,0,,0,,,,,,,,0.0
fourier_quadratic,exception,0.1,100,4,20101,fcrra-spent-diagnostic,1.0,1.0,1.0,0.00021017449040802908,0.06674461743761656,0.0,1.0,0.0,frozen-v6-anchor,0.05075735745869921,0.06675427260550179,2.0962038500000233,3443700,I(x3>1)*x3^2;cos(x1);sin(x3);x2^2,-0.02342 + 0.7026·x₂² + 0.8579·sin(x₃) + 1.042·cos(x₁) + 0.7687·𝟙[x₃>1]·x₃²,"FCRRA spent-seed diagnostic; anchor=1,x2^2,sin(x3),cos(x1),I(x3>1)*x3^2; exception=I(x3>1)*x3^2; in_bank=1; in_anchor=1; attempted=0; eligible_discovery=; eligible_selector=; numerator=None; denominator=None; gamma=None; anchor_role_ic=None; augmented_role_ic=None; outside_sse_max_diff=None; outside_prediction_max_diff=None; accepted=0; final=1,x2^2,sin(x3),cos(x1),I(x3>1)*x3^2; wrapper_overhead_unoptimized=1",1.0,1.0,7,3,1.0,120,0,0,1,1;x2^2;sin(x3);cos(x1);I(x3>1)*x3^2,G,balanced,100,100;100;100;100,860925.0,1;x2^2;sin(x3);cos(x1);I(x3>1)*x3^2,1;x2^2;sin(x3);cos(x1);I(x3>1)*x3^2,"[-0.03526434818893749,0.7071039840073037,0.8604405483644276,1.0488599134389849,0.7705091281041836]","[-0.023420804431820957,0.7025594885160387,0.8578989130040883,1.041764949759012,0.7686924218085522]",I(x3>1)*x3^2,1.0,1.0,0.0,,0,,0,,,,,,,,0.0
fourier_quadratic,exception,0.1,100,4,20102,fcrra-spent-diagnostic,1.0,1.0,1.0,0.00012373883058929108,0.06881637264745252,0.0,1.0,0.0,frozen-v6-anchor,0.0735455819794936,0.08731700733649651,2.0344290280000052,3412309,I(x3>1)*x3^2;cos(x1);sin(x3);x2^2,-0.005232 + 0.6988·x₂² + 0.8954·sin(x₃) + 1.007·cos(x₁) + 0.7381·𝟙[x₃>1]·x₃²,"FCRRA spent-seed diagnostic; anchor=1,x2^2,sin(x3),cos(x1),I(x3>1)*x3^2; exception=I(x3>1)*x3^2; in_bank=1; in_anchor=1; attempted=0; eligible_discovery=; eligible_selector=; numerator=None; denominator=None; gamma=None; anchor_role_ic=None; augmented_role_ic=None; outside_sse_max_diff=None; outside_prediction_max_diff=None; accepted=0; final=1,x2^2,sin(x3),cos(x1),I(x3>1)*x3^2; wrapper_overhead_unoptimized=1",1.0,1.0,7,3,1.0,120,0,0,1,1;x2^2;sin(x3);cos(x1);I(x3>1)*x3^2,G,balanced,100,100;100;100;100,853077.25,1;x2^2;sin(x3);cos(x1);I(x3>1)*x3^2,1;x2^2;sin(x3);cos(x1);I(x3>1)*x3^2,"[0.0002722336822578188,0.6947223875313183,0.8874694400149457,0.9873707857664026,0.7411331794207807]","[-0.005231635108638387,0.6988246069958897,0.8953700400597586,1.0074691794287125,0.7381013104355945]",I(x3>1)*x3^2,1.0,1.0,0.0,,0,,0,,,,,,,,0.0
fourier_quadratic,exception,0.1,100,4,20103,fcrra-spent-diagnostic,1.0,1.0,1.0,3.36643780882371e-05,0.06857473947019885,0.0,1.0,0.0,frozen-v6-anchor,0.07054594854735742,0.09114048102893359,2.1311611859999857,3476384,I(x3>1)*x3^2;cos(x1);sin(x3);x2^2,0.007951 + 0.7005·x₂² + 0.9241·sin(x₃) + 0.9903·cos(x₁) + 0.744·𝟙[x₃>1]·x₃²,"FCRRA spent-seed diagnostic; anchor=1,x2^2,sin(x3),cos(x1),I(x3>1)*x3^2; exception=I(x3>1)*x3^2; in_bank=1; in_anchor=1; attempted=0; eligible_discovery=; eligible_selector=; numerator=None; denominator=None; gamma=None; anchor_role_ic=None; augmented_role_ic=None; outside_sse_max_diff=None; outside_prediction_max_diff=None; accepted=0; final=1,x2^2,sin(x3),cos(x1),I(x3>1)*x3^2; wrapper_overhead_unoptimized=1",1.0,1.0,7,3,1.0,120,0,0,1,1;x2^2;sin(x3);cos(x1);I(x3>1)*x3^2,G,balanced,100,100;100;100;100,869096.0,1;x2^2;sin(x3);cos(x1);I(x3>1)*x3^2,1;x2^2;sin(x3);cos(x1);I(x3>1)*x3^2,"[-0.00682041906264937,0.7013674845852638,0.9311054696718334,0.9886408793659256,0.7460990851124599]","[0.007951285028973614,0.7005045333996611,0.9240848589637431,0.9903497161928533,0.7440153139877733]",I(x3>1)*x3^2,1.0,1.0,0.0,,0,,0,,,,,,,,0.0
fourier_quadratic,exception,0.1,100,4,20104,fcrra-spent-diagnostic,1.0,1.0,1.0,0.0001972442316554005,0.061916133162339584,0.0,1.0,0.0,frozen-v6-anchor,0.08329901690205332,0.10763533877672084,2.213370024999989,3536393,I(x3>1)*x3^2;cos(x1);sin(x3);x2^2,-0.0582 + 0.7046·x₂² + 0.8532·sin(x₃) + 1.005·cos(x₁) + 0.7733·𝟙[x₃>1]·x₃²,"FCRRA spent-seed diagnostic; anchor=1,x2^2,sin(x3),cos(x1),I(x3>1)*x3^2; exception=I(x3>1)*x3^2; in_bank=1; in_anchor=1; attempted=0; eligible_discovery=; eligible_selector=; numerator=None; denominator=None; gamma=None; anchor_role_ic=None; augmented_role_ic=None; outside_sse_max_diff=None; outside_prediction_max_diff=None; accepted=0; final=1,x2^2,sin(x3),cos(x1),I(x3>1)*x3^2; wrapper_overhead_unoptimized=1",1.0,1.0,7,3,1.0,120,0,0,1,1;x2^2;sin(x3);cos(x1);I(x3>1)*x3^2,G,balanced,100,100;100;100;100,884098.25,1;x2^2;sin(x3);cos(x1);I(x3>1)*x3^2,1;x2^2;sin(x3);cos(x1);I(x3>1)*x3^2,"[-0.07737503670724802,0.7065012590609329,0.8357304702794363,0.9993498720179134,0.780312773319059]","[-0.05819967088268846,0.7046187277992991,0.8532126554379237,1.0045788215668556,0.7732704528883773]",I(x3>1)*x3^2,1.0,1.0,0.0,,0,,0,,,,,,,,0.0
fourier_quadratic,exception,0.1,100,4,20105,fcrra-spent-diagnostic,1.0,1.0,1.0,6.663169901268745e-05,0.06993326043925664,0.0,1.0,0.0,frozen-v6-anchor,0.05180147273303645,0.07622779555761099,2.1346457470000075,3470796,I(x3>1)*x3^2;cos(x1);sin(x3);x2^2,-0.008426 + 0.6989·x₂² + 0.8861·sin(x₃) + 0.9723·cos(x₁) + 0.7587·𝟙[x₃>1]·x₃²,"FCRRA spent-seed diagnostic; anchor=1,x2^2,sin(x3),cos(x1),I(x3>1)*x3^2; exception=I(x3>1)*x3^2; in_bank=1; in_anchor=1; attempted=0; eligible_discovery=; eligible_selector=; numerator=None; denominator=None; gamma=None; anchor_role_ic=None; augmented_role_ic=None; outside_sse_max_diff=None; outside_prediction_max_diff=None; accepted=0; final=1,x2^2,sin(x3),cos(x1),I(x3>1)*x3^2; wrapper_overhead_unoptimized=1",1.0,1.0,7,3,1.0,120,0,0,1,1;x2^2;sin(x3);cos(x1);I(x3>1)*x3^2,G,balanced,100,100;100;100;100,867699.0,1;x2^2;sin(x3);cos(x1);I(x3>1)*x3^2,1;x2^2;sin(x3);cos(x1);I(x3>1)*x3^2,"[-0.012364375039745634,0.6967142994095159,0.8722529229535533,0.960904350962561,0.7605272661951961]","[-0.008425941043625578,0.6989024478145257,0.8861266638623899,0.9723064965020696,0.7587380405662467]",I(x3>1)*x3^2,1.0,1.0,0.0,,0,,0,,,,,,,,0.0
fourier_quadratic,exception,0.1,250,4,20101,fcrra-spent-diagnostic,1.0,1.0,1.0,7.032830321512764e-05,0.07156361503633107,0.0,1.0,0.0,frozen-v6-anchor,0.07512614530748261,0.09059810586021559,2.0992740490000017,3428446,I(x3>1)*x3^2;cos(x1);sin(x3);x2^2,-0.01149 + 0.7042·x₂² + 0.9126·sin(x₃) + 0.9812·cos(x₁) + 0.7401·𝟙[x₃>1]·x₃²,"FCRRA spent-seed diagnostic; anchor=1,x2^2,sin(x3),cos(x1),I(x3>1)*x3^2; exception=I(x3>1)*x3^2; in_bank=1; in_anchor=1; attempted=0; eligible_discovery=; eligible_selector=; numerator=None; denominator=None; gamma=None; anchor_role_ic=None; augmented_role_ic=None; outside_sse_max_diff=None; outside_prediction_max_diff=None; accepted=0; final=1,x2^2,sin(x3),cos(x1),I(x3>1)*x3^2; wrapper_overhead_unoptimized=1",1.0,1.0,7,3,1.0,120,0,0,1,1;x2^2;sin(x3);cos(x1);I(x3>1)*x3^2,G,balanced,250,250;250;250;250,857111.5,1;x2^2;sin(x3);cos(x1);I(x3>1)*x3^2,1;x2^2;sin(x3);cos(x1);I(x3>1)*x3^2,"[0.005215412751250065,0.7008497841239614,0.9165199935294812,0.9770489160944942,0.7394448423862299]","[-0.011486251133112203,0.7042130324691206,0.912641181114123,0.9811837616185025,0.7401053070316558]",I(x3>1)*x3^2,1.0,1.0,0.0,,0,,0,,,,,,,,0.0
fourier_quadratic,exception,0.1,250,4,20102,fcrra-spent-diagnostic,1.0,1.0,1.0,0.00011074547542259369,0.06623325845018448,0.0,1.0,0.0,frozen-v6-anchor,0.06746855028333948,0.07867938025389386,2.139932077999987,3455566,I(x3>1)*x3^2;cos(x1);sin(x3);x2^2,0.004258 + 0.7057·x₂² + 0.9047·sin(x₃) + 1.019·cos(x₁) + 0.7403·𝟙[x₃>1]·x₃²,"FCRRA spent-seed diagnostic; anchor=1,x2^2,sin(x3),cos(x1),I(x3>1)*x3^2; exception=I(x3>1)*x3^2; in_bank=1; in_anchor=1; attempted=0; eligible_discovery=; eligible_selector=; numerator=None; denominator=None; gamma=None; anchor_role_ic=None; augmented_role_ic=None; outside_sse_max_diff=None; outside_prediction_max_diff=None; accepted=0; final=1,x2^2,sin(x3),cos(x1),I(x3>1)*x3^2; wrapper_overhead_unoptimized=1",1.0,1.0,6,2,1.0,63,0,0,1,1;x2^2;sin(x3);cos(x1);I(x3>1)*x3^2,G,balanced,250,250;250;250;250,863891.5,1;x2^2;sin(x3);cos(x1);I(x3>1)*x3^2,1;x2^2;sin(x3);cos(x1);I(x3>1)*x3^2,"[0.00374932550827716,0.7040335206663709,0.9005109617079664,1.0208155275475985,0.7452712488636081]","[0.004258065950189145,0.7057157825749254,0.9046750584388238,1.0185067692408776,0.7403351130228184]",I(x3>1)*x3^2,1.0,1.0,0.0,,0,,0,,,,,,,,0.0
fourier_quadratic,exception,0.1,250,4,20103,fcrra-spent-diagnostic,1.0,1.0,1.0,4.829144177738226e-05,0.055576047829360604,0.0,1.0,0.0,frozen-v6-anchor,0.05454833440673836,0.07719418241283443,2.1471841489999974,3452916,I(x3>1)*x3^2;cos(x1);sin(x3);x2^2,-0.008756 + 0.7054·x₂² + 0.9041·sin(x₃) + 0.9936·cos(x₁) + 0.7509·𝟙[x₃>1]·x₃²,"FCRRA spent-seed diagnostic; anchor=1,x2^2,sin(x3),cos(x1),I(x3>1)*x3^2; exception=I(x3>1)*x3^2; in_bank=1; in_anchor=1; attempted=0; eligible_discovery=; eligible_selector=; numerator=None; denominator=None; gamma=None; anchor_role_ic=None; augmented_role_ic=None; outside_sse_max_diff=None; outside_prediction_max_diff=None; accepted=0; final=1,x2^2,sin(x3),cos(x1),I(x3>1)*x3^2; wrapper_overhead_unoptimized=1",1.0,1.0,6,2,1.0,63,0,0,1,1;x2^2;sin(x3);cos(x1);I(x3>1)*x3^2,G,balanced,250,250;250;250;250,863229.0,1;x2^2;sin(x3);cos(x1);I(x3>1)*x3^2,1;x2^2;sin(x3);cos(x1);I(x3>1)*x3^2,"[-0.01720128916184602,0.707549335519542,0.8807170904465264,0.9894556683080873,0.7559858471549387]","[-0.008755513186525699,0.7054115470705355,0.9041005101522284,0.9935660318047606,0.7508536043579048]",I(x3>1)*x3^2,1.0,1.0,0.0,,0,,0,,,,,,,,0.0
fourier_quadratic,exception,0.1,250,4,20104,fcrra-spent-diagnostic,1.0,1.0,1.0,7.639499060253267e-05,0.06083213892021007,0.0,1.0,0.0,frozen-v6-anchor,0.06392192717688813,0.07417631173900045,2.173358864999983,3457053,I(x3>1)*x3^2;cos(x1);sin(x3);x2^2,-0.02811 + 0.7045·x₂² + 0.896·sin(x₃) + 1.017·cos(x₁) + 0.7465·𝟙[x₃>1]·x₃²,"FCRRA spent-seed diagnostic; anchor=1,x2^2,sin(x3),cos(x1),I(x3>1)*x3^2; exception=I(x3>1)*x3^2; in_bank=1; in_anchor=1; attempted=0; eligible_discovery=; eligible_selector=; numerator=None; denominator=None; gamma=None; anchor_role_ic=None; augmented_role_ic=None; outside_sse_max_diff=None; outside_prediction_max_diff=None; accepted=0; final=1,x2^2,sin(x3),cos(x1),I(x3>1)*x3^2; wrapper_overhead_unoptimized=1",1.0,1.0,7,3,1.0,120,0,0,1,1;x2^2;sin(x3);cos(x1);I(x3>1)*x3^2,G,balanced,250,250;250;250;250,864263.25,1;x2^2;sin(x3);cos(x1);I(x3>1)*x3^2,1;x2^2;sin(x3);cos(x1);I(x3>1)*x3^2,"[-0.01259185330067977,0.7043514103604334,0.91443133308445,1.0145139012247075,0.7362050067052913]","[-0.02810728113582227,0.7045009393713358,0.8960201879383396,1.017055578153756,0.7465021861812263]",I(x3>1)*x3^2,1.0,1.0,0.0,,0,,0,,,,,,,,0.0
fourier_quadratic,exception,0.1,250,4,20105,fcrra-spent-diagnostic,1.0,1.0,1.0,4.5005884186849e-05,0.06847030406248776,0.0,1.0,0.0,frozen-v6-anchor,0.06138550195606183,0.07593843593632743,2.1876076350000346,3484267,I(x3>1)*x3^2;cos(x1);sin(x3);x2^2,-0.03081 + 0.7049·x₂² + 0.8887·sin(x₃) + 0.999·cos(x₁) + 0.7556·𝟙[x₃>1]·x₃²,"FCRRA spent-seed diagnostic; anchor=1,x2^2,sin(x3),cos(x1),I(x3>1)*x3^2; exception=I(x3>1)*x3^2; in_bank=1; in_anchor=1; attempted=0; eligible_discovery=; eligible_selector=; numerator=None; denominator=None; gamma=None; anchor_role_ic=None; augmented_role_ic=None; outside_sse_max_diff=None; outside_prediction_max_diff=None; accepted=0; final=1,x2^2,sin(x3),cos(x1),I(x3>1)*x3^2; wrapper_overhead_unoptimized=1",1.0,1.0,6,2,1.0,63,0,0,1,1;x2^2;sin(x3);cos(x1);I(x3>1)*x3^2,G,balanced,250,250;250;250;250,871066.75,1;x2^2;sin(x3);cos(x1);I(x3>1)*x3^2,1;x2^2;sin(x3);cos(x1);I(x3>1)*x3^2,"[-0.028039793803319606,0.7030335180536051,0.8959108029706216,1.0013104741951422,0.7525737813032857]","[-0.030809590203550813,0.7049080766752889,0.8886997057175782,0.9989708570111593,0.7556482530694111]",I(x3>1)*x3^2,1.0,1.0,0.0,,0,,0,,,,,,,,0.0
fourier_quadratic,exception,0.2,100,4,20101,fcrra-spent-diagnostic,1.0,1.0,1.0,0.000840697962060639,0.26697846975046624,0.0,1.0,0.0,frozen-v6-anchor,0.20302942983491737,0.2670170904223975,2.1659644769999886,3504091,I(x3>1)*x3^2;cos(x1);sin(x3);x2^2,-0.04684 + 0.7051·x₂² + 0.8158·sin(x₃) + 1.084·cos(x₁) + 0.7874·𝟙[x₃>1]·x₃²,"FCRRA spent-seed diagnostic; anchor=1,x2^2,sin(x3),cos(x1),I(x3>1)*x3^2; exception=I(x3>1)*x3^2; in_bank=1; in_anchor=1; attempted=0; eligible_discovery=; eligible_selector=; numerator=None; denominator=None; gamma=None; anchor_role_ic=None; augmented_role_ic=None; outside_sse_max_diff=None; outside_prediction_max_diff=None; accepted=0; final=1,x2^2,sin(x3),cos(x1),I(x3>1)*x3^2; wrapper_overhead_unoptimized=1",1.0,1.0,7,3,0.0,120,0,1,1,1;x2^2;sin(x3);cos(x1);I(x3>1)*x3^2,G,balanced,100,100;100;100;100,876022.75,1;x2^2;sin(x3);cos(x1);I(x3>1)*x3^2,1;x2^2;sin(x3);cos(x1);I(x3>1)*x3^2,"[-0.07052869637818479,0.714207968014649,0.8208810967296548,1.0977198268790653,0.7910182562082505]","[-0.04684160888352214,0.705118977035328,0.8157978260611546,1.0835298995918443,0.7873848436107737]",I(x3>1)*x3^2,1.0,1.0,0.0,,0,,0,,,,,,,,0.0
fourier_quadratic,exception,0.2,100,4,20102,fcrra-spent-diagnostic,1.0,1.0,1.0,0.0004949553224733611,0.2752654905898102,0.0,1.0,0.0,frozen-v6-anchor,0.294182327917872,0.3492680293459661,1.950804882,3349395,I(x3>1)*x3^2;cos(x1);sin(x3);x2^2,-0.01046 + 0.6976·x₂² + 0.8907·sin(x₃) + 1.015·cos(x₁) + 0.7262·𝟙[x₃>1]·x₃²,"FCRRA spent-seed diagnostic; anchor=1,x2^2,sin(x3),cos(x1),I(x3>1)*x3^2; exception=I(x3>1)*x3^2; in_bank=1; in_anchor=1; attempted=0; eligible_discovery=; eligible_selector=; numerator=None; denominator=None; gamma=None; anchor_role_ic=None; augmented_role_ic=None; outside_sse_max_diff=None; outside_prediction_max_diff=None; accepted=0; final=1,x2^2,sin(x3),cos(x1),I(x3>1)*x3^2; wrapper_overhead_unoptimized=1",1.0,1.0,7,3,1.0,120,0,0,1,1;x2^2;sin(x3);cos(x1);I(x3>1)*x3^2,G,balanced,100,100;100;100;100,837348.75,1;x2^2;sin(x3);cos(x1);I(x3>1)*x3^2,1;x2^2;sin(x3);cos(x1);I(x3>1)*x3^2,"[0.0005444673641741712,0.6894447750627019,0.8749388800305737,0.9747415715338192,0.7322663588414448]","[-0.01046327023810875,0.6976492139954027,0.8907400801677938,1.0149383589277245,0.7262026208620264]",I(x3>1)*x3^2,1.0,1.0,0.0,,0,,0,,,,,,,,0.0
fourier_quadratic,exception,0.2,100,4,20103,fcrra-spent-diagnostic,1.0,1.0,1.0,0.00013465751236006122,0.27429895788079534,0.0,1.0,0.0,frozen-v6-anchor,0.28218379418959383,0.36456192411599203,2.218760137000004,3535299,I(x3>1)*x3^2;cos(x1);sin(x3);x2^2,0.0159 + 0.701·x₂² + 0.9482·sin(x₃) + 0.9807·cos(x₁) + 0.738·𝟙[x₃>1]·x₃²,"FCRRA spent-seed diagnostic; anchor=1,x2^2,sin(x3),cos(x1),I(x3>1)*x3^2; exception=I(x3>1)*x3^2; in_bank=1; in_anchor=1; attempted=0; eligible_discovery=; eligible_selector=; numerator=None; denominator=None; gamma=None; anchor_role_ic=None; augmented_role_ic=None; outside_sse_max_diff=None; outside_prediction_max_diff=None; accepted=0; final=1,x2^2,sin(x3),cos(x1),I(x3>1)*x3^2; wrapper_overhead_unoptimized=1",1.0,1.0,7,3,1.0,120,0,0,1,1;x2^2;sin(x3);cos(x1);I(x3>1)*x3^2,G,balanced,100,100;100;100;100,883824.75,1;x2^2;sin(x3);cos(x1);I(x3>1)*x3^2,1;x2^2;sin(x3);cos(x1);I(x3>1)*x3^2,"[-0.01364083812583002,0.7027349691705829,0.9622109393443076,0.9772817587330181,0.7421981702248578]","[0.015902570023318376,0.7010090668039364,0.9481697179690171,0.9806994324593643,0.7380306279729831]",I(x3>1)*x3^2,1.0,1.0,0.0,,0,,0,,,,,,,,0.0
fourier_quadratic,exception,0.2,100,4,20104,fcrra-spent-diagnostic,1.0,1.0,1.0,0.0007889769267026315,0.24766453264935825,0.0,1.0,0.0,frozen-v6-anchor,0.33319606760817905,0.4305413551068985,2.1739954720000014,3472143,I(x3>1)*x3^2;cos(x1);sin(x3);x2^2,-0.1164 + 0.7092·x₂² + 0.8064·sin(x₃) + 1.009·cos(x₁) + 0.7965·𝟙[x₃>1]·x₃²,"FCRRA spent-seed diagnostic; anchor=1,x2^2,sin(x3),cos(x1),I(x3>1)*x3^2; exception=I(x3>1)*x3^2; in_bank=1; in_anchor=1; attempted=0; eligible_discovery=; eligible_selector=; numerator=None; denominator=None; gamma=None; anchor_role_ic=None; augmented_role_ic=None; outside_sse_max_diff=None; outside_prediction_max_diff=None; accepted=0; final=1,x2^2,sin(x3),cos(x1),I(x3>1)*x3^2; wrapper_overhead_unoptimized=1",1.0,1.0,7,3,1.0,120,0,0,1,1;x2^2;sin(x3);cos(x1);I(x3>1)*x3^2,G,balanced,100,100;100;100;100,868035.75,1;x2^2;sin(x3);cos(x1);I(x3>1)*x3^2,1;x2^2;sin(x3);cos(x1);I(x3>1)*x3^2,"[-0.15475007341492206,0.7130025181219396,0.771460940559582,0.9986997440369088,0.8106255466380274]","[-0.11639934179786665,0.709237455604016,0.8064253109249456,1.0091576432089617,0.7965409057710934]",I(x3>1)*x3^2,1.0,1.0,0.0,,0,,0,,,,,,,,0.0
fourier_quadratic,exception,0.2,100,4,20105,fcrra-spent-diagnostic,1.0,1.0,1.0,0.0002665267955388311,0.2797330417570267,0.0,1.0,0.0,frozen-v6-anchor,0.20720589093198793,0.30491118222998165,2.2281827470000053,3501476,I(x3>1)*x3^2;cos(x1);sin(x3);x2^2,-0.01685 + 0.6978·x₂² + 0.8723·sin(x₃) + 0.9446·cos(x₁) + 0.7675·𝟙[x₃>1]·x₃²,"FCRRA spent-seed diagnostic; anchor=1,x2^2,sin(x3),cos(x1),I(x3>1)*x3^2; exception=I(x3>1)*x3^2; in_bank=1; in_anchor=1; attempted=0; eligible_discovery=; eligible_selector=; numerator=None; denominator=None; gamma=None; anchor_role_ic=None; augmented_role_ic=None; outside_sse_max_diff=None; outside_prediction_max_diff=None; accepted=0; final=1,x2^2,sin(x3),cos(x1),I(x3>1)*x3^2; wrapper_overhead_unoptimized=1",1.0,1.0,7,3,1.0,120,0,0,1,1;x2^2;sin(x3);cos(x1);I(x3>1)*x3^2,G,balanced,100,100;100;100;100,875369.0,1;x2^2;sin(x3);cos(x1);I(x3>1)*x3^2,1;x2^2;sin(x3);cos(x1);I(x3>1)*x3^2,"[-0.024728750079878847,0.693428598819085,0.8445058459078715,0.9218087019261553,0.7710545323903002]","[-0.01685188211085968,0.6978048956322676,0.872253327777379,0.9446129930743106,0.7674760811259842]",I(x3>1)*x3^2,1.0,1.0,0.0,,0,,0,,,,,,,,0.0
fourier_quadratic,exception,0.2,250,4,20101,fcrra-spent-diagnostic,1.0,1.0,1.0,0.0002813132127793227,0.28625446014532424,0.0,1.0,0.0,frozen-v6-anchor,0.3005045812299652,0.36239242344094685,2.205829049999977,3490696,I(x3>1)*x3^2;cos(x1);sin(x3);x2^2,-0.02297 + 0.7084·x₂² + 0.9253·sin(x₃) + 0.9624·cos(x₁) + 0.7302·𝟙[x₃>1]·x₃²,"FCRRA spent-seed diagnostic; anchor=1,x2^2,sin(x3),cos(x1),I(x3>1)*x3^2; exception=I(x3>1)*x3^2; in_bank=1; in_anchor=1; attempted=0; eligible_discovery=; eligible_selector=; numerator=None; denominator=None; gamma=None; anchor_role_ic=None; augmented_role_ic=None; outside_sse_max_diff=None; outside_prediction_max_diff=None; accepted=0; final=1,x2^2,sin(x3),cos(x1),I(x3>1)*x3^2; wrapper_overhead_unoptimized=1",1.0,1.0,7,3,1.0,120,0,0,1,1;x2^2;sin(x3);cos(x1);I(x3>1)*x3^2,G,balanced,250,250;250;250;250,872674.0,1;x2^2;sin(x3);cos(x1);I(x3>1)*x3^2,1;x2^2;sin(x3);cos(x1);I(x3>1)*x3^2,"[0.01043082550233025,0.7016995682479381,0.9330399870592506,0.9540978321894584,0.7288896847724197]","[-0.022972502276820853,0.7084260649391338,0.9252823622482209,0.962367523269379,0.7302106140606697]",I(x3>1)*x3^2,1.0,1.0,0.0,,0,,0,,,,,,,,0.0
fourier_quadratic,exception,0.2,250,4,20102,fcrra-spent-diagnostic,1.0,1.0,1.0,0.00044298190179125886,0.264933033800738,0.0,1.0,0.0,frozen-v6-anchor,0.26987420113336447,0.314717521015587,2.019533416999991,3360648,I(x3>1)*x3^2;cos(x1);sin(x3);x2^2,0.008516 + 0.7114·x₂² + 0.9094·sin(x₃) + 1.037·cos(x₁) + 0.7307·𝟙[x₃>1]·x₃²,"FCRRA spent-seed diagnostic; anchor=1,x2^2,sin(x3),cos(x1),I(x3>1)*x3^2; exception=I(x3>1)*x3^2; in_bank=1; in_anchor=1; attempted=0; eligible_discovery=; eligible_selector=; numerator=None; denominator=None; gamma=None; anchor_role_ic=None; augmented_role_ic=None; outside_sse_max_diff=None; outside_prediction_max_diff=None; accepted=0; final=1,x2^2,sin(x3),cos(x1),I(x3>1)*x3^2; wrapper_overhead_unoptimized=1",1.0,1.0,6,2,1.0,63,0,0,1,1;x2^2;sin(x3);cos(x1);I(x3>1)*x3^2,G,balanced,250,250;250;250;250,840162.0,1;x2^2;sin(x3);cos(x1);I(x3>1)*x3^2,1;x2^2;sin(x3);cos(x1);I(x3>1)*x3^2,"[0.007498651016434474,0.7080670413327541,0.9010219234162243,1.041631055095641,0.7405424977271818]","[0.008516131890153137,0.7114315651512668,0.9093501168982585,1.0370135385131483,0.7306702260431894]",I(x3>1)*x3^2,1.0,1.0,0.0,,0,,0,,,,,,,,0.0
fourier_quadratic,exception,0.2,250,4,20103,fcrra-spent-diagnostic,1.0,1.0,1.0,0.00019316576708696797,0.22230419131744236,0.0,1.0,0.0,frozen-v6-anchor,0.21819333762687404,0.30877672965125935,1.8688968029999842,3265624,I(x3>1)*x3^2;cos(x1);sin(x3);x2^2,-0.01751 + 0.7108·x₂² + 0.9082·sin(x₃) + 0.9871·cos(x₁) + 0.7517·𝟙[x₃>1]·x₃²,"FCRRA spent-seed diagnostic; anchor=1,x2^2,sin(x3),cos(x1),I(x3>1)*x3^2; exception=I(x3>1)*x3^2; in_bank=1; in_anchor=1; attempted=0; eligible_discovery=; eligible_selector=; numerator=None; denominator=None; gamma=None; anchor_role_ic=None; augmented_role_ic=None; outside_sse_max_diff=None; outside_prediction_max_diff=None; accepted=0; final=1,x2^2,sin(x3),cos(x1),I(x3>1)*x3^2; wrapper_overhead_unoptimized=1",1.0,1.0,5,1,1.0,32,0,0,1,1;x2^2;sin(x3);cos(x1);I(x3>1)*x3^2,G,balanced,250,250;250;250;250,816406.0,1;x2^2;sin(x3);cos(x1);I(x3>1)*x3^2,1;x2^2;sin(x3);cos(x1);I(x3>1)*x3^2,"[-0.034402578323810926,0.7150986710391017,0.8614341808933741,0.9789113366166059,0.7619716943098395]","[-0.0175110263828808,0.7108230941422993,0.9082010203254236,0.987132063640383,0.7517072087137652]",I(x3>1)*x3^2,1.0,1.0,0.0,,0,,0,,,,,,,,0.0
fourier_quadratic,exception,0.2,250,4,20104,fcrra-spent-diagnostic,1.0,1.0,1.0,0.00030557996256508856,0.24332855568084027,0.0,1.0,0.0,frozen-v6-anchor,0.2556877087075266,0.2967052469559911,1.9691919680000183,3332691,I(x3>1)*x3^2;cos(x1);sin(x3);x2^2,-0.05621 + 0.709·x₂² + 0.892·sin(x₃) + 1.034·cos(x₁) + 0.743·𝟙[x₃>1]·x₃²,"FCRRA spent-seed diagnostic; anchor=1,x2^2,sin(x3),cos(x1),I(x3>1)*x3^2; exception=I(x3>1)*x3^2; in_bank=1; in_anchor=1; attempted=0; eligible_discovery=; eligible_selector=; numerator=None; denominator=None; gamma=None; anchor_role_ic=None; augmented_role_ic=None; outside_sse_max_diff=None; outside_prediction_max_diff=None; accepted=0; final=1,x2^2,sin(x3),cos(x1),I(x3>1)*x3^2; wrapper_overhead_unoptimized=1",1.0,1.0,7,3,1.0,120,0,0,1,1;x2^2;sin(x3);cos(x1);I(x3>1)*x3^2,G,balanced,250,250;250;250;250,833172.75,1;x2^2;sin(x3);cos(x1);I(x3>1)*x3^2,1;x2^2;sin(x3);cos(x1);I(x3>1)*x3^2,"[-0.02518370660148521,0.7087028207208744,0.9288626661692045,1.0290278024498687,0.7224100134105539]","[-0.05621456228068899,0.7090018787433578,0.8920403758972163,1.0341111563383998,0.7430043723602857]",I(x3>1)*x3^2,1.0,1.0,0.0,,0,,0,,,,,,,,0.0
fourier_quadratic,exception,0.2,250,4,20105,fcrra-spent-diagnostic,1.0,1.0,1.0,0.00018002353676882326,0.27388121624995104,0.0,1.0,0.0,frozen-v6-anchor,0.24554200782422717,0.3037537437453404,1.9271658989999878,3301451,I(x3>1)*x3^2;cos(x1);sin(x3);x2^2,-0.06162 + 0.7098·x₂² + 0.8774·sin(x₃) + 0.9979·cos(x₁) + 0.7613·𝟙[x₃>1]·x₃²,"FCRRA spent-seed diagnostic; anchor=1,x2^2,sin(x3),cos(x1),I(x3>1)*x3^2; exception=I(x3>1)*x3^2; in_bank=1; in_anchor=1; attempted=0; eligible_discovery=; eligible_selector=; numerator=None; denominator=None; gamma=None; anchor_role_ic=None; augmented_role_ic=None; outside_sse_max_diff=None; outside_prediction_max_diff=None; accepted=0; final=1,x2^2,sin(x3),cos(x1),I(x3>1)*x3^2; wrapper_overhead_unoptimized=1",1.0,1.0,7,3,1.0,120,0,0,1,1;x2^2;sin(x3);cos(x1);I(x3>1)*x3^2,G,balanced,250,250;250;250;250,825362.75,1;x2^2;sin(x3);cos(x1);I(x3>1)*x3^2,1;x2^2;sin(x3);cos(x1);I(x3>1)*x3^2,"[-0.05607958760677515,0.7060670361072249,0.8918216059415481,1.0026209483907287,0.7551475626065385]","[-0.06161918041688372,0.7098161533516946,0.8773994114564636,0.9979417140531927,0.7612965061363446]",I(x3>1)*x3^2,1.0,1.0,0.0,,0,,0,,,,,,,,0.0
nested_mixed,complementary,0.1,100,4,20101,fcrra-spent-diagnostic,1.0,1.0,1.0,4.4281243880553134e-05,0.024636439859407354,0.0,1.0,0.0,frozen-v6-anchor,0.018124505548860744,0.02275763808482149,1.5419375950000358,3025185,sin(x1+x1^2);x2;x3^2,0.003448 + 0.6028·x₂ + 0.8022·x₃² + 1.011·sin(x₁+x₁²),"FCRRA spent-seed diagnostic; anchor=1,x2,x3^2,sin(x1+x1^2); exception=; in_bank=0; in_anchor=0; attempted=0; eligible_discovery=; eligible_selector=; numerator=None; denominator=None; gamma=None; anchor_role_ic=None; augmented_role_ic=None; outside_sse_max_diff=None; outside_prediction_max_diff=None; accepted=0; final=1,x2,x3^2,sin(x1+x1^2); wrapper_overhead_unoptimized=1",1.0,1.0,5,2,1.0,32,0,0,0,1;x2;x3^2;sin(x1+x1^2),G,balanced,100,100;100;100;100,756296.25,1;x2;x3^2;sin(x1+x1^2),1;x2;x3^2;sin(x1+x1^2),"[0.011946734630613132,0.6020770187825779,0.7976229904993739,1.0119027924425659]","[0.0034480097649633636,0.6028156207907407,0.8021741441828212,1.0107443840822785]",,0.0,0.0,0.0,,0,,0,,,,,,,,0.0
nested_mixed,complementary,0.1,100,4,20102,fcrra-spent-diagnostic,1.0,1.0,1.0,5.0246647155304985e-05,0.025940060645738488,0.0,1.0,0.0,frozen-v6-anchor,0.027199914218174352,0.033373588135477424,1.5126982410000096,3002787,sin(x1+x1^2);x2;x3^2,-0.008256 + 0.5969·x₂ + 0.7981·x₃² + 1.002·sin(x₁+x₁²),"FCRRA spent-seed diagnostic; anchor=1,x2,x3^2,sin(x1+x1^2); exception=; in_bank=0; in_anchor=0; attempted=0; eligible_discovery=; eligible_selector=; numerator=None; denominator=None; gamma=None; anchor_role_ic=None; augmented_role_ic=None; outside_sse_max_diff=None; outside_prediction_max_diff=None; accepted=0; final=1,x2,x3^2,sin(x1+x1^2); wrapper_overhead_unoptimized=1",1.0,1.0,6,3,1.0,63,0,0,0,1;x2;x3^2;sin(x1+x1^2),G,balanced,100,100;100;100;100,750696.75,1;x2;x3^2;sin(x1+x1^2),1;x2;x3^2;sin(x1+x1^2),"[-0.017276995565963238,0.5954293822927856,0.799833030012239,1.005310085775383]","[-0.008255975415836201,0.596850422082307,0.7980934130824254,1.0017979736008582]",,0.0,0.0,0.0,,0,,0,,,,,,,,0.0
nested_mixed,complementary,0.1,100,4,20103,fcrra-spent-diagnostic,1.0,1.0,1.0,6.977216763468009e-05,0.027538859671117737,0.0,1.0,0.0,frozen-v6-anchor,0.030630213898670888,0.04533827610837212,1.5175149039999951,3002563,sin(x1+x1^2);x2;x3^2,-0.01334 + 0.5994·x₂ + 0.805·x₃² + 1.021·sin(x₁+x₁²),"FCRRA spent-seed diagnostic; anchor=1,x2,x3^2,sin(x1+x1^2); exception=; in_bank=0; in_anchor=0; attempted=0; eligible_discovery=; eligible_selector=; numerator=None; denominator=None; gamma=None; anchor_role_ic=None; augmented_role_ic=None; outside_sse_max_diff=None; outside_prediction_max_diff=None; accepted=0; final=1,x2,x3^2,sin(x1+x1^2); wrapper_overhead_unoptimized=1",1.0,1.0,6,3,1.0,63,0,0,0,1;x2;x3^2;sin(x1+x1^2),G,balanced,100,100;100;100;100,750640.75,1;x2;x3^2;sin(x1+x1^2),1;x2;x3^2;sin(x1+x1^2),"[-0.035237834965573644,0.5989473370069898,0.8106882374781453,1.0377579343979866]","[-0.01334123248104458,0.5993709342742922,0.804954259878841,1.0208971887228577]",,0.0,0.0,0.0,,0,,0,,,,,,,,0.0
nested_mixed,complementary,0.1,100,4,20104,fcrra-spent-diagnostic,1.0,1.0,1.0,6.251773275921885e-05,0.026277148268808156,0.0,1.0,0.0,frozen-v6-anchor,0.031922167086083655,0.040897676139952446,1.5020778109999924,3001305,sin(x1+x1^2);x2;x3^2,-0.01494 + 0.6045·x₂ + 0.801·x₃² + 0.9982·sin(x₁+x₁²),"FCRRA spent-seed diagnostic; anchor=1,x2,x3^2,sin(x1+x1^2); exception=; in_bank=0; in_anchor=0; attempted=0; eligible_discovery=; eligible_selector=; numerator=None; denominator=None; gamma=None; anchor_role_ic=None; augmented_role_ic=None; outside_sse_max_diff=None; outside_prediction_max_diff=None; accepted=0; final=1,x2,x3^2,sin(x1+x1^2); wrapper_overhead_unoptimized=1",1.0,1.0,6,3,1.0,63,0,0,0,1;x2;x3^2;sin(x1+x1^2),G,balanced,100,100;100;100;100,750326.25,1;x2;x3^2;sin(x1+x1^2),1;x2;x3^2;sin(x1+x1^2),"[-0.015213719452710217,0.6051086777683272,0.7996404076992644,0.984901265716646]","[-0.014937058402342164,0.6044840668668132,0.8010346752527503,0.9981853531023033]",,0.0,0.0,0.0,,0,,0,,,,,,,,0.0
nested_mixed,complementary,0.1,100,4,20105,fcrra-spent-diagnostic,1.0,1.0,1.0,2.015253669073701e-05,0.025230373071828696,0.0,1.0,0.0,frozen-v6-anchor,0.01816203758227696,0.027334348020059452,1.4992072880000364,2999436,sin(x1+x1^2);x2;x3^2,-0.01193 + 0.5982·x₂ + 0.8027·x₃² + 1.001·sin(x₁+x₁²),"FCRRA spent-seed diagnostic; anchor=1,x2,x3^2,sin(x1+x1^2); exception=; in_bank=0; in_anchor=0; attempted=0; eligible_discovery=; eligible_selector=; numerator=None; denominator=None; gamma=None; anchor_role_ic=None; augmented_role_ic=None; outside_sse_max_diff=None; outside_prediction_max_diff=None; accepted=0; final=1,x2,x3^2,sin(x1+x1^2); wrapper_overhead_unoptimized=1",1.0,1.0,6,3,1.0,63,0,0,0,1;x2;x3^2;sin(x1+x1^2),G,balanced,100,100;100;100;100,749859.0,1;x2;x3^2;sin(x1+x1^2),1;x2;x3^2;sin(x1+x1^2),"[-0.014752409480128292,0.5920559639977405,0.7990742987653257,1.0009977420914131]","[-0.011934058042823194,0.5982022254275557,0.8026676085171491,1.000612331064678]",,0.0,0.0,0.0,,0,,0,,,,,,,,0.0
nested_mixed,complementary,0.1,250,4,20101,fcrra-spent-diagnostic,1.0,1.0,1.0,6.718131331825656e-05,0.02589142705709367,0.0,1.0,0.0,frozen-v6-anchor,0.027154078468046364,0.03233314488288001,1.5455169469999532,3013876,sin(x1+x1^2);x2;x3^2,-0.003144 + 0.6035·x₂ + 0.7957·x₃² + 0.9967·sin(x₁+x₁²),"FCRRA spent-seed diagnostic; anchor=1,x2,x3^2,sin(x1+x1^2); exception=; in_bank=0; in_anchor=0; attempted=0; eligible_discovery=; eligible_selector=; numerator=None; denominator=None; gamma=None; anchor_role_ic=None; augmented_role_ic=None; outside_sse_max_diff=None; outside_prediction_max_diff=None; accepted=0; final=1,x2,x3^2,sin(x1+x1^2); wrapper_overhead_unoptimized=1",1.0,1.0,6,3,1.0,63,0,0,0,1;x2;x3^2;sin(x1+x1^2),G,balanced,250,250;250;250;250,753469.0,1;x2;x3^2;sin(x1+x1^2),1;x2;x3^2;sin(x1+x1^2),"[0.0028572154587263032,0.6052286201376991,0.7940035765219245,1.001484002489076]","[-0.0031436319720237814,0.6035228957896701,0.7956553279033096,0.9967106106071133]",,0.0,0.0,0.0,,0,,0,,,,,,,,0.0
nested_mixed,complementary,0.1,250,4,20102,fcrra-spent-diagnostic,1.0,1.0,1.0,2.5833084080524537e-05,0.025674980386219296,0.0,1.0,0.0,frozen-v6-anchor,0.026515935809263917,0.030872101915323004,1.549471849999975,3015722,sin(x1+x1^2);x2;x3^2,0.01349 + 0.6003·x₂ + 0.7969·x₃² + 1.005·sin(x₁+x₁²),"FCRRA spent-seed diagnostic; anchor=1,x2,x3^2,sin(x1+x1^2); exception=; in_bank=0; in_anchor=0; attempted=0; eligible_discovery=; eligible_selector=; numerator=None; denominator=None; gamma=None; anchor_role_ic=None; augmented_role_ic=None; outside_sse_max_diff=None; outside_prediction_max_diff=None; accepted=0; final=1,x2,x3^2,sin(x1+x1^2); wrapper_overhead_unoptimized=1",1.0,1.0,6,3,1.0,63,0,0,0,1;x2;x3^2;sin(x1+x1^2),G,balanced,250,250;250;250;250,753930.5,1;x2;x3^2;sin(x1+x1^2),1;x2;x3^2;sin(x1+x1^2),"[0.021115057127028075,0.6034241584667722,0.7930993976251413,1.0023897694326043]","[0.013492539846972355,0.6003490455167215,0.796904400527092,1.0046738496945848]",,0.0,0.0,0.0,,0,,0,,,,,,,,0.0
nested_mixed,complementary,0.1,250,4,20103,fcrra-spent-diagnostic,1.0,1.0,1.0,1.1644154935100147e-05,0.02248610003512394,0.0,1.0,0.0,frozen-v6-anchor,0.021388023314245296,0.03038515856499427,1.5911693589999913,3041585,sin(x1+x1^2);x2;x3^2,-0.001421 + 0.6022·x₂ + 0.8007·x₃² + 1.008·sin(x₁+x₁²),"FCRRA spent-seed diagnostic; anchor=1,x2,x3^2,sin(x1+x1^2); exception=; in_bank=0; in_anchor=0; attempted=0; eligible_discovery=; eligible_selector=; numerator=None; denominator=None; gamma=None; anchor_role_ic=None; augmented_role_ic=None; outside_sse_max_diff=None; outside_prediction_max_diff=None; accepted=0; final=1,x2,x3^2,sin(x1+x1^2); wrapper_overhead_unoptimized=1",1.0,1.0,5,2,1.0,32,0,0,0,1;x2;x3^2;sin(x1+x1^2),G,balanced,250,250;250;250;250,760396.25,1;x2;x3^2;sin(x1+x1^2),1;x2;x3^2;sin(x1+x1^2),"[0.0018628279164526473,0.6015342220451039,0.7994539363915234,1.0013563324101802]","[-0.0014213991747185858,0.6021963680820785,0.8006597034020982,1.0081021847548552]",,0.0,0.0,0.0,,0,,0,,,,,,,,0.0
nested_mixed,complementary,0.1,250,4,20104,fcrra-spent-diagnostic,1.0,1.0,1.0,4.716446120936794e-05,0.023442032321954003,0.0,1.0,0.0,frozen-v6-anchor,0.02466998746049743,0.02923270913339996,1.6094789269999978,3074889,sin(x1+x1^2);x2;x3^2,-0.01283 + 0.5979·x₂ + 0.8005·x₃² + 1.012·sin(x₁+x₁²),"FCRRA spent-seed diagnostic; anchor=1,x2,x3^2,sin(x1+x1^2); exception=; in_bank=0; in_anchor=0; attempted=0; eligible_discovery=; eligible_selector=; numerator=None; denominator=None; gamma=None; anchor_role_ic=None; augmented_role_ic=None; outside_sse_max_diff=None; outside_prediction_max_diff=None; accepted=0; final=1,x2,x3^2,sin(x1+x1^2); wrapper_overhead_unoptimized=1",1.0,1.0,6,3,1.0,63,0,0,0,1;x2;x3^2;sin(x1+x1^2),G,balanced,250,250;250;250;250,768722.25,1;x2;x3^2;sin(x1+x1^2),1;x2;x3^2;sin(x1+x1^2),"[-0.010453561925200305,0.5983998090242644,0.8006685216869035,1.0112212967735454]","[-0.012833234393726809,0.5979150028210353,0.800536972708241,1.0117554856694209]",,0.0,0.0,0.0,,0,,0,,,,,,,,0.0
nested_mixed,complementary,0.1,250,4,20105,fcrra-spent-diagnostic,1.0,1.0,1.0,4.335121163436771e-05,0.026170724441969044,0.0,1.0,0.0,frozen-v6-anchor,0.024024416450338516,0.029950185648264526,1.5667392080000013,3040065,sin(x1+x1^2);x2;x3^2,-0.006618 + 0.6029·x₂ + 0.8005·x₃² + 0.9855·sin(x₁+x₁²),"FCRRA spent-seed diagnostic; anchor=1,x2,x3^2,sin(x1+x1^2); exception=; in_bank=0; in_anchor=0; attempted=0; eligible_discovery=; eligible_selector=; numerator=None; denominator=None; gamma=None; anchor_role_ic=None; augmented_role_ic=None; outside_sse_max_diff=None; outside_prediction_max_diff=None; accepted=0; final=1,x2,x3^2,sin(x1+x1^2); wrapper_overhead_unoptimized=1",1.0,1.0,5,2,1.0,32,0,0,0,1;x2;x3^2;sin(x1+x1^2),G,balanced,250,250;250;250;250,760016.25,1;x2;x3^2;sin(x1+x1^2),1;x2;x3^2;sin(x1+x1^2),"[-0.010144748105954587,0.6033516752233896,0.8021882051200567,0.9800427220746268]","[-0.006617829769514104,0.6029290336386899,0.8005374516536622,0.985515301054864]",,0.0,0.0,0.0,,0,,0,,,,,,,,0.0
nested_mixed,complementary,0.2,100,4,20101,fcrra-spent-diagnostic,1.0,1.0,1.0,0.00017712497607486993,0.0985457594376294,0.0,1.0,0.0,frozen-v6-anchor,0.07249802219545304,0.09103055233939349,1.4981745310000179,2993211,sin(x1+x1^2);x2;x3^2,0.006896 + 0.6056·x₂ + 0.8043·x₃² + 1.021·sin(x₁+x₁²),"FCRRA spent-seed diagnostic; anchor=1,x2,x3^2,sin(x1+x1^2); exception=; in_bank=0; in_anchor=0; attempted=0; eligible_discovery=; eligible_selector=; numerator=None; denominator=None; gamma=None; anchor_role_ic=None; augmented_role_ic=None; outside_sse_max_diff=None; outside_prediction_max_diff=None; accepted=0; final=1,x2,x3^2,sin(x1+x1^2); wrapper_overhead_unoptimized=1",1.0,1.0,5,2,0.0,32,0,1,0,1;x2;x3^2;sin(x1+x1^2),G,balanced,100,100;100;100;100,748302.75,1;x2;x3^2;sin(x1+x1^2),1;x2;x3^2;sin(x1+x1^2),"[0.02389346926074154,0.6041540375652817,0.7952459809989065,1.0238055848863856]","[0.00689601949704374,0.6056312415902998,0.8043482883772847,1.0214887682486335]",,0.0,0.0,0.0,,0,,0,,,,,,,,0.0
nested_mixed,complementary,0.2,100,4,20102,fcrra-spent-diagnostic,1.0,1.0,1.0,0.00020098658861592272,0.10376024258295391,0.0,1.0,0.0,frozen-v6-anchor,0.10879965687270866,0.13349435254186137,1.4915889410000318,2999262,sin(x1+x1^2);x2;x3^2,-0.01651 + 0.5937·x₂ + 0.7962·x₃² + 1.004·sin(x₁+x₁²),"FCRRA spent-seed diagnostic; anchor=1,x2,x3^2,sin(x1+x1^2); exception=; in_bank=0; in_anchor=0; attempted=0; eligible_discovery=; eligible_selector=; numerator=None; denominator=None; gamma=None; anchor_role_ic=None; augmented_role_ic=None; outside_sse_max_diff=None; outside_prediction_max_diff=None; accepted=0; final=1,x2,x3^2,sin(x1+x1^2); wrapper_overhead_unoptimized=1",1.0,1.0,6,3,0.0,63,0,1,0,1;x2;x3^2;sin(x1+x1^2),G,balanced,100,100;100;100;100,749815.5,1;x2;x3^2;sin(x1+x1^2),1;x2;x3^2;sin(x1+x1^2),"[-0.03455399113237162,0.5908587645856341,0.7996660600246029,1.0106201715519214]","[-0.016511950863889194,0.5937008441710739,0.7961868261739689,1.0035959472838512]",,0.0,0.0,0.0,,0,,0,,,,,,,,0.0
nested_mixed,complementary,0.2,100,4,20103,fcrra-spent-diagnostic,1.0,1.0,1.0,0.0002790886714682388,0.11015543868447095,0.0,1.0,0.0,frozen-v6-anchor,0.1225208555948388,0.181353104433839,1.4962151409999933,2999272,sin(x1+x1^2);x2;x3^2,-0.02668 + 0.5987·x₂ + 0.8099·x₃² + 1.042·sin(x₁+x₁²),"FCRRA spent-seed diagnostic; anchor=1,x2,x3^2,sin(x1+x1^2); exception=; in_bank=0; in_anchor=0; attempted=0; eligible_discovery=; eligible_selector=; numerator=None; denominator=None; gamma=None; anchor_role_ic=None; augmented_role_ic=None; outside_sse_max_diff=None; outside_prediction_max_diff=None; accepted=0; final=1,x2,x3^2,sin(x1+x1^2); wrapper_overhead_unoptimized=1",1.0,1.0,6,3,1.0,63,0,0,0,1;x2;x3^2;sin(x1+x1^2),G,balanced,100,100;100;100;100,749818.0,1;x2;x3^2;sin(x1+x1^2),1;x2;x3^2;sin(x1+x1^2),"[-0.07047566993163606,0.5978946740141173,0.8213764749564197,1.0755158687973363]","[-0.026682464992782522,0.5987418685582986,0.8099085197660758,1.0417943775351404]",,0.0,0.0,0.0,,0,,0,,,,,,,,0.0
nested_mixed,complementary,0.2,100,4,20104,fcrra-spent-diagnostic,1.0,1.0,1.0,0.00025007093115159005,0.10510859307523263,0.0,1.0,0.0,frozen-v6-anchor,0.12768866834431283,0.16359070455968616,1.496963070999982,2997382,sin(x1+x1^2);x2;x3^2,-0.02987 + 0.609·x₂ + 0.8021·x₃² + 0.9964·sin(x₁+x₁²),"FCRRA spent-seed diagnostic; anchor=1,x2,x3^2,sin(x1+x1^2); exception=; in_bank=0; in_anchor=0; attempted=0; eligible_discovery=; eligible_selector=; numerator=None; denominator=None; gamma=None; anchor_role_ic=None; augmented_role_ic=None; outside_sse_max_diff=None; outside_prediction_max_diff=None; accepted=0; final=1,x2,x3^2,sin(x1+x1^2); wrapper_overhead_unoptimized=1",1.0,1.0,6,3,0.0,63,0,1,0,1;x2;x3^2;sin(x1+x1^2),G,balanced,100,100;100;100;100,749345.5,1;x2;x3^2;sin(x1+x1^2),1;x2;x3^2;sin(x1+x1^2),"[-0.030427438905812232,0.6102173555367825,0.7992808153986376,0.9698025314344809]","[-0.02987411683280114,0.6089681337407781,0.8020693505132841,0.9963707062861042]",,0.0,0.0,0.0,,0,,0,,,,,,,,0.0
nested_mixed,complementary,0.2,100,4,20105,fcrra-spent-diagnostic,1.0,1.0,1.0,8.061014683175279e-05,0.10092149228731476,0.0,1.0,0.0,frozen-v6-anchor,0.0726481503290189,0.10933739208014118,1.499827105999998,2996341,sin(x1+x1^2);x2;x3^2,-0.02387 + 0.5964·x₂ + 0.8053·x₃² + 1.001·sin(x₁+x₁²),"FCRRA spent-seed diagnostic; anchor=1,x2,x3^2,sin(x1+x1^2); exception=; in_bank=0; in_anchor=0; attempted=0; eligible_discovery=; eligible_selector=; numerator=None; denominator=None; gamma=None; anchor_role_ic=None; augmented_role_ic=None; outside_sse_max_diff=None; outside_prediction_max_diff=None; accepted=0; final=1,x2,x3^2,sin(x1+x1^2); wrapper_overhead_unoptimized=1",1.0,1.0,6,3,1.0,63,0,0,0,1;x2;x3^2;sin(x1+x1^2),G,balanced,100,100;100;100;100,749085.25,1;x2;x3^2;sin(x1+x1^2),1;x2;x3^2;sin(x1+x1^2),"[-0.029504818960642276,0.5841119279955819,0.7981485975307885,1.001995484184]","[-0.023868116114357425,0.5964044508629907,0.8053352170442066,1.0012246622127097]",,0.0,0.0,0.0,,0,,0,,,,,,,,0.0
nested_mixed,complementary,0.2,250,4,20101,fcrra-spent-diagnostic,1.0,1.0,1.0,0.00026872525321513954,0.10356570822837469,0.0,1.0,0.0,frozen-v6-anchor,0.10861631387221311,0.12933257953156155,1.5627643409999905,3011031,sin(x1+x1^2);x2;x3^2,-0.006287 + 0.607·x₂ + 0.7913·x₃² + 0.9934·sin(x₁+x₁²),"FCRRA spent-seed diagnostic; anchor=1,x2,x3^2,sin(x1+x1^2); exception=; in_bank=0; in_anchor=0; attempted=0; eligible_discovery=; eligible_selector=; numerator=None; denominator=None; gamma=None; anchor_role_ic=None; augmented_role_ic=None; outside_sse_max_diff=None; outside_prediction_max_diff=None; accepted=0; final=1,x2,x3^2,sin(x1+x1^2); wrapper_overhead_unoptimized=1",1.0,1.0,6,3,0.0,63,0,1,0,1;x2;x3^2;sin(x1+x1^2),G,balanced,250,250;250;250;250,752757.75,1;x2;x3^2;sin(x1+x1^2),1;x2;x3^2;sin(x1+x1^2),"[0.005714430917292512,0.6104572402754439,0.7880071530438989,1.0029680049786611]","[-0.006287263956052269,0.6070457915826434,0.7913106558103911,0.9934212212499591]",,0.0,0.0,0.0,,0,,0,,,,,,,,0.0
nested_mixed,complementary,0.2,250,4,20102,fcrra-spent-diagnostic,1.0,1.0,1.0,0.00010333233635672204,0.1026999215448772,0.0,1.0,0.0,frozen-v6-anchor,0.10606374323703589,0.12348840766126205,1.5586680540000089,3012761,sin(x1+x1^2);x2;x3^2,0.02699 + 0.6007·x₂ + 0.7938·x₃² + 1.009·sin(x₁+x₁²),"FCRRA spent-seed diagnostic; anchor=1,x2,x3^2,sin(x1+x1^2); exception=; in_bank=0; in_anchor=0; attempted=0; eligible_discovery=; eligible_selector=; numerator=None; denominator=None; gamma=None; anchor_role_ic=None; augmented_role_ic=None; outside_sse_max_diff=None; outside_prediction_max_diff=None; accepted=0; final=1,x2,x3^2,sin(x1+x1^2); wrapper_overhead_unoptimized=1",1.0,1.0,6,3,1.0,63,0,0,0,1;x2;x3^2;sin(x1+x1^2),G,balanced,250,250;250;250;250,753190.25,1;x2;x3^2;sin(x1+x1^2),1;x2;x3^2;sin(x1+x1^2),"[0.04223011425391987,0.6068483169336004,0.7861987952503264,1.0047795388656684]","[0.026985079684699265,0.6006980910373338,0.7938088010572695,1.009347699421693]",,0.0,0.0,0.0,,0,,0,,,,,,,,0.0
nested_mixed,complementary,0.2,250,4,20103,fcrra-spent-diagnostic,1.0,1.0,1.0,4.657661988861032e-05,0.08994440014049579,0.0,1.0,0.0,frozen-v6-anchor,0.085552093256952,0.12154063426000934,1.543133575000013,3009011,sin(x1+x1^2);x2;x3^2,-0.002843 + 0.6044·x₂ + 0.8013·x₃² + 1.016·sin(x₁+x₁²),"FCRRA spent-seed diagnostic; anchor=1,x2,x3^2,sin(x1+x1^2); exception=; in_bank=0; in_anchor=0; attempted=0; eligible_discovery=; eligible_selector=; numerator=None; denominator=None; gamma=None; anchor_role_ic=None; augmented_role_ic=None; outside_sse_max_diff=None; outside_prediction_max_diff=None; accepted=0; final=1,x2,x3^2,sin(x1+x1^2); wrapper_overhead_unoptimized=1",1.0,1.0,5,2,1.0,32,0,0,0,1;x2;x3^2;sin(x1+x1^2),G,balanced,250,250;250;250;250,752252.75,1;x2;x3^2;sin(x1+x1^2),1;x2;x3^2;sin(x1+x1^2),"[0.0037256558327409817,0.6030684440902504,0.7989078727830977,1.0027126648208449]","[-0.0028427983607218765,0.6043927361672462,0.801319406807616,1.0162043695438634]",,0.0,0.0,0.0,,0,,0,,,,,,,,0.0
nested_mixed,complementary,0.2,250,4,20104,fcrra-spent-diagnostic,1.0,1.0,1.0,0.00018865784498012117,0.09376812928781603,0.0,1.0,0.0,frozen-v6-anchor,0.09867994984199206,0.11693083653366763,1.548223944999961,3012879,sin(x1+x1^2);x2;x3^2,-0.02567 + 0.5958·x₂ + 0.8011·x₃² + 1.024·sin(x₁+x₁²),"FCRRA spent-seed diagnostic; anchor=1,x2,x3^2,sin(x1+x1^2); exception=; in_bank=0; in_anchor=0; attempted=0; eligible_discovery=; eligible_selector=; numerator=None; denominator=None; gamma=None; anchor_role_ic=None; augmented_role_ic=None; outside_sse_max_diff=None; outside_prediction_max_diff=None; accepted=0; final=1,x2,x3^2,sin(x1+x1^2); wrapper_overhead_unoptimized=1",1.0,1.0,6,3,1.0,63,0,0,0,1;x2;x3^2;sin(x1+x1^2),G,balanced,250,250;250;250;250,753219.75,1;x2;x3^2;sin(x1+x1^2),1;x2;x3^2;sin(x1+x1^2),"[-0.0209071238505657,0.5967996180485822,0.801337043373849,1.0224425935475694]","[-0.025666468798041697,0.5958300056455555,0.8010739454195108,1.023510971371165]",,0.0,0.0,0.0,,0,,0,,,,,,,,0.0
nested_mixed,complementary,0.2,250,4,20105,fcrra-spent-diagnostic,1.0,1.0,1.0,0.00017340484637861517,0.10468289776787616,0.0,1.0,0.0,frozen-v6-anchor,0.0960976658013459,0.11980074259303045,1.537504651000006,3008055,sin(x1+x1^2);x2;x3^2,-0.01324 + 0.6059·x₂ + 0.8011·x₃² + 0.971·sin(x₁+x₁²),"FCRRA spent-seed diagnostic; anchor=1,x2,x3^2,sin(x1+x1^2); exception=; in_bank=0; in_anchor=0; attempted=0; eligible_discovery=; eligible_selector=; numerator=None; denominator=None; gamma=None; anchor_role_ic=None; augmented_role_ic=None; outside_sse_max_diff=None; outside_prediction_max_diff=None; accepted=0; final=1,x2,x3^2,sin(x1+x1^2); wrapper_overhead_unoptimized=1",1.0,1.0,5,2,1.0,32,0,0,0,1;x2;x3^2;sin(x1+x1^2),G,balanced,250,250;250;250;250,752013.75,1;x2;x3^2;sin(x1+x1^2),1;x2;x3^2;sin(x1+x1^2),"[-0.0202894962120638,0.6067033504468233,0.8043764102401674,0.960085444149709]","[-0.013235659550178044,0.6058580672805112,0.8010749033110067,0.9710306021419629]",,0.0,0.0,0.0,,0,,0,,,,,,,,0.0
nested_mixed,spurious,0.1,100,4,20101,fcrra-spent-diagnostic,1.0,1.0,1.0,3.208653471312559e-05,0.018981321433591686,0.0,1.0,0.0,frozen-v6-anchor,0.016351451805961523,0.028426174710909892,1.579005508000023,3054006,sin(x1+x1^2);x2;x3^2,-0.01014 + 0.5984·x₂ + 0.8052·x₃² + 1.007·sin(x₁+x₁²),"FCRRA spent-seed diagnostic; anchor=1,x2,x3^2,sin(x1+x1^2); exception=; in_bank=0; in_anchor=0; attempted=0; eligible_discovery=; eligible_selector=; numerator=None; denominator=None; gamma=None; anchor_role_ic=None; augmented_role_ic=None; outside_sse_max_diff=None; outside_prediction_max_diff=None; accepted=0; final=1,x2,x3^2,sin(x1+x1^2); wrapper_overhead_unoptimized=1",1.0,1.0,5,2,1.0,32,0,0,0,1;x2;x3^2;sin(x1+x1^2),G,balanced,100,100;100;100;100,763501.5,1;x2;x3^2;sin(x1+x1^2),1;x2;x3^2;sin(x1+x1^2),"[-0.0177616402072171,0.601890756413997,0.80874870233991,1.0058812327264475]","[-0.010141365406752334,0.5984193047465561,0.8052448313478748,1.0074242354542746]",,0.0,0.0,0.0,,0,,0,,,,,,,,0.0
nested_mixed,spurious,0.1,100,4,20102,fcrra-spent-diagnostic,1.0,1.0,1.0,7.575712261383778e-05,0.01999587878200305,0.0,1.0,0.0,frozen-v6-anchor,0.021398804105866514,0.028578078783795036,1.494600730000002,2996869,sin(x1+x1^2);x2;x3^2,-0.01601 + 0.5952·x₂ + 0.8034·x₃² + 1.017·sin(x₁+x₁²),"FCRRA spent-seed diagnostic; anchor=1,x2,x3^2,sin(x1+x1^2); exception=; in_bank=0; in_anchor=0; attempted=0; eligible_discovery=; eligible_selector=; numerator=None; denominator=None; gamma=None; anchor_role_ic=None; augmented_role_ic=None; outside_sse_max_diff=None; outside_prediction_max_diff=None; accepted=0; final=1,x2,x3^2,sin(x1+x1^2); wrapper_overhead_unoptimized=1",1.0,1.0,5,2,1.0,32,0,0,0,1;x2;x3^2;sin(x1+x1^2),G,balanced,100,100;100;100;100,749217.25,1;x2;x3^2;sin(x1+x1^2),1;x2;x3^2;sin(x1+x1^2),"[-0.013025581296733452,0.5954152844314826,0.8057449967499227,1.0020467749047313]","[-0.0160097116077251,0.5951857769751236,0.8034179798986049,1.01716059552225]",,0.0,0.0,0.0,,0,,0,,,,,,,,0.0
nested_mixed,spurious,0.1,100,4,20103,fcrra-spent-diagnostic,1.0,1.0,1.0,5.942733154554744e-05,0.02605817663208355,0.0,1.0,0.0,frozen-v6-anchor,0.03150419222746142,0.05060945713418429,1.5345508139999993,3030274,sin(x1+x1^2);x2;x3^2,-0.0105 + 0.6003·x₂ + 0.8074·x₃² + 1.003·sin(x₁+x₁²),"FCRRA spent-seed diagnostic; anchor=1,x2,x3^2,sin(x1+x1^2); exception=; in_bank=0; in_anchor=0; attempted=0; eligible_discovery=; eligible_selector=; numerator=None; denominator=None; gamma=None; anchor_role_ic=None; augmented_role_ic=None; outside_sse_max_diff=None; outside_prediction_max_diff=None; accepted=0; final=1,x2,x3^2,sin(x1+x1^2); wrapper_overhead_unoptimized=1",1.0,1.0,6,3,1.0,63,0,0,0,1;x2;x3^2;sin(x1+x1^2),G,balanced,100,100;100;100;100,757568.5,1;x2;x3^2;sin(x1+x1^2),1;x2;x3^2;sin(x1+x1^2),"[-0.03114632389778843,0.6012512597504498,0.8128028712384292,1.024373613897417]","[-0.010501027427921961,0.6002869028004624,0.8074035656989753,1.0031798408466464]",,0.0,0.0,0.0,,0,,0,,,,,,,,0.0
nested_mixed,spurious,0.1,100,4,20104,fcrra-spent-diagnostic,1.0,1.0,1.0,9.708595926429278e-05,0.02728697410706787,0.0,1.0,0.0,frozen-v6-anchor,0.02222416412886332,0.02918162842856399,1.5391965979999895,3029465,sin(x1+x1^2);x2;x3^2,-0.01689 + 0.596·x₂ + 0.7995·x₃² + 1.004·sin(x₁+x₁²),"FCRRA spent-seed diagnostic; anchor=1,x2,x3^2,sin(x1+x1^2); exception=; in_bank=0; in_anchor=0; attempted=0; eligible_discovery=; eligible_selector=; numerator=None; denominator=None; gamma=None; anchor_role_ic=None; augmented_role_ic=None; outside_sse_max_diff=None; outside_prediction_max_diff=None; accepted=0; final=1,x2,x3^2,sin(x1+x1^2); wrapper_overhead_unoptimized=1",1.0,1.0,6,3,1.0,63,0,0,0,1;x2;x3^2;sin(x1+x1^2),G,balanced,100,100;100;100;100,757366.25,1;x2;x3^2;sin(x1+x1^2),1;x2;x3^2;sin(x1+x1^2),"[-0.005718932658769826,0.5997702164549832,0.7920135164784139,0.9997960271040353]","[-0.01688990540302186,0.5959935563113286,0.7995256832231581,1.003882658771637]",,0.0,0.0,0.0,,0,,0,,,,,,,,0.0
nested_mixed,spurious,0.1,100,4,20105,fcrra-spent-diagnostic,1.0,1.0,1.0,3.348212538041629e-05,0.02739277136901627,0.0,1.0,0.0,frozen-v6-anchor,0.03611414286294365,0.04321023437599744,1.5539469509999435,3030365,sin(x1+x1^2);x2;x3^2,-0.01395 + 0.597·x₂ + 0.8027·x₃² + 0.9999·sin(x₁+x₁²),"FCRRA spent-seed diagnostic; anchor=1,x2,x3^2,sin(x1+x1^2); exception=; in_bank=0; in_anchor=0; attempted=0; eligible_discovery=; eligible_selector=; numerator=None; denominator=None; gamma=None; anchor_role_ic=None; augmented_role_ic=None; outside_sse_max_diff=None; outside_prediction_max_diff=None; accepted=0; final=1,x2,x3^2,sin(x1+x1^2); wrapper_overhead_unoptimized=1",1.0,1.0,6,3,1.0,63,0,0,0,1;x2;x3^2;sin(x1+x1^2),G,balanced,100,100;100;100;100,757591.25,1;x2;x3^2;sin(x1+x1^2),1;x2;x3^2;sin(x1+x1^2),"[0.0005853852150575212,0.5966461472567904,0.8009930734729854,0.9938732353349501]","[-0.013948217797808865,0.59697272792285,0.8026695197482785,0.9999146129296959]",,0.0,0.0,0.0,,0,,0,,,,,,,,0.0
nested_mixed,spurious,0.1,250,4,20101,fcrra-spent-diagnostic,1.0,1.0,1.0,5.601507211756179e-05,0.023415499892026497,0.0,1.0,0.0,frozen-v6-anchor,0.024330165675113494,0.03419251405248713,1.5433902379999722,3014455,sin(x1+x1^2);x2;x3^2,-0.01411 + 0.605·x₂ + 0.8029·x₃² + 0.9913·sin(x₁+x₁²),"FCRRA spent-seed diagnostic; anchor=1,x2,x3^2,sin(x1+x1^2); exception=; in_bank=0; in_anchor=0; attempted=0; eligible_discovery=; eligible_selector=; numerator=None; denominator=None; gamma=None; anchor_role_ic=None; augmented_role_ic=None; outside_sse_max_diff=None; outside_prediction_max_diff=None; accepted=0; final=1,x2,x3^2,sin(x1+x1^2); wrapper_overhead_unoptimized=1",1.0,1.0,6,3,1.0,63,0,0,0,1;x2;x3^2;sin(x1+x1^2),G,balanced,250,250;250;250;250,753613.75,1;x2;x3^2;sin(x1+x1^2),1;x2;x3^2;sin(x1+x1^2),"[-0.013346044277805058,0.6005365700393868,0.8010940341572095,0.9865218465599903]","[-0.014105939947488091,0.6049742459454067,0.8029344527911337,0.9913440970867334]",,0.0,0.0,0.0,,0,,0,,,,,,,,0.0
nested_mixed,spurious,0.1,250,4,20102,fcrra-spent-diagnostic,1.0,1.0,1.0,6.063626270619203e-05,0.02766790567782499,0.0,1.0,0.0,frozen-v6-anchor,0.0286494506680498,0.035046835103193605,1.5652808750000418,3014371,sin(x1+x1^2);x2;x3^2,0.01167 + 0.596·x₂ + 0.7952·x₃² + 0.9843·sin(x₁+x₁²),"FCRRA spent-seed diagnostic; anchor=1,x2,x3^2,sin(x1+x1^2); exception=; in_bank=0; in_anchor=0; attempted=0; eligible_discovery=; eligible_selector=; numerator=None; denominator=None; gamma=None; anchor_role_ic=None; augmented_role_ic=None; outside_sse_max_diff=None; outside_prediction_max_diff=None; accepted=0; final=1,x2,x3^2,sin(x1+x1^2); wrapper_overhead_unoptimized=1",1.0,1.0,6,3,1.0,63,0,0,0,1;x2;x3^2;sin(x1+x1^2),G,balanced,250,250;250;250;250,753592.75,1;x2;x3^2;sin(x1+x1^2),1;x2;x3^2;sin(x1+x1^2),"[0.0053999892571764685,0.5929035758335107,0.7975876891312128,0.9885036222011078]","[0.011672136048890851,0.595971124066778,0.7952325672038151,0.9842903148410399]",,0.0,0.0,0.0,,0,,0,,,,,,,,0.0
nested_mixed,spurious,0.1,250,4,20103,fcrra-spent-diagnostic,1.0,1.0,1.0,1.6704653426003638e-05,0.022988533061428187,0.0,1.0,0.0,frozen-v6-anchor,0.025705358877757854,0.032247420172170894,1.5510178650000057,3011421,sin(x1+x1^2);x2;x3^2,0.01007 + 0.5997·x₂ + 0.7958·x₃² + 1·sin(x₁+x₁²),"FCRRA spent-seed diagnostic; anchor=1,x2,x3^2,sin(x1+x1^2); exception=; in_bank=0; in_anchor=0; attempted=0; eligible_discovery=; eligible_selector=; numerator=None; denominator=None; gamma=None; anchor_role_ic=None; augmented_role_ic=None; outside_sse_max_diff=None; outside_prediction_max_diff=None; accepted=0; final=1,x2,x3^2,sin(x1+x1^2); wrapper_overhead_unoptimized=1",1.0,1.0,5,2,1.0,32,0,0,0,1;x2;x3^2;sin(x1+x1^2),G,balanced,250,250;250;250;250,752855.25,1;x2;x3^2;sin(x1+x1^2),1;x2;x3^2;sin(x1+x1^2),"[0.004541591176726811,0.5983705040514808,0.796629369994499,1.0037199363065654]","[0.010065366608924002,0.5996558638755097,0.7958339044595991,1.000368062697064]",,0.0,0.0,0.0,,0,,0,,,,,,,,0.0
nested_mixed,spurious,0.1,250,4,20104,fcrra-spent-diagnostic,1.0,1.0,1.0,8.37405948757424e-06,0.023852094147317936,0.0,1.0,0.0,frozen-v6-anchor,0.02246643434809756,0.03224469284943577,1.629010514000015,3074242,sin(x1+x1^2);x2;x3^2,-0.00459 + 0.6019·x₂ + 0.801·x₃² + 0.9957·sin(x₁+x₁²),"FCRRA spent-seed diagnostic; anchor=1,x2,x3^2,sin(x1+x1^2); exception=; in_bank=0; in_anchor=0; attempted=0; eligible_discovery=; eligible_selector=; numerator=None; denominator=None; gamma=None; anchor_role_ic=None; augmented_role_ic=None; outside_sse_max_diff=None; outside_prediction_max_diff=None; accepted=0; final=1,x2,x3^2,sin(x1+x1^2); wrapper_overhead_unoptimized=1",1.0,1.0,6,3,1.0,63,0,0,0,1;x2;x3^2;sin(x1+x1^2),G,balanced,250,250;250;250;250,768560.5,1;x2;x3^2;sin(x1+x1^2),1;x2;x3^2;sin(x1+x1^2),"[-0.0045054666126111975,0.6049388582721087,0.8012764880836922,0.9937730430745719]","[-0.004589810250252101,0.6019172280749949,0.8009660420167765,0.9956876257564308]",,0.0,0.0,0.0,,0,,0,,,,,,,,0.0
nested_mixed,spurious,0.1,250,4,20105,fcrra-spent-diagnostic,1.0,1.0,1.0,2.651758120841842e-05,0.027537205250870615,0.0,1.0,0.0,frozen-v6-anchor,0.031051685535287737,0.0432623438236204,1.5930106529999648,3015234,sin(x1+x1^2);x2;x3^2,-0.003833 + 0.5984·x₂ + 0.7993·x₃² + 0.9888·sin(x₁+x₁²),"FCRRA spent-seed diagnostic; anchor=1,x2,x3^2,sin(x1+x1^2); exception=; in_bank=0; in_anchor=0; attempted=0; eligible_discovery=; eligible_selector=; numerator=None; denominator=None; gamma=None; anchor_role_ic=None; augmented_role_ic=None; outside_sse_max_diff=None; outside_prediction_max_diff=None; accepted=0; final=1,x2,x3^2,sin(x1+x1^2); wrapper_overhead_unoptimized=1",1.0,1.0,6,3,1.0,63,0,0,0,1;x2;x3^2;sin(x1+x1^2),G,balanced,250,250;250;250;250,753808.5,1;x2;x3^2;sin(x1+x1^2),1;x2;x3^2;sin(x1+x1^2),"[-0.007750074255864742,0.5991041946040869,0.799396053827174,0.9879122767638753]","[-0.003833178300415589,0.5984220174508744,0.7993144349946212,0.9888182578674719]",,0.0,0.0,0.0,,0,,0,,,,,,,,0.0
nested_mixed,spurious,0.2,100,4,20101,fcrra-spent-diagnostic,1.0,1.0,1.0,0.00012834613932122266,0.07592528573436674,0.0,1.0,0.0,frozen-v6-anchor,0.0654058072238596,0.11370469884348276,1.5055205990000218,2991905,sin(x1+x1^2);x2;x3^2,-0.02028 + 0.5968·x₂ + 0.8105·x₃² + 1.015·sin(x₁+x₁²),"FCRRA spent-seed diagnostic; anchor=1,x2,x3^2,sin(x1+x1^2); exception=; in_bank=0; in_anchor=0; attempted=0; eligible_discovery=; eligible_selector=; numerator=None; denominator=None; gamma=None; anchor_role_ic=None; augmented_role_ic=None; outside_sse_max_diff=None; outside_prediction_max_diff=None; accepted=0; final=1,x2,x3^2,sin(x1+x1^2); wrapper_overhead_unoptimized=1",1.0,1.0,5,2,1.0,32,0,0,0,1;x2;x3^2;sin(x1+x1^2),G,balanced,100,100;100;100;100,747976.25,1;x2;x3^2;sin(x1+x1^2),1;x2;x3^2;sin(x1+x1^2),"[-0.03552328041488528,0.6037815128281685,0.8174974046800045,1.0117624654541526]","[-0.020282730847747253,0.5968386095037337,0.8104896627100792,1.0148484709917358]",,0.0,0.0,0.0,,0,,0,,,,,,,,0.0
nested_mixed,spurious,0.2,100,4,20102,fcrra-spent-diagnostic,1.0,1.0,1.0,0.00030302849099679053,0.07998351512801222,0.0,1.0,0.0,frozen-v6-anchor,0.08559521642335911,0.11431231513501909,1.5258610129999965,2993494,sin(x1+x1^2);x2;x3^2,-0.03202 + 0.5904·x₂ + 0.8068·x₃² + 1.034·sin(x₁+x₁²),"FCRRA spent-seed diagnostic; anchor=1,x2,x3^2,sin(x1+x1^2); exception=; in_bank=0; in_anchor=0; attempted=0; eligible_discovery=; eligible_selector=; numerator=None; denominator=None; gamma=None; anchor_role_ic=None; augmented_role_ic=None; outside_sse_max_diff=None; outside_prediction_max_diff=None; accepted=0; final=1,x2,x3^2,sin(x1+x1^2); wrapper_overhead_unoptimized=1",1.0,1.0,5,2,1.0,32,0,0,0,1;x2;x3^2;sin(x1+x1^2),G,balanced,100,100;100;100;100,748373.5,1;x2;x3^2;sin(x1+x1^2),1;x2;x3^2;sin(x1+x1^2),"[-0.026051162593806326,0.5908305688630723,0.8114899934999632,1.0040935498106007]","[-0.032019423242124714,0.5903715539586873,0.8068359598070259,1.0343211911240324]",,0.0,0.0,0.0,,0,,0,,,,,,,,0.0
nested_mixed,spurious,0.2,100,4,20103,fcrra-spent-diagnostic,1.0,1.0,1.0,0.00023770932648007486,0.10423270652833416,0.0,1.0,0.0,frozen-v6-anchor,0.12601676890990052,0.20243782853686695,1.54381926100001,3026984,sin(x1+x1^2);x2;x3^2,-0.021 + 0.6006·x₂ + 0.8148·x₃² + 1.006·sin(x₁+x₁²),"FCRRA spent-seed diagnostic; anchor=1,x2,x3^2,sin(x1+x1^2); exception=; in_bank=0; in_anchor=0; attempted=0; eligible_discovery=; eligible_selector=; numerator=None; denominator=None; gamma=None; anchor_role_ic=None; augmented_role_ic=None; outside_sse_max_diff=None; outside_prediction_max_diff=None; accepted=0; final=1,x2,x3^2,sin(x1+x1^2); wrapper_overhead_unoptimized=1",1.0,1.0,6,3,1.0,63,0,0,0,1;x2;x3^2;sin(x1+x1^2),G,balanced,100,100;100;100;100,756746.0,1;x2;x3^2;sin(x1+x1^2),1;x2;x3^2;sin(x1+x1^2),"[-0.0622926477959983,0.6025025195009952,0.8256057424769864,1.048747227796027]","[-0.021002054882820483,0.6005738056085166,0.8148071314053055,1.0063596817761922]",,0.0,0.0,0.0,,0,,0,,,,,,,,0.0
nested_mixed,spurious,0.2,100,4,20104,fcrra-spent-diagnostic,1.0,1.0,1.0,0.0003883438370649273,0.10914789642827152,0.0,1.0,0.0,frozen-v6-anchor,0.08889665651540077,0.1167265137143391,1.507710942000017,2996768,sin(x1+x1^2);x2;x3^2,-0.03378 + 0.592·x₂ + 0.7991·x₃² + 1.008·sin(x₁+x₁²),"FCRRA spent-seed diagnostic; anchor=1,x2,x3^2,sin(x1+x1^2); exception=; in_bank=0; in_anchor=0; attempted=0; eligible_discovery=; eligible_selector=; numerator=None; denominator=None; gamma=None; anchor_role_ic=None; augmented_role_ic=None; outside_sse_max_diff=None; outside_prediction_max_diff=None; accepted=0; final=1,x2,x3^2,sin(x1+x1^2); wrapper_overhead_unoptimized=1",1.0,1.0,6,3,0.0,63,0,1,0,1;x2;x3^2;sin(x1+x1^2),G,balanced,100,100;100;100;100,749192.0,1;x2;x3^2;sin(x1+x1^2),1;x2;x3^2;sin(x1+x1^2),"[-0.011437865317984075,0.599540432910028,0.7840270329569689,0.9995920542091777]","[-0.033779810831564616,0.5919871126283905,0.799051366454997,1.007765317619462]",,0.0,0.0,0.0,,0,,0,,,,,,,,0.0
nested_mixed,spurious,0.2,100,4,20105,fcrra-spent-diagnostic,1.0,1.0,1.0,0.00013392850152556712,0.10957108547606506,0.0,1.0,0.0,frozen-v6-anchor,0.1444565714517313,0.17284093750385027,1.4978340369999614,2998106,sin(x1+x1^2);x2;x3^2,-0.0279 + 0.5939·x₂ + 0.8053·x₃² + 0.9998·sin(x₁+x₁²),"FCRRA spent-seed diagnostic; anchor=1,x2,x3^2,sin(x1+x1^2); exception=; in_bank=0; in_anchor=0; attempted=0; eligible_discovery=; eligible_selector=; numerator=None; denominator=None; gamma=None; anchor_role_ic=None; augmented_role_ic=None; outside_sse_max_diff=None; outside_prediction_max_diff=None; accepted=0; final=1,x2,x3^2,sin(x1+x1^2); wrapper_overhead_unoptimized=1",1.0,1.0,6,3,1.0,63,0,0,0,1;x2;x3^2;sin(x1+x1^2),G,balanced,100,100;100;100;100,749526.5,1;x2;x3^2;sin(x1+x1^2),1;x2;x3^2;sin(x1+x1^2),"[0.0011707704297468369,0.593292294513656,0.801986146946096,0.9877464706710772]","[-0.027896435620809533,0.5939454558520555,0.8053390395055344,0.9998292259439775]",,0.0,0.0,0.0,,0,,0,,,,,,,,0.0
nested_mixed,spurious,0.2,250,4,20101,fcrra-spent-diagnostic,1.0,1.0,1.0,0.00022406028846172246,0.09366199956810599,0.0,1.0,0.0,frozen-v6-anchor,0.09732066270043363,0.136770056209957,1.5524407219999716,3011916,sin(x1+x1^2);x2;x3^2,-0.02821 + 0.6099·x₂ + 0.8059·x₃² + 0.9827·sin(x₁+x₁²),"FCRRA spent-seed diagnostic; anchor=1,x2,x3^2,sin(x1+x1^2); exception=; in_bank=0; in_anchor=0; attempted=0; eligible_discovery=; eligible_selector=; numerator=None; denominator=None; gamma=None; anchor_role_ic=None; augmented_role_ic=None; outside_sse_max_diff=None; outside_prediction_max_diff=None; accepted=0; final=1,x2,x3^2,sin(x1+x1^2); wrapper_overhead_unoptimized=1",1.0,1.0,6,3,1.0,63,0,0,0,1;x2;x3^2;sin(x1+x1^2),G,balanced,250,250;250;250;250,752979.0,1;x2;x3^2;sin(x1+x1^2),1;x2;x3^2;sin(x1+x1^2),"[-0.026692088555785087,0.601073140078816,0.8021880683144824,0.9730436931204665]","[-0.028211879906963732,0.6099484918944431,0.8058689055865453,0.9826881942072403]",,0.0,0.0,0.0,,0,,0,,,,,,,,0.0
nested_mixed,spurious,0.2,250,4,20102,fcrra-spent-diagnostic,1.0,1.0,1.0,0.00024254505049989963,0.11067162271129996,0.0,1.0,0.0,frozen-v6-anchor,0.11459780267217971,0.14018734041272296,1.5548477369999887,3011687,sin(x1+x1^2);x2;x3^2,0.02334 + 0.5919·x₂ + 0.7905·x₃² + 0.9686·sin(x₁+x₁²),"FCRRA spent-seed diagnostic; anchor=1,x2,x3^2,sin(x1+x1^2); exception=; in_bank=0; in_anchor=0; attempted=0; eligible_discovery=; eligible_selector=; numerator=None; denominator=None; gamma=None; anchor_role_ic=None; augmented_role_ic=None; outside_sse_max_diff=None; outside_prediction_max_diff=None; accepted=0; final=1,x2,x3^2,sin(x1+x1^2); wrapper_overhead_unoptimized=1",1.0,1.0,6,3,1.0,63,0,0,0,1;x2;x3^2;sin(x1+x1^2),G,balanced,250,250;250;250;250,752921.75,1;x2;x3^2;sin(x1+x1^2),1;x2;x3^2;sin(x1+x1^2),"[0.010799978514177966,0.5858071516670676,0.7951753782624845,0.9770072444027096]","[0.0233442720869896,0.5919422481366841,0.7904651344113497,0.968580629715072]",,0.0,0.0,0.0,,0,,0,,,,,,,,0.0
nested_mixed,spurious,0.2,250,4,20103,fcrra-spent-diagnostic,1.0,1.0,1.0,6.68186136507306e-05,0.09195413224571274,0.0,1.0,0.0,frozen-v6-anchor,0.10282143551103899,0.12898968068867206,1.5625291329999982,3009003,sin(x1+x1^2);x2;x3^2,0.02013 + 0.5993·x₂ + 0.7917·x₃² + 1.001·sin(x₁+x₁²),"FCRRA spent-seed diagnostic; anchor=1,x2,x3^2,sin(x1+x1^2); exception=; in_bank=0; in_anchor=0; attempted=0; eligible_discovery=; eligible_selector=; numerator=None; denominator=None; gamma=None; anchor_role_ic=None; augmented_role_ic=None; outside_sse_max_diff=None; outside_prediction_max_diff=None; accepted=0; final=1,x2,x3^2,sin(x1+x1^2); wrapper_overhead_unoptimized=1",1.0,1.0,5,2,1.0,32,0,0,0,1;x2;x3^2;sin(x1+x1^2),G,balanced,250,250;250;250;250,752250.75,1;x2;x3^2;sin(x1+x1^2),1;x2;x3^2;sin(x1+x1^2),"[0.009083182353313207,0.5967410081029981,0.7932587399890434,1.007439872613599]","[0.020130733207272294,0.599311727753812,0.7916678089228202,1.0007361254278917]",,0.0,0.0,0.0,,0,,0,,,,,,,,0.0
nested_mixed,spurious,0.2,250,4,20104,fcrra-spent-diagnostic,1.0,1.0,1.0,3.3496237928491104e-05,0.09540837658927175,0.0,1.0,0.0,frozen-v6-anchor,0.089865737392384,0.12897877139773078,1.5592250709999576,3012215,sin(x1+x1^2);x2;x3^2,-0.00918 + 0.6038·x₂ + 0.8019·x₃² + 0.9914·sin(x₁+x₁²),"FCRRA spent-seed diagnostic; anchor=1,x2,x3^2,sin(x1+x1^2); exception=; in_bank=0; in_anchor=0; attempted=0; eligible_discovery=; eligible_selector=; numerator=None; denominator=None; gamma=None; anchor_role_ic=None; augmented_role_ic=None; outside_sse_max_diff=None; outside_prediction_max_diff=None; accepted=0; final=1,x2,x3^2,sin(x1+x1^2); wrapper_overhead_unoptimized=1",1.0,1.0,6,3,1.0,63,0,0,0,1;x2;x3^2;sin(x1+x1^2),G,balanced,250,250;250;250;250,753053.75,1;x2;x3^2;sin(x1+x1^2),1;x2;x3^2;sin(x1+x1^2),"[-0.009010933225386042,0.609877716544261,0.8025529761674334,0.987546086149611]","[-0.009179620511408618,0.6038344561533406,0.8019320840368467,0.9913752515449242]",,0.0,0.0,0.0,,0,,0,,,,,,,,0.0
nested_mixed,spurious,0.2,250,4,20105,fcrra-spent-diagnostic,1.0,1.0,1.0,0.00010607032466357953,0.11014882100348246,0.0,1.0,0.0,frozen-v6-anchor,0.12420674214115066,0.17304937529444167,1.5654662069999858,3012504,sin(x1+x1^2);x2;x3^2,-0.007666 + 0.5968·x₂ + 0.7986·x₃² + 0.9776·sin(x₁+x₁²),"FCRRA spent-seed diagnostic; anchor=1,x2,x3^2,sin(x1+x1^2); exception=; in_bank=0; in_anchor=0; attempted=0; eligible_discovery=; eligible_selector=; numerator=None; denominator=None; gamma=None; anchor_role_ic=None; augmented_role_ic=None; outside_sse_max_diff=None; outside_prediction_max_diff=None; accepted=0; final=1,x2,x3^2,sin(x1+x1^2); wrapper_overhead_unoptimized=1",1.0,1.0,6,3,1.0,63,0,0,0,1;x2;x3^2;sin(x1+x1^2),G,balanced,250,250;250;250;250,753126.0,1;x2;x3^2;sin(x1+x1^2),1;x2;x3^2;sin(x1+x1^2),"[-0.015500148511864958,0.5982083892082162,0.7987921076543927,0.9758245535281841]","[-0.0076663566108957915,0.5968440349049616,0.7986288699925179,0.9776365157658194]",,0.0,0.0,0.0,,0,,0,,,,,,,,0.0
nested_mixed,exception,0.1,100,4,20101,fcrra-spent-diagnostic,1.0,1.0,1.0,0.0001110215907663513,0.07921663271123831,0.0,1.0,0.0,frozen-v6-anchor,0.05617035202486906,0.06981492821305389,2.500973572000021,3716338,I(x3>1)*x3^2;sin(x1+x1^2);x2;x3^2,-0.01028 + 0.6032·x₂ + 0.8124·x₃² + 0.7473·𝟙[x₃>1]·x₃² + 1.021·sin(x₁+x₁²),"FCRRA spent-seed diagnostic; anchor=1,x2,x3^2,I(x3>1)*x3^2,sin(x1+x1^2); exception=I(x3>1)*x3^2; in_bank=1; in_anchor=1; attempted=0; eligible_discovery=; eligible_selector=; numerator=None; denominator=None; gamma=None; anchor_role_ic=None; augmented_role_ic=None; outside_sse_max_diff=None; outside_prediction_max_diff=None; accepted=0; final=1,x2,x3^2,I(x3>1)*x3^2,sin(x1+x1^2); wrapper_overhead_unoptimized=1",1.0,1.0,5,1,1.0,32,0,0,1,1;x2;x3^2;I(x3>1)*x3^2;sin(x1+x1^2),G,balanced,100,100;100;100;100,929084.5,1;x2;x3^2;I(x3>1)*x3^2;sin(x1+x1^2),1;x2;x3^2;I(x3>1)*x3^2;sin(x1+x1^2),"[-0.008614408526088036,0.5988191475699447,0.8088797686865626,0.7561186298946638,1.0247737578837568]","[-0.010284846972601177,0.6032358995256095,0.8124199898253796,0.7473377036134136,1.0209955023765003]",I(x3>1)*x3^2,1.0,1.0,0.0,,0,,0,,,,,,,,0.0
nested_mixed,exception,0.1,100,4,20102,fcrra-spent-diagnostic,1.0,1.0,1.0,0.0001200259330121354,0.07906154463529877,0.0,1.0,0.0,frozen-v6-anchor,0.08238587426437824,0.0996919762225223,2.3142357809999794,3593747,I(x3>1)*x3^2;sin(x1+x1^2);x2;x3^2,-0.003692 + 0.6006·x₂ + 0.7998·x₃² + 0.7358·𝟙[x₃>1]·x₃² + 1·sin(x₁+x₁²),"FCRRA spent-seed diagnostic; anchor=1,x2,x3^2,I(x3>1)*x3^2,sin(x1+x1^2); exception=I(x3>1)*x3^2; in_bank=1; in_anchor=1; attempted=0; eligible_discovery=; eligible_selector=; numerator=None; denominator=None; gamma=None; anchor_role_ic=None; augmented_role_ic=None; outside_sse_max_diff=None; outside_prediction_max_diff=None; accepted=0; final=1,x2,x3^2,I(x3>1)*x3^2,sin(x1+x1^2); wrapper_overhead_unoptimized=1",1.0,1.0,6,2,1.0,63,0,0,1,1;x2;x3^2;I(x3>1)*x3^2;sin(x1+x1^2),G,balanced,100,100;100;100;100,898436.75,1;x2;x3^2;I(x3>1)*x3^2;sin(x1+x1^2),1;x2;x3^2;I(x3>1)*x3^2;sin(x1+x1^2),"[-0.011982457658505488,0.5976178403278819,0.7974773386141796,0.7386152312939375,1.0046937621406113]","[-0.003691589569901203,0.6005800694907931,0.7998105539647329,0.7358432289436717,1.000343032719239]",I(x3>1)*x3^2,1.0,1.0,0.0,,0,,0,,,,,,,,0.0
nested_mixed,exception,0.1,100,4,20103,fcrra-spent-diagnostic,1.0,1.0,1.0,0.00015602037753355906,0.0897679402280335,0.0,1.0,0.0,frozen-v6-anchor,0.09746532308728331,0.14535239201525202,2.168740464999985,3498105,I(x3>1)*x3^2;sin(x1+x1^2);x2;x3^2,0.003964 + 0.5963·x₂ + 0.7871·x₃² + 0.7619·𝟙[x₃>1]·x₃² + 1.041·sin(x₁+x₁²),"FCRRA spent-seed diagnostic; anchor=1,x2,x3^2,I(x3>1)*x3^2,sin(x1+x1^2); exception=I(x3>1)*x3^2; in_bank=1; in_anchor=1; attempted=0; eligible_discovery=; eligible_selector=; numerator=None; denominator=None; gamma=None; anchor_role_ic=None; augmented_role_ic=None; outside_sse_max_diff=None; outside_prediction_max_diff=None; accepted=0; final=1,x2,x3^2,I(x3>1)*x3^2,sin(x1+x1^2); wrapper_overhead_unoptimized=1",1.0,1.0,5,1,1.0,32,0,0,1,1;x2;x3^2;I(x3>1)*x3^2;sin(x1+x1^2),G,balanced,100,100;100;100;100,874526.25,1;x2;x3^2;I(x3>1)*x3^2;sin(x1+x1^2),1;x2;x3^2;I(x3>1)*x3^2;sin(x1+x1^2),"[-0.022274090366961773,0.5934081722062042,0.7853278326362645,0.768786529961845,1.0714641059583907]","[0.003963659665645033,0.5963076628407752,0.7870846079300842,0.7619010082469703,1.0407872656773542]",I(x3>1)*x3^2,1.0,1.0,0.0,,0,,0,,,,,,,,0.0
nested_mixed,exception,0.1,100,4,20104,fcrra-spent-diagnostic,1.0,1.0,1.0,0.00015276965716107848,0.08457114665382347,0.0,1.0,0.0,frozen-v6-anchor,0.10477867498834322,0.13516727869369588,2.2140501100000165,3530089,I(x3>1)*x3^2;sin(x1+x1^2);x2;x3^2,-0.04793 + 0.6053·x₂ + 0.8107·x₃² + 0.7524·𝟙[x₃>1]·x₃² + 0.9956·sin(x₁+x₁²),"FCRRA spent-seed diagnostic; anchor=1,x2,x3^2,I(x3>1)*x3^2,sin(x1+x1^2); exception=I(x3>1)*x3^2; in_bank=1; in_anchor=1; attempted=0; eligible_discovery=; eligible_selector=; numerator=None; denominator=None; gamma=None; anchor_role_ic=None; augmented_role_ic=None; outside_sse_max_diff=None; outside_prediction_max_diff=None; accepted=0; final=1,x2,x3^2,I(x3>1)*x3^2,sin(x1+x1^2); wrapper_overhead_unoptimized=1",1.0,1.0,6,2,0.0,63,0,1,1,1;x2;x3^2;I(x3>1)*x3^2;sin(x1+x1^2),G,balanced,100,100;100;100;100,882522.25,1;x2;x3^2;I(x3>1)*x3^2;sin(x1+x1^2),1;x2;x3^2;I(x3>1)*x3^2;sin(x1+x1^2),"[-0.04916599511826118,0.6065924864296728,0.808066840590359,0.7542831781531482,0.972889650165207]","[-0.04793358589739883,0.6052733185431427,0.8107486367332026,0.7523639251147926,0.9955822767742765]",I(x3>1)*x3^2,1.0,1.0,0.0,,0,,0,,,,,,,,0.0
nested_mixed,exception,0.1,100,4,20105,fcrra-spent-diagnostic,1.0,1.0,1.0,8.197657576491875e-05,0.08493712974430377,0.0,1.0,0.0,frozen-v6-anchor,0.06385609587104153,0.09641043493041555,2.255515241000012,3561987,I(x3>1)*x3^2;sin(x1+x1^2);x2;x3^2,-0.01801 + 0.5927·x₂ + 0.7964·x₃² + 0.7607·𝟙[x₃>1]·x₃² + 1.003·sin(x₁+x₁²),"FCRRA spent-seed diagnostic; anchor=1,x2,x3^2,I(x3>1)*x3^2,sin(x1+x1^2); exception=I(x3>1)*x3^2; in_bank=1; in_anchor=1; attempted=0; eligible_discovery=; eligible_selector=; numerator=None; denominator=None; gamma=None; anchor_role_ic=None; augmented_role_ic=None; outside_sse_max_diff=None; outside_prediction_max_diff=None; accepted=0; final=1,x2,x3^2,I(x3>1)*x3^2,sin(x1+x1^2); wrapper_overhead_unoptimized=1",1.0,1.0,6,2,1.0,63,0,0,1,1;x2;x3^2;I(x3>1)*x3^2;sin(x1+x1^2),G,balanced,100,100;100;100;100,890496.75,1;x2;x3^2;I(x3>1)*x3^2;sin(x1+x1^2),1;x2;x3^2;I(x3>1)*x3^2;sin(x1+x1^2),"[-0.02520206718474767,0.580243635663166,0.7881986028048441,0.7681426191463747,1.0037054353906039]","[-0.018006782103120605,0.5926947802850678,0.7963828757807621,0.7606797903629383,1.002673791964141]",I(x3>1)*x3^2,1.0,1.0,0.0,,0,,0,,,,,,,,0.0
nested_mixed,exception,0.1,250,4,20101,fcrra-spent-diagnostic,1.0,1.0,1.0,0.00011567276290016902,0.08227934388196265,0.0,1.0,0.0,frozen-v6-anchor,0.08696293557938818,0.10570156012867542,1.9785217110000417,3359457,I(x3>1)*x3^2;sin(x1+x1^2);x2;x3^2,-0.0007077 + 0.6096·x₂ + 0.7948·x₃² + 0.7445·𝟙[x₃>1]·x₃² + 0.9917·sin(x₁+x₁²),"FCRRA spent-seed diagnostic; anchor=1,x2,x3^2,I(x3>1)*x3^2,sin(x1+x1^2); exception=I(x3>1)*x3^2; in_bank=1; in_anchor=1; attempted=0; eligible_discovery=; eligible_selector=; numerator=None; denominator=None; gamma=None; anchor_role_ic=None; augmented_role_ic=None; outside_sse_max_diff=None; outside_prediction_max_diff=None; accepted=0; final=1,x2,x3^2,I(x3>1)*x3^2,sin(x1+x1^2); wrapper_overhead_unoptimized=1",1.0,1.0,6,2,1.0,63,0,0,1,1;x2;x3^2;I(x3>1)*x3^2;sin(x1+x1^2),G,balanced,250,250;250;250;250,839864.25,1;x2;x3^2;I(x3>1)*x3^2;sin(x1+x1^2),1;x2;x3^2;I(x3>1)*x3^2;sin(x1+x1^2),"[0.010816977914691543,0.6124172469650673,0.7914886268338462,0.7460188984363273,1.000017539950454]","[-0.0007076716227973075,0.609584377851769,0.7948148869425056,0.7444782585267607,0.991655416142889]",I(x3>1)*x3^2,1.0,1.0,0.0,,0,,0,,,,,,,,0.0
nested_mixed,exception,0.1,250,4,20102,fcrra-spent-diagnostic,1.0,1.0,1.0,8.597835580584962e-05,0.0785596949995465,0.0,1.0,0.0,frozen-v6-anchor,0.08098137471646374,0.0942010844829791,1.9880049309999777,3333808,I(x3>1)*x3^2;sin(x1+x1^2);x2;x3^2,0.03149 + 0.6042·x₂ + 0.7959·x₃² + 0.7425·𝟙[x₃>1]·x₃² + 1.006·sin(x₁+x₁²),"FCRRA spent-seed diagnostic; anchor=1,x2,x3^2,I(x3>1)*x3^2,sin(x1+x1^2); exception=I(x3>1)*x3^2; in_bank=1; in_anchor=1; attempted=0; eligible_discovery=; eligible_selector=; numerator=None; denominator=None; gamma=None; anchor_role_ic=None; augmented_role_ic=None; outside_sse_max_diff=None; outside_prediction_max_diff=None; accepted=0; final=1,x2,x3^2,I(x3>1)*x3^2,sin(x1+x1^2); wrapper_overhead_unoptimized=1",1.0,1.0,6,2,1.0,63,0,0,1,1;x2;x3^2;I(x3>1)*x3^2;sin(x1+x1^2),G,balanced,250,250;250;250;250,833452.0,1;x2;x3^2;I(x3>1)*x3^2;sin(x1+x1^2),1;x2;x3^2;I(x3>1)*x3^2;sin(x1+x1^2),"[0.04120462964383844,0.6080619919648622,0.7897275502492078,0.7488506254546656,1.002799085354862]","[0.03148534612533852,0.6041806917242761,0.7959396255799831,0.7425482402787085,1.0058178842214167]",I(x3>1)*x3^2,1.0,1.0,0.0,,0,,0,,,,,,,,0.0
nested_mixed,exception,0.1,250,4,20103,fcrra-spent-diagnostic,1.0,1.0,1.0,2.3150682837559303e-05,0.06527670384682124,0.0,1.0,0.0,frozen-v6-anchor,0.0621886394206255,0.0883957488351979,2.0625468519999686,3392863,I(x3>1)*x3^2;sin(x1+x1^2);x2;x3^2,0.001532 + 0.6022·x₂ + 0.7959·x₃² + 0.7558·𝟙[x₃>1]·x₃² + 1.015·sin(x₁+x₁²),"FCRRA spent-seed diagnostic; anchor=1,x2,x3^2,I(x3>1)*x3^2,sin(x1+x1^2); exception=I(x3>1)*x3^2; in_bank=1; in_anchor=1; attempted=0; eligible_discovery=; eligible_selector=; numerator=None; denominator=None; gamma=None; anchor_role_ic=None; augmented_role_ic=None; outside_sse_max_diff=None; outside_prediction_max_diff=None; accepted=0; final=1,x2,x3^2,I(x3>1)*x3^2,sin(x1+x1^2); wrapper_overhead_unoptimized=1",1.0,1.0,6,2,1.0,63,0,0,1,1;x2;x3^2;I(x3>1)*x3^2;sin(x1+x1^2),G,balanced,250,250;250;250;250,848215.75,1;x2;x3^2;I(x3>1)*x3^2;sin(x1+x1^2),1;x2;x3^2;I(x3>1)*x3^2;sin(x1+x1^2),"[6.609702230717153e-05,0.6021512152947204,0.8002437848982996,0.7511776269556042,1.0029225339231707]","[0.001532076872472709,0.6021978224424709,0.7959432010547276,0.7558137816131377,1.0153989434131814]",I(x3>1)*x3^2,1.0,1.0,0.0,,0,,0,,,,,,,,0.0
nested_mixed,exception,0.1,250,4,20104,fcrra-spent-diagnostic,1.0,1.0,1.0,6.98345593956474e-05,0.06816593414006289,0.0,1.0,0.0,frozen-v6-anchor,0.07249262543035175,0.08605645858962264,2.057131984000023,3393821,I(x3>1)*x3^2;sin(x1+x1^2);x2;x3^2,-0.01926 + 0.5979·x₂ + 0.8016·x₃² + 0.7456·𝟙[x₃>1]·x₃² + 1.019·sin(x₁+x₁²),"FCRRA spent-seed diagnostic; anchor=1,x2,x3^2,I(x3>1)*x3^2,sin(x1+x1^2); exception=I(x3>1)*x3^2; in_bank=1; in_anchor=1; attempted=0; eligible_discovery=; eligible_selector=; numerator=None; denominator=None; gamma=None; anchor_role_ic=None; augmented_role_ic=None; outside_sse_max_diff=None; outside_prediction_max_diff=None; accepted=0; final=1,x2,x3^2,I(x3>1)*x3^2,sin(x1+x1^2); wrapper_overhead_unoptimized=1",1.0,1.0,6,2,1.0,63,0,0,1,1;x2;x3^2;I(x3>1)*x3^2;sin(x1+x1^2),G,balanced,250,250;250;250;250,848455.25,1;x2;x3^2;I(x3>1)*x3^2;sin(x1+x1^2),1;x2;x3^2;I(x3>1)*x3^2;sin(x1+x1^2),"[-0.007045316246060796,0.6008732293797122,0.8002459043489892,0.7403656650115139,1.0165375875933071]","[-0.01925958744745833,0.5978976357670601,0.8015527933206041,0.7455642094580882,1.0192374229316998]",I(x3>1)*x3^2,1.0,1.0,0.0,,0,,0,,,,,,,,0.0
nested_mixed,exception,0.1,250,4,20105,fcrra-spent-diagnostic,1.0,1.0,1.0,6.436342604992096e-05,0.07997531990435484,0.0,1.0,0.0,frozen-v6-anchor,0.07360619778818984,0.09193390695008315,1.9893690630000265,3361769,I(x3>1)*x3^2;sin(x1+x1^2);x2;x3^2,-0.01268 + 0.6048·x₂ + 0.801·x₃² + 0.7505·𝟙[x₃>1]·x₃² + 0.9749·sin(x₁+x₁²),"FCRRA spent-seed diagnostic; anchor=1,x2,x3^2,I(x3>1)*x3^2,sin(x1+x1^2); exception=I(x3>1)*x3^2; in_bank=1; in_anchor=1; attempted=0; eligible_discovery=; eligible_selector=; numerator=None; denominator=None; gamma=None; anchor_role_ic=None; augmented_role_ic=None; outside_sse_max_diff=None; outside_prediction_max_diff=None; accepted=0; final=1,x2,x3^2,I(x3>1)*x3^2,sin(x1+x1^2); wrapper_overhead_unoptimized=1",1.0,1.0,6,2,1.0,63,0,0,1,1;x2;x3^2;I(x3>1)*x3^2;sin(x1+x1^2),G,balanced,250,250;250;250;250,840442.25,1;x2;x3^2;I(x3>1)*x3^2;sin(x1+x1^2),1;x2;x3^2;I(x3>1)*x3^2;sin(x1+x1^2),"[-0.016790198496169802,0.6063994680562735,0.8046127297423157,0.7454682029600154,0.9641641511084048]","[-0.012675184512987063,0.604766208927405,0.8010384302250085,0.7504594233130658,0.9749051411749928]",I(x3>1)*x3^2,1.0,1.0,0.0,,0,,0,,,,,,,,0.0
nested_mixed,exception,0.2,100,4,20101,fcrra-spent-diagnostic,1.0,1.0,1.0,0.00044408636354769927,0.31686653084495314,0.0,1.0,0.0,frozen-v6-anchor,0.22468140809957404,0.27925971285254053,2.2716874930000017,3560731,I(x3>1)*x3^2;sin(x1+x1^2);x2;x3^2,-0.02057 + 0.6065·x₂ + 0.8248·x₃² + 0.7447·𝟙[x₃>1]·x₃² + 1.042·sin(x₁+x₁²),"FCRRA spent-seed diagnostic; anchor=1,x2,x3^2,I(x3>1)*x3^2,sin(x1+x1^2); exception=I(x3>1)*x3^2; in_bank=1; in_anchor=1; attempted=0; eligible_discovery=; eligible_selector=; numerator=None; denominator=None; gamma=None; anchor_role_ic=None; augmented_role_ic=None; outside_sse_max_diff=None; outside_prediction_max_diff=None; accepted=0; final=1,x2,x3^2,I(x3>1)*x3^2,sin(x1+x1^2); wrapper_overhead_unoptimized=1",1.0,1.0,6,2,0.0,63,0,1,1,1;x2;x3^2;I(x3>1)*x3^2;sin(x1+x1^2),G,balanced,100,100;100;100;100,890182.75,1;x2;x3^2;I(x3>1)*x3^2;sin(x1+x1^2),1;x2;x3^2;I(x3>1)*x3^2;sin(x1+x1^2),"[-0.017228817052604612,0.5976382951399679,0.817759537373173,0.762237259789419,1.0495475157687713]","[-0.020569693975014822,0.6064717990576396,0.8248399796558189,0.7446754072312324,1.0419910048365826]",I(x3>1)*x3^2,1.0,1.0,0.0,,0,,0,,,,,,,,0.0
nested_mixed,exception,0.2,100,4,20102,fcrra-spent-diagnostic,1.0,1.0,1.0,0.0004801037319787968,0.3162461785411951,0.0,1.0,0.0,frozen-v6-anchor,0.3295434970575048,0.39876790489002617,2.4087971490000086,3622629,I(x3>1)*x3^2;sin(x1+x1^2);x2;x3^2,-0.007383 + 0.6012·x₂ + 0.7996·x₃² + 0.7217·𝟙[x₃>1]·x₃² + 1.001·sin(x₁+x₁²),"FCRRA spent-seed diagnostic; anchor=1,x2,x3^2,I(x3>1)*x3^2,sin(x1+x1^2); exception=I(x3>1)*x3^2; in_bank=1; in_anchor=1; attempted=0; eligible_discovery=; eligible_selector=; numerator=None; denominator=None; gamma=None; anchor_role_ic=None; augmented_role_ic=None; outside_sse_max_diff=None; outside_prediction_max_diff=None; accepted=0; final=1,x2,x3^2,I(x3>1)*x3^2,sin(x1+x1^2); wrapper_overhead_unoptimized=1",1.0,1.0,6,2,1.0,63,0,0,1,1;x2;x3^2;I(x3>1)*x3^2;sin(x1+x1^2),G,balanced,100,100;100;100;100,905657.25,1;x2;x3^2;I(x3>1)*x3^2;sin(x1+x1^2),1;x2;x3^2;I(x3>1)*x3^2;sin(x1+x1^2),"[-0.023964915317461987,0.5952356806557828,0.7949546772284057,0.7272304625879668,1.0093875242824177]","[-0.007383179171167874,0.6011601389858953,0.799621107933916,0.7216864578914477,1.0006860655214005]",I(x3>1)*x3^2,1.0,1.0,0.0,,0,,0,,,,,,,,0.0
nested_mixed,exception,0.2,100,4,20103,fcrra-spent-diagnostic,0.0,0.75,0.75,0.00928147546944911,0.4134825052550875,0.0,1.0,0.0,frozen-v6-anchor,0.3852844545705363,0.6148950932491137,2.2119192989999874,3496475,I(x3>1)*x3^2;cos(x3);sin(x1+x1^2);x2,2.127 + 0.5722·x₂ - 2.311·cos(x₃) + 0.8188·𝟙[x₃>1]·x₃² + 1.104·sin(x₁+x₁²),"FCRRA spent-seed diagnostic; anchor=1,x2,cos(x3),I(x3>1)*x3^2,sin(x1+x1^2); exception=I(x3>1)*x3^2; in_bank=1; in_anchor=1; attempted=0; eligible_discovery=; eligible_selector=; numerator=None; denominator=None; gamma=None; anchor_role_ic=None; augmented_role_ic=None; outside_sse_max_diff=None; outside_prediction_max_diff=None; accepted=0; final=1,x2,cos(x3),I(x3>1)*x3^2,sin(x1+x1^2); wrapper_overhead_unoptimized=1",1.0,1.0,6,2,0.0,63,0,1,1,1;x2;cos(x3);I(x3>1)*x3^2;sin(x1+x1^2),G,balanced,100,100;100;100;100,874118.75,1;x2;cos(x3);I(x3>1)*x3^2;sin(x1+x1^2),1;x2;cos(x3);I(x3>1)*x3^2;sin(x1+x1^2),"[2.053920175096656,0.5656787697012107,-2.2825856471018215,0.8390509372789894,1.1701677979975447]","[2.126893908751188,0.5721553780716779,-2.3114565250109966,0.8187512079985577,1.1037743416437]",I(x3>1)*x3^2,1.0,1.0,0.0,,0,,0,,,,,,,,0.0
nested_mixed,exception,0.2,100,4,20104,fcrra-spent-diagnostic,0.0,0.75,0.75,0.016373260862925933,0.4826536212848751,0.0,0.0,0.0,frozen-v6-anchor,0.4916857847385876,0.6674809589798945,2.2011487089999946,3512074,sin(x1+x1^2);x2;x3;x3^2,-0.1729 + 0.6284·x₂ + 0.6534·x₃ + 1.222·x₃² + 0.9703·sin(x₁+x₁²),"FCRRA spent-seed diagnostic; anchor=1,x2,x3,x3^2,sin(x1+x1^2); exception=I(x3>1)*x3^2; in_bank=1; in_anchor=0; attempted=1; eligible_discovery=client-4; eligible_selector=client-4; numerator=48.53792966203264; denominator=911.7012782799573; gamma=0.05323885226266263; anchor_role_ic=0.34605915662762854; augmented_role_ic=0.9257517495864045; outside_sse_max_diff=0.0; outside_prediction_max_diff=2.220446049250313e-16; accepted=0; final=1,x2,x3,x3^2,sin(x1+x1^2); wrapper_overhead_unoptimized=1",1.0,1.0,6,2,0.0,63,1,2,0,1;x2;x3;x3^2;sin(x1+x1^2),G,balanced,100,100;100;100;100,878018.5,1;x2;x3;x3^2;sin(x1+x1^2),1;x2;x3;x3^2;sin(x1+x1^2),"[-0.1324317235514904,0.6235795530045511,0.6618217899879804,1.2012857892971607,0.9119496434352447]","[-0.17288925270328467,0.6284220450863935,0.6533599473442478,1.2221746369162076,0.9702855757541671]",I(x3>1)*x3^2,1.0,0.0,1.0,client-4,70,client-4,15,48.53792966203264,911.7012782799573,0.05323885226266263,0.34605915662762854,0.9257517495864045,0.0,2.220446049250313e-16,0.0
nested_mixed,exception,0.2,100,4,20105,fcrra-spent-diagnostic,1.0,1.0,1.0,0.0003279063031582123,0.3397485189772151,0.0,1.0,0.0,frozen-v6-anchor,0.2554243834840842,0.3856417397217001,2.2750070760000085,3560027,I(x3>1)*x3^2;sin(x1+x1^2);x2;x3^2,-0.03601 + 0.5854·x₂ + 0.7928·x₃² + 0.7714·𝟙[x₃>1]·x₃² + 1.005·sin(x₁+x₁²),"FCRRA spent-seed diagnostic; anchor=1,x2,x3^2,I(x3>1)*x3^2,sin(x1+x1^2); exception=I(x3>1)*x3^2; in_bank=1; in_anchor=1; attempted=0; eligible_discovery=; eligible_selector=; numerator=None; denominator=None; gamma=None; anchor_role_ic=None; augmented_role_ic=None; outside_sse_max_diff=None; outside_prediction_max_diff=None; accepted=0; final=1,x2,x3^2,I(x3>1)*x3^2,sin(x1+x1^2); wrapper_overhead_unoptimized=1",1.0,1.0,6,2,1.0,63,0,0,1,1;x2;x3^2;I(x3>1)*x3^2;sin(x1+x1^2),G,balanced,100,100;100;100;100,890006.75,1;x2;x3^2;I(x3>1)*x3^2;sin(x1+x1^2),1;x2;x3^2;I(x3>1)*x3^2;sin(x1+x1^2),"[-0.050404134369862554,0.5604872713263992,0.7763972056097594,0.7862852382928023,1.007410870782402]","[-0.03601356423304045,0.5853895605752572,0.7927657515661091,0.7713595807300435,1.0053475840127426]",I(x3>1)*x3^2,1.0,1.0,0.0,,0,,0,,,,,,,,0.0
nested_mixed,exception,0.2,250,4,20101,fcrra-spent-diagnostic,1.0,1.0,1.0,0.00046269105154478547,0.32911737552785053,0.0,1.0,0.0,frozen-v6-anchor,0.3478517423176072,0.4228062405147435,2.353281632000005,3604266,I(x3>1)*x3^2;sin(x1+x1^2);x2;x3^2,-0.001415 + 0.6192·x₂ + 0.7896·x₃² + 0.739·𝟙[x₃>1]·x₃² + 0.9833·sin(x₁+x₁²),"FCRRA spent-seed diagnostic; anchor=1,x2,x3^2,I(x3>1)*x3^2,sin(x1+x1^2); exception=I(x3>1)*x3^2; in_bank=1; in_anchor=1; attempted=0; eligible_discovery=; eligible_selector=; numerator=None; denominator=None; gamma=None; anchor_role_ic=None; augmented_role_ic=None; outside_sse_max_diff=None; outside_prediction_max_diff=None; accepted=0; final=1,x2,x3^2,I(x3>1)*x3^2,sin(x1+x1^2); wrapper_overhead_unoptimized=1",1.0,1.0,6,2,1.0,63,0,0,1,1;x2;x3^2;I(x3>1)*x3^2;sin(x1+x1^2),G,balanced,250,250;250;250;250,901066.5,1;x2;x3^2;I(x3>1)*x3^2;sin(x1+x1^2),1;x2;x3^2;I(x3>1)*x3^2;sin(x1+x1^2),"[0.021633955829213503,0.6248344939301627,0.7829772536677138,0.7420377968726896,1.0000350799014297]","[-0.0014153432577782548,0.6191687557055151,0.789629773886634,0.7389565170559076,0.9833108323224174]",I(x3>1)*x3^2,1.0,1.0,0.0,,0,,0,,,,,,,,0.0
nested_mixed,exception,0.2,250,4,20102,fcrra-spent-diagnostic,1.0,1.0,1.0,0.0003439134232132009,0.314238779998186,0.0,1.0,0.0,frozen-v6-anchor,0.3239254988658368,0.37680433793187684,2.3663329450000106,3577735,I(x3>1)*x3^2;sin(x1+x1^2);x2;x3^2,0.06297 + 0.6084·x₂ + 0.7919·x₃² + 0.7351·𝟙[x₃>1]·x₃² + 1.012·sin(x₁+x₁²),"FCRRA spent-seed diagnostic; anchor=1,x2,x3^2,I(x3>1)*x3^2,sin(x1+x1^2); exception=I(x3>1)*x3^2; in_bank=1; in_anchor=1; attempted=0; eligible_discovery=; eligible_selector=; numerator=None; denominator=None; gamma=None; anchor_role_ic=None; augmented_role_ic=None; outside_sse_max_diff=None; outside_prediction_max_diff=None; accepted=0; final=1,x2,x3^2,I(x3>1)*x3^2,sin(x1+x1^2); wrapper_overhead_unoptimized=1",1.0,1.0,6,2,1.0,63,0,0,1,1;x2;x3^2;I(x3>1)*x3^2;sin(x1+x1^2),G,balanced,250,250;250;250;250,894433.75,1;x2;x3^2;I(x3>1)*x3^2;sin(x1+x1^2),1;x2;x3^2;I(x3>1)*x3^2;sin(x1+x1^2),"[0.08240925928753919,0.6161239839297652,0.7794551004984264,0.7477012509093722,1.0055981707101993]","[0.06297069224165623,0.608361383451309,0.791879251160817,0.7350964805600817,1.0116357684763182]",I(x3>1)*x3^2,1.0,1.0,0.0,,0,,0,,,,,,,,0.0
nested_mixed,exception,0.2,250,4,20103,fcrra-spent-diagnostic,1.0,1.0,1.0,9.260273148573158e-05,0.261106815387285,0.0,1.0,0.0,frozen-v6-anchor,0.24875455768244092,0.35358299534081844,2.18179004000001,3484320,I(x3>1)*x3^2;sin(x1+x1^2);x2;x3^2,0.003064 + 0.6044·x₂ + 0.7919·x₃² + 0.7616·𝟙[x₃>1]·x₃² + 1.031·sin(x₁+x₁²),"FCRRA spent-seed diagnostic; anchor=1,x2,x3^2,I(x3>1)*x3^2,sin(x1+x1^2); exception=I(x3>1)*x3^2; in_bank=1; in_anchor=1; attempted=0; eligible_discovery=; eligible_selector=; numerator=None; denominator=None; gamma=None; anchor_role_ic=None; augmented_role_ic=None; outside_sse_max_diff=None; outside_prediction_max_diff=None; accepted=0; final=1,x2,x3^2,I(x3>1)*x3^2,sin(x1+x1^2); wrapper_overhead_unoptimized=1",1.0,1.0,6,2,1.0,63,0,0,1,1;x2;x3^2;I(x3>1)*x3^2;sin(x1+x1^2),G,balanced,250,250;250;250;250,871080.0,1;x2;x3^2;I(x3>1)*x3^2;sin(x1+x1^2),1;x2;x3^2;I(x3>1)*x3^2;sin(x1+x1^2),"[0.00013219404443014836,0.604302430589465,0.8004875697966282,0.7523552539112432,1.0058450678468498]","[0.003064153731658876,0.6043956448865629,0.7918864021111477,0.7616275632296641,1.0307978868629408]",I(x3>1)*x3^2,1.0,1.0,0.0,,0,,0,,,,,,,,0.0
nested_mixed,exception,0.2,250,4,20104,fcrra-spent-diagnostic,1.0,1.0,1.0,0.0002793382377101694,0.27266373656025156,0.0,1.0,0.0,frozen-v6-anchor,0.2899705017213943,0.3442258343585928,2.454633304999959,3668383,I(x3>1)*x3^2;sin(x1+x1^2);x2;x3^2,-0.03852 + 0.5958·x₂ + 0.8031·x₃² + 0.7411·𝟙[x₃>1]·x₃² + 1.038·sin(x₁+x₁²),"FCRRA spent-seed diagnostic; anchor=1,x2,x3^2,I(x3>1)*x3^2,sin(x1+x1^2); exception=I(x3>1)*x3^2; in_bank=1; in_anchor=1; attempted=0; eligible_discovery=; eligible_selector=; numerator=None; denominator=None; gamma=None; anchor_role_ic=None; augmented_role_ic=None; outside_sse_max_diff=None; outside_prediction_max_diff=None; accepted=0; final=1,x2,x3^2,I(x3>1)*x3^2,sin(x1+x1^2); wrapper_overhead_unoptimized=1",1.0,1.0,6,2,1.0,63,0,0,1,1;x2;x3^2;I(x3>1)*x3^2;sin(x1+x1^2),G,balanced,250,250;250;250;250,917095.75,1;x2;x3^2;I(x3>1)*x3^2;sin(x1+x1^2),1;x2;x3^2;I(x3>1)*x3^2;sin(x1+x1^2),"[-0.014090632492300794,0.6017464587594615,0.8004918086979984,0.7307313300230667,1.0330751751871086]","[-0.038519174905655346,0.5957952715365734,0.8031055866423263,0.7411284189186795,1.038474845896615]",I(x3>1)*x3^2,1.0,1.0,0.0,,0,,0,,,,,,,,0.0
nested_mixed,exception,0.2,250,4,20105,fcrra-spent-diagnostic,1.0,1.0,1.0,0.00025745370406356406,0.3199012796174194,0.0,1.0,0.0,frozen-v6-anchor,0.29442479115274295,0.3677356278003264,2.2450379530000077,3544980,I(x3>1)*x3^2;sin(x1+x1^2);x2;x3^2,-0.02535 + 0.6095·x₂ + 0.8021·x₃² + 0.7509·𝟙[x₃>1]·x₃² + 0.9498·sin(x₁+x₁²),"FCRRA spent-seed diagnostic; anchor=1,x2,x3^2,I(x3>1)*x3^2,sin(x1+x1^2); exception=I(x3>1)*x3^2; in_bank=1; in_anchor=1; attempted=0; eligible_discovery=; eligible_selector=; numerator=None; denominator=None; gamma=None; anchor_role_ic=None; augmented_role_ic=None; outside_sse_max_diff=None; outside_prediction_max_diff=None; accepted=0; final=1,x2,x3^2,I(x3>1)*x3^2,sin(x1+x1^2); wrapper_overhead_unoptimized=1",1.0,1.0,6,2,1.0,63,0,0,1,1;x2;x3^2;I(x3>1)*x3^2;sin(x1+x1^2),G,balanced,250,250;250;250;250,886245.0,1;x2;x3^2;I(x3>1)*x3^2;sin(x1+x1^2),1;x2;x3^2;I(x3>1)*x3^2;sin(x1+x1^2),"[-0.03358039699249555,0.612798936112574,0.8092254594846497,0.7409364059200747,0.9283283022172848]","[-0.02535036903649886,0.609532417856847,0.8020768604509889,0.7509188466290746,0.9498102823831807]",I(x3>1)*x3^2,1.0,1.0,0.0,,0,,0,,,,,,,,0.0
multi_quadratic,complementary,0.1,100,4,20101,fcrra-spent-diagnostic,1.0,1.0,1.0,0.00013356833455353744,0.05195827795961801,0.0,1.0,0.0,frozen-v6-anchor,0.04152110172716116,0.054599491140174906,1.622263793000002,3112221,x1^2;x2^2;x3^2,0.02122 + 0.5895·x₁² + 0.5027·x₂² + 0.8038·x₃²,"FCRRA spent-seed diagnostic; anchor=1,x1^2,x2^2,x3^2; exception=; in_bank=0; in_anchor=0; attempted=0; eligible_discovery=; eligible_selector=; numerator=None; denominator=None; gamma=None; anchor_role_ic=None; augmented_role_ic=None; outside_sse_max_diff=None; outside_prediction_max_diff=None; accepted=0; final=1,x1^2,x2^2,x3^2; wrapper_overhead_unoptimized=1",1.0,1.0,6,3,1.0,63,0,0,0,1;x1^2;x2^2;x3^2,G,balanced,100,100;100;100;100,778055.25,1;x1^2;x2^2;x3^2,1;x1^2;x2^2;x3^2,"[0.030581109782810145,0.586491335292606,0.5075572605587599,0.7948737668731445]","[0.021222115364086736,0.5894573529740383,0.5027137635994435,0.8038475257749826]",,0.0,0.0,0.0,,0,,0,,,,,,,,0.0
multi_quadratic,complementary,0.1,100,4,20102,fcrra-spent-diagnostic,1.0,1.0,1.0,5.813595009132513e-05,0.045975846754841204,0.0,1.0,0.0,frozen-v6-anchor,0.049880081052429165,0.06049216788711646,1.53861640599996,3026053,x1^2;x2^2;x3^2,-0.001114 + 0.5977·x₁² + 0.4986·x₂² + 0.7974·x₃²,"FCRRA spent-seed diagnostic; anchor=1,x1^2,x2^2,x3^2; exception=; in_bank=0; in_anchor=0; attempted=0; eligible_discovery=; eligible_selector=; numerator=None; denominator=None; gamma=None; anchor_role_ic=None; augmented_role_ic=None; outside_sse_max_diff=None; outside_prediction_max_diff=None; accepted=0; final=1,x1^2,x2^2,x3^2; wrapper_overhead_unoptimized=1",1.0,1.0,6,3,1.0,63,0,0,0,1;x1^2;x2^2;x3^2,G,balanced,100,100;100;100;100,756513.25,1;x1^2;x2^2;x3^2,1;x1^2;x2^2;x3^2,"[-0.015227103424273025,0.6034112706531758,0.49560718322056246,0.8003023906766011]","[-0.0011136745318708165,0.5977043503311007,0.4986293249689898,0.7974252081613286]",,0.0,0.0,0.0,,0,,0,,,,,,,,0.0
multi_quadratic,complementary,0.1,100,4,20103,fcrra-spent-diagnostic,1.0,1.0,1.0,2.625640509695154e-05,0.054521272530885206,0.0,1.0,0.0,frozen-v6-anchor,0.05716252030896053,0.07786294504938572,1.569188220000001,3053524,x1^2;x2^2;x3^2,-0.01262 + 0.6005·x₁² + 0.5·x₂² + 0.807·x₃²,"FCRRA spent-seed diagnostic; anchor=1,x1^2,x2^2,x3^2; exception=; in_bank=0; in_anchor=0; attempted=0; eligible_discovery=; eligible_selector=; numerator=None; denominator=None; gamma=None; anchor_role_ic=None; augmented_role_ic=None; outside_sse_max_diff=None; outside_prediction_max_diff=None; accepted=0; final=1,x1^2,x2^2,x3^2; wrapper_overhead_unoptimized=1",1.0,1.0,6,3,1.0,63,0,0,0,1;x1^2;x2^2;x3^2,G,balanced,100,100;100;100;100,763381.0,1;x1^2;x2^2;x3^2,1;x1^2;x2^2;x3^2,"[-0.03956196458733796,0.6007026939977456,0.5012088881690275,0.8148612585173911]","[-0.012618452626360117,0.6004610019696368,0.5000065688620664,0.8069996129523246]",,0.0,0.0,0.0,,0,,0,,,,,,,,0.0
multi_quadratic,complementary,0.1,100,4,20104,fcrra-spent-diagnostic,1.0,1.0,1.0,6.715384266088507e-05,0.049408949633445866,0.0,1.0,0.0,frozen-v6-anchor,0.06113230248833901,0.07933683469694301,1.4825904290000267,2992130,x1^2;x2^2;x3^2,-0.02949 + 0.5987·x₁² + 0.5041·x₂² + 0.8013·x₃²,"FCRRA spent-seed diagnostic; anchor=1,x1^2,x2^2,x3^2; exception=; in_bank=0; in_anchor=0; attempted=0; eligible_discovery=; eligible_selector=; numerator=None; denominator=None; gamma=None; anchor_role_ic=None; augmented_role_ic=None; outside_sse_max_diff=None; outside_prediction_max_diff=None; accepted=0; final=1,x1^2,x2^2,x3^2; wrapper_overhead_unoptimized=1",1.0,1.0,5,2,1.0,32,0,0,0,1;x1^2;x2^2;x3^2,G,balanced,100,100;100;100;100,748032.5,1;x1^2;x2^2;x3^2,1;x1^2;x2^2;x3^2,"[-0.03987186950765853,0.6006625814573685,0.5055212868120508,0.7992422444714005]","[-0.02949270976906746,0.5986887236501448,0.5041024819545188,0.8012735750887211]",,0.0,0.0,0.0,,0,,0,,,,,,,,0.0
multi_quadratic,complementary,0.1,100,4,20105,fcrra-spent-diagnostic,1.0,1.0,1.0,4.559106122560656e-05,0.05138384959416506,0.0,1.0,0.0,frozen-v6-anchor,0.03697607556270886,0.054198408942280216,1.630868257999964,3116730,x1^2;x2^2;x3^2,-0.02604 + 0.6056·x₁² + 0.4991·x₂² + 0.8047·x₃²,"FCRRA spent-seed diagnostic; anchor=1,x1^2,x2^2,x3^2; exception=; in_bank=0; in_anchor=0; attempted=0; eligible_discovery=; eligible_selector=; numerator=None; denominator=None; gamma=None; anchor_role_ic=None; augmented_role_ic=None; outside_sse_max_diff=None; outside_prediction_max_diff=None; accepted=0; final=1,x1^2,x2^2,x3^2; wrapper_overhead_unoptimized=1",1.0,1.0,7,4,1.0,120,0,0,0,1;x1^2;x2^2;x3^2,G,balanced,100,100;100;100;100,779182.5,1;x1^2;x2^2;x3^2,1;x1^2;x2^2;x3^2,"[-0.029736326199385488,0.6076348946295829,0.4977423841097182,0.8001670680786388]","[-0.0260374129212119,0.6055805639707821,0.49909087353661363,0.804650387133481]",,0.0,0.0,0.0,,0,,0,,,,,,,,0.0
multi_quadratic,complementary,0.1,250,4,20101,fcrra-spent-diagnostic,1.0,1.0,1.0,5.8034553520954265e-05,0.045504853384332036,0.0,1.0,0.0,frozen-v6-anchor,0.047327211153492574,0.05612004488513493,1.5340527469999756,3006465,x1^2;x2^2;x3^2,-0.01937 + 0.604·x₁² + 0.503·x₂² + 0.794·x₃²,"FCRRA spent-seed diagnostic; anchor=1,x1^2,x2^2,x3^2; exception=; in_bank=0; in_anchor=0; attempted=0; eligible_discovery=; eligible_selector=; numerator=None; denominator=None; gamma=None; anchor_role_ic=None; augmented_role_ic=None; outside_sse_max_diff=None; outside_prediction_max_diff=None; accepted=0; final=1,x1^2,x2^2,x3^2; wrapper_overhead_unoptimized=1",1.0,1.0,6,3,1.0,63,0,0,0,1;x1^2;x2^2;x3^2,G,balanced,250,250;250;250;250,751616.25,1;x1^2;x2^2;x3^2,1;x1^2;x2^2;x3^2,"[-0.006477791068619787,0.6052047797803675,0.5003958832455329,0.7916361352576682]","[-0.019369091439811473,0.6040062326970026,0.5029910937585277,0.7939841882490515]",,0.0,0.0,0.0,,0,,0,,,,,,,,0.0
multi_quadratic,complementary,0.1,250,4,20102,fcrra-spent-diagnostic,1.0,1.0,1.0,6.756152055747827e-05,0.046247097777275585,0.0,1.0,0.0,frozen-v6-anchor,0.04764790740042092,0.05563414632398678,1.53824292500002,3009529,x1^2;x2^2;x3^2,0.01695 + 0.5951·x₁² + 0.5043·x₂² + 0.7966·x₃²,"FCRRA spent-seed diagnostic; anchor=1,x1^2,x2^2,x3^2; exception=; in_bank=0; in_anchor=0; attempted=0; eligible_discovery=; eligible_selector=; numerator=None; denominator=None; gamma=None; anchor_role_ic=None; augmented_role_ic=None; outside_sse_max_diff=None; outside_prediction_max_diff=None; accepted=0; final=1,x1^2,x2^2,x3^2; wrapper_overhead_unoptimized=1",1.0,1.0,6,3,1.0,63,0,0,0,1;x1^2;x2^2;x3^2,G,balanced,250,250;250;250;250,752382.25,1;x1^2;x2^2;x3^2,1;x1^2;x2^2;x3^2,"[0.028927545023663015,0.5949610132851288,0.502776912717986,0.7916572073367352]","[0.01695121073104257,0.5950652097896328,0.5043185117326784,0.7966163657264224]",,0.0,0.0,0.0,,0,,0,,,,,,,,0.0
multi_quadratic,complementary,0.1,250,4,20103,fcrra-spent-diagnostic,1.0,1.0,1.0,3.975539665588842e-05,0.042485835994169815,0.0,1.0,0.0,frozen-v6-anchor,0.04086917288173933,0.05750304548106319,1.563167969999995,3004589,x1^2;x2^2;x3^2,-0.01303 + 0.6014·x₁² + 0.5048·x₂² + 0.8007·x₃²,"FCRRA spent-seed diagnostic; anchor=1,x1^2,x2^2,x3^2; exception=; in_bank=0; in_anchor=0; attempted=0; eligible_discovery=; eligible_selector=; numerator=None; denominator=None; gamma=None; anchor_role_ic=None; augmented_role_ic=None; outside_sse_max_diff=None; outside_prediction_max_diff=None; accepted=0; final=1,x1^2,x2^2,x3^2; wrapper_overhead_unoptimized=1",1.0,1.0,5,2,1.0,32,0,0,0,1;x1^2;x2^2;x3^2,G,balanced,250,250;250;250;250,751147.25,1;x1^2;x2^2;x3^2,1;x1^2;x2^2;x3^2,"[-0.01509674502836944,0.6023806078923004,0.5065564692576047,0.798842994705304]","[-0.013026051873099307,0.6014375287485464,0.5047761849494122,0.8006890129658375]",,0.0,0.0,0.0,,0,,0,,,,,,,,0.0
multi_quadratic,complementary,0.1,250,4,20104,fcrra-spent-diagnostic,1.0,1.0,1.0,7.13550822659413e-05,0.04220581671306809,0.0,1.0,0.0,frozen-v6-anchor,0.04364747705565566,0.050520294143306936,1.564806276000013,3036996,x1^2;x2^2;x3^2,-0.01099 + 0.595·x₁² + 0.5035·x₂² + 0.8001·x₃²,"FCRRA spent-seed diagnostic; anchor=1,x1^2,x2^2,x3^2; exception=; in_bank=0; in_anchor=0; attempted=0; eligible_discovery=; eligible_selector=; numerator=None; denominator=None; gamma=None; anchor_role_ic=None; augmented_role_ic=None; outside_sse_max_diff=None; outside_prediction_max_diff=None; accepted=0; final=1,x1^2,x2^2,x3^2; wrapper_overhead_unoptimized=1",1.0,1.0,6,3,1.0,63,0,0,0,1;x1^2;x2^2;x3^2,G,balanced,250,250;250;250;250,759249.0,1;x1^2;x2^2;x3^2,1;x1^2;x2^2;x3^2,"[-0.0076879785391170685,0.5952461879798312,0.5031686834846107,0.8004210120873245]","[-0.010993019545506367,0.5950070512980447,0.503456625438343,0.8000910908824852]",,0.0,0.0,0.0,,0,,0,,,,,,,,0.0
multi_quadratic,complementary,0.1,250,4,20105,fcrra-spent-diagnostic,1.0,1.0,1.0,2.9829975493051047e-05,0.04537741518085901,0.0,1.0,0.0,frozen-v6-anchor,0.04084909108694995,0.05013470058101292,1.6438792619999845,3096750,x1^2;x2^2;x3^2,-0.02369 + 0.6006·x₁² + 0.5042·x₂² + 0.8007·x₃²,"FCRRA spent-seed diagnostic; anchor=1,x1^2,x2^2,x3^2; exception=; in_bank=0; in_anchor=0; attempted=0; eligible_discovery=; eligible_selector=; numerator=None; denominator=None; gamma=None; anchor_role_ic=None; augmented_role_ic=None; outside_sse_max_diff=None; outside_prediction_max_diff=None; accepted=0; final=1,x1^2,x2^2,x3^2; wrapper_overhead_unoptimized=1",1.0,1.0,6,3,1.0,63,0,0,0,1;x1^2;x2^2;x3^2,G,balanced,250,250;250;250;250,774187.5,1;x1^2;x2^2;x3^2,1;x1^2;x2^2;x3^2,"[-0.025392289818258362,0.5998661751395842,0.5026034206310405,0.8032005021043203]","[-0.02369087933058825,0.6005603925237134,0.5041602650939532,0.8007239597126214]",,0.0,0.0,0.0,,0,,0,,,,,,,,0.0
multi_quadratic,complementary,0.2,100,4,20101,fcrra-spent-diagnostic,1.0,1.0,1.0,0.0005342733382170162,0.20783311183847203,0.0,1.0,0.0,frozen-v6-anchor,0.16608440690856174,0.21839796456054045,1.519022064000012,3017578,x1^2;x2^2;x3^2,0.04244 + 0.5789·x₁² + 0.5054·x₂² + 0.8077·x₃²,"FCRRA spent-seed diagnostic; anchor=1,x1^2,x2^2,x3^2; exception=; in_bank=0; in_anchor=0; attempted=0; eligible_discovery=; eligible_selector=; numerator=None; denominator=None; gamma=None; anchor_role_ic=None; augmented_role_ic=None; outside_sse_max_diff=None; outside_prediction_max_diff=None; accepted=0; final=1,x1^2,x2^2,x3^2; wrapper_overhead_unoptimized=1",1.0,1.0,5,2,1.0,32,0,0,0,1;x1^2;x2^2;x3^2,G,balanced,100,100;100;100;100,754394.5,1;x1^2;x2^2;x3^2,1;x1^2;x2^2;x3^2,"[0.06116221956528811,0.5729826705852608,0.5151145211175416,0.7897475337464224]","[0.042444230706815404,0.578914705950812,0.5054275272004219,0.8076950515586088]",,0.0,0.0,0.0,,0,,0,,,,,,,,0.0
multi_quadratic,complementary,0.2,100,4,20102,fcrra-spent-diagnostic,1.0,1.0,1.0,0.0002325438001701199,0.1839033870193648,0.0,1.0,0.0,frozen-v6-anchor,0.19952032420972945,0.24196867154853027,1.5013825670000074,2993526,x1^2;x2^2;x3^2,-0.002227 + 0.5954·x₁² + 0.4973·x₂² + 0.7949·x₃²,"FCRRA spent-seed diagnostic; anchor=1,x1^2,x2^2,x3^2; exception=; in_bank=0; in_anchor=0; attempted=0; eligible_discovery=; eligible_selector=; numerator=None; denominator=None; gamma=None; anchor_role_ic=None; augmented_role_ic=None; outside_sse_max_diff=None; outside_prediction_max_diff=None; accepted=0; final=1,x1^2,x2^2,x3^2; wrapper_overhead_unoptimized=1",1.0,1.0,6,3,1.0,63,0,0,0,1;x1^2;x2^2;x3^2,G,balanced,100,100;100;100;100,748381.5,1;x1^2;x2^2;x3^2,1;x1^2;x2^2;x3^2,"[-0.030454206848919085,0.6068225413064152,0.49121436644114386,0.8006047813533317]","[-0.0022273490876357034,0.5954087006662537,0.497258649939435,0.7948504163308239]",,0.0,0.0,0.0,,0,,0,,,,,,,,0.0
multi_quadratic,complementary,0.2,100,4,20103,fcrra-spent-diagnostic,1.0,1.0,1.0,0.00010502562053242714,0.21808509012354071,0.0,1.0,0.0,frozen-v6-anchor,0.22865008123587482,0.3114517801975126,1.517639250000002,3020675,x1^2;x2^2;x3^2,-0.02524 + 0.6009·x₁² + 0.5·x₂² + 0.814·x₃²,"FCRRA spent-seed diagnostic; anchor=1,x1^2,x2^2,x3^2; exception=; in_bank=0; in_anchor=0; attempted=0; eligible_discovery=; eligible_selector=; numerator=None; denominator=None; gamma=None; anchor_role_ic=None; augmented_role_ic=None; outside_sse_max_diff=None; outside_prediction_max_diff=None; accepted=0; final=1,x1^2,x2^2,x3^2; wrapper_overhead_unoptimized=1",1.0,1.0,6,3,1.0,63,0,0,0,1;x1^2;x2^2;x3^2,G,balanced,100,100;100;100;100,755168.75,1;x1^2;x2^2;x3^2,1;x1^2;x2^2;x3^2,"[-0.07912392917502764,0.6014053879955492,0.502417776338085,0.8297225170349058]","[-0.02523690527531753,0.6009220039424703,0.5000131377258462,0.8139992259130888]",,0.0,0.0,0.0,,0,,0,,,,,,,,0.0
multi_quadratic,complementary,0.2,100,4,20104,fcrra-spent-diagnostic,1.0,1.0,1.0,0.00026861537056955105,0.19763579853378344,0.0,1.0,0.0,frozen-v6-anchor,0.24452920995337687,0.31734733878777777,1.505707024000003,2988465,x1^2;x2^2;x3^2,-0.05899 + 0.5974·x₁² + 0.5082·x₂² + 0.8025·x₃²,"FCRRA spent-seed diagnostic; anchor=1,x1^2,x2^2,x3^2; exception=; in_bank=0; in_anchor=0; attempted=0; eligible_discovery=; eligible_selector=; numerator=None; denominator=None; gamma=None; anchor_role_ic=None; augmented_role_ic=None; outside_sse_max_diff=None; outside_prediction_max_diff=None; accepted=0; final=1,x1^2,x2^2,x3^2; wrapper_overhead_unoptimized=1",1.0,1.0,5,2,1.0,32,0,0,0,1;x1^2;x2^2;x3^2,G,balanced,100,100;100;100;100,747116.25,1;x1^2;x2^2;x3^2,1;x1^2;x2^2;x3^2,"[-0.07974373901566523,0.6013251629147862,0.511042573624134,0.7984844889429299]","[-0.058985419562991984,0.5973774473036467,0.5082049639111464,0.8025471501870134]",,0.0,0.0,0.0,,0,,0,,,,,,,,0.0
multi_quadratic,complementary,0.2,100,4,20105,fcrra-spent-diagnostic,1.0,1.0,1.0,0.00018236424504571727,0.20553539837666024,0.0,1.0,0.0,frozen-v6-anchor,0.14790430225082501,0.21679363576911329,1.539513697000018,3025578,x1^2;x2^2;x3^2,-0.05207 + 0.6112·x₁² + 0.4982·x₂² + 0.8093·x₃²,"FCRRA spent-seed diagnostic; anchor=1,x1^2,x2^2,x3^2; exception=; in_bank=0; in_anchor=0; attempted=0; eligible_discovery=; eligible_selector=; numerator=None; denominator=None; gamma=None; anchor_role_ic=None; augmented_role_ic=None; outside_sse_max_diff=None; outside_prediction_max_diff=None; accepted=0; final=1,x1^2,x2^2,x3^2; wrapper_overhead_unoptimized=1",1.0,1.0,7,4,1.0,120,0,0,0,1;x1^2;x2^2;x3^2,G,balanced,100,100;100;100;100,756394.5,1;x1^2;x2^2;x3^2,1;x1^2;x2^2;x3^2,"[-0.05947265239910493,0.6152697892592198,0.4954847682194581,0.8003341361574008]","[-0.052074825864658086,0.6111611279451961,0.4981817470743677,0.809300774275314]",,0.0,0.0,0.0,,0,,0,,,,,,,,0.0
multi_quadratic,complementary,0.2,250,4,20101,fcrra-spent-diagnostic,1.0,1.0,1.0,0.0002321382140561231,0.18201941353732812,0.0,1.0,0.0,frozen-v6-anchor,0.18930884461396608,0.22448017954053665,1.5667723040000396,3004070,x1^2;x2^2;x3^2,-0.03874 + 0.608·x₁² + 0.506·x₂² + 0.788·x₃²,"FCRRA spent-seed diagnostic; anchor=1,x1^2,x2^2,x3^2; exception=; in_bank=0; in_anchor=0; attempted=0; eligible_discovery=; eligible_selector=; numerator=None; denominator=None; gamma=None; anchor_role_ic=None; augmented_role_ic=None; outside_sse_max_diff=None; outside_prediction_max_diff=None; accepted=0; final=1,x1^2,x2^2,x3^2; wrapper_overhead_unoptimized=1",1.0,1.0,6,3,1.0,63,0,0,0,1;x1^2;x2^2;x3^2,G,balanced,250,250;250;250;250,751017.5,1;x1^2;x2^2;x3^2,1;x1^2;x2^2;x3^2,"[-0.012955582137371913,0.6104095595607582,0.5007917664910757,0.7832722705153827]","[-0.038738182889272534,0.6080124653956557,0.5059821875178794,0.7879683765014657]",,0.0,0.0,0.0,,0,,0,,,,,,,,0.0
multi_quadratic,complementary,0.2,250,4,20102,fcrra-spent-diagnostic,1.0,1.0,1.0,0.00027024608222329715,0.18498839110910228,0.0,1.0,0.0,frozen-v6-anchor,0.19059162960166987,0.22253658529595016,1.5355840889999968,3005852,x1^2;x2^2;x3^2,0.0339 + 0.5901·x₁² + 0.5086·x₂² + 0.7932·x₃²,"FCRRA spent-seed diagnostic; anchor=1,x1^2,x2^2,x3^2; exception=; in_bank=0; in_anchor=0; attempted=0; eligible_discovery=; eligible_selector=; numerator=None; denominator=None; gamma=None; anchor_role_ic=None; augmented_role_ic=None; outside_sse_max_diff=None; outside_prediction_max_diff=None; accepted=0; final=1,x1^2,x2^2,x3^2; wrapper_overhead_unoptimized=1",1.0,1.0,6,3,1.0,63,0,0,0,1;x1^2;x2^2;x3^2,G,balanced,250,250;250;250;250,751463.0,1;x1^2;x2^2;x3^2,1;x1^2;x2^2;x3^2,"[0.05785509004717504,0.5899220265702776,0.5055538254359875,0.7833144146735229]","[0.03390242145209213,0.5901304195805571,0.5086370234662483,0.7932327314564516]",,0.0,0.0,0.0,,0,,0,,,,,,,,0.0
multi_quadratic,complementary,0.2,250,4,20103,fcrra-spent-diagnostic,1.0,1.0,1.0,0.0001590215866768868,0.16994334397667926,0.0,1.0,0.0,frozen-v6-anchor,0.16347669152697383,0.23001218192426504,1.5339685750000172,3002101,x1^2;x2^2;x3^2,-0.02605 + 0.6029·x₁² + 0.5096·x₂² + 0.8014·x₃²,"FCRRA spent-seed diagnostic; anchor=1,x1^2,x2^2,x3^2; exception=; in_bank=0; in_anchor=0; attempted=0; eligible_discovery=; eligible_selector=; numerator=None; denominator=None; gamma=None; anchor_role_ic=None; augmented_role_ic=None; outside_sse_max_diff=None; outside_prediction_max_diff=None; accepted=0; final=1,x1^2,x2^2,x3^2; wrapper_overhead_unoptimized=1",1.0,1.0,5,2,1.0,32,0,0,0,1;x1^2;x2^2;x3^2,G,balanced,250,250;250;250;250,750525.25,1;x1^2;x2^2;x3^2,1;x1^2;x2^2;x3^2,"[-0.030193490056852568,0.6047612157846176,0.5131129385152188,0.7976859894106525]","[-0.026052103755407705,0.6028750574984135,0.5095523698996522,0.8013780259350427]",,0.0,0.0,0.0,,0,,0,,,,,,,,0.0
multi_quadratic,complementary,0.2,250,4,20104,fcrra-spent-diagnostic,1.0,1.0,1.0,0.0002854203290026927,0.16882326685227236,0.0,1.0,0.0,frozen-v6-anchor,0.17458990822262876,0.20208117657323235,1.534913667000012,3004298,x1^2;x2^2;x3^2,-0.02199 + 0.59·x₁² + 0.5069·x₂² + 0.8002·x₃²,"FCRRA spent-seed diagnostic; anchor=1,x1^2,x2^2,x3^2; exception=; in_bank=0; in_anchor=0; attempted=0; eligible_discovery=; eligible_selector=; numerator=None; denominator=None; gamma=None; anchor_role_ic=None; augmented_role_ic=None; outside_sse_max_diff=None; outside_prediction_max_diff=None; accepted=0; final=1,x1^2,x2^2,x3^2; wrapper_overhead_unoptimized=1",1.0,1.0,6,3,1.0,63,0,0,0,1;x1^2;x2^2;x3^2,G,balanced,250,250;250;250;250,751074.5,1;x1^2;x2^2;x3^2,1;x1^2;x2^2;x3^2,"[-0.015375957078367364,0.5904923759596832,0.5063373669692296,0.8008420241746967]","[-0.021986039100251976,0.5900141025976638,0.5069132508772687,0.8001821817684183]",,0.0,0.0,0.0,,0,,0,,,,,,,,0.0
multi_quadratic,complementary,0.2,250,4,20105,fcrra-spent-diagnostic,1.0,1.0,1.0,0.00011931990197737873,0.18150966072343608,0.0,1.0,0.0,frozen-v6-anchor,0.1633963643478117,0.20053880232404556,1.5296602540000208,3005783,x1^2;x2^2;x3^2,-0.04738 + 0.6011·x₁² + 0.5083·x₂² + 0.8014·x₃²,"FCRRA spent-seed diagnostic; anchor=1,x1^2,x2^2,x3^2; exception=; in_bank=0; in_anchor=0; attempted=0; eligible_discovery=; eligible_selector=; numerator=None; denominator=None; gamma=None; anchor_role_ic=None; augmented_role_ic=None; outside_sse_max_diff=None; outside_prediction_max_diff=None; accepted=0; final=1,x1^2,x2^2,x3^2; wrapper_overhead_unoptimized=1",1.0,1.0,6,3,1.0,63,0,0,0,1;x1^2;x2^2;x3^2,G,balanced,250,250;250;250;250,751445.75,1;x1^2;x2^2;x3^2,1;x1^2;x2^2;x3^2,"[-0.05078457963666594,0.5997323502791891,0.5052068412620937,0.8064010042086989]","[-0.04738175867158527,0.6011207850489733,0.50832053018876,0.8014479194291282]",,0.0,0.0,0.0,,0,,0,,,,,,,,0.0
multi_quadratic,spurious,0.1,100,4,20101,fcrra-spent-diagnostic,1.0,1.0,1.0,0.0001384778596935177,0.04301169686084565,0.0,1.0,0.0,frozen-v6-anchor,0.03693545571806946,0.06700047906716691,1.6774150460000214,3146032,x1^2;x2^2;x3^2,0.007996 + 0.5908·x₁² + 0.498·x₂² + 0.8092·x₃²,"FCRRA spent-seed diagnostic; anchor=1,x1^2,x2^2,x3^2; exception=; in_bank=0; in_anchor=0; attempted=0; eligible_discovery=; eligible_selector=; numerator=None; denominator=None; gamma=None; anchor_role_ic=None; augmented_role_ic=None; outside_sse_max_diff=None; outside_prediction_max_diff=None; accepted=0; final=1,x1^2,x2^2,x3^2; wrapper_overhead_unoptimized=1",1.0,1.0,7,4,1.0,120,0,0,0,1;x1^2;x2^2;x3^2,G,balanced,100,100;100;100;100,786508.0,1;x1^2;x2^2;x3^2,1;x1^2;x2^2;x3^2,"[-0.005261008262166911,0.5919812173222974,0.49670719515506717,0.8139393062298583]","[0.007996350664208358,0.5907979577078846,0.4980339021475044,0.8091684825526756]",,0.0,0.0,0.0,,0,,0,,,,,,,,0.0
multi_quadratic,spurious,0.1,100,4,20102,fcrra-spent-diagnostic,1.0,1.0,1.0,3.789059242285735e-05,0.037856917774359206,0.0,1.0,0.0,frozen-v6-anchor,0.041127476837704555,0.055827892540342344,1.6035004739999863,3085769,x1^2;x2^2;x3^2,-0.007127 + 0.5969·x₁² + 0.4991·x₂² + 0.8049·x₃²,"FCRRA spent-seed diagnostic; anchor=1,x1^2,x2^2,x3^2; exception=; in_bank=0; in_anchor=0; attempted=0; eligible_discovery=; eligible_selector=; numerator=None; denominator=None; gamma=None; anchor_role_ic=None; augmented_role_ic=None; outside_sse_max_diff=None; outside_prediction_max_diff=None; accepted=0; final=1,x1^2,x2^2,x3^2; wrapper_overhead_unoptimized=1",1.0,1.0,6,3,1.0,63,0,0,0,1;x1^2;x2^2;x3^2,G,balanced,100,100;100;100;100,771442.25,1;x1^2;x2^2;x3^2,1;x1^2;x2^2;x3^2,"[-0.0023740567335011065,0.5952250942938193,0.4989268876359317,0.8071702191266592]","[-0.007126534520529451,0.5968506631584884,0.49906029846864675,0.8049188218710861]",,0.0,0.0,0.0,,0,,0,,,,,,,,0.0
multi_quadratic,spurious,0.1,100,4,20103,fcrra-spent-diagnostic,1.0,1.0,1.0,0.00010782768480621013,0.053710573130624224,0.0,1.0,0.0,frozen-v6-anchor,0.06536860651543937,0.10487732562622795,1.6730429349999554,3145302,x1^2;x2^2;x3^2,-0.01518 + 0.5954·x₁² + 0.5041·x₂² + 0.8109·x₃²,"FCRRA spent-seed diagnostic; anchor=1,x1^2,x2^2,x3^2; exception=; in_bank=0; in_anchor=0; attempted=0; eligible_discovery=; eligible_selector=; numerator=None; denominator=None; gamma=None; anchor_role_ic=None; augmented_role_ic=None; outside_sse_max_diff=None; outside_prediction_max_diff=None; accepted=0; final=1,x1^2,x2^2,x3^2; wrapper_overhead_unoptimized=1",1.0,1.0,7,4,1.0,120,0,0,0,1;x1^2;x2^2;x3^2,G,balanced,100,100;100;100;100,786325.5,1;x1^2;x2^2;x3^2,1;x1^2;x2^2;x3^2,"[-0.03294380826332599,0.5919720759726923,0.5034254337149755,0.8194492331744523]","[-0.015175442269008079,0.5953741857099669,0.5041067292599754,0.8109382585463907]",,0.0,0.0,0.0,,0,,0,,,,,,,,0.0
multi_quadratic,spurious,0.1,100,4,20104,fcrra-spent-diagnostic,1.0,1.0,1.0,0.0002625425930536519,0.05097771723082923,0.0,1.0,0.0,frozen-v6-anchor,0.04113104679368244,0.05399665363792489,1.6412564019999536,3087167,x1^2;x2^2;x3^2,0.003285 + 0.5917·x₁² + 0.4964·x₂² + 0.7991·x₃²,"FCRRA spent-seed diagnostic; anchor=1,x1^2,x2^2,x3^2; exception=; in_bank=0; in_anchor=0; attempted=0; eligible_discovery=; eligible_selector=; numerator=None; denominator=None; gamma=None; anchor_role_ic=None; augmented_role_ic=None; outside_sse_max_diff=None; outside_prediction_max_diff=None; accepted=0; final=1,x1^2,x2^2,x3^2; wrapper_overhead_unoptimized=1",1.0,1.0,7,4,1.0,120,0,0,0,1;x1^2;x2^2;x3^2,G,balanced,100,100;100;100;100,771791.75,1;x1^2;x2^2;x3^2,1;x1^2;x2^2;x3^2,"[0.020992671226650828,0.5923443765547893,0.49287601589383223,0.7895040495432903]","[0.0032853065161539885,0.5916692100951016,0.4963835883121704,0.7991053121399356]",,0.0,0.0,0.0,,0,,0,,,,,,,,0.0
multi_quadratic,spurious,0.1,100,4,20105,fcrra-spent-diagnostic,1.0,1.0,1.0,0.00022914969701209756,0.04802025436505027,0.0,1.0,0.0,frozen-v6-anchor,0.06193766980055339,0.07439384139569824,1.4878978200000006,2995286,x1^2;x2^2;x3^2,-0.03017 + 0.5948·x₁² + 0.5124·x₂² + 0.8008·x₃²,"FCRRA spent-seed diagnostic; anchor=1,x1^2,x2^2,x3^2; exception=; in_bank=0; in_anchor=0; attempted=0; eligible_discovery=; eligible_selector=; numerator=None; denominator=None; gamma=None; anchor_role_ic=None; augmented_role_ic=None; outside_sse_max_diff=None; outside_prediction_max_diff=None; accepted=0; final=1,x1^2,x2^2,x3^2; wrapper_overhead_unoptimized=1",1.0,1.0,6,3,1.0,63,0,0,0,1;x1^2;x2^2;x3^2,G,balanced,100,100;100;100;100,748821.5,1;x1^2;x2^2;x3^2,1;x1^2;x2^2;x3^2,"[-0.00527380766462926,0.5946139708639306,0.5085547875864651,0.798913058371304]","[-0.03016605230280834,0.594828749183002,0.5123640815442735,0.8007803438375082]",,0.0,0.0,0.0,,0,,0,,,,,,,,0.0
multi_quadratic,spurious,0.1,250,4,20101,fcrra-spent-diagnostic,1.0,1.0,1.0,0.00010305302044804399,0.045856284623715625,0.0,1.0,0.0,frozen-v6-anchor,0.04822096673696576,0.06792569796802606,1.5268776169999683,3003466,x1^2;x2^2;x3^2,-0.03617 + 0.6091·x₁² + 0.4979·x₂² + 0.804·x₃²,"FCRRA spent-seed diagnostic; anchor=1,x1^2,x2^2,x3^2; exception=; in_bank=0; in_anchor=0; attempted=0; eligible_discovery=; eligible_selector=; numerator=None; denominator=None; gamma=None; anchor_role_ic=None; augmented_role_ic=None; outside_sse_max_diff=None; outside_prediction_max_diff=None; accepted=0; final=1,x1^2,x2^2,x3^2; wrapper_overhead_unoptimized=1",1.0,1.0,5,2,1.0,32,0,0,0,1;x1^2;x2^2;x3^2,G,balanced,250,250;250;250;250,750866.5,1;x1^2;x2^2;x3^2,1;x1^2;x2^2;x3^2,"[-0.03531988453973156,0.6104069898222473,0.4972831705603509,0.8015770901769548]","[-0.03617109124409275,0.6090704210671767,0.49793760004929366,0.8040263246874927]",,0.0,0.0,0.0,,0,,0,,,,,,,,0.0
multi_quadratic,spurious,0.1,250,4,20102,fcrra-spent-diagnostic,1.0,1.0,1.0,0.00014955858264171162,0.05148571859433674,0.0,1.0,0.0,frozen-v6-anchor,0.05350032094445074,0.0647170237411618,1.5753709159999971,3036728,x1^2;x2^2;x3^2,-0.01105 + 0.6079·x₁² + 0.5046·x₂² + 0.7929·x₃²,"FCRRA spent-seed diagnostic; anchor=1,x1^2,x2^2,x3^2; exception=; in_bank=0; in_anchor=0; attempted=0; eligible_discovery=; eligible_selector=; numerator=None; denominator=None; gamma=None; anchor_role_ic=None; augmented_role_ic=None; outside_sse_max_diff=None; outside_prediction_max_diff=None; accepted=0; final=1,x1^2,x2^2,x3^2; wrapper_overhead_unoptimized=1",1.0,1.0,6,3,1.0,63,0,0,0,1;x1^2;x2^2;x3^2,G,balanced,250,250;250;250;250,759182.0,1;x1^2;x2^2;x3^2,1;x1^2;x2^2;x3^2,"[-0.02073706793115271,0.6087120491718929,0.505467723751426,0.7955425038569843]","[-0.0110539349560631,0.6079434803327389,0.5045606424712007,0.7929179812571925]",,0.0,0.0,0.0,,0,,0,,,,,,,,0.0
multi_quadratic,spurious,0.1,250,4,20103,fcrra-spent-diagnostic,1.0,1.0,1.0,1.7812029467433805e-05,0.041369719757674554,0.0,1.0,0.0,frozen-v6-anchor,0.04670622814684962,0.05795886170620953,1.5698464459999855,3033440,x1^2;x2^2;x3^2,0.01237 + 0.5998·x₁² + 0.5008·x₂² + 0.7943·x₃²,"FCRRA spent-seed diagnostic; anchor=1,x1^2,x2^2,x3^2; exception=; in_bank=0; in_anchor=0; attempted=0; eligible_discovery=; eligible_selector=; numerator=None; denominator=None; gamma=None; anchor_role_ic=None; augmented_role_ic=None; outside_sse_max_diff=None; outside_prediction_max_diff=None; accepted=0; final=1,x1^2,x2^2,x3^2; wrapper_overhead_unoptimized=1",1.0,1.0,5,2,1.0,32,0,0,0,1;x1^2;x2^2;x3^2,G,balanced,250,250;250;250;250,758360.0,1;x1^2;x2^2;x3^2,1;x1^2;x2^2;x3^2,"[0.005103013718013472,0.5968363520124642,0.5042002555831191,0.7950268474628959]","[0.012369094719874827,0.5998329569593095,0.5008205475432361,0.79432287169366]",,0.0,0.0,0.0,,0,,0,,,,,,,,0.0
multi_quadratic,spurious,0.1,250,4,20104,fcrra-spent-diagnostic,1.0,1.0,1.0,4.94228714831031e-05,0.04435104002541637,0.0,1.0,0.0,frozen-v6-anchor,0.04168924608659097,0.05907175210901445,1.5725974459999748,3035992,x1^2;x2^2;x3^2,-0.007139 + 0.5955·x₁² + 0.504·x₂² + 0.8004·x₃²,"FCRRA spent-seed diagnostic; anchor=1,x1^2,x2^2,x3^2; exception=; in_bank=0; in_anchor=0; attempted=0; eligible_discovery=; eligible_selector=; numerator=None; denominator=None; gamma=None; anchor_role_ic=None; augmented_role_ic=None; outside_sse_max_diff=None; outside_prediction_max_diff=None; accepted=0; final=1,x1^2,x2^2,x3^2; wrapper_overhead_unoptimized=1",1.0,1.0,6,3,1.0,63,0,0,0,1;x1^2;x2^2;x3^2,G,balanced,250,250;250;250;250,758998.0,1;x1^2;x2^2;x3^2,1;x1^2;x2^2;x3^2,"[-0.008607702397005923,0.5941074714900663,0.5047575019468813,0.80082809153711]","[-0.007138672179888996,0.5954624365810648,0.5039955558859022,0.8003581890445173]",,0.0,0.0,0.0,,0,,0,,,,,,,,0.0
multi_quadratic,spurious,0.1,250,4,20105,fcrra-spent-diagnostic,1.0,1.0,1.0,0.0001042728545110482,0.04443173740078384,0.0,1.0,0.0,frozen-v6-anchor,0.04970775575030665,0.06632654522474167,1.5708415600000194,3037528,x1^2;x2^2;x3^2,-0.03243 + 0.6079·x₁² + 0.505·x₂² + 0.7992·x₃²,"FCRRA spent-seed diagnostic; anchor=1,x1^2,x2^2,x3^2; exception=; in_bank=0; in_anchor=0; attempted=0; eligible_discovery=; eligible_selector=; numerator=None; denominator=None; gamma=None; anchor_role_ic=None; augmented_role_ic=None; outside_sse_max_diff=None; outside_prediction_max_diff=None; accepted=0; final=1,x1^2,x2^2,x3^2; wrapper_overhead_unoptimized=1",1.0,1.0,6,3,1.0,63,0,0,0,1;x1^2;x2^2;x3^2,G,balanced,250,250;250;250;250,759382.0,1;x1^2;x2^2;x3^2,1;x1^2;x2^2;x3^2,"[-0.037284099492762124,0.607850795683818,0.5045730280985647,0.7995141055579809]","[-0.03243347006376827,0.6079130790906775,0.505013263744126,0.7991532121902313]",,0.0,0.0,0.0,,0,,0,,,,,,,,0.0
multi_quadratic,spurious,0.2,100,4,20101,fcrra-spent-diagnostic,1.0,1.0,1.0,0.0005539114387685412,0.1720467874433826,0.0,1.0,0.0,frozen-v6-anchor,0.14774182287227736,0.26800191626870173,1.5823804949999953,3050755,x1^2;x2^2;x3^2,0.01599 + 0.5816·x₁² + 0.4961·x₂² + 0.8183·x₃²,"FCRRA spent-seed diagnostic; anchor=1,x1^2,x2^2,x3^2; exception=; in_bank=0; in_anchor=0; attempted=0; eligible_discovery=; eligible_selector=; numerator=None; denominator=None; gamma=None; anchor_role_ic=None; augmented_role_ic=None; outside_sse_max_diff=None; outside_prediction_max_diff=None; accepted=0; final=1,x1^2,x2^2,x3^2; wrapper_overhead_unoptimized=1",1.0,1.0,6,3,1.0,63,0,0,0,1;x1^2;x2^2;x3^2,G,balanced,100,100;100;100;100,762688.75,1;x1^2;x2^2;x3^2,1;x1^2;x2^2;x3^2,"[-0.010522016524669553,0.5839624346446353,0.49341439031016465,0.8278786124598461]","[0.015992701305760602,0.5815959154182191,0.496067804297381,0.8183369651139095]",,0.0,0.0,0.0,,0,,0,,,,,,,,0.0
multi_quadratic,spurious,0.2,100,4,20102,fcrra-spent-diagnostic,1.0,1.0,1.0,0.00015156236966395995,0.15142767109743688,0.0,1.0,0.0,frozen-v6-anchor,0.1645099073508073,0.22331157016140915,1.5437759260000234,3023649,x1^2;x2^2;x3^2,-0.01425 + 0.5937·x₁² + 0.4981·x₂² + 0.8098·x₃²,"FCRRA spent-seed diagnostic; anchor=1,x1^2,x2^2,x3^2; exception=; in_bank=0; in_anchor=0; attempted=0; eligible_discovery=; eligible_selector=; numerator=None; denominator=None; gamma=None; anchor_role_ic=None; augmented_role_ic=None; outside_sse_max_diff=None; outside_prediction_max_diff=None; accepted=0; final=1,x1^2,x2^2,x3^2; wrapper_overhead_unoptimized=1",1.0,1.0,6,3,1.0,63,0,0,0,1;x1^2;x2^2;x3^2,G,balanced,100,100;100;100;100,755912.25,1;x1^2;x2^2;x3^2,1;x1^2;x2^2;x3^2,"[-0.0047481134673983405,0.5904501885876949,0.4978537752718957,0.8143404382534785]","[-0.0142530690670629,0.5937013263204578,0.49812059693948824,0.809837643752254]",,0.0,0.0,0.0,,0,,0,,,,,,,,0.0
multi_quadratic,spurious,0.2,100,4,20103,fcrra-spent-diagnostic,1.0,1.0,1.0,0.0004313107394320593,0.21484229252249698,0.0,1.0,0.0,frozen-v6-anchor,0.261474426061803,0.41950930250490803,1.526367506999975,2991523,x1^2;x2^2;x3^2,-0.03035 + 0.5907·x₁² + 0.5082·x₂² + 0.8219·x₃²,"FCRRA spent-seed diagnostic; anchor=1,x1^2,x2^2,x3^2; exception=; in_bank=0; in_anchor=0; attempted=0; eligible_discovery=; eligible_selector=; numerator=None; denominator=None; gamma=None; anchor_role_ic=None; augmented_role_ic=None; outside_sse_max_diff=None; outside_prediction_max_diff=None; accepted=0; final=1,x1^2,x2^2,x3^2; wrapper_overhead_unoptimized=1",1.0,1.0,6,3,1.0,63,0,0,0,1;x1^2;x2^2;x3^2,G,balanced,100,100;100;100;100,747880.75,1;x1^2;x2^2;x3^2,1;x1^2;x2^2;x3^2,"[-0.06588761652697972,0.5839441519454343,0.5068508674299774,0.838898466349026]","[-0.030350884559470347,0.5907483714228402,0.5082134585215646,0.8218765171014312]",,0.0,0.0,0.0,,0,,0,,,,,,,,0.0
multi_quadratic,spurious,0.2,100,4,20104,fcrra-spent-diagnostic,1.0,1.0,1.0,0.0010501703717711094,0.20391086892331692,0.0,1.0,0.0,frozen-v6-anchor,0.16452418717469233,0.21598661455169577,1.5557031000000165,3020990,x1^2;x2^2;x3^2,0.006571 + 0.5833·x₁² + 0.4928·x₂² + 0.7982·x₃²,"FCRRA spent-seed diagnostic; anchor=1,x1^2,x2^2,x3^2; exception=; in_bank=0; in_anchor=0; attempted=0; eligible_discovery=; eligible_selector=; numerator=None; denominator=None; gamma=None; anchor_role_ic=None; augmented_role_ic=None; outside_sse_max_diff=None; outside_prediction_max_diff=None; accepted=0; final=1,x1^2,x2^2,x3^2; wrapper_overhead_unoptimized=1",1.0,1.0,6,3,0.0,63,0,1,0,1;x1^2;x2^2;x3^2,G,balanced,100,100;100;100;100,755247.5,1;x1^2;x2^2;x3^2,1;x1^2;x2^2;x3^2,"[0.041985342452969476,0.5846887531096314,0.4857520317876882,0.7790080990867154]","[0.00657061300938812,0.5833384201938708,0.49276717662583835,0.7982106242897231]",,0.0,0.0,0.0,,0,,0,,,,,,,,0.0
multi_quadratic,spurious,0.2,100,4,20105,fcrra-spent-diagnostic,1.0,1.0,1.0,0.0009165987880422636,0.19208101746020106,0.0,1.0,0.0,frozen-v6-anchor,0.24775067920218702,0.29757536558273806,1.5351638320000234,3021521,x1^2;x2^2;x3^2,-0.06033 + 0.5897·x₁² + 0.5247·x₂² + 0.8016·x₃²,"FCRRA spent-seed diagnostic; anchor=1,x1^2,x2^2,x3^2; exception=; in_bank=0; in_anchor=0; attempted=0; eligible_discovery=; eligible_selector=; numerator=None; denominator=None; gamma=None; anchor_role_ic=None; augmented_role_ic=None; outside_sse_max_diff=None; outside_prediction_max_diff=None; accepted=0; final=1,x1^2,x2^2,x3^2; wrapper_overhead_unoptimized=1",1.0,1.0,6,3,1.0,63,0,0,0,1;x1^2;x2^2;x3^2,G,balanced,100,100;100;100;100,755380.25,1;x1^2;x2^2;x3^2,1;x1^2;x2^2;x3^2,"[-0.010547615329606685,0.5892279417279203,0.5171095751729513,0.7978261167427418]","[-0.06033210462961054,0.5896574983699258,0.5247281630901146,0.8015606876838458]",,0.0,0.0,0.0,,0,,0,,,,,,,,0.0
multi_quadratic,spurious,0.2,250,4,20101,fcrra-spent-diagnostic,1.0,1.0,1.0,0.00041221208184788504,0.1834251384948625,0.0,1.0,0.0,frozen-v6-anchor,0.1928838669478504,0.27170279187206736,1.528708805000008,3000175,x1^2;x2^2;x3^2,-0.07234 + 0.6181·x₁² + 0.4959·x₂² + 0.8081·x₃²,"FCRRA spent-seed diagnostic; anchor=1,x1^2,x2^2,x3^2; exception=; in_bank=0; in_anchor=0; attempted=0; eligible_discovery=; eligible_selector=; numerator=None; denominator=None; gamma=None; anchor_role_ic=None; augmented_role_ic=None; outside_sse_max_diff=None; outside_prediction_max_diff=None; accepted=0; final=1,x1^2,x2^2,x3^2; wrapper_overhead_unoptimized=1",1.0,1.0,5,2,1.0,32,0,0,0,1;x1^2;x2^2;x3^2,G,balanced,250,250;250;250;250,750043.75,1;x1^2;x2^2;x3^2,1;x1^2;x2^2;x3^2,"[-0.07063976907959102,0.6208139796445127,0.4945663411207108,0.8031541803539612]","[-0.07234218249787959,0.6181408421358086,0.495875200099339,0.808052649378782]",,0.0,0.0,0.0,,0,,0,,,,,,,,0.0
multi_quadratic,spurious,0.2,250,4,20102,fcrra-spent-diagnostic,1.0,1.0,1.0,0.0005982343306081597,0.20594287437734696,0.0,1.0,0.0,frozen-v6-anchor,0.2140012837778014,0.2588680949646717,1.5380356840000218,3004680,x1^2;x2^2;x3^2,-0.02211 + 0.6159·x₁² + 0.5091·x₂² + 0.7858·x₃²,"FCRRA spent-seed diagnostic; anchor=1,x1^2,x2^2,x3^2; exception=; in_bank=0; in_anchor=0; attempted=0; eligible_discovery=; eligible_selector=; numerator=None; denominator=None; gamma=None; anchor_role_ic=None; augmented_role_ic=None; outside_sse_max_diff=None; outside_prediction_max_diff=None; accepted=0; final=1,x1^2,x2^2,x3^2; wrapper_overhead_unoptimized=1",1.0,1.0,6,3,1.0,63,0,0,0,1;x1^2;x2^2;x3^2,G,balanced,250,250;250;250;250,751170.0,1;x1^2;x2^2;x3^2,1;x1^2;x2^2;x3^2,"[-0.04147413586244397,0.6174240983438026,0.5109354475028647,0.7910850077140181]","[-0.02210786992139524,0.6158869606666729,0.5091212849432158,0.7858359625178046]",,0.0,0.0,0.0,,0,,0,,,,,,,,0.0
multi_quadratic,spurious,0.2,250,4,20103,fcrra-spent-diagnostic,1.0,1.0,1.0,7.124811784057541e-05,0.1654788790306982,0.0,1.0,0.0,frozen-v6-anchor,0.1868249125873877,0.23183544682487192,1.5677885419999598,3033660,x1^2;x2^2;x3^2,0.02474 + 0.5997·x₁² + 0.5016·x₂² + 0.7886·x₃²,"FCRRA spent-seed diagnostic; anchor=1,x1^2,x2^2,x3^2; exception=; in_bank=0; in_anchor=0; attempted=0; eligible_discovery=; eligible_selector=; numerator=None; denominator=None; gamma=None; anchor_role_ic=None; augmented_role_ic=None; outside_sse_max_diff=None; outside_prediction_max_diff=None; accepted=0; final=1,x1^2,x2^2,x3^2; wrapper_overhead_unoptimized=1",1.0,1.0,6,3,1.0,63,0,0,0,1;x1^2;x2^2;x3^2,G,balanced,250,250;250;250;250,758415.0,1;x1^2;x2^2;x3^2,1;x1^2;x2^2;x3^2,"[0.010206027435898157,0.5936727040249481,0.5084005111662494,0.7900536949258372]","[0.02473818943052658,0.5996659139200732,0.5016410950872364,0.7886457433906784]",,0.0,0.0,0.0,,0,,0,,,,,,,,0.0
multi_quadratic,spurious,0.2,250,4,20104,fcrra-spent-diagnostic,1.0,1.0,1.0,0.0001976914858993812,0.1774041601016655,0.0,1.0,0.0,frozen-v6-anchor,0.1667569843463627,0.23628700843605627,1.5372729790000221,3003796,x1^2;x2^2;x3^2,-0.01428 + 0.5909·x₁² + 0.508·x₂² + 0.8007·x₃²,"FCRRA spent-seed diagnostic; anchor=1,x1^2,x2^2,x3^2; exception=; in_bank=0; in_anchor=0; attempted=0; eligible_discovery=; eligible_selector=; numerator=None; denominator=None; gamma=None; anchor_role_ic=None; augmented_role_ic=None; outside_sse_max_diff=None; outside_prediction_max_diff=None; accepted=0; final=1,x1^2,x2^2,x3^2; wrapper_overhead_unoptimized=1",1.0,1.0,6,3,1.0,63,0,0,0,1;x1^2;x2^2;x3^2,G,balanced,250,250;250;250;250,750949.0,1;x1^2;x2^2;x3^2,1;x1^2;x2^2;x3^2,"[-0.017215404794150402,0.588214942980154,0.5095150038937726,0.8016561830742712]","[-0.014277344369215685,0.5909248731636524,0.5079911117724336,0.8007163780925799]",,0.0,0.0,0.0,,0,,0,,,,,,,,0.0
multi_quadratic,spurious,0.2,250,4,20105,fcrra-spent-diagnostic,1.0,1.0,1.0,0.0004170914181264702,0.17772694960313537,0.0,1.0,0.0,frozen-v6-anchor,0.19883102300123195,0.26530618089898816,1.5370655520000014,3004968,x1^2;x2^2;x3^2,-0.06487 + 0.6158·x₁² + 0.51·x₂² + 0.7983·x₃²,"FCRRA spent-seed diagnostic; anchor=1,x1^2,x2^2,x3^2; exception=; in_bank=0; in_anchor=0; attempted=0; eligible_discovery=; eligible_selector=; numerator=None; denominator=None; gamma=None; anchor_role_ic=None; augmented_role_ic=None; outside_sse_max_diff=None; outside_prediction_max_diff=None; accepted=0; final=1,x1^2,x2^2,x3^2; wrapper_overhead_unoptimized=1",1.0,1.0,6,3,1.0,63,0,0,0,1;x1^2;x2^2;x3^2,G,balanced,250,250;250;250;250,751242.0,1;x1^2;x2^2;x3^2,1;x1^2;x2^2;x3^2,"[-0.07456819898567346,0.615701591367658,0.5091460561971413,0.7990282111160165]","[-0.06486694013774587,0.6158261581828766,0.5100265274891338,0.7983064243841559]",,0.0,0.0,0.0,,0,,0,,,,,,,,0.0
multi_quadratic,exception,0.1,100,4,20101,fcrra-spent-diagnostic,1.0,1.0,1.0,0.00024239731539587464,0.10649797842102318,0.0,1.0,0.0,frozen-v6-anchor,0.08068211177181439,0.1057255279654252,2.3339171769999894,3624020,I(x3>1)*x3^2;x1^2;x2^2;x3^2,0.01454 + 0.584·x₁² + 0.5032·x₂² + 0.8149·x₃² + 0.7489·𝟙[x₃>1]·x₃²,"FCRRA spent-seed diagnostic; anchor=1,x1^2,x2^2,x3^2,I(x3>1)*x3^2; exception=I(x3>1)*x3^2; in_bank=1; in_anchor=1; attempted=0; eligible_discovery=; eligible_selector=; numerator=None; denominator=None; gamma=None; anchor_role_ic=None; augmented_role_ic=None; outside_sse_max_diff=None; outside_prediction_max_diff=None; accepted=0; final=1,x1^2,x2^2,x3^2,I(x3>1)*x3^2; wrapper_overhead_unoptimized=1",1.0,1.0,7,3,1.0,120,0,0,1,1;x1^2;x2^2;x3^2;I(x3>1)*x3^2,G,balanced,100,100;100;100;100,906005.0,1;x1^2;x2^2;x3^2;I(x3>1)*x3^2,1;x1^2;x2^2;x3^2;I(x3>1)*x3^2,"[0.015936162847083938,0.5800792965664936,0.5088428801243909,0.8095268707601337,0.7559815152551986]","[0.014537804891189198,0.5839890763736574,0.5031699767922786,0.8148635703496866,0.7489353899443949]",I(x3>1)*x3^2,1.0,1.0,0.0,,0,,0,,,,,,,,0.0
multi_quadratic,exception,0.1,100,4,20102,fcrra-spent-diagnostic,1.0,1.0,1.0,0.00013773336959265874,0.09240259520456771,0.0,1.0,0.0,frozen-v6-anchor,0.09843522402766164,0.11752143965848821,2.244640237999988,3573638,I(x3>1)*x3^2;x1^2;x2^2;x3^2,0.005343 + 0.596·x₁² + 0.4989·x₂² + 0.8·x₃² + 0.7347·𝟙[x₃>1]·x₃²,"FCRRA spent-seed diagnostic; anchor=1,x1^2,x2^2,x3^2,I(x3>1)*x3^2; exception=I(x3>1)*x3^2; in_bank=1; in_anchor=1; attempted=0; eligible_discovery=; eligible_selector=; numerator=None; denominator=None; gamma=None; anchor_role_ic=None; augmented_role_ic=None; outside_sse_max_diff=None; outside_prediction_max_diff=None; accepted=0; final=1,x1^2,x2^2,x3^2,I(x3>1)*x3^2; wrapper_overhead_unoptimized=1",1.0,1.0,6,2,1.0,63,0,0,1,1;x1^2;x2^2;x3^2;I(x3>1)*x3^2,G,balanced,100,100;100;100;100,893409.5,1;x1^2;x2^2;x3^2;I(x3>1)*x3^2,1;x1^2;x2^2;x3^2;I(x3>1)*x3^2,"[-0.00743311439931858,0.6043402219244018,0.49449224162741584,0.7987245557085114,0.7364323906646526]","[0.005342748921782945,0.596041276317518,0.4988512120570149,0.7999885042804796,0.7346855832926633]",I(x3>1)*x3^2,1.0,1.0,0.0,,0,,0,,,,,,,,0.0
multi_quadratic,exception,0.1,100,4,20103,fcrra-spent-diagnostic,1.0,1.0,1.0,4.0028260124771424e-05,0.11530501192375915,0.0,1.0,0.0,frozen-v6-anchor,0.11727808844319962,0.1568882280991147,2.273605568999983,3596468,I(x3>1)*x3^2;x1^2;x2^2;x3^2,0.01246 + 0.6016·x₁² + 0.5008·x₂² + 0.7867·x₃² + 0.7597·𝟙[x₃>1]·x₃²,"FCRRA spent-seed diagnostic; anchor=1,x1^2,x2^2,x3^2,I(x3>1)*x3^2; exception=I(x3>1)*x3^2; in_bank=1; in_anchor=1; attempted=0; eligible_discovery=; eligible_selector=; numerator=None; denominator=None; gamma=None; anchor_role_ic=None; augmented_role_ic=None; outside_sse_max_diff=None; outside_prediction_max_diff=None; accepted=0; final=1,x1^2,x2^2,x3^2,I(x3>1)*x3^2; wrapper_overhead_unoptimized=1",1.0,1.0,5,1,1.0,32,0,0,1,1;x1^2;x2^2;x3^2;I(x3>1)*x3^2,G,balanced,100,100;100;100;100,899117.0,1;x1^2;x2^2;x3^2;I(x3>1)*x3^2,1;x1^2;x2^2;x3^2;I(x3>1)*x3^2,"[-0.008327295360791418,0.6017127373074282,0.5015251668752372,0.7854897030415686,0.7656531144958668]","[0.012461305528681826,0.6015799112190146,0.5008197362814739,0.7867292552173815,0.7596586730844702]",I(x3>1)*x3^2,1.0,1.0,0.0,,0,,0,,,,,,,,0.0
multi_quadratic,exception,0.1,100,4,20104,fcrra-spent-diagnostic,1.0,1.0,1.0,0.00015968885310786447,0.1009650556035819,0.0,1.0,0.0,frozen-v6-anchor,0.12752489561565003,0.16532553956894086,2.230582831999982,3574479,I(x3>1)*x3^2;x1^2;x2^2;x3^2,-0.06553 + 0.5973·x₁² + 0.5062·x₂² + 0.8115·x₃² + 0.7547·𝟙[x₃>1]·x₃²,"FCRRA spent-seed diagnostic; anchor=1,x1^2,x2^2,x3^2,I(x3>1)*x3^2; exception=I(x3>1)*x3^2; in_bank=1; in_anchor=1; attempted=0; eligible_discovery=; eligible_selector=; numerator=None; denominator=None; gamma=None; anchor_role_ic=None; augmented_role_ic=None; outside_sse_max_diff=None; outside_prediction_max_diff=None; accepted=0; final=1,x1^2,x2^2,x3^2,I(x3>1)*x3^2; wrapper_overhead_unoptimized=1",1.0,1.0,7,3,0.0,120,0,1,1,1;x1^2;x2^2;x3^2;I(x3>1)*x3^2,G,balanced,100,100;100;100;100,893619.75,1;x1^2;x2^2;x3^2;I(x3>1)*x3^2,1;x1^2;x2^2;x3^2;I(x3>1)*x3^2,"[-0.08105089527925947,0.5998670385015323,0.5083054160956577,0.8082063082115404,0.757747986110505]","[-0.0655264485834281,0.5972646156272473,0.5062134149533369,0.8115353835614588,0.7547127439863195]",I(x3>1)*x3^2,1.0,1.0,0.0,,0,,0,,,,,,,,0.0
multi_quadratic,exception,0.1,100,4,20105,fcrra-spent-diagnostic,1.0,1.0,1.0,5.4573192454488206e-05,0.11293004128619138,0.0,1.0,0.0,frozen-v6-anchor,0.0826899973878009,0.11892922081757812,2.333014878999961,3617659,I(x3>1)*x3^2;x1^2;x2^2;x3^2,-0.03038 + 0.6074·x₁² + 0.4992·x₂² + 0.798·x₃² + 0.7576·𝟙[x₃>1]·x₃²,"FCRRA spent-seed diagnostic; anchor=1,x1^2,x2^2,x3^2,I(x3>1)*x3^2; exception=I(x3>1)*x3^2; in_bank=1; in_anchor=1; attempted=0; eligible_discovery=; eligible_selector=; numerator=None; denominator=None; gamma=None; anchor_role_ic=None; augmented_role_ic=None; outside_sse_max_diff=None; outside_prediction_max_diff=None; accepted=0; final=1,x1^2,x2^2,x3^2,I(x3>1)*x3^2; wrapper_overhead_unoptimized=1",1.0,1.0,5,1,1.0,32,0,0,1,1;x1^2;x2^2;x3^2;I(x3>1)*x3^2,G,balanced,100,100;100;100;100,904414.75,1;x1^2;x2^2;x3^2;I(x3>1)*x3^2,1;x1^2;x2^2;x3^2;I(x3>1)*x3^2,"[-0.035181187946479876,0.6103550866129953,0.49692264621676724,0.791286310378136,0.7602222337618701]","[-0.03038363593827049,0.607418848443932,0.49920946479795175,0.7980000198453109,0.7575789740711606]",I(x3>1)*x3^2,1.0,1.0,0.0,,0,,0,,,,,,,,0.0
multi_quadratic,exception,0.1,250,4,20101,fcrra-spent-diagnostic,1.0,1.0,1.0,7.913713000506074e-05,0.10169449555314304,0.0,1.0,0.0,frozen-v6-anchor,0.10679611381627872,0.12874073939543923,2.0484010959999637,3425204,I(x3>1)*x3^2;x1^2;x2^2;x3^2,-0.028 + 0.6064·x₁² + 0.5051·x₂² + 0.7931·x₃² + 0.7468·𝟙[x₃>1]·x₃²,"FCRRA spent-seed diagnostic; anchor=1,x1^2,x2^2,x3^2,I(x3>1)*x3^2; exception=I(x3>1)*x3^2; in_bank=1; in_anchor=1; attempted=0; eligible_discovery=; eligible_selector=; numerator=None; denominator=None; gamma=None; anchor_role_ic=None; augmented_role_ic=None; outside_sse_max_diff=None; outside_prediction_max_diff=None; accepted=0; final=1,x1^2,x2^2,x3^2,I(x3>1)*x3^2; wrapper_overhead_unoptimized=1",1.0,1.0,5,1,1.0,32,0,0,1,1;x1^2;x2^2;x3^2;I(x3>1)*x3^2,G,balanced,250,250;250;250;250,856301.0,1;x1^2;x2^2;x3^2;I(x3>1)*x3^2,1;x1^2;x2^2;x3^2;I(x3>1)*x3^2,"[-0.008022780661495787,0.6080099246534673,0.5010998335708574,0.7891177419199086,0.7496848704025515]","[-0.028003154834070506,0.6063570137584255,0.5050698079619714,0.7930912760301648,0.7468462826327144]",I(x3>1)*x3^2,1.0,1.0,0.0,,0,,0,,,,,,,,0.0
multi_quadratic,exception,0.1,250,4,20102,fcrra-spent-diagnostic,1.0,1.0,1.0,0.00012823214792418724,0.10093569188452886,0.0,1.0,0.0,frozen-v6-anchor,0.10386577613003758,0.1215298352830009,2.0167320410000116,3389389,I(x3>1)*x3^2;x1^2;x2^2;x3^2,0.02909 + 0.5936·x₁² + 0.507·x₂² + 0.7958·x₃² + 0.7427·𝟙[x₃>1]·x₃²,"FCRRA spent-seed diagnostic; anchor=1,x1^2,x2^2,x3^2,I(x3>1)*x3^2; exception=I(x3>1)*x3^2; in_bank=1; in_anchor=1; attempted=0; eligible_discovery=; eligible_selector=; numerator=None; denominator=None; gamma=None; anchor_role_ic=None; augmented_role_ic=None; outside_sse_max_diff=None; outside_prediction_max_diff=None; accepted=0; final=1,x1^2,x2^2,x3^2,I(x3>1)*x3^2; wrapper_overhead_unoptimized=1",1.0,1.0,6,2,1.0,63,0,0,1,1;x1^2;x2^2;x3^2;I(x3>1)*x3^2,G,balanced,250,250;250;250;250,847347.25,1;x1^2;x2^2;x3^2;I(x3>1)*x3^2,1;x1^2;x2^2;x3^2;I(x3>1)*x3^2,"[0.04238083273876417,0.5930780526958576,0.5046991911779513,0.7891110509064431,0.7514080889316995]","[0.029090152839707294,0.5936220116811829,0.5070358083775802,0.7957605533134494,0.7426599360685712]",I(x3>1)*x3^2,1.0,1.0,0.0,,0,,0,,,,,,,,0.0
multi_quadratic,exception,0.1,250,4,20103,fcrra-spent-diagnostic,1.0,1.0,1.0,5.9927027117831646e-05,0.08947052358898328,0.0,1.0,0.0,frozen-v6-anchor,0.0860995957415325,0.12127016361133687,2.084222272999966,3435292,I(x3>1)*x3^2;x1^2;x2^2;x3^2,-0.01137 + 0.6018·x₁² + 0.507·x₂² + 0.7945·x₃² + 0.7561·𝟙[x₃>1]·x₃²,"FCRRA spent-seed diagnostic; anchor=1,x1^2,x2^2,x3^2,I(x3>1)*x3^2; exception=I(x3>1)*x3^2; in_bank=1; in_anchor=1; attempted=0; eligible_discovery=; eligible_selector=; numerator=None; denominator=None; gamma=None; anchor_role_ic=None; augmented_role_ic=None; outside_sse_max_diff=None; outside_prediction_max_diff=None; accepted=0; final=1,x1^2,x2^2,x3^2,I(x3>1)*x3^2; wrapper_overhead_unoptimized=1",1.0,1.0,7,3,1.0,120,0,0,1,1;x1^2;x2^2;x3^2;I(x3>1)*x3^2,G,balanced,250,250;250;250;250,858823.0,1;x1^2;x2^2;x3^2;I(x3>1)*x3^2,1;x1^2;x2^2;x3^2;I(x3>1)*x3^2,"[-0.024065274406768193,0.6033305826487486,0.5094743277928463,0.7996057681933334,0.7509068715338296]","[-0.01136954748372537,0.6017851074150221,0.5069973380432784,0.7945420335990012,0.7561066462302194]",I(x3>1)*x3^2,1.0,1.0,0.0,,0,,0,,,,,,,,0.0
multi_quadratic,exception,0.1,250,4,20104,fcrra-spent-diagnostic,1.0,1.0,1.0,9.981137285110813e-05,0.08818790426873366,0.0,1.0,0.0,frozen-v6-anchor,0.09216018584745245,0.10608852422376612,2.0369188249999866,3385155,I(x3>1)*x3^2;x1^2;x2^2;x3^2,-0.0156 + 0.5934·x₁² + 0.5054·x₂² + 0.8018·x₃² + 0.7435·𝟙[x₃>1]·x₃²,"FCRRA spent-seed diagnostic; anchor=1,x1^2,x2^2,x3^2,I(x3>1)*x3^2; exception=I(x3>1)*x3^2; in_bank=1; in_anchor=1; attempted=0; eligible_discovery=; eligible_selector=; numerator=None; denominator=None; gamma=None; anchor_role_ic=None; augmented_role_ic=None; outside_sse_max_diff=None; outside_prediction_max_diff=None; accepted=0; final=1,x1^2,x2^2,x3^2,I(x3>1)*x3^2; wrapper_overhead_unoptimized=1",1.0,1.0,6,2,1.0,63,0,0,1,1;x1^2;x2^2;x3^2;I(x3>1)*x3^2,G,balanced,250,250;250;250;250,846288.75,1;x1^2;x2^2;x3^2;I(x3>1)*x3^2,1;x1^2;x2^2;x3^2;I(x3>1)*x3^2,"[-0.005552328333629529,0.5945946577086807,0.5054894644184795,0.7997843694204791,0.7389690442617214]","[-0.01560301341158843,0.5933604396688041,0.505368480851217,0.8017536102395066,0.743516233419389]",I(x3>1)*x3^2,1.0,1.0,0.0,,0,,0,,,,,,,,0.0
multi_quadratic,exception,0.1,250,4,20105,fcrra-spent-diagnostic,1.0,1.0,1.0,4.3287651742877603e-05,0.10027741497017513,0.0,1.0,0.0,frozen-v6-anchor,0.09040886578978072,0.11116685598104546,2.1891621190000023,3478845,I(x3>1)*x3^2;x1^2;x2^2;x3^2,-0.03651 + 0.6006·x₁² + 0.506·x₂² + 0.801·x₃² + 0.7521·𝟙[x₃>1]·x₃²,"FCRRA spent-seed diagnostic; anchor=1,x1^2,x2^2,x3^2,I(x3>1)*x3^2; exception=I(x3>1)*x3^2; in_bank=1; in_anchor=1; attempted=0; eligible_discovery=; eligible_selector=; numerator=None; denominator=None; gamma=None; anchor_role_ic=None; augmented_role_ic=None; outside_sse_max_diff=None; outside_prediction_max_diff=None; accepted=0; final=1,x1^2,x2^2,x3^2,I(x3>1)*x3^2; wrapper_overhead_unoptimized=1",1.0,1.0,5,1,1.0,32,0,0,1,1;x1^2;x2^2;x3^2;I(x3>1)*x3^2,G,balanced,250,250;250;250;250,869711.25,1;x1^2;x2^2;x3^2;I(x3>1)*x3^2,1;x1^2;x2^2;x3^2;I(x3>1)*x3^2,"[-0.03855076944124469,0.5996370164034245,0.5038264343701501,0.8050542330155134,0.7483472352457506]","[-0.03650822312126126,0.6005900919662054,0.50603099900332,0.8009937042800401,0.7521431965072065]",I(x3>1)*x3^2,1.0,1.0,0.0,,0,,0,,,,,,,,0.0
multi_quadratic,exception,0.2,100,4,20101,fcrra-spent-diagnostic,1.0,1.0,1.0,0.0009695892615972831,0.4259919136840928,0.0,1.0,0.0,frozen-v6-anchor,0.32272844708720927,0.42290211186161364,2.229232939000042,3523161,I(x3>1)*x3^2;x1^2;x2^2;x3^2,0.02908 + 0.568·x₁² + 0.5063·x₂² + 0.8297·x₃² + 0.7479·𝟙[x₃>1]·x₃²,"FCRRA spent-seed diagnostic; anchor=1,x1^2,x2^2,x3^2,I(x3>1)*x3^2; exception=I(x3>1)*x3^2; in_bank=1; in_anchor=1; attempted=0; eligible_discovery=; eligible_selector=; numerator=None; denominator=None; gamma=None; anchor_role_ic=None; augmented_role_ic=None; outside_sse_max_diff=None; outside_prediction_max_diff=None; accepted=0; final=1,x1^2,x2^2,x3^2,I(x3>1)*x3^2; wrapper_overhead_unoptimized=1",1.0,1.0,6,2,0.0,63,0,1,1,1;x1^2;x2^2;x3^2;I(x3>1)*x3^2,G,balanced,100,100;100;100;100,880790.25,1;x1^2;x2^2;x3^2;I(x3>1)*x3^2,1;x1^2;x2^2;x3^2;I(x3>1)*x3^2,"[0.0318723256938988,0.5601585931330308,0.5176857602488011,0.8190537415203223,0.7619630305104516]","[0.029075609764462725,0.5679781527499095,0.5063399535858685,0.8297271407027651,0.7478707798928412]",I(x3>1)*x3^2,1.0,1.0,0.0,,0,,0,,,,,,,,0.0
multi_quadratic,exception,0.2,100,4,20102,fcrra-spent-diagnostic,1.0,1.0,1.0,0.0005509334781444431,0.36961038081827086,0.0,1.0,0.0,frozen-v6-anchor,0.39374089611068164,0.47008575863403623,2.1513379870000335,3508065,I(x3>1)*x3^2;x1^2;x2^2;x3^2,0.01069 + 0.5921·x₁² + 0.4977·x₂² + 0.8·x₃² + 0.7194·𝟙[x₃>1]·x₃²,"FCRRA spent-seed diagnostic; anchor=1,x1^2,x2^2,x3^2,I(x3>1)*x3^2; exception=I(x3>1)*x3^2; in_bank=1; in_anchor=1; attempted=0; eligible_discovery=; eligible_selector=; numerator=None; denominator=None; gamma=None; anchor_role_ic=None; augmented_role_ic=None; outside_sse_max_diff=None; outside_prediction_max_diff=None; accepted=0; final=1,x1^2,x2^2,x3^2,I(x3>1)*x3^2; wrapper_overhead_unoptimized=1",1.0,1.0,6,2,1.0,63,0,0,1,1;x1^2;x2^2;x3^2;I(x3>1)*x3^2,G,balanced,100,100;100;100;100,877016.25,1;x1^2;x2^2;x3^2;I(x3>1)*x3^2,1;x1^2;x2^2;x3^2;I(x3>1)*x3^2,"[-0.014866228798939172,0.608680443848863,0.48898448325485105,0.7974491114170688,0.7228647813293663]","[0.01068549782210384,0.5920825526393128,0.4977024241153699,0.7999770085642413,0.7193711665897308]",I(x3>1)*x3^2,1.0,1.0,0.0,,0,,0,,,,,,,,0.0
multi_quadratic,exception,0.2,100,4,20103,fcrra-spent-diagnostic,0.0,0.75,0.75,0.0056607500201694555,0.519326337121218,0.0,1.0,0.0,frozen-v6-anchor,0.45216033024262337,0.6157460760187405,2.3161243199999717,3623268,I(x3>1)*x3^2;cos(x3);x1^2;x2^2,2.148 + 0.607·x₁² + 0.5051·x₂² - 2.311·cos(x₃) + 0.8051·𝟙[x₃>1]·x₃²,"FCRRA spent-seed diagnostic; anchor=1,x1^2,x2^2,cos(x3),I(x3>1)*x3^2; exception=I(x3>1)*x3^2; in_bank=1; in_anchor=1; attempted=0; eligible_discovery=; eligible_selector=; numerator=None; denominator=None; gamma=None; anchor_role_ic=None; augmented_role_ic=None; outside_sse_max_diff=None; outside_prediction_max_diff=None; accepted=0; final=1,x1^2,x2^2,cos(x3),I(x3>1)*x3^2; wrapper_overhead_unoptimized=1",1.0,1.0,5,1,0.0,32,0,1,1,1;x1^2;x2^2;cos(x3);I(x3>1)*x3^2,G,balanced,100,100;100;100;100,905817.0,1;x1^2;x2^2;cos(x3);I(x3>1)*x3^2,1;x1^2;x2^2;cos(x3);I(x3>1)*x3^2,"[2.1109324260467184,0.6004493897746639,0.500786736056247,-2.280978794919704,0.8263263182200116]","[2.1476146903247395,0.6070260053873054,0.5050649651247007,-2.3108210523857733,0.8051168422051689]",I(x3>1)*x3^2,1.0,1.0,0.0,,0,,0,,,,,,,,0.0
multi_quadratic,exception,0.2,100,4,20104,fcrra-spent-diagnostic,0.0,0.75,0.75,0.011531351151960169,0.5524062393351794,0.0,0.0,0.0,frozen-v6-anchor,0.5819160388647509,0.8117162996312042,2.2057484790000217,3556621,x1^2;x2^2;x3;x3^2,-0.2395 + 0.6612·x₃ + 0.6005·x₁² + 0.5156·x₂² + 1.228·x₃²,"FCRRA spent-seed diagnostic; anchor=1,x3,x1^2,x2^2,x3^2; exception=I(x3>1)*x3^2; in_bank=1; in_anchor=0; attempted=1; eligible_discovery=client-4; eligible_selector=client-4; numerator=49.69463797203366; denominator=911.7012782799573; gamma=0.05450758834712132; anchor_role_ic=0.3179116281046035; augmented_role_ic=0.938665526605095; outside_sse_max_diff=0.0; outside_prediction_max_diff=4.440892098500626e-16; accepted=0; final=1,x3,x1^2,x2^2,x3^2; wrapper_overhead_unoptimized=1",1.0,1.0,7,3,0.0,120,1,2,0,1;x3;x1^2;x2^2;x3^2,G,balanced,100,100;100;100;100,889155.25,1;x3;x1^2;x2^2;x3^2,1;x3;x1^2;x2^2;x3^2,"[-0.2240125055714177,0.6697770383470816,0.6061216619974534,0.5190093422121976,1.20571396654965]","[-0.23949853350632616,0.6612371355646324,0.6005168989855183,0.5156337253610274,1.2277553345449483]",I(x3>1)*x3^2,1.0,0.0,1.0,client-4,70,client-4,15,49.69463797203366,911.7012782799573,0.05450758834712132,0.3179116281046035,0.938665526605095,0.0,4.440892098500626e-16,0.0
multi_quadratic,exception,0.2,100,4,20105,fcrra-spent-diagnostic,1.0,1.0,1.0,0.00021829276989159593,0.4517201651447654,0.0,1.0,0.0,frozen-v6-anchor,0.33075998955119557,0.475716883270267,2.3726499769999805,3648594,I(x3>1)*x3^2;x1^2;x2^2;x3^2,-0.06077 + 0.6148·x₁² + 0.4984·x₂² + 0.796·x₃² + 0.7652·𝟙[x₃>1]·x₃²,"FCRRA spent-seed diagnostic; anchor=1,x1^2,x2^2,x3^2,I(x3>1)*x3^2; exception=I(x3>1)*x3^2; in_bank=1; in_anchor=1; attempted=0; eligible_discovery=; eligible_selector=; numerator=None; denominator=None; gamma=None; anchor_role_ic=None; augmented_role_ic=None; outside_sse_max_diff=None; outside_prediction_max_diff=None; accepted=0; final=1,x1^2,x2^2,x3^2,I(x3>1)*x3^2; wrapper_overhead_unoptimized=1",1.0,1.0,6,2,1.0,63,0,0,1,1;x1^2;x2^2;x3^2;I(x3>1)*x3^2,G,balanced,100,100;100;100;100,912148.5,1;x1^2;x2^2;x3^2;I(x3>1)*x3^2,1;x1^2;x2^2;x3^2;I(x3>1)*x3^2,"[-0.07036237589325835,0.620710173226036,0.49384529243356284,0.7825726207563306,0.7704444675237834]","[-0.06076727189467023,0.6148376968908648,0.4984189295972717,0.7960000396939579,0.7651579481457579]",I(x3>1)*x3^2,1.0,1.0,0.0,,0,,0,,,,,,,,0.0
multi_quadratic,exception,0.2,250,4,20101,fcrra-spent-diagnostic,1.0,1.0,1.0,0.0003165485200184964,0.4067779822125722,0.0,1.0,0.0,frozen-v6-anchor,0.4271844552651172,0.5149629575817201,2.4474632080000447,3668975,I(x3>1)*x3^2;x1^2;x2^2;x3^2,-0.05601 + 0.6127·x₁² + 0.5101·x₂² + 0.7862·x₃² + 0.7437·𝟙[x₃>1]·x₃²,"FCRRA spent-seed diagnostic; anchor=1,x1^2,x2^2,x3^2,I(x3>1)*x3^2; exception=I(x3>1)*x3^2; in_bank=1; in_anchor=1; attempted=0; eligible_discovery=; eligible_selector=; numerator=None; denominator=None; gamma=None; anchor_role_ic=None; augmented_role_ic=None; outside_sse_max_diff=None; outside_prediction_max_diff=None; accepted=0; final=1,x1^2,x2^2,x3^2,I(x3>1)*x3^2; wrapper_overhead_unoptimized=1",1.0,1.0,5,1,1.0,32,0,0,1,1;x1^2;x2^2;x3^2;I(x3>1)*x3^2,G,balanced,250,250;250;250;250,917243.75,1;x1^2;x2^2;x3^2;I(x3>1)*x3^2,1;x1^2;x2^2;x3^2;I(x3>1)*x3^2,"[-0.016045561323097497,0.6160198493069555,0.5021996671417231,0.7782354838398342,0.7493697408051253]","[-0.05600630967629596,0.6127140275183914,0.5101396159245938,0.7861825520617655,0.7436925652669308]",I(x3>1)*x3^2,1.0,1.0,0.0,,0,,0,,,,,,,,0.0
multi_quadratic,exception,0.2,250,4,20102,fcrra-spent-diagnostic,1.0,1.0,1.0,0.0005129285916745252,0.40374276753811544,0.0,1.0,0.0,frozen-v6-anchor,0.4154631045201719,0.486119341131999,2.3078221370000165,3572128,I(x3>1)*x3^2;x1^2;x2^2;x3^2,0.05818 + 0.5872·x₁² + 0.5141·x₂² + 0.7915·x₃² + 0.7353·𝟙[x₃>1]·x₃²,"FCRRA spent-seed diagnostic; anchor=1,x1^2,x2^2,x3^2,I(x3>1)*x3^2; exception=I(x3>1)*x3^2; in_bank=1; in_anchor=1; attempted=0; eligible_discovery=; eligible_selector=; numerator=None; denominator=None; gamma=None; anchor_role_ic=None; augmented_role_ic=None; outside_sse_max_diff=None; outside_prediction_max_diff=None; accepted=0; final=1,x1^2,x2^2,x3^2,I(x3>1)*x3^2; wrapper_overhead_unoptimized=1",1.0,1.0,6,2,1.0,63,0,0,1,1;x1^2;x2^2;x3^2;I(x3>1)*x3^2,G,balanced,250,250;250;250;250,893032.0,1;x1^2;x2^2;x3^2;I(x3>1)*x3^2,1;x1^2;x2^2;x3^2;I(x3>1)*x3^2,"[0.08476166547740498,0.5861561053917342,0.5093983823559142,0.7782221018129081,0.7528161778634244]","[0.05818030567150864,0.5872440233634968,0.514071616755804,0.7915211066283803,0.7353198721387066]",I(x3>1)*x3^2,1.0,1.0,0.0,,0,,0,,,,,,,,0.0
multi_quadratic,exception,0.2,250,4,20103,fcrra-spent-diagnostic,1.0,1.0,1.0,0.00023970810850459343,0.3578820943559331,0.0,1.0,0.0,frozen-v6-anchor,0.3443983829661465,0.4850806544453567,2.3721940819999645,3643777,I(x3>1)*x3^2;x1^2;x2^2;x3^2,-0.02274 + 0.6036·x₁² + 0.514·x₂² + 0.7891·x₃² + 0.7622·𝟙[x₃>1]·x₃²,"FCRRA spent-seed diagnostic; anchor=1,x1^2,x2^2,x3^2,I(x3>1)*x3^2; exception=I(x3>1)*x3^2; in_bank=1; in_anchor=1; attempted=0; eligible_discovery=; eligible_selector=; numerator=None; denominator=None; gamma=None; anchor_role_ic=None; augmented_role_ic=None; outside_sse_max_diff=None; outside_prediction_max_diff=None; accepted=0; final=1,x1^2,x2^2,x3^2,I(x3>1)*x3^2; wrapper_overhead_unoptimized=1",1.0,1.0,6,2,1.0,63,0,0,1,1;x1^2;x2^2;x3^2;I(x3>1)*x3^2,G,balanced,250,250;250;250;250,910944.25,1;x1^2;x2^2;x3^2;I(x3>1)*x3^2,1;x1^2;x2^2;x3^2;I(x3>1)*x3^2,"[-0.04813054881365019,0.6066611652975122,0.5189486555857044,0.7992115363866884,0.751813743067684]","[-0.022739094975166834,0.6035702148311385,0.5139946760873079,0.7890840671993984,0.7622132924621157]",I(x3>1)*x3^2,1.0,1.0,0.0,,0,,0,,,,,,,,0.0
multi_quadratic,exception,0.2,250,4,20104,fcrra-spent-diagnostic,1.0,1.0,1.0,0.0003992454913589439,0.35275161707493474,0.0,1.0,0.0,frozen-v6-anchor,0.36864074338980746,0.42435409689505216,2.2501747509999745,3536803,I(x3>1)*x3^2;x1^2;x2^2;x3^2,-0.03121 + 0.5867·x₁² + 0.5107·x₂² + 0.8035·x₃² + 0.737·𝟙[x₃>1]·x₃²,"FCRRA spent-seed diagnostic; anchor=1,x1^2,x2^2,x3^2,I(x3>1)*x3^2; exception=I(x3>1)*x3^2; in_bank=1; in_anchor=1; attempted=0; eligible_discovery=; eligible_selector=; numerator=None; denominator=None; gamma=None; anchor_role_ic=None; augmented_role_ic=None; outside_sse_max_diff=None; outside_prediction_max_diff=None; accepted=0; final=1,x1^2,x2^2,x3^2,I(x3>1)*x3^2; wrapper_overhead_unoptimized=1",1.0,1.0,6,2,1.0,63,0,0,1,1;x1^2;x2^2;x3^2;I(x3>1)*x3^2,G,balanced,250,250;250;250;250,884200.75,1;x1^2;x2^2;x3^2;I(x3>1)*x3^2,1;x1^2;x2^2;x3^2;I(x3>1)*x3^2,"[-0.011104656667390375,0.5891893154173806,0.5109789288369686,0.7995687388409832,0.7279380885234656]","[-0.031206026830924778,0.5867208793389055,0.5107369617030327,0.8035072204804705,0.7370324668403996]",I(x3>1)*x3^2,1.0,1.0,0.0,,0,,0,,,,,,,,0.0
multi_quadratic,exception,0.2,250,4,20105,fcrra-spent-diagnostic,1.0,1.0,1.0,0.0001731506069846101,0.4011096598807005,0.0,1.0,0.0,frozen-v6-anchor,0.3616354631591121,0.4446674239241204,2.4178360610000027,3632912,I(x3>1)*x3^2;x1^2;x2^2;x3^2,-0.07302 + 0.6012·x₁² + 0.5121·x₂² + 0.802·x₃² + 0.7543·𝟙[x₃>1]·x₃²,"FCRRA spent-seed diagnostic; anchor=1,x1^2,x2^2,x3^2,I(x3>1)*x3^2; exception=I(x3>1)*x3^2; in_bank=1; in_anchor=1; attempted=0; eligible_discovery=; eligible_selector=; numerator=None; denominator=None; gamma=None; anchor_role_ic=None; augmented_role_ic=None; outside_sse_max_diff=None; outside_prediction_max_diff=None; accepted=0; final=1,x1^2,x2^2,x3^2,I(x3>1)*x3^2; wrapper_overhead_unoptimized=1",1.0,1.0,6,2,1.0,63,0,0,1,1;x1^2;x2^2;x3^2;I(x3>1)*x3^2,G,balanced,250,250;250;250;250,908228.0,1;x1^2;x2^2;x3^2;I(x3>1)*x3^2,1;x1^2;x2^2;x3^2;I(x3>1)*x3^2,"[-0.07710153888259336,0.5992740328068664,0.5076528687403088,0.810108466031042,0.7466944704915296]","[-0.0730164462507506,0.6011801839336847,0.512061998007358,0.801987408561641,0.7542863930160426]",I(x3>1)*x3^2,1.0,1.0,0.0,,0,,0,,,,,,,,0.0
trig_cross,complementary,0.1,100,4,20101,fcrra-spent-diagnostic,1.0,1.0,1.0,0.00010121762761469602,0.012383115558510668,0.0,1.0,0.0,frozen-v6-anchor,0.009659853578789394,0.012680442305256652,1.5100808519999873,3007299,cos(x3);sin(x1)*cos(x2);x1,0.008119 + 0.5047·x₁ + 0.6958·cos(x₃) + 1.198·sin(x₁)cos(x₂),"FCRRA spent-seed diagnostic; anchor=1,x1,cos(x3),sin(x1)*cos(x2); exception=; in_bank=0; in_anchor=0; attempted=0; eligible_discovery=; eligible_selector=; numerator=None; denominator=None; gamma=None; anchor_role_ic=None; augmented_role_ic=None; outside_sse_max_diff=None; outside_prediction_max_diff=None; accepted=0; final=1,x1,cos(x3),sin(x1)*cos(x2); wrapper_overhead_unoptimized=1",1.0,1.0,6,3,0.0,63,0,1,0,1;x1;cos(x3);sin(x1)*cos(x2),G,balanced,100,100;100;100;100,751824.75,1;x1;cos(x3);sin(x1)*cos(x2),1;x1;cos(x3);sin(x1)*cos(x2),"[0.006353955839625169,0.5087289281411054,0.7049336733188923,1.2055752883503479]","[0.008118565779465037,0.5047237604540934,0.6958274933551303,1.1979620007664877]",,0.0,0.0,0.0,,0,,0,,,,,,,,0.0
trig_cross,complementary,0.1,100,4,20102,fcrra-spent-diagnostic,1.0,1.0,1.0,0.00010148919585472362,0.01178535193977557,0.0,1.0,0.0,frozen-v6-anchor,0.0126968389584133,0.016141352403789947,1.5334649570000352,3006062,cos(x3);sin(x1)*cos(x2);x1,-0.008574 + 0.4954·x₁ + 0.7034·cos(x₃) + 1.201·sin(x₁)cos(x₂),"FCRRA spent-seed diagnostic; anchor=1,x1,cos(x3),sin(x1)*cos(x2); exception=; in_bank=0; in_anchor=0; attempted=0; eligible_discovery=; eligible_selector=; numerator=None; denominator=None; gamma=None; anchor_role_ic=None; augmented_role_ic=None; outside_sse_max_diff=None; outside_prediction_max_diff=None; accepted=0; final=1,x1,cos(x3),sin(x1)*cos(x2); wrapper_overhead_unoptimized=1",1.0,1.0,6,3,0.0,63,0,1,0,1;x1;cos(x3);sin(x1)*cos(x2),G,balanced,100,100;100;100;100,751515.5,1;x1;cos(x3);sin(x1)*cos(x2),1;x1;cos(x3);sin(x1)*cos(x2),"[-0.011188977410632489,0.4928451954072171,0.7000879195766423,1.1961316918584304]","[-0.008574051766294843,0.4953825230944603,0.7033552078107301,1.2009741228611779]",,0.0,0.0,0.0,,0,,0,,,,,,,,0.0
trig_cross,complementary,0.1,100,4,20103,fcrra-spent-diagnostic,1.0,1.0,1.0,0.00011336790489007487,0.012822775802245305,0.0,1.0,0.0,frozen-v6-anchor,0.013389227652219778,0.017894553302434463,1.5111486650000074,3006899,cos(x3);sin(x1)*cos(x2);x1,0.003803 + 0.5056·x₁ + 0.6894·cos(x₃) + 1.194·sin(x₁)cos(x₂),"FCRRA spent-seed diagnostic; anchor=1,x1,cos(x3),sin(x1)*cos(x2); exception=; in_bank=0; in_anchor=0; attempted=0; eligible_discovery=; eligible_selector=; numerator=None; denominator=None; gamma=None; anchor_role_ic=None; augmented_role_ic=None; outside_sse_max_diff=None; outside_prediction_max_diff=None; accepted=0; final=1,x1,cos(x3),sin(x1)*cos(x2); wrapper_overhead_unoptimized=1",1.0,1.0,6,3,0.0,63,0,1,0,1;x1;cos(x3);sin(x1)*cos(x2),G,balanced,100,100;100;100;100,751724.75,1;x1;cos(x3);sin(x1)*cos(x2),1;x1;cos(x3);sin(x1)*cos(x2),"[0.0020988337758300057,0.5027079148512635,0.6787889428117526,1.1924794565356294]","[0.0038034974093590357,0.5056428474728126,0.6894497210097281,1.1937838709829665]",,0.0,0.0,0.0,,0,,0,,,,,,,,0.0
trig_cross,complementary,0.1,100,4,20104,fcrra-spent-diagnostic,1.0,1.0,1.0,0.00011557851483912576,0.012404723665940033,0.0,1.0,0.0,frozen-v6-anchor,0.015143010330408687,0.019495285679876892,1.5100519810000037,3003998,cos(x3);sin(x1)*cos(x2);x1,-0.009533 + 0.5027·x₁ + 0.6989·cos(x₃) + 1.188·sin(x₁)cos(x₂),"FCRRA spent-seed diagnostic; anchor=1,x1,cos(x3),sin(x1)*cos(x2); exception=; in_bank=0; in_anchor=0; attempted=0; eligible_discovery=; eligible_selector=; numerator=None; denominator=None; gamma=None; anchor_role_ic=None; augmented_role_ic=None; outside_sse_max_diff=None; outside_prediction_max_diff=None; accepted=0; final=1,x1,cos(x3),sin(x1)*cos(x2); wrapper_overhead_unoptimized=1",1.0,1.0,6,3,1.0,63,0,0,0,1;x1;cos(x3);sin(x1)*cos(x2),G,balanced,100,100;100;100;100,750999.5,1;x1;cos(x3);sin(x1)*cos(x2),1;x1;cos(x3);sin(x1)*cos(x2),"[-0.015526978317249189,0.5013450793107153,0.7035423942357256,1.2000417672588457]","[-0.009532648846010341,0.5026638214443724,0.6989120997060952,1.187887149388625]",,0.0,0.0,0.0,,0,,0,,,,,,,,0.0
trig_cross,complementary,0.1,100,4,20105,fcrra-spent-diagnostic,1.0,1.0,1.0,4.9400113544404376e-05,0.012052991499281846,0.0,1.0,0.0,frozen-v6-anchor,0.008822960801220336,0.011945618706498113,1.508232506000013,3004494,cos(x3);sin(x1)*cos(x2);x1,-0.002439 + 0.5034·x₁ + 0.6939·cos(x₃) + 1.204·sin(x₁)cos(x₂),"FCRRA spent-seed diagnostic; anchor=1,x1,cos(x3),sin(x1)*cos(x2); exception=; in_bank=0; in_anchor=0; attempted=0; eligible_discovery=; eligible_selector=; numerator=None; denominator=None; gamma=None; anchor_role_ic=None; augmented_role_ic=None; outside_sse_max_diff=None; outside_prediction_max_diff=None; accepted=0; final=1,x1,cos(x3),sin(x1)*cos(x2); wrapper_overhead_unoptimized=1",1.0,1.0,6,3,1.0,63,0,0,0,1;x1;cos(x3);sin(x1)*cos(x2),G,balanced,100,100;100;100;100,751123.5,1;x1;cos(x3);sin(x1)*cos(x2),1;x1;cos(x3);sin(x1)*cos(x2),"[-0.010620716160737634,0.5047304589438169,0.7020845553744895,1.2047356556674746]","[-0.00243889123072476,0.5033992887237831,0.6939081771015145,1.2037939719351174]",,0.0,0.0,0.0,,0,,0,,,,,,,,0.0
trig_cross,complementary,0.1,250,4,20101,fcrra-spent-diagnostic,1.0,1.0,1.0,0.00012555283801991577,0.012294352515009807,0.0,1.0,0.0,frozen-v6-anchor,0.013333796081716628,0.01612988109499801,1.5628166540000166,3017762,cos(x3);sin(x1)*cos(x2);x1,-0.01219 + 0.4974·x₁ + 0.7097·cos(x₃) + 1.195·sin(x₁)cos(x₂),"FCRRA spent-seed diagnostic; anchor=1,x1,cos(x3),sin(x1)*cos(x2); exception=; in_bank=0; in_anchor=0; attempted=0; eligible_discovery=; eligible_selector=; numerator=None; denominator=None; gamma=None; anchor_role_ic=None; augmented_role_ic=None; outside_sse_max_diff=None; outside_prediction_max_diff=None; accepted=0; final=1,x1,cos(x3),sin(x1)*cos(x2); wrapper_overhead_unoptimized=1",1.0,1.0,6,3,0.0,63,0,1,0,1;x1;cos(x3);sin(x1)*cos(x2),G,balanced,250,250;250;250;250,754440.5,1;x1;cos(x3);sin(x1)*cos(x2),1;x1;cos(x3);sin(x1)*cos(x2),"[-0.011914041580451638,0.49231945248002235,0.714562677878341,1.1998653350213053]","[-0.012193740097621529,0.4973912920388807,0.709703611859775,1.1946465107018158]",,0.0,0.0,0.0,,0,,0,,,,,,,,0.0
trig_cross,complementary,0.1,250,4,20102,fcrra-spent-diagnostic,1.0,1.0,1.0,5.808657709310348e-05,0.012334344980951595,0.0,1.0,0.0,frozen-v6-anchor,0.012804500094564691,0.014930334037004906,1.6027634679999778,3047512,cos(x3);sin(x1)*cos(x2);x1,0.003906 + 0.4968·x₁ + 0.7059·cos(x₃) + 1.198·sin(x₁)cos(x₂),"FCRRA spent-seed diagnostic; anchor=1,x1,cos(x3),sin(x1)*cos(x2); exception=; in_bank=0; in_anchor=0; attempted=0; eligible_discovery=; eligible_selector=; numerator=None; denominator=None; gamma=None; anchor_role_ic=None; augmented_role_ic=None; outside_sse_max_diff=None; outside_prediction_max_diff=None; accepted=0; final=1,x1,cos(x3),sin(x1)*cos(x2); wrapper_overhead_unoptimized=1",1.0,1.0,6,3,1.0,63,0,0,0,1;x1;cos(x3);sin(x1)*cos(x2),G,balanced,250,250;250;250;250,761878.0,1;x1;cos(x3);sin(x1)*cos(x2),1;x1;cos(x3);sin(x1)*cos(x2),"[7.428174387050235e-05,0.4958465373613183,0.7155557839469296,1.1914103539448835]","[0.003906417910961508,0.4967640650160571,0.7059196495036089,1.1982410381187323]",,0.0,0.0,0.0,,0,,0,,,,,,,,0.0
trig_cross,complementary,0.1,250,4,20103,fcrra-spent-diagnostic,1.0,1.0,1.0,1.723168209188087e-05,0.011482904699237831,0.0,1.0,0.0,frozen-v6-anchor,0.010951357900503316,0.015356832832792775,1.5601662070000089,3015081,cos(x3);sin(x1)*cos(x2);x1,0.001987 + 0.5022·x₁ + 0.6964·cos(x₃) + 1.203·sin(x₁)cos(x₂),"FCRRA spent-seed diagnostic; anchor=1,x1,cos(x3),sin(x1)*cos(x2); exception=; in_bank=0; in_anchor=0; attempted=0; eligible_discovery=; eligible_selector=; numerator=None; denominator=None; gamma=None; anchor_role_ic=None; augmented_role_ic=None; outside_sse_max_diff=None; outside_prediction_max_diff=None; accepted=0; final=1,x1,cos(x3),sin(x1)*cos(x2); wrapper_overhead_unoptimized=1",1.0,1.0,5,2,1.0,32,0,0,0,1;x1;cos(x3);sin(x1)*cos(x2),G,balanced,250,250;250;250;250,753770.25,1;x1;cos(x3);sin(x1)*cos(x2),1;x1;cos(x3);sin(x1)*cos(x2),"[0.001107051230637271,0.5019365024591631,0.6992171821602571,1.2035821624159946]","[0.0019870070035945433,0.5021581134469012,0.6964355184056429,1.2032366833572923]",,0.0,0.0,0.0,,0,,0,,,,,,,,0.0
trig_cross,complementary,0.1,250,4,20104,fcrra-spent-diagnostic,1.0,1.0,1.0,7.866361376853495e-05,0.011002961870567273,0.0,1.0,0.0,frozen-v6-anchor,0.011416550210100192,0.013277709237607498,1.5782818050000174,3018056,cos(x3);sin(x1)*cos(x2);x1,-0.005507 + 0.5024·x₁ + 0.6977·cos(x₃) + 1.186·sin(x₁)cos(x₂),"FCRRA spent-seed diagnostic; anchor=1,x1,cos(x3),sin(x1)*cos(x2); exception=; in_bank=0; in_anchor=0; attempted=0; eligible_discovery=; eligible_selector=; numerator=None; denominator=None; gamma=None; anchor_role_ic=None; augmented_role_ic=None; outside_sse_max_diff=None; outside_prediction_max_diff=None; accepted=0; final=1,x1,cos(x3),sin(x1)*cos(x2); wrapper_overhead_unoptimized=1",1.0,1.0,6,3,1.0,63,0,0,0,1;x1;cos(x3);sin(x1)*cos(x2),G,balanced,250,250;250;250;250,754514.0,1;x1;cos(x3);sin(x1)*cos(x2),1;x1;cos(x3);sin(x1)*cos(x2),"[-0.0033903621996572084,0.5014011078639481,0.6973588625681478,1.1881511353851042]","[-0.005506672442593461,0.50244805892015,0.6976934806835631,1.1861802210283043]",,0.0,0.0,0.0,,0,,0,,,,,,,,0.0
trig_cross,complementary,0.1,250,4,20105,fcrra-spent-diagnostic,1.0,1.0,1.0,4.158074771763503e-05,0.013843248638925245,0.0,1.0,0.0,frozen-v6-anchor,0.012472315310071466,0.015212867025984705,1.5648716530000115,3018746,cos(x3);sin(x1)*cos(x2);x1,-0.005464 + 0.4995·x₁ + 0.6971·cos(x₃) + 1.207·sin(x₁)cos(x₂),"FCRRA spent-seed diagnostic; anchor=1,x1,cos(x3),sin(x1)*cos(x2); exception=; in_bank=0; in_anchor=0; attempted=0; eligible_discovery=; eligible_selector=; numerator=None; denominator=None; gamma=None; anchor_role_ic=None; augmented_role_ic=None; outside_sse_max_diff=None; outside_prediction_max_diff=None; accepted=0; final=1,x1,cos(x3),sin(x1)*cos(x2); wrapper_overhead_unoptimized=1",1.0,1.0,6,3,1.0,63,0,0,0,1;x1;cos(x3);sin(x1)*cos(x2),G,balanced,250,250;250;250;250,754686.5,1;x1;cos(x3);sin(x1)*cos(x2),1;x1;cos(x3);sin(x1)*cos(x2),"[-0.006100363702083736,0.4988244349272679,0.6940057035128211,1.1963825185322134]","[-0.005463914103470387,0.4994797702120195,0.6970562742702837,1.2070758714768532]",,0.0,0.0,0.0,,0,,0,,,,,,,,0.0
trig_cross,complementary,0.2,100,4,20101,fcrra-spent-diagnostic,1.0,1.0,1.0,0.0004048705091842283,0.04953246223404267,0.0,1.0,0.0,frozen-v6-anchor,0.03863941431535688,0.050721769221344935,1.5261756140000102,3008029,cos(x3);sin(x1)*cos(x2);x1,0.01624 + 0.5094·x₁ + 0.6917·cos(x₃) + 1.196·sin(x₁)cos(x₂),"FCRRA spent-seed diagnostic; anchor=1,x1,cos(x3),sin(x1)*cos(x2); exception=; in_bank=0; in_anchor=0; attempted=0; eligible_discovery=; eligible_selector=; numerator=None; denominator=None; gamma=None; anchor_role_ic=None; augmented_role_ic=None; outside_sse_max_diff=None; outside_prediction_max_diff=None; accepted=0; final=1,x1,cos(x3),sin(x1)*cos(x2); wrapper_overhead_unoptimized=1",1.0,1.0,7,4,0.0,120,0,1,0,1;x1;cos(x3);sin(x1)*cos(x2),G,balanced,100,100;100;100;100,752007.25,1;x1;cos(x3);sin(x1)*cos(x2),1;x1;cos(x3);sin(x1)*cos(x2),"[0.01270791167873038,0.517457856282124,0.7098673466389128,1.2111505767026265]","[0.01623713152450461,0.5094475209018542,0.6916549867812288,1.1959240016582169]",,0.0,0.0,0.0,,0,,0,,,,,,,,0.0
trig_cross,complementary,0.2,100,4,20102,fcrra-spent-diagnostic,1.0,1.0,1.0,0.0004059567844789693,0.04714140775910227,0.0,1.0,0.0,frozen-v6-anchor,0.05078735583362472,0.06456540961519343,1.5396891209999808,3002835,cos(x3);sin(x1)*cos(x2);x1,-0.01715 + 0.4908·x₁ + 0.7067·cos(x₃) + 1.202·sin(x₁)cos(x₂),"FCRRA spent-seed diagnostic; anchor=1,x1,cos(x3),sin(x1)*cos(x2); exception=; in_bank=0; in_anchor=0; attempted=0; eligible_discovery=; eligible_selector=; numerator=None; denominator=None; gamma=None; anchor_role_ic=None; augmented_role_ic=None; outside_sse_max_diff=None; outside_prediction_max_diff=None; accepted=0; final=1,x1,cos(x3),sin(x1)*cos(x2); wrapper_overhead_unoptimized=1",1.0,1.0,6,3,1.0,63,0,0,0,1;x1;cos(x3);sin(x1)*cos(x2),G,balanced,100,100;100;100;100,750708.75,1;x1;cos(x3);sin(x1)*cos(x2),1;x1;cos(x3);sin(x1)*cos(x2),"[-0.02237795482164115,0.48569039081432125,0.7001758391541999,1.192263383718655]","[-0.01714810356004147,0.49076504617932515,0.7067104156876471,1.2019482458497788]",,0.0,0.0,0.0,,0,,0,,,,,,,,0.0
trig_cross,complementary,0.2,100,4,20103,fcrra-spent-diagnostic,1.0,1.0,1.0,0.0004534716176454941,0.05129110320898123,0.0,1.0,0.0,frozen-v6-anchor,0.05355691060883408,0.07157821320990104,1.5580762329999516,3037151,cos(x3);sin(x1)*cos(x2);x1,0.007607 + 0.5113·x₁ + 0.6789·cos(x₃) + 1.188·sin(x₁)cos(x₂),"FCRRA spent-seed diagnostic; anchor=1,x1,cos(x3),sin(x1)*cos(x2); exception=; in_bank=0; in_anchor=0; attempted=0; eligible_discovery=; eligible_selector=; numerator=None; denominator=None; gamma=None; anchor_role_ic=None; augmented_role_ic=None; outside_sse_max_diff=None; outside_prediction_max_diff=None; accepted=0; final=1,x1,cos(x3),sin(x1)*cos(x2); wrapper_overhead_unoptimized=1",1.0,1.0,7,4,0.0,120,0,1,0,1;x1;cos(x3);sin(x1)*cos(x2),G,balanced,100,100;100;100;100,759287.75,1;x1;cos(x3);sin(x1)*cos(x2),1;x1;cos(x3);sin(x1)*cos(x2),"[0.004197667551412154,0.5054158297023491,0.6575778856243473,1.1849589130732612]","[0.007606994800165774,0.5112856949360722,0.6788994420792963,1.1875677421069055]",,0.0,0.0,0.0,,0,,0,,,,,,,,0.0
trig_cross,complementary,0.2,100,4,20104,fcrra-spent-diagnostic,1.0,1.0,1.0,0.0004623140583446854,0.04961889466376015,0.0,1.0,0.0,frozen-v6-anchor,0.06057204132168835,0.07798114271961971,1.5204600199999732,3000753,cos(x3);sin(x1)*cos(x2);x1,-0.01907 + 0.5053·x₁ + 0.6978·cos(x₃) + 1.176·sin(x₁)cos(x₂),"FCRRA spent-seed diagnostic; anchor=1,x1,cos(x3),sin(x1)*cos(x2); exception=; in_bank=0; in_anchor=0; attempted=0; eligible_discovery=; eligible_selector=; numerator=None; denominator=None; gamma=None; anchor_role_ic=None; augmented_role_ic=None; outside_sse_max_diff=None; outside_prediction_max_diff=None; accepted=0; final=1,x1,cos(x3),sin(x1)*cos(x2); wrapper_overhead_unoptimized=1",1.0,1.0,6,3,1.0,63,0,0,0,1;x1;cos(x3);sin(x1)*cos(x2),G,balanced,100,100;100;100;100,750188.25,1;x1;cos(x3);sin(x1)*cos(x2),1;x1;cos(x3);sin(x1)*cos(x2),"[-0.03105395663493652,0.5026901586213016,0.7070847884723687,1.2000835345195873]","[-0.01906529772356878,0.5053276428815786,0.6978241994792095,1.175774298908724]",,0.0,0.0,0.0,,0,,0,,,,,,,,0.0
trig_cross,complementary,0.2,100,4,20105,fcrra-spent-diagnostic,0.0,0.6666666666666666,0.6666666666666666,0.004006227607399868,0.050573670151608546,0.0,1.0,0.0,frozen-v6-anchor,0.03459724074110602,0.04747894309982641,1.5841070769999988,3034798,sin(x1)*cos(x2);x1;x3^2,0.6273 + 0.5065·x₁ - 0.2304·x₃² + 1.221·sin(x₁)cos(x₂),"FCRRA spent-seed diagnostic; anchor=1,x1,x3^2,sin(x1)*cos(x2); exception=; in_bank=0; in_anchor=0; attempted=0; eligible_discovery=; eligible_selector=; numerator=None; denominator=None; gamma=None; anchor_role_ic=None; augmented_role_ic=None; outside_sse_max_diff=None; outside_prediction_max_diff=None; accepted=0; final=1,x1,x3^2,sin(x1)*cos(x2); wrapper_overhead_unoptimized=1",1.0,1.0,7,4,0.0,120,0,1,0,1;x1;x3^2;sin(x1)*cos(x2),G,balanced,100,100;100;100;100,758699.5,1;x1;x3^2;sin(x1)*cos(x2),1;x1;x3^2;sin(x1)*cos(x2),"[0.6248828844655876,0.5088126028793909,-0.2353001772915631,1.2216445339782025]","[0.6272740568278057,0.506507627289161,-0.23044640908669506,1.2211596677283525]",,0.0,0.0,0.0,,0,,0,,,,,,,,0.0
trig_cross,complementary,0.2,250,4,20101,fcrra-spent-diagnostic,1.0,1.0,1.0,0.0005022113523995135,0.049177410060039235,0.0,1.0,0.0,frozen-v6-anchor,0.053335184326867714,0.06451952437994941,1.5671415269999898,3014393,cos(x3);sin(x1)*cos(x2);x1,-0.02439 + 0.4948·x₁ + 0.7194·cos(x₃) + 1.189·sin(x₁)cos(x₂),"FCRRA spent-seed diagnostic; anchor=1,x1,cos(x3),sin(x1)*cos(x2); exception=; in_bank=0; in_anchor=0; attempted=0; eligible_discovery=; eligible_selector=; numerator=None; denominator=None; gamma=None; anchor_role_ic=None; augmented_role_ic=None; outside_sse_max_diff=None; outside_prediction_max_diff=None; accepted=0; final=1,x1,cos(x3),sin(x1)*cos(x2); wrapper_overhead_unoptimized=1",1.0,1.0,6,3,1.0,63,0,0,0,1;x1;cos(x3);sin(x1)*cos(x2),G,balanced,250,250;250;250;250,753598.25,1;x1;cos(x3);sin(x1)*cos(x2),1;x1;cos(x3);sin(x1)*cos(x2),"[-0.02382808316104789,0.48463890495999856,0.7291253557570616,1.1997306700433303]","[-0.02438748020622967,0.4947825840739217,0.7194072237468919,1.189293021455194]",,0.0,0.0,0.0,,0,,0,,,,,,,,0.0
trig_cross,complementary,0.2,250,4,20102,fcrra-spent-diagnostic,1.0,1.0,1.0,0.00023234630849786576,0.04933737992380637,0.0,1.0,0.0,frozen-v6-anchor,0.05121800037825373,0.059721336148031524,1.611918906000028,3043942,cos(x3);sin(x1)*cos(x2);x1,0.007813 + 0.4935·x₁ + 0.7118·cos(x₃) + 1.196·sin(x₁)cos(x₂),"FCRRA spent-seed diagnostic; anchor=1,x1,cos(x3),sin(x1)*cos(x2); exception=; in_bank=0; in_anchor=0; attempted=0; eligible_discovery=; eligible_selector=; numerator=None; denominator=None; gamma=None; anchor_role_ic=None; augmented_role_ic=None; outside_sse_max_diff=None; outside_prediction_max_diff=None; accepted=0; final=1,x1,cos(x3),sin(x1)*cos(x2); wrapper_overhead_unoptimized=1",1.0,1.0,6,3,0.0,63,0,1,0,1;x1;cos(x3);sin(x1)*cos(x2),G,balanced,250,250;250;250;250,760985.5,1;x1;cos(x3);sin(x1)*cos(x2),1;x1;cos(x3);sin(x1)*cos(x2),"[0.00014856348759693938,0.4916930747225908,0.7311115678942206,1.1828207078904296]","[0.00781283581206347,0.49352813002966117,0.7118392990321722,1.1964820762850379]",,0.0,0.0,0.0,,0,,0,,,,,,,,0.0
trig_cross,complementary,0.2,250,4,20103,fcrra-spent-diagnostic,1.0,1.0,1.0,6.892672828742498e-05,0.045931618796951325,0.0,1.0,0.0,frozen-v6-anchor,0.04380543160200369,0.061427331331168025,1.561005195000007,3011817,cos(x3);sin(x1)*cos(x2);x1,0.003974 + 0.5043·x₁ + 0.6929·cos(x₃) + 1.206·sin(x₁)cos(x₂),"FCRRA spent-seed diagnostic; anchor=1,x1,cos(x3),sin(x1)*cos(x2); exception=; in_bank=0; in_anchor=0; attempted=0; eligible_discovery=; eligible_selector=; numerator=None; denominator=None; gamma=None; anchor_role_ic=None; augmented_role_ic=None; outside_sse_max_diff=None; outside_prediction_max_diff=None; accepted=0; final=1,x1,cos(x3),sin(x1)*cos(x2); wrapper_overhead_unoptimized=1",1.0,1.0,5,2,0.0,32,0,1,0,1;x1;cos(x3);sin(x1)*cos(x2),G,balanced,250,250;250;250;250,752954.25,1;x1;cos(x3);sin(x1)*cos(x2),1;x1;cos(x3);sin(x1)*cos(x2),"[0.002214102461114635,0.5038730049182509,0.6984343643209033,1.207164324832758]","[0.003974013996244194,0.5043162268890211,0.6928710368390397,1.2064733667682799]",,0.0,0.0,0.0,,0,,0,,,,,,,,0.0
trig_cross,complementary,0.2,250,4,20104,fcrra-spent-diagnostic,1.0,1.0,1.0,0.00031465445446323255,0.044011847482269086,0.0,1.0,0.0,frozen-v6-anchor,0.04566620084041848,0.053110836950458026,1.573357709999982,3015431,cos(x3);sin(x1)*cos(x2);x1,-0.01101 + 0.5049·x₁ + 0.6954·cos(x₃) + 1.172·sin(x₁)cos(x₂),"FCRRA spent-seed diagnostic; anchor=1,x1,cos(x3),sin(x1)*cos(x2); exception=; in_bank=0; in_anchor=0; attempted=0; eligible_discovery=; eligible_selector=; numerator=None; denominator=None; gamma=None; anchor_role_ic=None; augmented_role_ic=None; outside_sse_max_diff=None; outside_prediction_max_diff=None; accepted=0; final=1,x1,cos(x3),sin(x1)*cos(x2); wrapper_overhead_unoptimized=1",1.0,1.0,6,3,1.0,63,0,0,0,1;x1;cos(x3);sin(x1)*cos(x2),G,balanced,250,250;250;250;250,753857.75,1;x1;cos(x3);sin(x1)*cos(x2),1;x1;cos(x3);sin(x1)*cos(x2),"[-0.006780724399455408,0.5028022157278493,0.6947177251366637,1.1763022707708979]","[-0.01101334489484781,0.5048961178368568,0.6953869613935373,1.172360442106319]",,0.0,0.0,0.0,,0,,0,,,,,,,,0.0
trig_cross,complementary,0.2,250,4,20105,fcrra-spent-diagnostic,1.0,1.0,1.0,0.00016632299115356832,0.05537299455570097,0.0,1.0,0.0,frozen-v6-anchor,0.049889261240252065,0.06085146810392422,1.5792545870000367,3015474,cos(x3);sin(x1)*cos(x2);x1,-0.01093 + 0.499·x₁ + 0.6941·cos(x₃) + 1.214·sin(x₁)cos(x₂),"FCRRA spent-seed diagnostic; anchor=1,x1,cos(x3),sin(x1)*cos(x2); exception=; in_bank=0; in_anchor=0; attempted=0; eligible_discovery=; eligible_selector=; numerator=None; denominator=None; gamma=None; anchor_role_ic=None; augmented_role_ic=None; outside_sse_max_diff=None; outside_prediction_max_diff=None; accepted=0; final=1,x1,cos(x3),sin(x1)*cos(x2); wrapper_overhead_unoptimized=1",1.0,1.0,6,3,1.0,63,0,0,0,1;x1;cos(x3);sin(x1)*cos(x2),G,balanced,250,250;250;250;250,753868.5,1;x1;cos(x3);sin(x1)*cos(x2),1;x1;cos(x3);sin(x1)*cos(x2),"[-0.012200727404297784,0.4976488698544767,0.6880114070259931,1.1927650370651113]","[-0.01092782821619604,0.4989595404200932,0.6941125485658676,1.2141517430033908]",,0.0,0.0,0.0,,0,,0,,,,,,,,0.0
trig_cross,spurious,0.1,100,4,20101,fcrra-spent-diagnostic,1.0,1.0,1.0,0.00012544680056161215,0.01094507817682874,0.0,1.0,0.0,frozen-v6-anchor,0.009177383941496113,0.01649770512449204,1.536999403999971,3001575,cos(x3);sin(x1)*cos(x2);x1,0.004832 + 0.4955·x₁ + 0.6866·cos(x₃) + 1.212·sin(x₁)cos(x₂),"FCRRA spent-seed diagnostic; anchor=1,x1,cos(x3),sin(x1)*cos(x2); exception=; in_bank=0; in_anchor=0; attempted=0; eligible_discovery=; eligible_selector=; numerator=None; denominator=None; gamma=None; anchor_role_ic=None; augmented_role_ic=None; outside_sse_max_diff=None; outside_prediction_max_diff=None; accepted=0; final=1,x1,cos(x3),sin(x1)*cos(x2); wrapper_overhead_unoptimized=1",1.0,1.0,5,2,1.0,32,0,0,0,1;x1;cos(x3);sin(x1)*cos(x2),G,balanced,100,100;100;100;100,750393.75,1;x1;cos(x3);sin(x1)*cos(x2),1;x1;cos(x3);sin(x1)*cos(x2),"[0.005755003149144969,0.49697781943869423,0.6782572558435911,1.2054826808030634]","[0.00483223851027909,0.495524571753578,0.686619115441079,1.2121511796448015]",,0.0,0.0,0.0,,0,,0,,,,,,,,0.0
trig_cross,spurious,0.1,100,4,20102,fcrra-spent-diagnostic,1.0,1.0,1.0,1.743920697551235e-05,0.010480517467431914,0.0,1.0,0.0,frozen-v6-anchor,0.011181951346382312,0.01504634270007088,1.537915235000014,3030992,cos(x3);sin(x1)*cos(x2);x1,-0.001877 + 0.5·x₁ + 0.6943·cos(x₃) + 1.2·sin(x₁)cos(x₂),"FCRRA spent-seed diagnostic; anchor=1,x1,cos(x3),sin(x1)*cos(x2); exception=; in_bank=0; in_anchor=0; attempted=0; eligible_discovery=; eligible_selector=; numerator=None; denominator=None; gamma=None; anchor_role_ic=None; augmented_role_ic=None; outside_sse_max_diff=None; outside_prediction_max_diff=None; accepted=0; final=1,x1,cos(x3),sin(x1)*cos(x2); wrapper_overhead_unoptimized=1",1.0,1.0,5,2,1.0,32,0,0,0,1;x1;cos(x3);sin(x1)*cos(x2),G,balanced,100,100;100;100;100,757748.0,1;x1;cos(x3);sin(x1)*cos(x2),1;x1;cos(x3);sin(x1)*cos(x2),"[0.0013939274327895435,0.498655703615196,0.692409903577399,1.2036448788564318]","[-0.0018773040517821294,0.49996700046281933,0.6942606811576727,1.199507394379919]",,0.0,0.0,0.0,,0,,0,,,,,,,,0.0
trig_cross,spurious,0.1,100,4,20103,fcrra-spent-diagnostic,1.0,1.0,1.0,0.00013948625831591865,0.0129157556461469,0.0,1.0,0.0,frozen-v6-anchor,0.01597166307546371,0.02530229111624867,1.5567493249999416,3033982,cos(x3);sin(x1)*cos(x2);x1,0.007332 + 0.4951·x₁ + 0.684·cos(x₃) + 1.202·sin(x₁)cos(x₂),"FCRRA spent-seed diagnostic; anchor=1,x1,cos(x3),sin(x1)*cos(x2); exception=; in_bank=0; in_anchor=0; attempted=0; eligible_discovery=; eligible_selector=; numerator=None; denominator=None; gamma=None; anchor_role_ic=None; augmented_role_ic=None; outside_sse_max_diff=None; outside_prediction_max_diff=None; accepted=0; final=1,x1,cos(x3),sin(x1)*cos(x2); wrapper_overhead_unoptimized=1",1.0,1.0,6,3,1.0,63,0,0,0,1;x1;cos(x3);sin(x1)*cos(x2),G,balanced,100,100;100;100;100,758495.5,1;x1;cos(x3);sin(x1)*cos(x2),1;x1;cos(x3);sin(x1)*cos(x2),"[0.006247562178182944,0.4940191010588537,0.6722014343237755,1.1929750829373507]","[0.007332399820416229,0.4950805009311999,0.6840377681588853,1.2017059361311737]",,0.0,0.0,0.0,,0,,0,,,,,,,,0.0
trig_cross,spurious,0.1,100,4,20104,fcrra-spent-diagnostic,1.0,1.0,1.0,0.0001334328824914882,0.013358494880733431,0.0,1.0,0.0,frozen-v6-anchor,0.011017182853714003,0.015203384058728868,1.58796732899998,3063937,cos(x3);sin(x1)*cos(x2);x1,-0.0111 + 0.5031·x₁ + 0.7006·cos(x₃) + 1.21·sin(x₁)cos(x₂),"FCRRA spent-seed diagnostic; anchor=1,x1,cos(x3),sin(x1)*cos(x2); exception=; in_bank=0; in_anchor=0; attempted=0; eligible_discovery=; eligible_selector=; numerator=None; denominator=None; gamma=None; anchor_role_ic=None; augmented_role_ic=None; outside_sse_max_diff=None; outside_prediction_max_diff=None; accepted=0; final=1,x1,cos(x3),sin(x1)*cos(x2); wrapper_overhead_unoptimized=1",1.0,1.0,6,3,0.0,63,0,1,0,1;x1;cos(x3);sin(x1)*cos(x2),G,balanced,100,100;100;100;100,765984.25,1;x1;cos(x3);sin(x1)*cos(x2),1;x1;cos(x3);sin(x1)*cos(x2),"[-0.018956419091599064,0.5062324330438136,0.716261519598273,1.2110618204286998]","[-0.011099736509774716,0.5030546801743376,0.7005840903258452,1.2104955676805833]",,0.0,0.0,0.0,,0,,0,,,,,,,,0.0
trig_cross,spurious,0.1,100,4,20105,fcrra-spent-diagnostic,1.0,1.0,1.0,3.2211719769243055e-05,0.012948195656232002,0.0,1.0,0.0,frozen-v6-anchor,0.017559535068903405,0.020920281372376812,1.5414154069999313,3033624,cos(x3);sin(x1)*cos(x2);x1,-0.003824 + 0.499·x₁ + 0.6944·cos(x₃) + 1.197·sin(x₁)cos(x₂),"FCRRA spent-seed diagnostic; anchor=1,x1,cos(x3),sin(x1)*cos(x2); exception=; in_bank=0; in_anchor=0; attempted=0; eligible_discovery=; eligible_selector=; numerator=None; denominator=None; gamma=None; anchor_role_ic=None; augmented_role_ic=None; outside_sse_max_diff=None; outside_prediction_max_diff=None; accepted=0; final=1,x1,cos(x3),sin(x1)*cos(x2); wrapper_overhead_unoptimized=1",1.0,1.0,6,3,1.0,63,0,0,0,1;x1;cos(x3);sin(x1)*cos(x2),G,balanced,100,100;100;100;100,758406.0,1;x1;cos(x3);sin(x1)*cos(x2),1;x1;cos(x3);sin(x1)*cos(x2),"[0.0020799561286011375,0.5018833228931682,0.6990238898658596,1.176734989595536]","[-0.00382429313599288,0.499006785575643,0.6944049074225218,1.1967011765182376]",,0.0,0.0,0.0,,0,,0,,,,,,,,0.0
trig_cross,spurious,0.1,250,4,20101,fcrra-spent-diagnostic,1.0,1.0,1.0,0.00017277643044785257,0.012319448247132292,0.0,1.0,0.0,frozen-v6-anchor,0.012684408942121578,0.018169833975719796,1.604604409999979,3017540,cos(x3);sin(x1)*cos(x2);x1,-0.007605 + 0.5024·x₁ + 0.6949·cos(x₃) + 1.179·sin(x₁)cos(x₂),"FCRRA spent-seed diagnostic; anchor=1,x1,cos(x3),sin(x1)*cos(x2); exception=; in_bank=0; in_anchor=0; attempted=0; eligible_discovery=; eligible_selector=; numerator=None; denominator=None; gamma=None; anchor_role_ic=None; augmented_role_ic=None; outside_sse_max_diff=None; outside_prediction_max_diff=None; accepted=0; final=1,x1,cos(x3),sin(x1)*cos(x2); wrapper_overhead_unoptimized=1",1.0,1.0,6,3,1.0,63,0,0,0,1;x1;cos(x3);sin(x1)*cos(x2),G,balanced,250,250;250;250;250,754385.0,1;x1;cos(x3);sin(x1)*cos(x2),1;x1;cos(x3);sin(x1)*cos(x2),"[-0.009758334668976125,0.5014944091878587,0.6979142945135329,1.1881198846280125]","[-0.007604920581422402,0.5023551710297441,0.6948503240029839,1.178876344504576]",,0.0,0.0,0.0,,0,,0,,,,,,,,0.0
trig_cross,spurious,0.1,250,4,20102,fcrra-spent-diagnostic,1.0,1.0,1.0,6.566888385567063e-05,0.012964361148418656,0.0,1.0,0.0,frozen-v6-anchor,0.013218531136746578,0.016030840122081676,1.581028880999952,3017667,cos(x3);sin(x1)*cos(x2);x1,-0.001777 + 0.4967·x₁ + 0.7091·cos(x₃) + 1.209·sin(x₁)cos(x₂),"FCRRA spent-seed diagnostic; anchor=1,x1,cos(x3),sin(x1)*cos(x2); exception=; in_bank=0; in_anchor=0; attempted=0; eligible_discovery=; eligible_selector=; numerator=None; denominator=None; gamma=None; anchor_role_ic=None; augmented_role_ic=None; outside_sse_max_diff=None; outside_prediction_max_diff=None; accepted=0; final=1,x1,cos(x3),sin(x1)*cos(x2); wrapper_overhead_unoptimized=1",1.0,1.0,6,3,1.0,63,0,0,0,1;x1;cos(x3);sin(x1)*cos(x2),G,balanced,250,250;250;250;250,754416.75,1;x1;cos(x3);sin(x1)*cos(x2),1;x1;cos(x3);sin(x1)*cos(x2),"[-0.0005673481761431509,0.49727030188886934,0.704840863264782,1.2103721413396862]","[-0.0017766889647978523,0.4967253075062489,0.7091172426801703,1.2087158105302562]",,0.0,0.0,0.0,,0,,0,,,,,,,,0.0
trig_cross,spurious,0.1,250,4,20103,fcrra-spent-diagnostic,1.0,1.0,1.0,4.083381315807555e-05,0.01006063924915651,0.0,1.0,0.0,frozen-v6-anchor,0.011051683076291747,0.01400553532980117,1.561326048000069,3013539,cos(x3);sin(x1)*cos(x2);x1,-0.0005257 + 0.4971·x₁ + 0.7075·cos(x₃) + 1.195·sin(x₁)cos(x₂),"FCRRA spent-seed diagnostic; anchor=1,x1,cos(x3),sin(x1)*cos(x2); exception=; in_bank=0; in_anchor=0; attempted=0; eligible_discovery=; eligible_selector=; numerator=None; denominator=None; gamma=None; anchor_role_ic=None; augmented_role_ic=None; outside_sse_max_diff=None; outside_prediction_max_diff=None; accepted=0; final=1,x1,cos(x3),sin(x1)*cos(x2); wrapper_overhead_unoptimized=1",1.0,1.0,5,2,1.0,32,0,0,0,1;x1;cos(x3);sin(x1)*cos(x2),G,balanced,250,250;250;250;250,753384.75,1;x1;cos(x3);sin(x1)*cos(x2),1;x1;cos(x3);sin(x1)*cos(x2),"[-0.0018797037611059386,0.4988230558467497,0.7054259203810277,1.1926077694473958]","[-0.0005256809928192237,0.4970555462959788,0.7074615391678577,1.1953378840554727]",,0.0,0.0,0.0,,0,,0,,,,,,,,0.0
trig_cross,spurious,0.1,250,4,20104,fcrra-spent-diagnostic,1.0,1.0,1.0,2.150791172681203e-05,0.01173670696263774,0.0,1.0,0.0,frozen-v6-anchor,0.011011326545558907,0.01585779825968641,1.5724632479999627,3017931,cos(x3);sin(x1)*cos(x2);x1,-0.002684 + 0.4984·x₁ + 0.6983·cos(x₃) + 1.194·sin(x₁)cos(x₂),"FCRRA spent-seed diagnostic; anchor=1,x1,cos(x3),sin(x1)*cos(x2); exception=; in_bank=0; in_anchor=0; attempted=0; eligible_discovery=; eligible_selector=; numerator=None; denominator=None; gamma=None; anchor_role_ic=None; augmented_role_ic=None; outside_sse_max_diff=None; outside_prediction_max_diff=None; accepted=0; final=1,x1,cos(x3),sin(x1)*cos(x2); wrapper_overhead_unoptimized=1",1.0,1.0,6,3,1.0,63,0,0,0,1;x1;cos(x3);sin(x1)*cos(x2),G,balanced,250,250;250;250;250,754482.75,1;x1;cos(x3);sin(x1)*cos(x2),1;x1;cos(x3);sin(x1)*cos(x2),"[-0.003206868333673049,0.4996057530131049,0.6974038961368736,1.1858252808896348]","[-0.002683908113812673,0.49840115118274364,0.6982590233160435,1.1939807165635161]",,0.0,0.0,0.0,,0,,0,,,,,,,,0.0
trig_cross,spurious,0.1,250,4,20105,fcrra-spent-diagnostic,1.0,1.0,1.0,2.5811672868662112e-05,0.013281033602615153,0.0,1.0,0.0,frozen-v6-anchor,0.014904753764473172,0.02041146840864147,1.5686268239999208,3018420,cos(x3);sin(x1)*cos(x2);x1,-0.005863 + 0.5012·x₁ + 0.7031·cos(x₃) + 1.198·sin(x₁)cos(x₂),"FCRRA spent-seed diagnostic; anchor=1,x1,cos(x3),sin(x1)*cos(x2); exception=; in_bank=0; in_anchor=0; attempted=0; eligible_discovery=; eligible_selector=; numerator=None; denominator=None; gamma=None; anchor_role_ic=None; augmented_role_ic=None; outside_sse_max_diff=None; outside_prediction_max_diff=None; accepted=0; final=1,x1,cos(x3),sin(x1)*cos(x2); wrapper_overhead_unoptimized=1",1.0,1.0,6,3,1.0,63,0,0,0,1;x1;cos(x3);sin(x1)*cos(x2),G,balanced,250,250;250;250;250,754605.0,1;x1;cos(x3);sin(x1)*cos(x2),1;x1;cos(x3);sin(x1)*cos(x2),"[-0.00805603169354853,0.500451467147856,0.7015821436436687,1.2024476426438315]","[-0.0058625793379883115,0.5011940948532312,0.7031146777281038,1.1978010824676983]",,0.0,0.0,0.0,,0,,0,,,,,,,,0.0
trig_cross,spurious,0.2,100,4,20101,fcrra-spent-diagnostic,1.0,1.0,1.0,0.000501787202934655,0.04378031270731496,0.0,1.0,0.0,frozen-v6-anchor,0.036709535765931216,0.065990820498043,1.5721423139999615,3056787,cos(x3);sin(x1)*cos(x2);x1,0.009664 + 0.491·x₁ + 0.6732·cos(x₃) + 1.224·sin(x₁)cos(x₂),"FCRRA spent-seed diagnostic; anchor=1,x1,cos(x3),sin(x1)*cos(x2); exception=; in_bank=0; in_anchor=0; attempted=0; eligible_discovery=; eligible_selector=; numerator=None; denominator=None; gamma=None; anchor_role_ic=None; augmented_role_ic=None; outside_sse_max_diff=None; outside_prediction_max_diff=None; accepted=0; final=1,x1,cos(x3),sin(x1)*cos(x2); wrapper_overhead_unoptimized=1",1.0,1.0,5,2,1.0,32,0,0,0,1;x1;cos(x3);sin(x1)*cos(x2),G,balanced,100,100;100;100;100,764196.75,1;x1;cos(x3);sin(x1)*cos(x2),1;x1;cos(x3);sin(x1)*cos(x2),"[0.011510006297754047,0.49395563887722693,0.6565145116882873,1.210965361608202]","[0.009664476983839891,0.4910491434968536,0.6732382309553179,1.2243023594289424]",,0.0,0.0,0.0,,0,,0,,,,,,,,0.0
trig_cross,spurious,0.2,100,4,20102,fcrra-spent-diagnostic,1.0,1.0,1.0,6.975682746233067e-05,0.04192206986972766,0.0,1.0,0.0,frozen-v6-anchor,0.04472780538556697,0.060185370800159885,1.5640155769999637,3027533,cos(x3);sin(x1)*cos(x2);x1,-0.003755 + 0.4999·x₁ + 0.6885·cos(x₃) + 1.199·sin(x₁)cos(x₂),"FCRRA spent-seed diagnostic; anchor=1,x1,cos(x3),sin(x1)*cos(x2); exception=; in_bank=0; in_anchor=0; attempted=0; eligible_discovery=; eligible_selector=; numerator=None; denominator=None; gamma=None; anchor_role_ic=None; augmented_role_ic=None; outside_sse_max_diff=None; outside_prediction_max_diff=None; accepted=0; final=1,x1,cos(x3),sin(x1)*cos(x2); wrapper_overhead_unoptimized=1",1.0,1.0,5,2,0.0,32,0,1,0,1;x1;cos(x3);sin(x1)*cos(x2),G,balanced,100,100;100;100;100,756883.25,1;x1;cos(x3);sin(x1)*cos(x2),1;x1;cos(x3);sin(x1)*cos(x2),"[0.002787854865165307,0.49731140723029715,0.684819807155928,1.2072897577149535]","[-0.003754608132559962,0.49993400091692625,0.6885213623910448,1.1990147888971763]",,0.0,0.0,0.0,,0,,0,,,,,,,,0.0
trig_cross,spurious,0.2,100,4,20103,fcrra-spent-diagnostic,1.0,1.0,1.0,0.0005579450324296298,0.0516630225845876,0.0,1.0,0.0,frozen-v6-anchor,0.06388665230168945,0.1012091644647782,1.5182422430000315,3001771,cos(x3);sin(x1)*cos(x2);x1,0.01466 + 0.4902·x₁ + 0.6681·cos(x₃) + 1.203·sin(x₁)cos(x₂),"FCRRA spent-seed diagnostic; anchor=1,x1,cos(x3),sin(x1)*cos(x2); exception=; in_bank=0; in_anchor=0; attempted=0; eligible_discovery=; eligible_selector=; numerator=None; denominator=None; gamma=None; anchor_role_ic=None; augmented_role_ic=None; outside_sse_max_diff=None; outside_prediction_max_diff=None; accepted=0; final=1,x1,cos(x3),sin(x1)*cos(x2); wrapper_overhead_unoptimized=1",1.0,1.0,6,3,1.0,63,0,0,0,1;x1;cos(x3);sin(x1)*cos(x2),G,balanced,100,100;100;100;100,750442.75,1;x1;cos(x3);sin(x1)*cos(x2),1;x1;cos(x3);sin(x1)*cos(x2),"[0.012495124355968869,0.4880382021175903,0.6444028686485281,1.1859501658764509]","[0.014664799611038054,0.4901610018552795,0.6680755363880136,1.2034118723823652]",,0.0,0.0,0.0,,0,,0,,,,,,,,0.0
trig_cross,spurious,0.2,100,4,20104,fcrra-spent-diagnostic,1.0,1.0,1.0,0.0005337315315108201,0.05343397952293372,0.0,1.0,0.0,frozen-v6-anchor,0.04406873141489266,0.06081353623496568,1.5537001349999855,3034546,cos(x3);sin(x1)*cos(x2);x1,-0.0222 + 0.5061·x₁ + 0.7012·cos(x₃) + 1.221·sin(x₁)cos(x₂),"FCRRA spent-seed diagnostic; anchor=1,x1,cos(x3),sin(x1)*cos(x2); exception=; in_bank=0; in_anchor=0; attempted=0; eligible_discovery=; eligible_selector=; numerator=None; denominator=None; gamma=None; anchor_role_ic=None; augmented_role_ic=None; outside_sse_max_diff=None; outside_prediction_max_diff=None; accepted=0; final=1,x1,cos(x3),sin(x1)*cos(x2); wrapper_overhead_unoptimized=1",1.0,1.0,7,4,0.0,120,0,1,0,1;x1;cos(x3);sin(x1)*cos(x2),G,balanced,100,100;100;100;100,758636.5,1;x1;cos(x3);sin(x1)*cos(x2),1;x1;cos(x3);sin(x1)*cos(x2),"[-0.037912838183622885,0.5124648660874995,0.7325230391974183,1.2221236408590106]","[-0.022199473055070557,0.5061093603412373,0.7011681807174779,1.2209911354807215]",,0.0,0.0,0.0,,0,,0,,,,,,,,0.0
trig_cross,spurious,0.2,100,4,20105,fcrra-spent-diagnostic,1.0,1.0,1.0,0.0001288468786548321,0.05179278262492801,0.0,1.0,0.0,frozen-v6-anchor,0.07023814027553353,0.08368112548943879,1.5533492740000838,3030988,cos(x3);sin(x1)*cos(x2);x1,-0.007649 + 0.498·x₁ + 0.6888·cos(x₃) + 1.193·sin(x₁)cos(x₂),"FCRRA spent-seed diagnostic; anchor=1,x1,cos(x3),sin(x1)*cos(x2); exception=; in_bank=0; in_anchor=0; attempted=0; eligible_discovery=; eligible_selector=; numerator=None; denominator=None; gamma=None; anchor_role_ic=None; augmented_role_ic=None; outside_sse_max_diff=None; outside_prediction_max_diff=None; accepted=0; final=1,x1,cos(x3),sin(x1)*cos(x2); wrapper_overhead_unoptimized=1",1.0,1.0,6,3,0.0,63,0,1,0,1;x1;cos(x3);sin(x1)*cos(x2),G,balanced,100,100;100;100;100,757747.0,1;x1;cos(x3);sin(x1)*cos(x2),1;x1;cos(x3);sin(x1)*cos(x2),"[0.004159912256778614,0.5037666457862198,0.6980477797326191,1.1534699791930048]","[-0.007648586299596536,0.4980135711417327,0.6888098149084068,1.1934023531738032]",,0.0,0.0,0.0,,0,,0,,,,,,,,0.0
trig_cross,spurious,0.2,250,4,20101,fcrra-spent-diagnostic,1.0,1.0,1.0,0.000691105720732145,0.04927779298852917,0.0,1.0,0.0,frozen-v6-anchor,0.05073763576851575,0.07267933590291203,1.5685945559999936,3014140,cos(x3);sin(x1)*cos(x2);x1,-0.01521 + 0.5047·x₁ + 0.6897·cos(x₃) + 1.158·sin(x₁)cos(x₂),"FCRRA spent-seed diagnostic; anchor=1,x1,cos(x3),sin(x1)*cos(x2); exception=; in_bank=0; in_anchor=0; attempted=0; eligible_discovery=; eligible_selector=; numerator=None; denominator=None; gamma=None; anchor_role_ic=None; augmented_role_ic=None; outside_sse_max_diff=None; outside_prediction_max_diff=None; accepted=0; final=1,x1,cos(x3),sin(x1)*cos(x2); wrapper_overhead_unoptimized=1",1.0,1.0,6,3,1.0,63,0,0,0,1;x1;cos(x3);sin(x1)*cos(x2),G,balanced,250,250;250;250;250,753535.0,1;x1;cos(x3);sin(x1)*cos(x2),1;x1;cos(x3);sin(x1)*cos(x2),"[-0.01951666933813338,0.5029888183756624,0.6958285890274866,1.176239769256803]","[-0.015209841175263722,0.5047103420555137,0.6897006480358798,1.1577526890633572]",,0.0,0.0,0.0,,0,,0,,,,,,,,0.0
trig_cross,spurious,0.2,250,4,20102,fcrra-spent-diagnostic,1.0,1.0,1.0,0.0002626755360554217,0.05185744459367462,0.0,1.0,0.0,frozen-v6-anchor,0.052874124546998025,0.06412336048835532,1.567563263000011,3014576,cos(x3);sin(x1)*cos(x2);x1,-0.003553 + 0.4935·x₁ + 0.7182·cos(x₃) + 1.217·sin(x₁)cos(x₂),"FCRRA spent-seed diagnostic; anchor=1,x1,cos(x3),sin(x1)*cos(x2); exception=; in_bank=0; in_anchor=0; attempted=0; eligible_discovery=; eligible_selector=; numerator=None; denominator=None; gamma=None; anchor_role_ic=None; augmented_role_ic=None; outside_sse_max_diff=None; outside_prediction_max_diff=None; accepted=0; final=1,x1,cos(x3),sin(x1)*cos(x2); wrapper_overhead_unoptimized=1",1.0,1.0,6,3,1.0,63,0,0,0,1;x1;cos(x3);sin(x1)*cos(x2),G,balanced,250,250;250;250;250,753644.0,1;x1;cos(x3);sin(x1)*cos(x2),1;x1;cos(x3);sin(x1)*cos(x2),"[-0.001134696352399378,0.49454060377772413,0.7096817265298921,1.2207442826800285]","[-0.0035533779385339736,0.4934506150107637,0.7182344853837667,1.2174316211073943]",,0.0,0.0,0.0,,0,,0,,,,,,,,0.0
trig_cross,spurious,0.2,250,4,20103,fcrra-spent-diagnostic,1.0,1.0,1.0,0.0001633352527018657,0.04024255699662604,0.0,1.0,0.0,frozen-v6-anchor,0.0442067323051866,0.05602214131920833,1.5548014309999871,3010643,cos(x3);sin(x1)*cos(x2);x1,-0.001051 + 0.4941·x₁ + 0.7149·cos(x₃) + 1.191·sin(x₁)cos(x₂),"FCRRA spent-seed diagnostic; anchor=1,x1,cos(x3),sin(x1)*cos(x2); exception=; in_bank=0; in_anchor=0; attempted=0; eligible_discovery=; eligible_selector=; numerator=None; denominator=None; gamma=None; anchor_role_ic=None; augmented_role_ic=None; outside_sse_max_diff=None; outside_prediction_max_diff=None; accepted=0; final=1,x1,cos(x3),sin(x1)*cos(x2); wrapper_overhead_unoptimized=1",1.0,1.0,5,2,1.0,32,0,0,0,1;x1;cos(x3);sin(x1)*cos(x2),G,balanced,250,250;250;250;250,752660.75,1;x1;cos(x3);sin(x1)*cos(x2),1;x1;cos(x3);sin(x1)*cos(x2),"[-0.00375940752234951,0.49764611169343587,0.710851840762398,1.1852155388956105]","[-0.0010513619963035232,0.49411109258851776,0.7149230783615155,1.1906757681677453]",,0.0,0.0,0.0,,0,,0,,,,,,,,0.0
trig_cross,spurious,0.2,250,4,20104,fcrra-spent-diagnostic,1.0,1.0,1.0,8.60316466928898e-05,0.04694682785055096,0.0,1.0,0.0,frozen-v6-anchor,0.04404530618222485,0.06343119303870857,1.5665328989999807,3014636,cos(x3);sin(x1)*cos(x2);x1,-0.005368 + 0.4968·x₁ + 0.6965·cos(x₃) + 1.188·sin(x₁)cos(x₂),"FCRRA spent-seed diagnostic; anchor=1,x1,cos(x3),sin(x1)*cos(x2); exception=; in_bank=0; in_anchor=0; attempted=0; eligible_discovery=; eligible_selector=; numerator=None; denominator=None; gamma=None; anchor_role_ic=None; augmented_role_ic=None; outside_sse_max_diff=None; outside_prediction_max_diff=None; accepted=0; final=1,x1,cos(x3),sin(x1)*cos(x2); wrapper_overhead_unoptimized=1",1.0,1.0,6,3,1.0,63,0,0,0,1;x1;cos(x3);sin(x1)*cos(x2),G,balanced,250,250;250;250;250,753659.0,1;x1;cos(x3);sin(x1)*cos(x2),1;x1;cos(x3);sin(x1)*cos(x2),"[-0.006413736667490601,0.49921150602616793,0.6948077922741203,1.171650561779982]","[-0.005367816238148711,0.49680230236208184,0.6965180466582072,1.1879614331791453]",,0.0,0.0,0.0,,0,,0,,,,,,,,0.0
trig_cross,spurious,0.2,250,4,20105,fcrra-spent-diagnostic,1.0,1.0,1.0,0.00010324669151689501,0.05312413441046061,0.0,1.0,0.0,frozen-v6-anchor,0.05961901505788074,0.08164587363454591,1.573300453999991,3015417,cos(x3);sin(x1)*cos(x2);x1,-0.01173 + 0.5024·x₁ + 0.7062·cos(x₃) + 1.196·sin(x₁)cos(x₂),"FCRRA spent-seed diagnostic; anchor=1,x1,cos(x3),sin(x1)*cos(x2); exception=; in_bank=0; in_anchor=0; attempted=0; eligible_discovery=; eligible_selector=; numerator=None; denominator=None; gamma=None; anchor_role_ic=None; augmented_role_ic=None; outside_sse_max_diff=None; outside_prediction_max_diff=None; accepted=0; final=1,x1,cos(x3),sin(x1)*cos(x2); wrapper_overhead_unoptimized=1",1.0,1.0,6,3,1.0,63,0,0,0,1;x1;cos(x3);sin(x1)*cos(x2),G,balanced,250,250;250;250;250,753854.25,1;x1;cos(x3);sin(x1)*cos(x2),1;x1;cos(x3);sin(x1)*cos(x2),"[-0.016112063387252615,0.5009029342956565,0.7031642872877103,1.2048952852883401]","[-0.011725158686982389,0.5023881897026192,0.7062293554824157,1.1956021649843793]",,0.0,0.0,0.0,,0,,0,,,,,,,,0.0
trig_cross,exception,0.1,100,4,20101,fcrra-spent-diagnostic,1.0,1.0,1.0,0.00016845395500638232,0.028355274467771703,0.0,1.0,0.0,frozen-v6-anchor,0.02138041518761167,0.027271906955644454,2.209554950999973,3534278,I(x3>1)*x3^2;cos(x3);sin(x1)*cos(x2);x1,0.01854 + 0.5069·x₁ + 0.6779·cos(x₃) + 0.7472·𝟙[x₃>1]·x₃² + 1.197·sin(x₁)cos(x₂),"FCRRA spent-seed diagnostic; anchor=1,x1,cos(x3),I(x3>1)*x3^2,sin(x1)*cos(x2); exception=I(x3>1)*x3^2; in_bank=1; in_anchor=1; attempted=0; eligible_discovery=; eligible_selector=; numerator=None; denominator=None; gamma=None; anchor_role_ic=None; augmented_role_ic=None; outside_sse_max_diff=None; outside_prediction_max_diff=None; accepted=0; final=1,x1,cos(x3),I(x3>1)*x3^2,sin(x1)*cos(x2); wrapper_overhead_unoptimized=1",1.0,1.0,6,2,1.0,63,0,0,1,1;x1;cos(x3);I(x3>1)*x3^2;sin(x1)*cos(x2),G,balanced,100,100;100;100;100,883569.5,1;x1;cos(x3);I(x3>1)*x3^2;sin(x1)*cos(x2),1;x1;cos(x3);I(x3>1)*x3^2;sin(x1)*cos(x2),"[0.018743665313921975,0.512362827650919,0.6815678920084156,0.749508900409842,1.207205358822144]","[0.018541998195561734,0.5068624506164241,0.677914056781443,0.7471522976450679,1.1966130446977157]",I(x3>1)*x3^2,1.0,1.0,0.0,,0,,0,,,,,,,,0.0
trig_cross,exception,0.1,100,4,20102,fcrra-spent-diagnostic,1.0,1.0,1.0,0.00014934361247985118,0.027679488678476284,0.0,1.0,0.0,frozen-v6-anchor,0.029387906545912834,0.03671558811167515,2.100377012000081,3442445,I(x3>1)*x3^2;cos(x3);sin(x1)*cos(x2);x1,-0.004459 + 0.4959·x₁ + 0.7006·cos(x₃) + 0.7428·𝟙[x₃>1]·x₃² + 1.201·sin(x₁)cos(x₂),"FCRRA spent-seed diagnostic; anchor=1,x1,cos(x3),I(x3>1)*x3^2,sin(x1)*cos(x2); exception=I(x3>1)*x3^2; in_bank=1; in_anchor=1; attempted=0; eligible_discovery=; eligible_selector=; numerator=None; denominator=None; gamma=None; anchor_role_ic=None; augmented_role_ic=None; outside_sse_max_diff=None; outside_prediction_max_diff=None; accepted=0; final=1,x1,cos(x3),I(x3>1)*x3^2,sin(x1)*cos(x2); wrapper_overhead_unoptimized=1",1.0,1.0,6,2,1.0,63,0,0,1,1;x1;cos(x3);I(x3>1)*x3^2;sin(x1)*cos(x2),G,balanced,100,100;100;100;100,860611.25,1;x1;cos(x3);I(x3>1)*x3^2;sin(x1)*cos(x2),1;x1;cos(x3);I(x3>1)*x3^2;sin(x1)*cos(x2),"[-0.014075294030778788,0.4914832396124556,0.7054818264530331,0.7454838726086225,1.1942442533366562]","[-0.004459171351185365,0.4959178888131565,0.7006386536585869,0.7427566103390955,1.2011801660659702]",I(x3>1)*x3^2,1.0,1.0,0.0,,0,,0,,,,,,,,0.0
trig_cross,exception,0.1,100,4,20103,fcrra-spent-diagnostic,0.0,0.75,0.75,0.0021158222911592324,0.032604317794776246,0.0,1.0,0.0,frozen-v6-anchor,0.02755281745801869,0.036651787131557964,2.216343144999996,3534646,I(x3>1)*x3^2;sin(x1)*cos(x2);x1;x3^2,0.6431 + 0.5058·x₁ - 0.2317·x₃² + 0.759·𝟙[x₃>1]·x₃² + 1.181·sin(x₁)cos(x₂),"FCRRA spent-seed diagnostic; anchor=1,x1,x3^2,I(x3>1)*x3^2,sin(x1)*cos(x2); exception=I(x3>1)*x3^2; in_bank=1; in_anchor=1; attempted=0; eligible_discovery=; eligible_selector=; numerator=None; denominator=None; gamma=None; anchor_role_ic=None; augmented_role_ic=None; outside_sse_max_diff=None; outside_prediction_max_diff=None; accepted=0; final=1,x1,x3^2,I(x3>1)*x3^2,sin(x1)*cos(x2); wrapper_overhead_unoptimized=1",1.0,1.0,5,1,0.0,32,0,1,1,1;x1;x3^2;I(x3>1)*x3^2;sin(x1)*cos(x2),G,balanced,100,100;100;100;100,883661.5,1;x1;x3^2;I(x3>1)*x3^2;sin(x1)*cos(x2),1;x1;x3^2;I(x3>1)*x3^2;sin(x1)*cos(x2),"[0.6319807791322003,0.4987456253945781,-0.23311922544693128,0.7650763101105105,1.17220338292069]","[0.6430619415836374,0.5058307953743383,-0.23174512102771097,0.7589954287210835,1.1814108941877162]",I(x3>1)*x3^2,1.0,1.0,0.0,,0,,0,,,,,,,,0.0
trig_cross,exception,0.1,100,4,20104,fcrra-spent-diagnostic,1.0,1.0,1.0,0.0002253271995953784,0.029186326297343718,0.0,1.0,0.0,frozen-v6-anchor,0.03637677421654469,0.046728035433576905,2.0781198849999782,3439912,I(x3>1)*x3^2;cos(x3);sin(x1)*cos(x2);x1,-0.01185 + 0.5007·x₁ + 0.6788·cos(x₃) + 0.7523·𝟙[x₃>1]·x₃² + 1.183·sin(x₁)cos(x₂),"FCRRA spent-seed diagnostic; anchor=1,x1,cos(x3),I(x3>1)*x3^2,sin(x1)*cos(x2); exception=I(x3>1)*x3^2; in_bank=1; in_anchor=1; attempted=0; eligible_discovery=; eligible_selector=; numerator=None; denominator=None; gamma=None; anchor_role_ic=None; augmented_role_ic=None; outside_sse_max_diff=None; outside_prediction_max_diff=None; accepted=0; final=1,x1,cos(x3),I(x3>1)*x3^2,sin(x1)*cos(x2); wrapper_overhead_unoptimized=1",1.0,1.0,6,2,1.0,63,0,0,1,1;x1;cos(x3);I(x3>1)*x3^2;sin(x1)*cos(x2),G,balanced,100,100;100;100;100,859978.0,1;x1;cos(x3);I(x3>1)*x3^2;sin(x1)*cos(x2),1;x1;cos(x3);I(x3>1)*x3^2;sin(x1)*cos(x2),"[-0.021978261739584604,0.49884221462559625,0.6859770745311734,0.7543563786392931,1.2011889919540697]","[-0.011850847585644066,0.5006637563883657,0.6788366121198391,0.7522570633090179,1.1826716007799731]",I(x3>1)*x3^2,1.0,1.0,0.0,,0,,0,,,,,,,,0.0
trig_cross,exception,0.1,100,4,20105,fcrra-spent-diagnostic,1.0,1.0,1.0,6.492554336089921e-05,0.027453887207945785,0.0,1.0,0.0,frozen-v6-anchor,0.020629385995914646,0.027122993637192394,2.1332757320000155,3475415,I(x3>1)*x3^2;cos(x3);sin(x1)*cos(x2);x1,-0.01385 + 0.5038·x₁ + 0.7087·cos(x₃) + 0.7543·𝟙[x₃>1]·x₃² + 1.208·sin(x₁)cos(x₂),"FCRRA spent-seed diagnostic; anchor=1,x1,cos(x3),I(x3>1)*x3^2,sin(x1)*cos(x2); exception=I(x3>1)*x3^2; in_bank=1; in_anchor=1; attempted=0; eligible_discovery=; eligible_selector=; numerator=None; denominator=None; gamma=None; anchor_role_ic=None; augmented_role_ic=None; outside_sse_max_diff=None; outside_prediction_max_diff=None; accepted=0; final=1,x1,cos(x3),I(x3>1)*x3^2,sin(x1)*cos(x2); wrapper_overhead_unoptimized=1",1.0,1.0,7,3,1.0,120,0,0,1,1;x1;cos(x3);I(x3>1)*x3^2;sin(x1)*cos(x2),G,balanced,100,100;100;100;100,868853.75,1;x1;cos(x3);I(x3>1)*x3^2;sin(x1)*cos(x2),1;x1;cos(x3);I(x3>1)*x3^2;sin(x1)*cos(x2),"[-0.027145133024153917,0.5069746745468275,0.7232059564002797,0.7558265168733022,1.2086246825270246]","[-0.013851297173776396,0.5038332718856412,0.708685731240975,0.7543448453737167,1.2076299206339085]",I(x3>1)*x3^2,1.0,1.0,0.0,,0,,0,,,,,,,,0.0
trig_cross,exception,0.1,250,4,20101,fcrra-spent-diagnostic,1.0,1.0,1.0,0.00010896590980447569,0.027881544907901533,0.0,1.0,0.0,frozen-v6-anchor,0.030744979872232785,0.03736169485742706,2.0952275480000253,3420192,I(x3>1)*x3^2;cos(x3);sin(x1)*cos(x2);x1,-0.01495 + 0.4968·x₁ + 0.7107·cos(x₃) + 0.7498·𝟙[x₃>1]·x₃² + 1.192·sin(x₁)cos(x₂),"FCRRA spent-seed diagnostic; anchor=1,x1,cos(x3),I(x3>1)*x3^2,sin(x1)*cos(x2); exception=I(x3>1)*x3^2; in_bank=1; in_anchor=1; attempted=0; eligible_discovery=; eligible_selector=; numerator=None; denominator=None; gamma=None; anchor_role_ic=None; augmented_role_ic=None; outside_sse_max_diff=None; outside_prediction_max_diff=None; accepted=0; final=1,x1,cos(x3),I(x3>1)*x3^2,sin(x1)*cos(x2); wrapper_overhead_unoptimized=1",1.0,1.0,5,1,1.0,32,0,0,1,1;x1;cos(x3);I(x3>1)*x3^2;sin(x1)*cos(x2),G,balanced,250,250;250;250;250,855048.0,1;x1;cos(x3);I(x3>1)*x3^2;sin(x1)*cos(x2),1;x1;cos(x3);I(x3>1)*x3^2;sin(x1)*cos(x2),"[-0.017195811302522613,0.488202046077995,0.7201283109428701,0.7534046490901055,1.2014639363275477]","[-0.014954585320888888,0.4968350177739586,0.7106911629670286,0.7498010770926895,1.1920461515933303]",I(x3>1)*x3^2,1.0,1.0,0.0,,0,,0,,,,,,,,0.0
trig_cross,exception,0.1,250,4,20102,fcrra-spent-diagnostic,1.0,1.0,1.0,8.363815045925648e-05,0.02845930644694331,0.0,1.0,0.0,frozen-v6-anchor,0.029471283280782135,0.034293426910854685,2.118659216000083,3420160,I(x3>1)*x3^2;cos(x3);sin(x1)*cos(x2);x1,0.009955 + 0.497·x₁ + 0.7084·cos(x₃) + 0.7472·𝟙[x₃>1]·x₃² + 1.197·sin(x₁)cos(x₂),"FCRRA spent-seed diagnostic; anchor=1,x1,cos(x3),I(x3>1)*x3^2,sin(x1)*cos(x2); exception=I(x3>1)*x3^2; in_bank=1; in_anchor=1; attempted=0; eligible_discovery=; eligible_selector=; numerator=None; denominator=None; gamma=None; anchor_role_ic=None; augmented_role_ic=None; outside_sse_max_diff=None; outside_prediction_max_diff=None; accepted=0; final=1,x1,cos(x3),I(x3>1)*x3^2,sin(x1)*cos(x2); wrapper_overhead_unoptimized=1",1.0,1.0,5,1,1.0,32,0,0,1,1;x1;cos(x3);I(x3>1)*x3^2;sin(x1)*cos(x2),G,balanced,250,250;250;250;250,855040.0,1;x1;cos(x3);I(x3>1)*x3^2;sin(x1)*cos(x2),1;x1;cos(x3);I(x3>1)*x3^2;sin(x1)*cos(x2),"[0.0022506900495579867,0.49404469766247455,0.7198793553264824,0.7527942043346281,1.1872763153793284]","[0.009954885333428599,0.4970220202411761,0.7084420972646507,0.7472012590312924,1.1965210925441288]",I(x3>1)*x3^2,1.0,1.0,0.0,,0,,0,,,,,,,,0.0
trig_cross,exception,0.1,250,4,20103,fcrra-spent-diagnostic,1.0,1.0,1.0,1.6312205705397576e-05,0.02513029941611837,0.0,1.0,0.0,frozen-v6-anchor,0.024104749380045955,0.03388020279854884,2.131058015000008,3423333,I(x3>1)*x3^2;cos(x3);sin(x1)*cos(x2);x1,-0.002581 + 0.5026·x₁ + 0.7055·cos(x₃) + 0.7521·𝟙[x₃>1]·x₃² + 1.205·sin(x₁)cos(x₂),"FCRRA spent-seed diagnostic; anchor=1,x1,cos(x3),I(x3>1)*x3^2,sin(x1)*cos(x2); exception=I(x3>1)*x3^2; in_bank=1; in_anchor=1; attempted=0; eligible_discovery=; eligible_selector=; numerator=None; denominator=None; gamma=None; anchor_role_ic=None; augmented_role_ic=None; outside_sse_max_diff=None; outside_prediction_max_diff=None; accepted=0; final=1,x1,cos(x3),I(x3>1)*x3^2,sin(x1)*cos(x2); wrapper_overhead_unoptimized=1",1.0,1.0,5,1,1.0,32,0,0,1,1;x1;cos(x3);I(x3>1)*x3^2;sin(x1)*cos(x2),G,balanced,250,250;250;250;250,855833.25,1;x1;cos(x3);I(x3>1)*x3^2;sin(x1)*cos(x2),1;x1;cos(x3);I(x3>1)*x3^2;sin(x1)*cos(x2),"[0.0028896140119046,0.5027848495883761,0.69560906870038,0.7494614374518049,1.2054021986714343]","[-0.0025812167992608293,0.5026182074989193,0.7055274240668026,0.7521251951740558,1.2051353205754165]",I(x3>1)*x3^2,1.0,1.0,0.0,,0,,0,,,,,,,,0.0
trig_cross,exception,0.1,250,4,20104,fcrra-spent-diagnostic,1.0,1.0,1.0,0.00015788345464108554,0.02426350690639459,0.0,1.0,0.0,frozen-v6-anchor,0.025482885140102222,0.029817781083651015,2.0862912659999893,3423598,I(x3>1)*x3^2;cos(x3);sin(x1)*cos(x2);x1,-0.004866 + 0.5056·x₁ + 0.697·cos(x₃) + 0.7453·𝟙[x₃>1]·x₃² + 1.178·sin(x₁)cos(x₂),"FCRRA spent-seed diagnostic; anchor=1,x1,cos(x3),I(x3>1)*x3^2,sin(x1)*cos(x2); exception=I(x3>1)*x3^2; in_bank=1; in_anchor=1; attempted=0; eligible_discovery=; eligible_selector=; numerator=None; denominator=None; gamma=None; anchor_role_ic=None; augmented_role_ic=None; outside_sse_max_diff=None; outside_prediction_max_diff=None; accepted=0; final=1,x1,cos(x3),I(x3>1)*x3^2,sin(x1)*cos(x2); wrapper_overhead_unoptimized=1",1.0,1.0,5,1,1.0,32,0,0,1,1;x1;cos(x3);I(x3>1)*x3^2;sin(x1)*cos(x2),G,balanced,250,250;250;250;250,855899.5,1;x1;cos(x3);I(x3>1)*x3^2;sin(x1)*cos(x2),1;x1;cos(x3);I(x3>1)*x3^2;sin(x1)*cos(x2),"[-0.0005097559886417572,0.5058993188709896,0.7001923607682772,0.7422876454836328,1.1789412140008972]","[-0.004865770807305604,0.5055610103554823,0.6970012451766804,0.7452547650528746,1.1783748519687633]",I(x3>1)*x3^2,1.0,1.0,0.0,,0,,0,,,,,,,,0.0
trig_cross,exception,0.1,250,4,20105,fcrra-spent-diagnostic,1.0,1.0,1.0,5.939859985302659e-05,0.029568260773726665,0.0,1.0,0.0,frozen-v6-anchor,0.026637292245842995,0.0327115031214752,2.0891653429999906,3424689,I(x3>1)*x3^2;cos(x3);sin(x1)*cos(x2);x1,-0.01078 + 0.4983·x₁ + 0.698·cos(x₃) + 0.7518·𝟙[x₃>1]·x₃² + 1.211·sin(x₁)cos(x₂),"FCRRA spent-seed diagnostic; anchor=1,x1,cos(x3),I(x3>1)*x3^2,sin(x1)*cos(x2); exception=I(x3>1)*x3^2; in_bank=1; in_anchor=1; attempted=0; eligible_discovery=; eligible_selector=; numerator=None; denominator=None; gamma=None; anchor_role_ic=None; augmented_role_ic=None; outside_sse_max_diff=None; outside_prediction_max_diff=None; accepted=0; final=1,x1,cos(x3),I(x3>1)*x3^2,sin(x1)*cos(x2); wrapper_overhead_unoptimized=1",1.0,1.0,5,1,1.0,32,0,0,1,1;x1;cos(x3);I(x3>1)*x3^2;sin(x1)*cos(x2),G,balanced,250,250;250;250;250,856172.25,1;x1;cos(x3);I(x3>1)*x3^2;sin(x1)*cos(x2),1;x1;cos(x3);I(x3>1)*x3^2;sin(x1)*cos(x2),"[-0.011462752052702302,0.4975423399133657,0.6940723694302704,0.7507235834635971,1.1948642229021535]","[-0.010782750340564511,0.49834736839434624,0.6980147077196521,0.7518336486271552,1.210615325666125]",I(x3>1)*x3^2,1.0,1.0,0.0,,0,,0,,,,,,,,0.0
trig_cross,exception,0.2,100,4,20101,fcrra-spent-diagnostic,1.0,1.0,1.0,0.0006738158185045421,0.11342109787108681,0.0,1.0,0.0,frozen-v6-anchor,0.08552166075066948,0.10908762782306666,2.0455129680000255,3414014,I(x3>1)*x3^2;cos(x3);sin(x1)*cos(x2);x1,0.03708 + 0.5137·x₁ + 0.6558·cos(x₃) + 0.7443·𝟙[x₃>1]·x₃² + 1.193·sin(x₁)cos(x₂),"FCRRA spent-seed diagnostic; anchor=1,x1,cos(x3),I(x3>1)*x3^2,sin(x1)*cos(x2); exception=I(x3>1)*x3^2; in_bank=1; in_anchor=1; attempted=0; eligible_discovery=; eligible_selector=; numerator=None; denominator=None; gamma=None; anchor_role_ic=None; augmented_role_ic=None; outside_sse_max_diff=None; outside_prediction_max_diff=None; accepted=0; final=1,x1,cos(x3),I(x3>1)*x3^2,sin(x1)*cos(x2); wrapper_overhead_unoptimized=1",1.0,1.0,7,3,1.0,120,0,0,1,1;x1;cos(x3);I(x3>1)*x3^2;sin(x1)*cos(x2),G,balanced,100,100;100;100;100,853503.5,1;x1;cos(x3);I(x3>1)*x3^2;sin(x1)*cos(x2),1;x1;cos(x3);I(x3>1)*x3^2;sin(x1)*cos(x2),"[0.037487330627032314,0.5247256553017056,0.663135784018292,0.7490178008200814,1.2144107176462324]","[0.037083996337668915,0.5137249012227663,0.6558281136579117,0.7443045953155338,1.1932260895209494]",I(x3>1)*x3^2,1.0,1.0,0.0,,0,,0,,,,,,,,0.0
trig_cross,exception,0.2,100,4,20102,fcrra-spent-diagnostic,1.0,1.0,1.0,0.0005973744501319128,0.11071795471390512,0.0,1.0,0.0,frozen-v6-anchor,0.11755162618366341,0.14686235244688958,1.9079863990000376,3317692,I(x3>1)*x3^2;cos(x3);sin(x1)*cos(x2);x1,-0.008918 + 0.4918·x₁ + 0.7013·cos(x₃) + 0.7355·𝟙[x₃>1]·x₃² + 1.202·sin(x₁)cos(x₂),"FCRRA spent-seed diagnostic; anchor=1,x1,cos(x3),I(x3>1)*x3^2,sin(x1)*cos(x2); exception=I(x3>1)*x3^2; in_bank=1; in_anchor=1; attempted=0; eligible_discovery=; eligible_selector=; numerator=None; denominator=None; gamma=None; anchor_role_ic=None; augmented_role_ic=None; outside_sse_max_diff=None; outside_prediction_max_diff=None; accepted=0; final=1,x1,cos(x3),I(x3>1)*x3^2,sin(x1)*cos(x2); wrapper_overhead_unoptimized=1",1.0,1.0,6,2,1.0,63,0,0,1,1;x1;cos(x3);I(x3>1)*x3^2;sin(x1)*cos(x2),G,balanced,100,100;100;100;100,829423.0,1;x1;cos(x3);I(x3>1)*x3^2;sin(x1)*cos(x2),1;x1;cos(x3);I(x3>1)*x3^2;sin(x1)*cos(x2),"[-0.02815058806225004,0.48296647922472463,0.7109636529074131,0.7409677452175918,1.1884885066751563]","[-0.008918342751726325,0.49183577761158515,0.7012773074117276,0.7355132207033028,1.2023603322609093]",I(x3>1)*x3^2,1.0,1.0,0.0,,0,,0,,,,,,,,0.0
trig_cross,exception,0.2,100,4,20103,fcrra-spent-diagnostic,0.0,0.75,0.75,0.002635421308249151,0.11687451468019751,0.0,1.0,0.0,frozen-v6-anchor,0.10693974758594722,0.14365719997125007,2.117291962999957,3473252,I(x3>1)*x3^2;sin(x1)*cos(x2);x1;x3^2,0.6527 + 0.5146·x₁ - 0.2381·x₃² + 0.762·𝟙[x₃>1]·x₃² + 1.171·sin(x₁)cos(x₂),"FCRRA spent-seed diagnostic; anchor=1,x1,x3^2,I(x3>1)*x3^2,sin(x1)*cos(x2); exception=I(x3>1)*x3^2; in_bank=1; in_anchor=1; attempted=0; eligible_discovery=; eligible_selector=; numerator=None; denominator=None; gamma=None; anchor_role_ic=None; augmented_role_ic=None; outside_sse_max_diff=None; outside_prediction_max_diff=None; accepted=0; final=1,x1,x3^2,I(x3>1)*x3^2,sin(x1)*cos(x2); wrapper_overhead_unoptimized=1",1.0,1.0,6,2,0.0,63,0,1,1,1;x1;x3^2;I(x3>1)*x3^2;sin(x1)*cos(x2),G,balanced,100,100;100;100;100,868313.0,1;x1;x3^2;I(x3>1)*x3^2;sin(x1)*cos(x2),1;x1;x3^2;I(x3>1)*x3^2;sin(x1)*cos(x2),"[0.6303422375402756,0.5005947647445388,-0.2401113927291317,0.7726102728638984,1.159723345904741]","[0.6527259827324282,0.5145787661955394,-0.23812281942209426,0.7620020044417489,1.1708106451128513]",I(x3>1)*x3^2,1.0,1.0,0.0,,0,,0,,,,,,,,0.0
trig_cross,exception,0.2,100,4,20104,fcrra-spent-diagnostic,1.0,1.0,1.0,0.0009013087968837343,0.11674530518937487,0.0,1.0,0.0,frozen-v6-anchor,0.14550709686622124,0.18691214173435283,1.9016109809999762,3315364,I(x3>1)*x3^2;cos(x3);sin(x1)*cos(x2);x1,-0.0237 + 0.5013·x₁ + 0.6577·cos(x₃) + 0.7545·𝟙[x₃>1]·x₃² + 1.165·sin(x₁)cos(x₂),"FCRRA spent-seed diagnostic; anchor=1,x1,cos(x3),I(x3>1)*x3^2,sin(x1)*cos(x2); exception=I(x3>1)*x3^2; in_bank=1; in_anchor=1; attempted=0; eligible_discovery=; eligible_selector=; numerator=None; denominator=None; gamma=None; anchor_role_ic=None; augmented_role_ic=None; outside_sse_max_diff=None; outside_prediction_max_diff=None; accepted=0; final=1,x1,cos(x3),I(x3>1)*x3^2,sin(x1)*cos(x2); wrapper_overhead_unoptimized=1",1.0,1.0,6,2,0.0,63,1,1,1,1;x1;cos(x3);I(x3>1)*x3^2;sin(x1)*cos(x2),G,balanced,100,100;100;100;100,828841.0,1;x1;cos(x3);I(x3>1)*x3^2;sin(x1)*cos(x2),1;x1;cos(x3);I(x3>1)*x3^2;sin(x1)*cos(x2),"[-0.04395652347975206,0.49768442925103423,0.671954149063485,0.7587127572788868,1.2023779839099966]","[-0.02370169522118869,0.5013275127674063,0.6576732243298521,0.7545141266426033,1.1653432016911396]",I(x3>1)*x3^2,1.0,1.0,0.0,,0,,0,,,,,,,,0.0
trig_cross,exception,0.2,100,4,20105,fcrra-spent-diagnostic,1.0,1.0,1.0,0.0002597021742666164,0.10981554883178316,0.0,1.0,0.0,frozen-v6-anchor,0.08251754398388869,0.10849197454887,2.18121195599997,3472401,I(x3>1)*x3^2;cos(x3);sin(x1)*cos(x2);x1,-0.0277 + 0.5077·x₁ + 0.7174·cos(x₃) + 0.7587·𝟙[x₃>1]·x₃² + 1.215·sin(x₁)cos(x₂),"FCRRA spent-seed diagnostic; anchor=1,x1,cos(x3),I(x3>1)*x3^2,sin(x1)*cos(x2); exception=I(x3>1)*x3^2; in_bank=1; in_anchor=1; attempted=0; eligible_discovery=; eligible_selector=; numerator=None; denominator=None; gamma=None; anchor_role_ic=None; augmented_role_ic=None; outside_sse_max_diff=None; outside_prediction_max_diff=None; accepted=0; final=1,x1,cos(x3),I(x3>1)*x3^2,sin(x1)*cos(x2); wrapper_overhead_unoptimized=1",1.0,1.0,7,3,1.0,120,0,0,1,1;x1;cos(x3);I(x3>1)*x3^2;sin(x1)*cos(x2),G,balanced,100,100;100;100;100,868100.25,1;x1;cos(x3);I(x3>1)*x3^2;sin(x1)*cos(x2),1;x1;cos(x3);I(x3>1)*x3^2;sin(x1)*cos(x2),"[-0.05429026604922929,0.5139493490935079,0.7464119128022061,0.7616530337470275,1.217249365056217]","[-0.027702594408814854,0.5076665437577262,0.717371462589149,0.758689690777754,1.2152598414194828]",I(x3>1)*x3^2,1.0,1.0,0.0,,0,,0,,,,,,,,0.0
trig_cross,exception,0.2,250,4,20101,fcrra-spent-diagnostic,1.0,1.0,1.0,0.0004358636392621836,0.11152617963160615,0.0,1.0,0.0,frozen-v6-anchor,0.12297991948896576,0.14944677942968138,1.8855960789999244,3269393,I(x3>1)*x3^2;cos(x3);sin(x1)*cos(x2);x1,-0.02991 + 0.4937·x₁ + 0.7214·cos(x₃) + 0.7496·𝟙[x₃>1]·x₃² + 1.184·sin(x₁)cos(x₂),"FCRRA spent-seed diagnostic; anchor=1,x1,cos(x3),I(x3>1)*x3^2,sin(x1)*cos(x2); exception=I(x3>1)*x3^2; in_bank=1; in_anchor=1; attempted=0; eligible_discovery=; eligible_selector=; numerator=None; denominator=None; gamma=None; anchor_role_ic=None; augmented_role_ic=None; outside_sse_max_diff=None; outside_prediction_max_diff=None; accepted=0; final=1,x1,cos(x3),I(x3>1)*x3^2,sin(x1)*cos(x2); wrapper_overhead_unoptimized=1",1.0,1.0,6,2,1.0,63,0,0,1,1;x1;cos(x3);I(x3>1)*x3^2;sin(x1)*cos(x2),G,balanced,250,250;250;250;250,817348.25,1;x1;cos(x3);I(x3>1)*x3^2;sin(x1)*cos(x2),1;x1;cos(x3);I(x3>1)*x3^2;sin(x1)*cos(x2),"[-0.034391622605320187,0.4764040921559099,0.7402566218863014,0.7568092981803705,1.2029278726558825]","[-0.02990917066246181,0.49367003554194355,0.7213823259748806,0.7496021541969352,1.1840923032420578]",I(x3>1)*x3^2,1.0,1.0,0.0,,0,,0,,,,,,,,0.0
trig_cross,exception,0.2,250,4,20102,fcrra-spent-diagnostic,1.0,1.0,1.0,0.00033455260190613377,0.11383722578777321,0.0,1.0,0.0,frozen-v6-anchor,0.11788513312313224,0.13717370764344966,1.9700995029999149,3329985,I(x3>1)*x3^2;cos(x3);sin(x1)*cos(x2);x1,0.01991 + 0.494·x₁ + 0.7169·cos(x₃) + 0.7444·𝟙[x₃>1]·x₃² + 1.193·sin(x₁)cos(x₂),"FCRRA spent-seed diagnostic; anchor=1,x1,cos(x3),I(x3>1)*x3^2,sin(x1)*cos(x2); exception=I(x3>1)*x3^2; in_bank=1; in_anchor=1; attempted=0; eligible_discovery=; eligible_selector=; numerator=None; denominator=None; gamma=None; anchor_role_ic=None; augmented_role_ic=None; outside_sse_max_diff=None; outside_prediction_max_diff=None; accepted=0; final=1,x1,cos(x3),I(x3>1)*x3^2,sin(x1)*cos(x2); wrapper_overhead_unoptimized=1",1.0,1.0,6,2,1.0,63,0,0,1,1;x1;cos(x3);I(x3>1)*x3^2;sin(x1)*cos(x2),G,balanced,250,250;250;250;250,832496.25,1;x1;cos(x3);I(x3>1)*x3^2;sin(x1)*cos(x2),1;x1;cos(x3);I(x3>1)*x3^2;sin(x1)*cos(x2),"[0.004501380098869068,0.48808939532487733,0.7397587106534583,0.7555884086693986,1.174552630759328]","[0.01990977065014002,0.4940440404779881,0.7168841945624952,0.7444025180723635,1.1930421851359776]",I(x3>1)*x3^2,1.0,1.0,0.0,,0,,0,,,,,,,,0.0
trig_cross,exception,0.2,250,4,20103,fcrra-spent-diagnostic,1.0,1.0,1.0,6.524882295454407e-05,0.10052119766447351,0.0,1.0,0.0,frozen-v6-anchor,0.09641899752014216,0.13552081119414294,1.9075229080000327,3299024,I(x3>1)*x3^2;cos(x3);sin(x1)*cos(x2);x1,-0.005162 + 0.5052·x₁ + 0.7111·cos(x₃) + 0.7543·𝟙[x₃>1]·x₃² + 1.21·sin(x₁)cos(x₂),"FCRRA spent-seed diagnostic; anchor=1,x1,cos(x3),I(x3>1)*x3^2,sin(x1)*cos(x2); exception=I(x3>1)*x3^2; in_bank=1; in_anchor=1; attempted=0; eligible_discovery=; eligible_selector=; numerator=None; denominator=None; gamma=None; anchor_role_ic=None; augmented_role_ic=None; outside_sse_max_diff=None; outside_prediction_max_diff=None; accepted=0; final=1,x1,cos(x3),I(x3>1)*x3^2,sin(x1)*cos(x2); wrapper_overhead_unoptimized=1",1.0,1.0,5,1,1.0,32,0,0,1,1;x1;cos(x3);I(x3>1)*x3^2;sin(x1)*cos(x2),G,balanced,250,250;250;250;250,824756.0,1;x1;cos(x3);I(x3>1)*x3^2;sin(x1)*cos(x2),1;x1;cos(x3);I(x3>1)*x3^2;sin(x1)*cos(x2),"[0.005779228023513899,0.5055696991766447,0.6912181374012991,0.7489228749037798,1.2108043973436622]","[-0.005162433617139717,0.5052364149911251,0.7110548481700755,0.7542503903591196,1.210270641204788]",I(x3>1)*x3^2,1.0,1.0,0.0,,0,,0,,,,,,,,0.0
trig_cross,exception,0.2,250,4,20104,fcrra-spent-diagnostic,1.0,1.0,1.0,0.0006315338177450994,0.09705402762557835,0.0,1.0,0.0,frozen-v6-anchor,0.10193154056042353,0.11927112433455067,1.9531550570000036,3333600,I(x3>1)*x3^2;cos(x3);sin(x1)*cos(x2);x1,-0.009732 + 0.5111·x₁ + 0.694·cos(x₃) + 0.7405·𝟙[x₃>1]·x₃² + 1.157·sin(x₁)cos(x₂),"FCRRA spent-seed diagnostic; anchor=1,x1,cos(x3),I(x3>1)*x3^2,sin(x1)*cos(x2); exception=I(x3>1)*x3^2; in_bank=1; in_anchor=1; attempted=0; eligible_discovery=; eligible_selector=; numerator=None; denominator=None; gamma=None; anchor_role_ic=None; augmented_role_ic=None; outside_sse_max_diff=None; outside_prediction_max_diff=None; accepted=0; final=1,x1,cos(x3),I(x3>1)*x3^2,sin(x1)*cos(x2); wrapper_overhead_unoptimized=1",1.0,1.0,6,2,1.0,63,0,0,1,1;x1;cos(x3);I(x3>1)*x3^2;sin(x1)*cos(x2),G,balanced,250,250;250;250;250,833400.0,1;x1;cos(x3);I(x3>1)*x3^2;sin(x1)*cos(x2),1;x1;cos(x3);I(x3>1)*x3^2;sin(x1)*cos(x2),"[-0.001019511977572871,0.5117986377418788,0.7003847215370836,0.7345752909674469,1.1578824280025313]","[-0.009731541634275712,0.5111220207047706,0.6940024903916144,0.7405095301175975,1.1567497039885692]",I(x3>1)*x3^2,1.0,1.0,0.0,,0,,0,,,,,,,,0.0
trig_cross,exception,0.2,250,4,20105,fcrra-spent-diagnostic,1.0,1.0,1.0,0.00023759439968007624,0.11827304309490666,0.0,1.0,0.0,frozen-v6-anchor,0.1065491689833206,0.13084601248587008,1.9598706059999813,3334698,I(x3>1)*x3^2;cos(x3);sin(x1)*cos(x2);x1,-0.02157 + 0.4967·x₁ + 0.696·cos(x₃) + 0.7537·𝟙[x₃>1]·x₃² + 1.221·sin(x₁)cos(x₂),"FCRRA spent-seed diagnostic; anchor=1,x1,cos(x3),I(x3>1)*x3^2,sin(x1)*cos(x2); exception=I(x3>1)*x3^2; in_bank=1; in_anchor=1; attempted=0; eligible_discovery=; eligible_selector=; numerator=None; denominator=None; gamma=None; anchor_role_ic=None; augmented_role_ic=None; outside_sse_max_diff=None; outside_prediction_max_diff=None; accepted=0; final=1,x1,cos(x3),I(x3>1)*x3^2,sin(x1)*cos(x2); wrapper_overhead_unoptimized=1",1.0,1.0,6,2,1.0,63,0,0,1,1;x1;cos(x3);I(x3>1)*x3^2;sin(x1)*cos(x2),G,balanced,250,250;250;250;250,833674.5,1;x1;cos(x3);I(x3>1)*x3^2;sin(x1)*cos(x2),1;x1;cos(x3);I(x3>1)*x3^2;sin(x1)*cos(x2),"[-0.022925504105657243,0.4950846798266473,0.6881447388610219,0.7514471669273476,1.1897284458049968]","[-0.021565500698887873,0.49669473678329246,0.6960294154739924,0.7536672972649294,1.2212306513818396]",I(x3>1)*x3^2,1.0,1.0,0.0,,0,,0,,,,,,,,0.0
cubic_cross,complementary,0.2,100,4,20101,fcrra-spent-diagnostic,1.0,1.0,1.0,0.00016692186929838357,1.3631951872226018,0.0,1.0,0.0,frozen-v6-anchor,1.020047502683236,1.3309367010725226,1.5207879240000466,2986902,x1*x2;x1^3;x3^2,0.04657 + 0.5155·x₃² + 0.8064·x₁³ + 1.188·x₁x₂,"FCRRA spent-seed diagnostic; anchor=1,x3^2,x1^3,x1*x2; exception=; in_bank=0; in_anchor=0; attempted=0; eligible_discovery=; eligible_selector=; numerator=None; denominator=None; gamma=None; anchor_role_ic=None; augmented_role_ic=None; outside_sse_max_diff=None; outside_prediction_max_diff=None; accepted=0; final=1,x3^2,x1^3,x1*x2; wrapper_overhead_unoptimized=1",1.0,1.0,6,3,1.0,63,0,0,0,1;x3^2;x1^3;x1*x2,S,balanced,100,100;100;100;100,746725.5,1;x3^2;x1^3;x1*x2,1;x3^2;x1^3;x1*x2,"[0.12100946453977324,0.482905973479985,0.8098502585329119,1.1680739841096663]","[0.046574641433628966,0.5155317683223288,0.8063865264194205,1.187516793760408]",,0.0,0.0,0.0,,0,,0,,,,,,,,0.0
cubic_cross,complementary,0.2,100,4,20102,fcrra-spent-diagnostic,1.0,1.0,1.0,0.00023878203366111222,0.806967542244354,0.0,1.0,0.0,frozen-v6-anchor,0.8608847783980142,1.076997181122819,1.522098794000044,2993058,x1*x2;x1^3;x3^2,-0.03794 + 0.4889·x₃² + 0.7884·x₁³ + 1.187·x₁x₂,"FCRRA spent-seed diagnostic; anchor=1,x3^2,x1^3,x1*x2; exception=; in_bank=0; in_anchor=0; attempted=0; eligible_discovery=; eligible_selector=; numerator=None; denominator=None; gamma=None; anchor_role_ic=None; augmented_role_ic=None; outside_sse_max_diff=None; outside_prediction_max_diff=None; accepted=0; final=1,x3^2,x1^3,x1*x2; wrapper_overhead_unoptimized=1",1.0,1.0,7,4,1.0,120,0,0,0,1;x3^2;x1^3;x1*x2,S,balanced,100,100;100;100;100,748264.5,1;x3^2;x1^3;x1*x2,1;x3^2;x1^3;x1*x2,"[-0.09274582568099499,0.5016839370715247,0.78380050483368,1.1904503452582156]","[-0.0379383675059215,0.4888849510066167,0.7884418944899264,1.1866271545686682]",,0.0,0.0,0.0,,0,,0,,,,,,,,0.0
cubic_cross,complementary,0.2,100,4,20103,fcrra-spent-diagnostic,1.0,1.0,1.0,0.0001611605808223213,1.2777871246509753,0.0,1.0,0.0,frozen-v6-anchor,1.371612538401275,1.9465362778849642,1.5737310829999842,3019547,x1*x2;x1^3;x3^2,-0.05061 + 0.5363·x₃² + 0.8059·x₁³ + 1.179·x₁x₂,"FCRRA spent-seed diagnostic; anchor=1,x3^2,x1^3,x1*x2; exception=; in_bank=0; in_anchor=0; attempted=0; eligible_discovery=; eligible_selector=; numerator=None; denominator=None; gamma=None; anchor_role_ic=None; augmented_role_ic=None; outside_sse_max_diff=None; outside_prediction_max_diff=None; accepted=0; final=1,x3^2,x1^3,x1*x2; wrapper_overhead_unoptimized=1",1.0,1.0,7,4,1.0,120,0,0,0,1;x3^2;x1^3;x1*x2,S,balanced,100,100;100;100;100,754886.75,1;x3^2;x1^3;x1*x2,1;x3^2;x1^3;x1*x2,"[-0.16948308435509496,0.5743903776434379,0.7979188075338484,1.1803274540834496]","[-0.050612065867904725,0.5363075039274207,0.8058514486678947,1.1786627555391251]",,0.0,0.0,0.0,,0,,0,,,,,,,,0.0
cubic_cross,complementary,0.2,100,4,20104,fcrra-spent-diagnostic,1.0,1.0,1.0,0.0005391394012309588,1.085950251686367,0.0,1.0,0.0,frozen-v6-anchor,1.3520342617699248,1.7750648193691176,1.5106185769999456,2989698,x1*x2;x1^3;x3^2,-0.1335 + 0.5065·x₃² + 0.8081·x₁³ + 1.249·x₁x₂,"FCRRA spent-seed diagnostic; anchor=1,x3^2,x1^3,x1*x2; exception=; in_bank=0; in_anchor=0; attempted=0; eligible_discovery=; eligible_selector=; numerator=None; denominator=None; gamma=None; anchor_role_ic=None; augmented_role_ic=None; outside_sse_max_diff=None; outside_prediction_max_diff=None; accepted=0; final=1,x3^2,x1^3,x1*x2; wrapper_overhead_unoptimized=1",1.0,1.0,7,4,1.0,120,0,0,0,1;x3^2;x1^3;x1*x2,S,balanced,100,100;100;100;100,747424.5,1;x3^2;x1^3;x1*x2,1;x3^2;x1^3;x1*x2,"[-0.16509397341042686,0.5008715301352751,0.8057669028967983,1.2629122376032749]","[-0.1335095775845442,0.5064841419430592,0.8080905541109503,1.2492923915608631]",,0.0,0.0,0.0,,0,,0,,,,,,,,0.0
cubic_cross,complementary,0.2,100,4,20105,fcrra-spent-diagnostic,1.0,1.0,1.0,7.816166112985525e-05,1.240675632871612,0.0,1.0,0.0,frozen-v6-anchor,0.9239207283662471,1.3253392606522842,1.5109322920000068,2988949,x1*x2;x1^3;x3^2,-0.07482 + 0.5191·x₃² + 0.801·x₁³ + 1.18·x₁x₂,"FCRRA spent-seed diagnostic; anchor=1,x3^2,x1^3,x1*x2; exception=; in_bank=0; in_anchor=0; attempted=0; eligible_discovery=; eligible_selector=; numerator=None; denominator=None; gamma=None; anchor_role_ic=None; augmented_role_ic=None; outside_sse_max_diff=None; outside_prediction_max_diff=None; accepted=0; final=1,x3^2,x1^3,x1*x2; wrapper_overhead_unoptimized=1",1.0,1.0,7,4,1.0,120,0,0,0,1;x3^2;x1^3;x1*x2,S,balanced,100,100;100;100;100,747237.25,1;x3^2;x1^3;x1*x2,1;x3^2;x1^3;x1*x2,"[-0.06340486936715095,0.4886788301186291,0.7990902196633105,1.1382792991223862]","[-0.07482057809453999,0.5191409130221639,0.8010076322229664,1.1801341829800813]",,0.0,0.0,0.0,,0,,0,,,,,,,,0.0
cubic_cross,complementary,0.2,100,4,20101,fcrra-spent-diagnostic,1.0,1.0,1.0,0.0001550035464432911,1.2766077044798192,0.0,1.0,0.0,frozen-v6-anchor,1.1933639527818591,1.3825144148372601,1.5115423070000134,2990183,x1*x2;x1^3;x3^2,0.07786 + 0.4804·x₃² + 0.7937·x₁³ + 1.223·x₁x₂,"FCRRA spent-seed diagnostic; anchor=1,x3^2,x1^3,x1*x2; exception=; in_bank=0; in_anchor=0; attempted=0; eligible_discovery=; eligible_selector=; numerator=None; denominator=None; gamma=None; anchor_role_ic=None; augmented_role_ic=None; outside_sse_max_diff=None; outside_prediction_max_diff=None; accepted=0; final=1,x3^2,x1^3,x1*x2; wrapper_overhead_unoptimized=1",1.0,1.0,7,4,1.0,120,0,0,0,1;x3^2;x1^3;x1*x2,S,imbalanced,100,150;71;72;104,747545.75,1;x3^2;x1^3;x1*x2,1;x3^2;x1^3;x1*x2,"[0.09288232324840218,0.5002152381131186,0.7884276234413862,1.240178138161708]","[0.07786469345927172,0.48038776585115994,0.7937219015733975,1.2232952168537723]",,0.0,0.0,0.0,,0,,0,,,,,,,,0.0
cubic_cross,complementary,0.2,100,4,20102,fcrra-spent-diagnostic,1.0,1.0,1.0,0.00020391901829971908,0.9233684589874788,0.0,1.0,0.0,frozen-v6-anchor,0.9132057027290492,1.2001348342075233,1.5467930589999241,3020749,x1*x2;x1^3;x3^2,-0.01681 + 0.4709·x₃² + 0.7921·x₁³ + 1.213·x₁x₂,"FCRRA spent-seed diagnostic; anchor=1,x3^2,x1^3,x1*x2; exception=; in_bank=0; in_anchor=0; attempted=0; eligible_discovery=; eligible_selector=; numerator=None; denominator=None; gamma=None; anchor_role_ic=None; augmented_role_ic=None; outside_sse_max_diff=None; outside_prediction_max_diff=None; accepted=0; final=1,x3^2,x1^3,x1*x2; wrapper_overhead_unoptimized=1",1.0,1.0,7,4,1.0,120,0,0,0,1;x3^2;x1^3;x1*x2,S,imbalanced,100,104;150;71;72,755187.25,1;x3^2;x1^3;x1*x2,1;x3^2;x1^3;x1*x2,"[0.03802349914874914,0.44890055997623124,0.7895179484869531,1.2353138504765233]","[-0.016810325285416875,0.470907509907709,0.7921304959344001,1.213128943501853]",,0.0,0.0,0.0,,0,,0,,,,,,,,0.0
cubic_cross,complementary,0.2,100,4,20103,fcrra-spent-diagnostic,1.0,1.0,1.0,0.0004261016208112298,1.2492859648096524,0.0,1.0,0.0,frozen-v6-anchor,1.005189320649555,1.2648325151967754,1.5383325799999739,3016399,x1*x2;x1^3;x3^2,0.1016 + 0.4238·x₃² + 0.7956·x₁³ + 1.168·x₁x₂,"FCRRA spent-seed diagnostic; anchor=1,x3^2,x1^3,x1*x2; exception=; in_bank=0; in_anchor=0; attempted=0; eligible_discovery=; eligible_selector=; numerator=None; denominator=None; gamma=None; anchor_role_ic=None; augmented_role_ic=None; outside_sse_max_diff=None; outside_prediction_max_diff=None; accepted=0; final=1,x3^2,x1^3,x1*x2; wrapper_overhead_unoptimized=1",1.0,1.0,5,2,1.0,32,0,0,0,1;x3^2;x1^3;x1*x2,S,imbalanced,100,72;104;150;71,754099.75,1;x3^2;x1^3;x1*x2,1;x3^2;x1^3;x1*x2,"[0.18132373535269508,0.3859703134214598,0.7890939151760973,1.1361621014145165]","[0.10157214533580203,0.42379007911252714,0.7955581760952827,1.167789640867001]",,0.0,0.0,0.0,,0,,0,,,,,,,,0.0
cubic_cross,complementary,0.2,100,4,20104,fcrra-spent-diagnostic,0.0,0.25,0.3333333333333333,0.003445308302257148,1.5034383207283366,0.0,1.0,0.0,frozen-v6-anchor,1.1464050770098277,1.3834409288268035,1.5217350330000272,2992862,cos(x3);sin(x1);x1;x1*x2,1.348 + 6.948·x₁ - 7.719·sin(x₁) - 1.742·cos(x₃) + 1.244·x₁x₂,"FCRRA spent-seed diagnostic; anchor=1,x1,sin(x1),cos(x3),x1*x2; exception=; in_bank=0; in_anchor=0; attempted=0; eligible_discovery=; eligible_selector=; numerator=None; denominator=None; gamma=None; anchor_role_ic=None; augmented_role_ic=None; outside_sse_max_diff=None; outside_prediction_max_diff=None; accepted=0; final=1,x1,sin(x1),cos(x3),x1*x2; wrapper_overhead_unoptimized=1",0.6666666666666666,0.0,7,5,0.0,120,0,1,0,1;x1;sin(x1);cos(x3);x1*x2,S,imbalanced,100,71;72;104;150,748215.5,1;x1;sin(x1);cos(x3);x1*x2,1;x1;sin(x1);cos(x3);x1*x2,"[1.3810097290637084,6.925365327889672,-7.646017456102626,-1.7663635957160415,1.2522984981091025]","[1.3481714210022078,6.947830614188351,-7.719161633495133,-1.7423922248345645,1.2439759106185853]",,0.0,0.0,0.0,,0,,0,,,,,,,,0.0
cubic_cross,complementary,0.2,100,4,20105,fcrra-spent-diagnostic,1.0,1.0,1.0,0.0006547821528437193,1.2993122274386129,0.0,1.0,0.0,frozen-v6-anchor,1.4628190420350482,1.7163499040350907,1.5396460480000087,2991138,x1*x2;x1^3;x3^2,-0.09182 + 0.5286·x₃² + 0.8213·x₁³ + 1.217·x₁x₂,"FCRRA spent-seed diagnostic; anchor=1,x3^2,x1^3,x1*x2; exception=; in_bank=0; in_anchor=0; attempted=0; eligible_discovery=; eligible_selector=; numerator=None; denominator=None; gamma=None; anchor_role_ic=None; augmented_role_ic=None; outside_sse_max_diff=None; outside_prediction_max_diff=None; accepted=0; final=1,x3^2,x1^3,x1*x2; wrapper_overhead_unoptimized=1",1.0,1.0,7,4,1.0,120,0,0,0,1;x3^2;x1^3;x1*x2,S,imbalanced,100,150;71;72;104,747784.5,1;x3^2;x1^3;x1*x2,1;x3^2;x1^3;x1*x2,"[0.013917564042440489,0.5017409462425129,0.8242188626507447,1.2425840603900231]","[-0.09182428977869837,0.5286089979796815,0.8213088746811982,1.2167405083336333]",,0.0,0.0,0.0,,0,,0,,,,,,,,0.0
cubic_cross,complementary,0.2,100,8,20101,fcrra-spent-diagnostic,1.0,1.0,1.0,0.00018246098891923227,0.9798472599561957,0.0,1.0,0.0,frozen-v6-anchor,1.0729559619514655,1.5380407017529252,2.9477529900000263,5982721,x1*x2;x1^3;x3^2,0.02874 + 0.4692·x₃² + 0.7967·x₁³ + 1.229·x₁x₂,"FCRRA spent-seed diagnostic; anchor=1,x3^2,x1^3,x1*x2; exception=; in_bank=0; in_anchor=0; attempted=0; eligible_discovery=; eligible_selector=; numerator=None; denominator=None; gamma=None; anchor_role_ic=None; augmented_role_ic=None; outside_sse_max_diff=None; outside_prediction_max_diff=None; accepted=0; final=1,x3^2,x1^3,x1*x2; wrapper_overhead_unoptimized=1",1.0,1.0,7,4,1.0,120,0,0,0,1;x3^2;x1^3;x1*x2,S,balanced,100,100;100;100;100;100;100;100;100,747840.125,1;x3^2;x1^3;x1*x2,1;x3^2;x1^3;x1*x2,"[0.0205464159930413,0.4732142688565495,0.7939197788769078,1.247055547467177]","[0.02874358241830637,0.46923414265939684,0.7967458753036556,1.2290422988499516]",,0.0,0.0,0.0,,0,,0,,,,,,,,0.0
cubic_cross,complementary,0.2,100,8,20102,fcrra-spent-diagnostic,1.0,1.0,1.0,0.0006304586724320799,0.9598615867821516,0.0,1.0,0.0,frozen-v6-anchor,1.0162982396574973,1.4506170518422854,2.974811874000011,5975577,x1*x2;x1^3;x3^2,0.02505 + 0.5253·x₃² + 0.7915·x₁³ + 1.141·x₁x₂,"FCRRA spent-seed diagnostic; anchor=1,x3^2,x1^3,x1*x2; exception=; in_bank=0; in_anchor=0; attempted=0; eligible_discovery=; eligible_selector=; numerator=None; denominator=None; gamma=None; anchor_role_ic=None; augmented_role_ic=None; outside_sse_max_diff=None; outside_prediction_max_diff=None; accepted=0; final=1,x3^2,x1^3,x1*x2; wrapper_overhead_unoptimized=1",1.0,1.0,6,3,1.0,63,0,0,0,1;x3^2;x1^3;x1*x2,S,balanced,100,100;100;100;100;100;100;100;100,746947.125,1;x3^2;x1^3;x1*x2,1;x3^2;x1^3;x1*x2,"[0.019940750295679655,0.5018732497439458,0.7963748555054532,1.1383374205438064]","[0.0250512324801495,0.525318655929911,0.7915084223416363,1.1409153738359115]",,0.0,0.0,0.0,,0,,0,,,,,,,,0.0
cubic_cross,complementary,0.2,100,8,20103,fcrra-spent-diagnostic,0.0,0.6666666666666666,0.6666666666666666,0.00044098526393791544,0.9235070339979699,0.0,1.0,0.0,frozen-v6-anchor,0.8748527392471848,1.264688071037468,2.9484893039999633,5975450,cos(x3);x1*x2;x1^3,1.347 - 1.428·cos(x₃) + 0.793·x₁³ + 1.21·x₁x₂,"FCRRA spent-seed diagnostic; anchor=1,cos(x3),x1^3,x1*x2; exception=; in_bank=0; in_anchor=0; attempted=0; eligible_discovery=; eligible_selector=; numerator=None; denominator=None; gamma=None; anchor_role_ic=None; augmented_role_ic=None; outside_sse_max_diff=None; outside_prediction_max_diff=None; accepted=0; final=1,cos(x3),x1^3,x1*x2; wrapper_overhead_unoptimized=1",0.6666666666666666,0.0,6,4,1.0,63,0,0,0,1;cos(x3);x1^3;x1*x2,S,balanced,100,100;100;100;100;100;100;100;100,746931.25,1;cos(x3);x1^3;x1*x2,1;cos(x3);x1^3;x1*x2,"[1.3286013048553427,-1.3447539025570907,0.7964398689635827,1.1902987627029558]","[1.3474041180897394,-1.4284350750097004,0.7929717254696775,1.2102331092952603]",,0.0,0.0,0.0,,0,,0,,,,,,,,0.0
cubic_cross,complementary,0.2,100,8,20104,fcrra-spent-diagnostic,1.0,1.0,1.0,2.4923708859497432e-05,0.7540352194631601,0.0,1.0,0.0,frozen-v6-anchor,0.6442435326759679,0.9477013039819705,2.9385527870000487,5983303,x1*x2;x1^3;x3^2,-0.01393 + 0.5101·x₃² + 0.8035·x₁³ + 1.206·x₁x₂,"FCRRA spent-seed diagnostic; anchor=1,x3^2,x1^3,x1*x2; exception=; in_bank=0; in_anchor=0; attempted=0; eligible_discovery=; eligible_selector=; numerator=None; denominator=None; gamma=None; anchor_role_ic=None; augmented_role_ic=None; outside_sse_max_diff=None; outside_prediction_max_diff=None; accepted=0; final=1,x3^2,x1^3,x1*x2; wrapper_overhead_unoptimized=1",1.0,1.0,7,4,1.0,120,0,0,0,1;x3^2;x1^3;x1*x2,S,balanced,100,100;100;100;100;100;100;100;100,747912.875,1;x3^2;x1^3;x1*x2,1;x3^2;x1^3;x1*x2,"[-0.0549910949868595,0.5408649062677271,0.8093437041628304,1.2032156763364983]","[-0.013934138835845643,0.5100955340180512,0.8035041145342109,1.2058348632417362]",,0.0,0.0,0.0,,0,,0,,,,,,,,0.0
cubic_cross,complementary,0.2,100,8,20105,fcrra-spent-diagnostic,0.0,0.6666666666666666,0.6666666666666666,0.0007122538052198213,0.8843493008340368,0.0,1.0,0.0,frozen-v6-anchor,0.7043270281401365,0.8976933539776571,2.9571167610000657,5978884,cos(x3);x1*x2;x1^3,1.33 - 1.417·cos(x₃) + 0.7855·x₁³ + 1.225·x₁x₂,"FCRRA spent-seed diagnostic; anchor=1,cos(x3),x1^3,x1*x2; exception=; in_bank=0; in_anchor=0; attempted=0; eligible_discovery=; eligible_selector=; numerator=None; denominator=None; gamma=None; anchor_role_ic=None; augmented_role_ic=None; outside_sse_max_diff=None; outside_prediction_max_diff=None; accepted=0; final=1,cos(x3),x1^3,x1*x2; wrapper_overhead_unoptimized=1",0.6666666666666666,0.0,7,5,1.0,120,0,0,0,1;cos(x3);x1^3;x1*x2,S,balanced,100,100;100;100;100;100;100;100;100,747360.5,1;cos(x3);x1^3;x1*x2,1;cos(x3);x1^3;x1*x2,"[1.371446225210092,-1.4938701368808118,0.7871847062560728,1.218785628672387]","[1.329579982590622,-1.4166397204272179,0.7855446599050464,1.225010530547261]",,0.0,0.0,0.0,,0,,0,,,,,,,,0.0
cubic_cross,complementary,0.2,100,8,20101,fcrra-spent-diagnostic,1.0,1.0,1.0,0.000501744492177383,0.8554083488573494,0.0,1.0,0.0,frozen-v6-anchor,0.9316266299653329,1.449077356440394,2.9553984560000117,5985405,x1*x2;x1^3;x3^2,0.1603 + 0.3961·x₃² + 0.8028·x₁³ + 1.199·x₁x₂,"FCRRA spent-seed diagnostic; anchor=1,x3^2,x1^3,x1*x2; exception=; in_bank=0; in_anchor=0; attempted=0; eligible_discovery=; eligible_selector=; numerator=None; denominator=None; gamma=None; anchor_role_ic=None; augmented_role_ic=None; outside_sse_max_diff=None; outside_prediction_max_diff=None; accepted=0; final=1,x3^2,x1^3,x1*x2; wrapper_overhead_unoptimized=1",1.0,1.0,7,4,1.0,120,0,0,0,1;x3^2;x1^3;x1*x2,S,imbalanced,100,80;94;110;128;150;71;71;71,748175.625,1;x3^2;x1^3;x1*x2,1;x3^2;x1^3;x1*x2,"[0.17582422292147015,0.3941183644184233,0.8017154151109228,1.1865675560709839]","[0.16034951003974895,0.3961248780357272,0.8027583667758605,1.1990905187111034]",,0.0,0.0,0.0,,0,,0,,,,,,,,0.0
cubic_cross,complementary,0.2,100,8,20102,fcrra-spent-diagnostic,1.0,1.0,1.0,0.00011512779446120766,0.7284892902917052,0.0,1.0,0.0,frozen-v6-anchor,0.6185868669234927,1.1071284399209618,2.9625219949999746,5985286,x1*x2;x1^3;x3^2,-0.01178 + 0.5371·x₃² + 0.8025·x₁³ + 1.2·x₁x₂,"FCRRA spent-seed diagnostic; anchor=1,x3^2,x1^3,x1*x2; exception=; in_bank=0; in_anchor=0; attempted=0; eligible_discovery=; eligible_selector=; numerator=None; denominator=None; gamma=None; anchor_role_ic=None; augmented_role_ic=None; outside_sse_max_diff=None; outside_prediction_max_diff=None; accepted=0; final=1,x3^2,x1^3,x1*x2; wrapper_overhead_unoptimized=1",1.0,1.0,7,4,1.0,120,0,0,0,1;x3^2;x1^3;x1*x2,S,imbalanced,100,71;80;94;110;128;150;71;71,748160.75,1;x3^2;x1^3;x1*x2,1;x3^2;x1^3;x1*x2,"[0.02338629269902759,0.5168526968771339,0.8007900361362746,1.2041232350595297]","[-0.011777574908825965,0.5370725583138555,0.802454808681141,1.1997679146758995]",,0.0,0.0,0.0,,0,,0,,,,,,,,0.0
cubic_cross,complementary,0.2,100,8,20103,fcrra-spent-diagnostic,1.0,1.0,1.0,0.00010935510268414347,1.1705978230758698,0.0,1.0,0.0,frozen-v6-anchor,1.21300991532587,2.23682191256529,2.9525064489999977,5982042,x1*x2;x1^3;x3^2,0.03289 + 0.5074·x₃² + 0.8055·x₁³ + 1.181·x₁x₂,"FCRRA spent-seed diagnostic; anchor=1,x3^2,x1^3,x1*x2; exception=; in_bank=0; in_anchor=0; attempted=0; eligible_discovery=; eligible_selector=; numerator=None; denominator=None; gamma=None; anchor_role_ic=None; augmented_role_ic=None; outside_sse_max_diff=None; outside_prediction_max_diff=None; accepted=0; final=1,x3^2,x1^3,x1*x2; wrapper_overhead_unoptimized=1",1.0,1.0,7,4,1.0,120,0,0,0,1;x3^2;x1^3;x1*x2,S,imbalanced,100,71;71;80;94;110;128;150;71,747755.25,1;x3^2;x1^3;x1*x2,1;x3^2;x1^3;x1*x2,"[-0.020430744151658242,0.537069887636278,0.8148784768871207,1.1903335776139914]","[0.03288741052925836,0.5073550118748106,0.8055463356845992,1.1814058304976358]",,0.0,0.0,0.0,,0,,0,,,,,,,,0.0
cubic_cross,complementary,0.2,100,8,20104,fcrra-spent-diagnostic,1.0,1.0,1.0,1.1258430587731174e-05,1.2439806870320853,0.0,1.0,0.0,frozen-v6-anchor,1.382306116947816,2.2335271994655104,2.933570676000045,5971687,x1*x2;x1^3;x3^2,-0.01699 + 0.5091·x₃² + 0.8005·x₁³ + 1.208·x₁x₂,"FCRRA spent-seed diagnostic; anchor=1,x3^2,x1^3,x1*x2; exception=; in_bank=0; in_anchor=0; attempted=0; eligible_discovery=; eligible_selector=; numerator=None; denominator=None; gamma=None; anchor_role_ic=None; augmented_role_ic=None; outside_sse_max_diff=None; outside_prediction_max_diff=None; accepted=0; final=1,x3^2,x1^3,x1*x2; wrapper_overhead_unoptimized=1",1.0,1.0,6,3,1.0,63,0,0,0,1;x3^2;x1^3;x1*x2,S,imbalanced,100,71;71;71;80;94;110;128;150,746460.875,1;x3^2;x1^3;x1*x2,1;x3^2;x1^3;x1*x2,"[-0.053092236033382534,0.5118483175654776,0.800293933183801,1.201021778128702]","[-0.01698860240265055,0.5091494187184763,0.8004535328571678,1.2079201509441528]",,0.0,0.0,0.0,,0,,0,,,,,,,,0.0
cubic_cross,complementary,0.2,100,8,20105,fcrra-spent-diagnostic,0.0,0.5,0.6666666666666666,0.004256214717773141,1.0054884183477437,0.0,1.0,0.0,frozen-v6-anchor,1.0532875617072788,1.497967948035678,2.9603221769999664,5986465,sin(x1);x1;x1*x2;x3^2,-0.02441 + 6.664·x₁ + 0.5413·x₃² - 7.12·sin(x₁) + 1.195·x₁x₂,"FCRRA spent-seed diagnostic; anchor=1,x1,x3^2,sin(x1),x1*x2; exception=; in_bank=0; in_anchor=0; attempted=0; eligible_discovery=; eligible_selector=; numerator=None; denominator=None; gamma=None; anchor_role_ic=None; augmented_role_ic=None; outside_sse_max_diff=None; outside_prediction_max_diff=None; accepted=0; final=1,x1,x3^2,sin(x1),x1*x2; wrapper_overhead_unoptimized=1",1.0,1.0,7,4,0.0,120,0,1,0,1;x1;x3^2;sin(x1);x1*x2,S,imbalanced,100,150;71;71;71;80;94;110;128,748308.125,1;x1;x3^2;sin(x1);x1*x2,1;x1;x3^2;sin(x1);x1*x2,"[-0.011882152838056529,6.747368141243991,0.5321667916558099,-7.3337535197606805,1.1958298524693376]","[-0.024406225885907004,6.664243503687034,0.5413324222810318,-7.12015510768664,1.194811719974056]",,0.0,0.0,0.0,,0,,0,,,,,,,,0.0
cubic_cross,complementary,0.2,100,16,20101,fcrra-spent-diagnostic,1.0,1.0,1.0,2.477096232552544e-05,0.8485825051189824,0.0,1.0,0.0,frozen-v6-anchor,0.9860068081917983,1.6431645014709375,5.793963291000068,11967974,x1*x2;x1^3;x3^2,-0.02634 + 0.5184·x₃² + 0.8022·x₁³ + 1.204·x₁x₂,"FCRRA spent-seed diagnostic; anchor=1,x3^2,x1^3,x1*x2; exception=; in_bank=0; in_anchor=0; attempted=0; eligible_discovery=; eligible_selector=; numerator=None; denominator=None; gamma=None; anchor_role_ic=None; augmented_role_ic=None; outside_sse_max_diff=None; outside_prediction_max_diff=None; accepted=0; final=1,x3^2,x1^3,x1*x2; wrapper_overhead_unoptimized=1",1.0,1.0,7,4,1.0,120,0,0,0,1;x3^2;x1^3;x1*x2,S,balanced,100,100;100;100;100;100;100;100;100;100;100;100;100;100;100;100;100,747998.375,1;x3^2;x1^3;x1*x2,1;x3^2;x1^3;x1*x2,"[-0.011596460513985107,0.5225168529976026,0.7984067051051142,1.1940907530480316]","[-0.026344418432554507,0.5184467348228268,0.8022139489764142,1.2041283247699428]",,0.0,0.0,0.0,,0,,0,,,,,,,,0.0
cubic_cross,complementary,0.2,100,16,20102,fcrra-spent-diagnostic,1.0,1.0,1.0,0.00014416067598887035,0.9006789077790378,0.0,1.0,0.0,frozen-v6-anchor,0.9053213089153057,1.2858045681863648,5.855596666999986,11968381,x1*x2;x1^3;x3^2,-0.008073 + 0.4909·x₃² + 0.7948·x₁³ + 1.172·x₁x₂,"FCRRA spent-seed diagnostic; anchor=1,x3^2,x1^3,x1*x2; exception=; in_bank=0; in_anchor=0; attempted=0; eligible_discovery=; eligible_selector=; numerator=None; denominator=None; gamma=None; anchor_role_ic=None; augmented_role_ic=None; outside_sse_max_diff=None; outside_prediction_max_diff=None; accepted=0; final=1,x3^2,x1^3,x1*x2; wrapper_overhead_unoptimized=1",1.0,1.0,7,4,1.0,120,0,0,0,1;x3^2;x1^3;x1*x2,S,balanced,100,100;100;100;100;100;100;100;100;100;100;100;100;100;100;100;100,748023.8125,1;x3^2;x1^3;x1*x2,1;x3^2;x1^3;x1*x2,"[-0.01190616894796337,0.4892583986306933,0.7973162759846788,1.1887125004335644]","[-0.008073448799737325,0.4909373762784032,0.7947759274233119,1.1718370874694453]",,0.0,0.0,0.0,,0,,0,,,,,,,,0.0
cubic_cross,complementary,0.2,100,16,20103,fcrra-spent-diagnostic,1.0,1.0,1.0,8.808830915634432e-05,0.8777022162034036,0.0,1.0,0.0,frozen-v6-anchor,0.7791719928008225,1.2053217103738292,5.818547059000025,11966187,x1*x2;x1^3;x3^2,-0.09757 + 0.5314·x₃² + 0.802·x₁³ + 1.216·x₁x₂,"FCRRA spent-seed diagnostic; anchor=1,x3^2,x1^3,x1*x2; exception=; in_bank=0; in_anchor=0; attempted=0; eligible_discovery=; eligible_selector=; numerator=None; denominator=None; gamma=None; anchor_role_ic=None; augmented_role_ic=None; outside_sse_max_diff=None; outside_prediction_max_diff=None; accepted=0; final=1,x3^2,x1^3,x1*x2; wrapper_overhead_unoptimized=1",1.0,1.0,7,4,1.0,120,0,0,0,1;x3^2;x1^3;x1*x2,S,balanced,100,100;100;100;100;100;100;100;100;100;100;100;100;100;100;100;100,747886.6875,1;x3^2;x1^3;x1*x2,1;x3^2;x1^3;x1*x2,"[-0.08196315867111403,0.5293543078038668,0.8050170733098392,1.219142761858816]","[-0.09757116432401315,0.531419391488033,0.8019845191044264,1.2162853404721174]",,0.0,0.0,0.0,,0,,0,,,,,,,,0.0
cubic_cross,complementary,0.2,100,16,20104,fcrra-spent-diagnostic,1.0,1.0,1.0,6.791782729273536e-05,0.7940578922811835,0.0,1.0,0.0,frozen-v6-anchor,0.7384359386995609,0.9922930017557064,5.843434389000095,11968240,x1*x2;x1^3;x3^2,0.02084 + 0.4933·x₃² + 0.7928·x₁³ + 1.202·x₁x₂,"FCRRA spent-seed diagnostic; anchor=1,x3^2,x1^3,x1*x2; exception=; in_bank=0; in_anchor=0; attempted=0; eligible_discovery=; eligible_selector=; numerator=None; denominator=None; gamma=None; anchor_role_ic=None; augmented_role_ic=None; outside_sse_max_diff=None; outside_prediction_max_diff=None; accepted=0; final=1,x3^2,x1^3,x1*x2; wrapper_overhead_unoptimized=1",1.0,1.0,7,4,1.0,120,0,0,0,1;x3^2;x1^3;x1*x2,S,balanced,100,100;100;100;100;100;100;100;100;100;100;100;100;100;100;100;100,748015.0,1;x3^2;x1^3;x1*x2,1;x3^2;x1^3;x1*x2,"[0.036760020074184885,0.49532084984035585,0.7884647092309737,1.1910434476473926]","[0.020840711719209287,0.4933205495575471,0.7928028845660547,1.2021526991237808]",,0.0,0.0,0.0,,0,,0,,,,,,,,0.0
cubic_cross,complementary,0.2,100,16,20105,fcrra-spent-diagnostic,1.0,1.0,1.0,5.545286120931831e-05,0.8215093210924239,0.0,1.0,0.0,frozen-v6-anchor,0.820993846515676,1.2307478238620888,5.893214497000031,11964880,x1*x2;x1^3;x3^2,0.04327 + 0.5077·x₃² + 0.7974·x₁³ + 1.196·x₁x₂,"FCRRA spent-seed diagnostic; anchor=1,x3^2,x1^3,x1*x2; exception=; in_bank=0; in_anchor=0; attempted=0; eligible_discovery=; eligible_selector=; numerator=None; denominator=None; gamma=None; anchor_role_ic=None; augmented_role_ic=None; outside_sse_max_diff=None; outside_prediction_max_diff=None; accepted=0; final=1,x3^2,x1^3,x1*x2; wrapper_overhead_unoptimized=1",1.0,1.0,7,4,1.0,120,0,0,0,1;x3^2;x1^3;x1*x2,S,balanced,100,100;100;100;100;100;100;100;100;100;100;100;100;100;100;100;100,747805.0,1;x3^2;x1^3;x1*x2,1;x3^2;x1^3;x1*x2,"[0.06912643613993641,0.48776472480130917,0.7977410225705934,1.198605244887495]","[0.04327229912829809,0.5076980489897365,0.7974323744899309,1.1959074313844298]",,0.0,0.0,0.0,,0,,0,,,,,,,,0.0
cubic_cross,complementary,0.2,100,16,20101,fcrra-spent-diagnostic,1.0,1.0,1.0,1.044138405705689e-05,0.7260333843297069,0.0,1.0,0.0,frozen-v6-anchor,0.6901729624805785,1.1115376182474714,5.799040200000036,11951702,x1*x2;x1^3;x3^2,-0.004326 + 0.4954·x₃² + 0.7986·x₁³ + 1.194·x₁x₂,"FCRRA spent-seed diagnostic; anchor=1,x3^2,x1^3,x1*x2; exception=; in_bank=0; in_anchor=0; attempted=0; eligible_discovery=; eligible_selector=; numerator=None; denominator=None; gamma=None; anchor_role_ic=None; augmented_role_ic=None; outside_sse_max_diff=None; outside_prediction_max_diff=None; accepted=0; final=1,x3^2,x1^3,x1*x2; wrapper_overhead_unoptimized=1",1.0,1.0,6,3,1.0,63,0,0,0,1;x3^2;x1^3;x1*x2,S,imbalanced,100,112;120;130;139;150;71;71;71;71;71;72;78;83;90;97;104,746981.375,1;x3^2;x1^3;x1*x2,1;x3^2;x1^3;x1*x2,"[-0.05144060333281142,0.5169312617554565,0.7942943110199648,1.1979546161334351]","[-0.00432556304028145,0.49540061880167235,0.798588735119384,1.193764025944827]",,0.0,0.0,0.0,,0,,0,,,,,,,,0.0
cubic_cross,complementary,0.2,100,16,20102,fcrra-spent-diagnostic,0.0,0.6666666666666666,0.6666666666666666,0.00046100476904191125,0.8315053505644482,0.0,1.0,0.0,frozen-v6-anchor,0.8906160608091156,1.475102672146292,5.836133106000034,11953154,cos(x3);x1*x2;x1^3,1.297 - 1.399·cos(x₃) + 0.8047·x₁³ + 1.2·x₁x₂,"FCRRA spent-seed diagnostic; anchor=1,cos(x3),x1^3,x1*x2; exception=; in_bank=0; in_anchor=0; attempted=0; eligible_discovery=; eligible_selector=; numerator=None; denominator=None; gamma=None; anchor_role_ic=None; augmented_role_ic=None; outside_sse_max_diff=None; outside_prediction_max_diff=None; accepted=0; final=1,cos(x3),x1^3,x1*x2; wrapper_overhead_unoptimized=1",0.6666666666666666,0.0,6,4,1.0,63,0,0,0,1;cos(x3);x1^3;x1*x2,S,imbalanced,100,104;112;120;130;139;150;71;71;71;71;71;72;78;83;90;97,747072.125,1;cos(x3);x1^3;x1*x2,1;cos(x3);x1^3;x1*x2,"[1.2991953578860864,-1.437084086543914,0.8017987314999887,1.1971773459814783]","[1.2965812318505994,-1.3990892427739914,0.8047429698976029,1.1997569818458373]",,0.0,0.0,0.0,,0,,0,,,,,,,,0.0
cubic_cross,complementary,0.2,100,16,20103,fcrra-spent-diagnostic,1.0,1.0,1.0,3.7611681356183e-05,0.6667117107185973,0.0,1.0,0.0,frozen-v6-anchor,0.6822003351287979,1.102607337717139,5.84099968999999,11969705,x1*x2;x1^3;x3^2,-0.06986 + 0.5208·x₃² + 0.7971·x₁³ + 1.199·x₁x₂,"FCRRA spent-seed diagnostic; anchor=1,x3^2,x1^3,x1*x2; exception=; in_bank=0; in_anchor=0; attempted=0; eligible_discovery=; eligible_selector=; numerator=None; denominator=None; gamma=None; anchor_role_ic=None; augmented_role_ic=None; outside_sse_max_diff=None; outside_prediction_max_diff=None; accepted=0; final=1,x3^2,x1^3,x1*x2; wrapper_overhead_unoptimized=1",1.0,1.0,7,4,0.0,120,0,1,0,1;x3^2;x1^3;x1*x2,S,imbalanced,100,97;104;112;120;130;139;150;71;71;71;71;71;72;78;83;90,748106.5625,1;x3^2;x1^3;x1*x2,1;x3^2;x1^3;x1*x2,"[-0.07752809920455062,0.5309799231958912,0.8002356856172578,1.2137952358733983]","[-0.0698575736593077,0.5207889223627163,0.7971368991478014,1.1993703458130118]",,0.0,0.0,0.0,,0,,0,,,,,,,,0.0
cubic_cross,complementary,0.2,100,16,20104,fcrra-spent-diagnostic,1.0,1.0,1.0,1.313481570481743e-05,0.7535267343785397,0.0,1.0,0.0,frozen-v6-anchor,0.7845145091760801,1.6198390135743914,5.889290611999968,11947469,x1*x2;x1^3;x3^2,0.0384 + 0.4928·x₃² + 0.8005·x₁³ + 1.194·x₁x₂,"FCRRA spent-seed diagnostic; anchor=1,x3^2,x1^3,x1*x2; exception=; in_bank=0; in_anchor=0; attempted=0; eligible_discovery=; eligible_selector=; numerator=None; denominator=None; gamma=None; anchor_role_ic=None; augmented_role_ic=None; outside_sse_max_diff=None; outside_prediction_max_diff=None; accepted=0; final=1,x3^2,x1^3,x1*x2; wrapper_overhead_unoptimized=1",1.0,1.0,6,3,1.0,63,0,0,0,1;x3^2;x1^3;x1*x2,S,imbalanced,100,90;97;104;112;120;130;139;150;71;71;71;71;71;72;78;83,746716.8125,1;x3^2;x1^3;x1*x2,1;x3^2;x1^3;x1*x2,"[0.033619863605695244,0.49933009041149745,0.8012227718226843,1.1875090235586572]","[0.03840237580098424,0.49279567029129007,0.800547541117392,1.194188738657336]",,0.0,0.0,0.0,,0,,0,,,,,,,,0.0
cubic_cross,complementary,0.2,100,16,20105,fcrra-spent-diagnostic,1.0,1.0,1.0,8.405327655362695e-05,0.7163636708953439,0.0,1.0,0.0,frozen-v6-anchor,0.8165201930090248,1.167401809811157,5.847157526999922,11968410,x1*x2;x1^3;x3^2,0.03768 + 0.4934·x₃² + 0.8076·x₁³ + 1.196·x₁x₂,"FCRRA spent-seed diagnostic; anchor=1,x3^2,x1^3,x1*x2; exception=; in_bank=0; in_anchor=0; attempted=0; eligible_discovery=; eligible_selector=; numerator=None; denominator=None; gamma=None; anchor_role_ic=None; augmented_role_ic=None; outside_sse_max_diff=None; outside_prediction_max_diff=None; accepted=0; final=1,x3^2,x1^3,x1*x2; wrapper_overhead_unoptimized=1",1.0,1.0,7,4,1.0,120,0,0,0,1;x3^2;x1^3;x1*x2,S,imbalanced,100,83;90;97;104;112;120;130;139;150;71;71;71;71;71;72;78,748025.625,1;x3^2;x1^3;x1*x2,1;x3^2;x1^3;x1*x2,"[0.042536599260246444,0.48868187644728023,0.8078796721565858,1.1935025518608067]","[0.03768480663850359,0.49336078994741134,0.8075642731557776,1.1961029957503695]",,0.0,0.0,0.0,,0,,0,,,,,,,,0.0
cubic_cross,spurious,0.2,100,4,20101,fcrra-spent-diagnostic,0.0,0.6666666666666666,0.6666666666666666,0.0006546367063320336,1.0435087767858817,0.0,1.0,0.0,frozen-v6-anchor,0.8664106640586163,1.5012005217363007,1.5442238130000305,3014693,cos(x3);x1*x2;x1^3,1.426 - 1.595·cos(x₃) + 0.7841·x₁³ + 1.176·x₁x₂,"FCRRA spent-seed diagnostic; anchor=1,cos(x3),x1^3,x1*x2; exception=; in_bank=0; in_anchor=0; attempted=0; eligible_discovery=; eligible_selector=; numerator=None; denominator=None; gamma=None; anchor_role_ic=None; augmented_role_ic=None; outside_sse_max_diff=None; outside_prediction_max_diff=None; accepted=0; final=1,cos(x3),x1^3,x1*x2; wrapper_overhead_unoptimized=1",0.6666666666666666,0.0,6,4,1.0,63,0,0,0,1;cos(x3);x1^3;x1*x2,S,balanced,100,100;100;100;100,753673.25,1;cos(x3);x1^3;x1*x2,1;cos(x3);x1^3;x1*x2,"[1.4403066672874254,-1.6647896544991956,0.7794753936218115,1.1493667719055354]","[1.4260611030210435,-1.5945924597031962,0.7840816579720599,1.1761936820380332]",,0.0,0.0,0.0,,0,,0,,,,,,,,0.0
cubic_cross,spurious,0.2,100,4,20102,fcrra-spent-diagnostic,1.0,1.0,1.0,6.811960467479755e-05,1.0090124223301797,0.0,1.0,0.0,frozen-v6-anchor,1.0764874304304721,1.4674462786500801,1.4966350810000222,2987062,x1*x2;x1^3;x3^2,-0.08063 + 0.5285·x₃² + 0.8048·x₁³ + 1.198·x₁x₂,"FCRRA spent-seed diagnostic; anchor=1,x3^2,x1^3,x1*x2; exception=; in_bank=0; in_anchor=0; attempted=0; eligible_discovery=; eligible_selector=; numerator=None; denominator=None; gamma=None; anchor_role_ic=None; augmented_role_ic=None; outside_sse_max_diff=None; outside_prediction_max_diff=None; accepted=0; final=1,x3^2,x1^3,x1*x2; wrapper_overhead_unoptimized=1",1.0,1.0,6,3,0.0,63,0,1,0,1;x3^2;x1^3;x1*x2,S,balanced,100,100;100;100;100,746765.5,1;x3^2;x1^3;x1*x2,1;x3^2;x1^3;x1*x2,"[-0.07623670899285373,0.5425489532049667,0.8043836138623154,1.1999134542168253]","[-0.08062535605897377,0.5285325470297446,0.8047942588694631,1.1982363188503051]",,0.0,0.0,0.0,,0,,0,,,,,,,,0.0
cubic_cross,spurious,0.2,100,4,20103,fcrra-spent-diagnostic,0.0,1.0,0.6666666666666666,0.012590745749747376,2.1457079513188546,0.0,1.0,0.0,frozen-v6-anchor,1.9639760356431353,3.107098735957758,1.5385398380000197,3018948,x1*x2;x1^3,0.7048 + 0.7897·x₁³ + 1.26·x₁x₂,"FCRRA spent-seed diagnostic; anchor=1,x1^3,x1*x2; exception=; in_bank=0; in_anchor=0; attempted=0; eligible_discovery=; eligible_selector=; numerator=None; denominator=None; gamma=None; anchor_role_ic=None; augmented_role_ic=None; outside_sse_max_diff=None; outside_prediction_max_diff=None; accepted=0; final=1,x1^3,x1*x2; wrapper_overhead_unoptimized=1",1.0,1.0,7,4,1.0,120,0,0,0,1;x1^3;x1*x2,S,balanced,100,100;100;100;100,754737.0,1;x1^3;x1*x2,1;x1^3;x1*x2,"[0.6716192575807756,0.7912368729386646,1.275294316321098]","[0.7047569988890661,0.7897115841624834,1.260360595282618]",,0.0,0.0,0.0,,0,,0,,,,,,,,0.0
cubic_cross,spurious,0.2,100,4,20104,fcrra-spent-diagnostic,1.0,1.0,1.0,0.00020996312775715901,1.1074382676944428,0.0,1.0,0.0,frozen-v6-anchor,0.9618579042324288,1.3249099299720646,1.5063895630000843,2991154,x1*x2;x1^3;x3^2,-0.06941 + 0.4933·x₃² + 0.8027·x₁³ + 1.169·x₁x₂,"FCRRA spent-seed diagnostic; anchor=1,x3^2,x1^3,x1*x2; exception=; in_bank=0; in_anchor=0; attempted=0; eligible_discovery=; eligible_selector=; numerator=None; denominator=None; gamma=None; anchor_role_ic=None; augmented_role_ic=None; outside_sse_max_diff=None; outside_prediction_max_diff=None; accepted=0; final=1,x3^2,x1^3,x1*x2; wrapper_overhead_unoptimized=1",1.0,1.0,7,4,1.0,120,0,0,0,1;x3^2;x1^3;x1*x2,S,balanced,100,100;100;100;100,747788.5,1;x3^2;x1^3;x1*x2,1;x3^2;x1^3;x1*x2,"[0.0020025843883146877,0.4417779104807239,0.8119890088659083,1.15735334078677]","[-0.06940551356190101,0.49334967347996234,0.802724859913694,1.1686774197675622]",,0.0,0.0,0.0,,0,,0,,,,,,,,0.0
cubic_cross,spurious,0.2,100,4,20105,fcrra-spent-diagnostic,1.0,1.0,1.0,0.00012132480974694055,1.3322921080527141,0.0,1.0,0.0,frozen-v6-anchor,1.7989919225545614,2.1815148295989273,1.6028322949999847,3075868,x1*x2;x1^3;x3^2,-0.09372 + 0.5175·x₃² + 0.7936·x₁³ + 1.212·x₁x₂,"FCRRA spent-seed diagnostic; anchor=1,x3^2,x1^3,x1*x2; exception=; in_bank=0; in_anchor=0; attempted=0; eligible_discovery=; eligible_selector=; numerator=None; denominator=None; gamma=None; anchor_role_ic=None; augmented_role_ic=None; outside_sse_max_diff=None; outside_prediction_max_diff=None; accepted=0; final=1,x3^2,x1^3,x1*x2; wrapper_overhead_unoptimized=1",1.0,1.0,7,4,1.0,120,0,0,0,1;x3^2;x1^3;x1*x2,S,balanced,100,100;100;100;100,768967.0,1;x3^2;x1^3;x1*x2,1;x3^2;x1^3;x1*x2,"[0.020809657495216793,0.5065799417087704,0.8012796782120781,1.1729902058065451]","[-0.09372382579629053,0.5175473228508383,0.793647682133444,1.211620325735662]",,0.0,0.0,0.0,,0,,0,,,,,,,,0.0
cubic_cross,spurious,0.2,100,4,20101,fcrra-spent-diagnostic,0.0,1.0,0.6666666666666666,0.01164700836253118,1.787043099165507,0.0,1.0,0.0,frozen-v6-anchor,1.7572040297277027,3.2934959718327463,1.4955771360000654,2986394,x1*x2;x1^3,0.7583 + 0.7995·x₁³ + 1.213·x₁x₂,"FCRRA spent-seed diagnostic; anchor=1,x1^3,x1*x2; exception=; in_bank=0; in_anchor=0; attempted=0; eligible_discovery=; eligible_selector=; numerator=None; denominator=None; gamma=None; anchor_role_ic=None; augmented_role_ic=None; outside_sse_max_diff=None; outside_prediction_max_diff=None; accepted=0; final=1,x1^3,x1*x2; wrapper_overhead_unoptimized=1",1.0,1.0,6,3,1.0,63,0,0,0,1;x1^3;x1*x2,S,imbalanced,100,150;71;72;104,746598.5,1;x1^3;x1*x2,1;x1^3;x1*x2,"[0.7441020680979383,0.7982074206656349,1.2175225098190308]","[0.7583103248151443,0.7995157647815104,1.2127412898140288]",,0.0,0.0,0.0,,0,,0,,,,,,,,0.0
cubic_cross,spurious,0.2,100,4,20102,fcrra-spent-diagnostic,1.0,1.0,1.0,0.00020290064590006263,0.7723083247129031,0.0,1.0,0.0,frozen-v6-anchor,0.7175584606581215,0.8919335010879634,1.604595857999925,3076633,x1*x2;x1^3;x3^2,-0.07568 + 0.5072·x₃² + 0.7895·x₁³ + 1.214·x₁x₂,"FCRRA spent-seed diagnostic; anchor=1,x3^2,x1^3,x1*x2; exception=; in_bank=0; in_anchor=0; attempted=0; eligible_discovery=; eligible_selector=; numerator=None; denominator=None; gamma=None; anchor_role_ic=None; augmented_role_ic=None; outside_sse_max_diff=None; outside_prediction_max_diff=None; accepted=0; final=1,x3^2,x1^3,x1*x2; wrapper_overhead_unoptimized=1",1.0,1.0,6,3,1.0,63,0,0,0,1;x3^2;x1^3;x1*x2,S,imbalanced,100,104;150;71;72,769158.25,1;x3^2;x1^3;x1*x2,1;x3^2;x1^3;x1*x2,"[-0.08201194190834293,0.5074629915790965,0.7948223665983336,1.2124486870592581]","[-0.07568337111627364,0.5072052040086672,0.789548656799937,1.2138869628731486]",,0.0,0.0,0.0,,0,,0,,,,,,,,0.0
cubic_cross,spurious,0.2,100,4,20103,fcrra-spent-diagnostic,1.0,1.0,1.0,9.672895845812366e-05,1.1872894118822692,0.0,1.0,0.0,frozen-v6-anchor,1.477936185550132,1.5768485427169368,1.505140044999962,2995339,x1*x2;x1^3;x3^2,0.03307 + 0.5007·x₃² + 0.7942·x₁³ + 1.182·x₁x₂,"FCRRA spent-seed diagnostic; anchor=1,x3^2,x1^3,x1*x2; exception=; in_bank=0; in_anchor=0; attempted=0; eligible_discovery=; eligible_selector=; numerator=None; denominator=None; gamma=None; anchor_role_ic=None; augmented_role_ic=None; outside_sse_max_diff=None; outside_prediction_max_diff=None; accepted=0; final=1,x3^2,x1^3,x1*x2; wrapper_overhead_unoptimized=1",1.0,1.0,7,4,1.0,120,0,0,0,1;x3^2;x1^3;x1*x2,S,imbalanced,100,72;104;150;71,748834.75,1;x3^2;x1^3;x1*x2,1;x3^2;x1^3;x1*x2,"[-0.021514691664816787,0.5159264291958482,0.7904691907275926,1.2035457341098517]","[0.03306936219290232,0.500728916207863,0.794242191445843,1.18171898402611]",,0.0,0.0,0.0,,0,,0,,,,,,,,0.0
cubic_cross,spurious,0.2,100,4,20104,fcrra-spent-diagnostic,0.0,0.6666666666666666,0.6666666666666666,0.0005438691513525218,1.3576649209030964,0.0,1.0,0.0,frozen-v6-anchor,1.33966194165172,2.1599218949719634,1.5051856229999885,2991162,cos(x3);x1*x2;x1^3,1.277 - 1.524·cos(x₃) + 0.8061·x₁³ + 1.201·x₁x₂,"FCRRA spent-seed diagnostic; anchor=1,cos(x3),x1^3,x1*x2; exception=; in_bank=0; in_anchor=0; attempted=0; eligible_discovery=; eligible_selector=; numerator=None; denominator=None; gamma=None; anchor_role_ic=None; augmented_role_ic=None; outside_sse_max_diff=None; outside_prediction_max_diff=None; accepted=0; final=1,cos(x3),x1^3,x1*x2; wrapper_overhead_unoptimized=1",0.6666666666666666,0.0,7,5,1.0,120,0,0,0,1;cos(x3);x1^3;x1*x2,S,imbalanced,100,71;72;104;150,747790.5,1;cos(x3);x1^3;x1*x2,1;cos(x3);x1^3;x1*x2,"[1.2254082522321563,-1.4606031675531919,0.8010962191887167,1.2189482846546442]","[1.2770895405735403,-1.5243849581457434,0.8060563907426611,1.2006585808000363]",,0.0,0.0,0.0,,0,,0,,,,,,,,0.0
cubic_cross,spurious,0.2,100,4,20105,fcrra-spent-diagnostic,0.0,1.0,0.6666666666666666,0.012079407483231134,1.797351567367415,0.0,1.0,0.0,frozen-v6-anchor,1.5071193637762006,1.6877280475775407,1.5149989049999704,2991332,x1*x2;x1^3,0.6924 + 0.799·x₁³ + 1.177·x₁x₂,"FCRRA spent-seed diagnostic; anchor=1,x1^3,x1*x2; exception=; in_bank=0; in_anchor=0; attempted=0; eligible_discovery=; eligible_selector=; numerator=None; denominator=None; gamma=None; anchor_role_ic=None; augmented_role_ic=None; outside_sse_max_diff=None; outside_prediction_max_diff=None; accepted=0; final=1,x1^3,x1*x2; wrapper_overhead_unoptimized=1",1.0,1.0,7,4,1.0,120,0,0,0,1;x1^3;x1*x2,S,imbalanced,100,150;71;72;104,747833.0,1;x1^3;x1*x2,1;x1^3;x1*x2,"[0.744630023121401,0.801010847447035,1.1711486286099175]","[0.6923940662342435,0.7989835501032918,1.177364131526001]",,0.0,0.0,0.0,,0,,0,,,,,,,,0.0
cubic_cross,spurious,0.2,100,8,20101,fcrra-spent-diagnostic,1.0,1.0,1.0,0.00038070363091990435,0.9536463569048718,0.0,1.0,0.0,frozen-v6-anchor,0.855318382251116,1.2534224928994624,2.9579302440000674,5981266,x1*x2;x1^3;x3^2,0.03022 + 0.4647·x₃² + 0.8038·x₁³ + 1.248·x₁x₂,"FCRRA spent-seed diagnostic; anchor=1,x3^2,x1^3,x1*x2; exception=; in_bank=0; in_anchor=0; attempted=0; eligible_discovery=; eligible_selector=; numerator=None; denominator=None; gamma=None; anchor_role_ic=None; augmented_role_ic=None; outside_sse_max_diff=None; outside_prediction_max_diff=None; accepted=0; final=1,x3^2,x1^3,x1*x2; wrapper_overhead_unoptimized=1",1.0,1.0,7,4,1.0,120,0,0,0,1;x3^2;x1^3;x1*x2,S,balanced,100,100;100;100;100;100;100;100;100,747658.25,1;x3^2;x1^3;x1*x2,1;x3^2;x1^3;x1*x2,"[0.024022361542583415,0.45778580166978255,0.8105172461920435,1.255827583258158]","[0.03022164898366556,0.46468862292524454,0.8038318833932495,1.2477175066239627]",,0.0,0.0,0.0,,0,,0,,,,,,,,0.0
cubic_cross,spurious,0.2,100,8,20102,fcrra-spent-diagnostic,1.0,1.0,1.0,4.790887045418794e-05,0.9283882881623419,0.0,1.0,0.0,frozen-v6-anchor,0.9676682465102073,1.5628310374367742,2.9429290770000307,5981515,x1*x2;x1^3;x3^2,0.02432 + 0.5058·x₃² + 0.8034·x₁³ + 1.212·x₁x₂,"FCRRA spent-seed diagnostic; anchor=1,x3^2,x1^3,x1*x2; exception=; in_bank=0; in_anchor=0; attempted=0; eligible_discovery=; eligible_selector=; numerator=None; denominator=None; gamma=None; anchor_role_ic=None; augmented_role_ic=None; outside_sse_max_diff=None; outside_prediction_max_diff=None; accepted=0; final=1,x3^2,x1^3,x1*x2; wrapper_overhead_unoptimized=1",1.0,1.0,7,4,1.0,120,0,0,0,1;x3^2;x1^3;x1*x2,S,balanced,100,100;100;100;100;100;100;100;100,747689.375,1;x3^2;x1^3;x1*x2,1;x3^2;x1^3;x1*x2,"[0.02415765067354192,0.5142741286115412,0.7980946664774378,1.2094996613598519]","[0.024320654601618873,0.5057752277393869,0.803416307303583,1.2115390536494937]",,0.0,0.0,0.0,,0,,0,,,,,,,,0.0
cubic_cross,spurious,0.2,100,8,20103,fcrra-spent-diagnostic,1.0,1.0,1.0,3.077494106561042e-05,1.036852938345128,0.0,1.0,0.0,frozen-v6-anchor,0.9781687291954408,1.3377552521015825,2.9464378979999992,5981953,x1*x2;x1^3;x3^2,-0.02239 + 0.5178·x₃² + 0.7982·x₁³ + 1.209·x₁x₂,"FCRRA spent-seed diagnostic; anchor=1,x3^2,x1^3,x1*x2; exception=; in_bank=0; in_anchor=0; attempted=0; eligible_discovery=; eligible_selector=; numerator=None; denominator=None; gamma=None; anchor_role_ic=None; augmented_role_ic=None; outside_sse_max_diff=None; outside_prediction_max_diff=None; accepted=0; final=1,x3^2,x1^3,x1*x2; wrapper_overhead_unoptimized=1",1.0,1.0,7,4,1.0,120,0,0,0,1;x3^2;x1^3;x1*x2,S,balanced,100,100;100;100;100;100;100;100;100,747744.125,1;x3^2;x1^3;x1*x2,1;x3^2;x1^3;x1*x2,"[0.0032612946768728612,0.5121378311074649,0.7925107743793985,1.2266740010807735]","[-0.022387183750278445,0.5178278710255492,0.7982122280081444,1.2094314772395387]",,0.0,0.0,0.0,,0,,0,,,,,,,,0.0
cubic_cross,spurious,0.2,100,8,20104,fcrra-spent-diagnostic,1.0,1.0,1.0,0.0005006535526170036,0.8596863565259656,0.0,1.0,0.0,frozen-v6-anchor,0.9080418670775666,1.59784997502058,2.919535097999983,5972251,x1*x2;x1^3;x3^2,0.03028 + 0.494·x₃² + 0.79·x₁³ + 1.144·x₁x₂,"FCRRA spent-seed diagnostic; anchor=1,x3^2,x1^3,x1*x2; exception=; in_bank=0; in_anchor=0; attempted=0; eligible_discovery=; eligible_selector=; numerator=None; denominator=None; gamma=None; anchor_role_ic=None; augmented_role_ic=None; outside_sse_max_diff=None; outside_prediction_max_diff=None; accepted=0; final=1,x3^2,x1^3,x1*x2; wrapper_overhead_unoptimized=1",1.0,1.0,6,3,1.0,63,0,0,0,1;x3^2;x1^3;x1*x2,S,balanced,100,100;100;100;100;100;100;100;100,746531.375,1;x3^2;x1^3;x1*x2,1;x3^2;x1^3;x1*x2,"[0.020189001283652308,0.5089289152401868,0.7840865558025649,1.1341541547919556]","[0.030276358361377365,0.49397317707175503,0.7899624455837451,1.1440231420545135]",,0.0,0.0,0.0,,0,,0,,,,,,,,0.0
cubic_cross,spurious,0.2,100,8,20105,fcrra-spent-diagnostic,1.0,1.0,1.0,0.0001285113392339917,0.8029763827624395,0.0,1.0,0.0,frozen-v6-anchor,0.8318577078079307,1.551205013206483,3.0081396369999993,5981093,x1*x2;x1^3;x3^2,0.032 + 0.467·x₃² + 0.7927·x₁³ + 1.2·x₁x₂,"FCRRA spent-seed diagnostic; anchor=1,x3^2,x1^3,x1*x2; exception=; in_bank=0; in_anchor=0; attempted=0; eligible_discovery=; eligible_selector=; numerator=None; denominator=None; gamma=None; anchor_role_ic=None; augmented_role_ic=None; outside_sse_max_diff=None; outside_prediction_max_diff=None; accepted=0; final=1,x3^2,x1^3,x1*x2; wrapper_overhead_unoptimized=1",1.0,1.0,7,4,1.0,120,0,0,0,1;x3^2;x1^3;x1*x2,S,balanced,100,100;100;100;100;100;100;100;100,747636.625,1;x3^2;x1^3;x1*x2,1;x3^2;x1^3;x1*x2,"[0.015090993295951538,0.4656802841769607,0.7936063591985849,1.186988598735205]","[0.03199811813774108,0.4669725776121774,0.7927342716611083,1.1997605760859769]",,0.0,0.0,0.0,,0,,0,,,,,,,,0.0
cubic_cross,spurious,0.2,100,8,20101,fcrra-spent-diagnostic,1.0,1.0,1.0,7.0451107333352315e-06,0.8597743909507068,0.0,1.0,0.0,frozen-v6-anchor,0.9253772498289009,1.462775132543591,2.9639756239999997,5985285,x1*x2;x1^3;x3^2,-0.0009355 + 0.502·x₃² + 0.8015·x₁³ + 1.206·x₁x₂,"FCRRA spent-seed diagnostic; anchor=1,x3^2,x1^3,x1*x2; exception=; in_bank=0; in_anchor=0; attempted=0; eligible_discovery=; eligible_selector=; numerator=None; denominator=None; gamma=None; anchor_role_ic=None; augmented_role_ic=None; outside_sse_max_diff=None; outside_prediction_max_diff=None; accepted=0; final=1,x3^2,x1^3,x1*x2; wrapper_overhead_unoptimized=1",1.0,1.0,7,4,1.0,120,0,0,0,1;x3^2;x1^3;x1*x2,S,imbalanced,100,80;94;110;128;150;71;71;71,748160.625,1;x3^2;x1^3;x1*x2,1;x3^2;x1^3;x1*x2,"[-0.0049448299826679865,0.49905693953417085,0.7991006353752254,1.1973967695529752]","[-0.0009354565888826273,0.5020082112039825,0.8015077679365146,1.2056656923900633]",,0.0,0.0,0.0,,0,,0,,,,,,,,0.0
cubic_cross,spurious,0.2,100,8,20102,fcrra-spent-diagnostic,1.0,1.0,1.0,0.0003431785976583278,0.87431337648879,0.0,1.0,0.0,frozen-v6-anchor,1.0579065989593708,1.3795177017263398,2.9955732920000173,5987080,x1*x2;x1^3;x3^2,0.09901 + 0.4525·x₃² + 0.786·x₁³ + 1.196·x₁x₂,"FCRRA spent-seed diagnostic; anchor=1,x3^2,x1^3,x1*x2; exception=; in_bank=0; in_anchor=0; attempted=0; eligible_discovery=; eligible_selector=; numerator=None; denominator=None; gamma=None; anchor_role_ic=None; augmented_role_ic=None; outside_sse_max_diff=None; outside_prediction_max_diff=None; accepted=0; final=1,x3^2,x1^3,x1*x2; wrapper_overhead_unoptimized=1",1.0,1.0,7,4,1.0,120,0,0,0,1;x3^2;x1^3;x1*x2,S,imbalanced,100,71;80;94;110;128;150;71;71,748385.0,1;x3^2;x1^3;x1*x2,1;x3^2;x1^3;x1*x2,"[0.05066040426526719,0.4760485112144124,0.779805614389788,1.1989162980978056]","[0.09900863162105186,0.4524896472134411,0.7859588864304312,1.1955709504117114]",,0.0,0.0,0.0,,0,,0,,,,,,,,0.0
cubic_cross,spurious,0.2,100,8,20103,fcrra-spent-diagnostic,1.0,1.0,1.0,0.00011007505123159977,0.9645366370449528,0.0,1.0,0.0,frozen-v6-anchor,1.0178721350532631,1.563898324103848,2.9672044870000036,5985285,x1*x2;x1^3;x3^2,0.02577 + 0.5031·x₃² + 0.8036·x₁³ + 1.174·x₁x₂,"FCRRA spent-seed diagnostic; anchor=1,x3^2,x1^3,x1*x2; exception=; in_bank=0; in_anchor=0; attempted=0; eligible_discovery=; eligible_selector=; numerator=None; denominator=None; gamma=None; anchor_role_ic=None; augmented_role_ic=None; outside_sse_max_diff=None; outside_prediction_max_diff=None; accepted=0; final=1,x3^2,x1^3,x1*x2; wrapper_overhead_unoptimized=1",1.0,1.0,7,4,1.0,120,0,0,0,1;x3^2;x1^3;x1*x2,S,imbalanced,100,71;71;80;94;110;128;150;71,748160.625,1;x3^2;x1^3;x1*x2,1;x3^2;x1^3;x1*x2,"[-0.010981587762248779,0.5330425872123858,0.803512175618945,1.1892973142229315]","[0.025767873359251653,0.503120182038492,0.803615627809992,1.1738416959076474]",,0.0,0.0,0.0,,0,,0,,,,,,,,0.0
cubic_cross,spurious,0.2,100,8,20104,fcrra-spent-diagnostic,1.0,1.0,1.0,0.00011621877700194795,1.1896131492982351,0.0,1.0,0.0,frozen-v6-anchor,0.8782086411247144,1.96398378209107,2.9713148020000517,5973852,x1*x2;x1^3;x3^2,-0.001997 + 0.4963·x₃² + 0.8023·x₁³ + 1.23·x₁x₂,"FCRRA spent-seed diagnostic; anchor=1,x3^2,x1^3,x1*x2; exception=; in_bank=0; in_anchor=0; attempted=0; eligible_discovery=; eligible_selector=; numerator=None; denominator=None; gamma=None; anchor_role_ic=None; augmented_role_ic=None; outside_sse_max_diff=None; outside_prediction_max_diff=None; accepted=0; final=1,x3^2,x1^3,x1*x2; wrapper_overhead_unoptimized=1",1.0,1.0,6,3,1.0,63,0,0,0,1;x3^2;x1^3;x1*x2,S,imbalanced,100,71;71;71;80;94;110;128;150,746731.5,1;x3^2;x1^3;x1*x2,1;x3^2;x1^3;x1*x2,"[-0.04462903144636332,0.4909419432173254,0.8055047681382983,1.2248605811396691]","[-0.0019965705021854833,0.49631884526905484,0.8023051084968632,1.2304773948888628]",,0.0,0.0,0.0,,0,,0,,,,,,,,0.0
cubic_cross,spurious,0.2,100,8,20105,fcrra-spent-diagnostic,1.0,1.0,1.0,0.00021516077860584778,0.8476625697450955,0.0,1.0,0.0,frozen-v6-anchor,0.7462157522454155,1.1204056322725329,2.9893656899999996,5973200,x1*x2;x1^3;x3^2,-0.08804 + 0.557·x₃² + 0.7933·x₁³ + 1.208·x₁x₂,"FCRRA spent-seed diagnostic; anchor=1,x3^2,x1^3,x1*x2; exception=; in_bank=0; in_anchor=0; attempted=0; eligible_discovery=; eligible_selector=; numerator=None; denominator=None; gamma=None; anchor_role_ic=None; augmented_role_ic=None; outside_sse_max_diff=None; outside_prediction_max_diff=None; accepted=0; final=1,x3^2,x1^3,x1*x2; wrapper_overhead_unoptimized=1",1.0,1.0,6,3,1.0,63,0,0,0,1;x3^2;x1^3;x1*x2,S,imbalanced,100,150;71;71;71;80;94;110;128,746650.0,1;x3^2;x1^3;x1*x2,1;x3^2;x1^3;x1*x2,"[-0.09600994291296461,0.5528918835776413,0.7924230210876287,1.2114044596916145]","[-0.08803980110324035,0.5569898861402918,0.7932855175937749,1.2079258440632596]",,0.0,0.0,0.0,,0,,0,,,,,,,,0.0
cubic_cross,spurious,0.2,100,16,20101,fcrra-spent-diagnostic,1.0,1.0,1.0,1.799330447963677e-05,0.7574428187147976,0.0,1.0,0.0,frozen-v6-anchor,0.7005234746249798,1.2792892535075755,5.781854933999966,11971548,x1*x2;x1^3;x3^2,2.396e-05 + 0.4944·x₃² + 0.7967·x₁³ + 1.198·x₁x₂,"FCRRA spent-seed diagnostic; anchor=1,x3^2,x1^3,x1*x2; exception=; in_bank=0; in_anchor=0; attempted=0; eligible_discovery=; eligible_selector=; numerator=None; denominator=None; gamma=None; anchor_role_ic=None; augmented_role_ic=None; outside_sse_max_diff=None; outside_prediction_max_diff=None; accepted=0; final=1,x3^2,x1^3,x1*x2; wrapper_overhead_unoptimized=1",1.0,1.0,7,4,1.0,120,0,0,0,1;x3^2;x1^3;x1*x2,S,balanced,100,100;100;100;100;100;100;100;100;100;100;100;100;100;100;100;100,748221.75,1;x3^2;x1^3;x1*x2,1;x3^2;x1^3;x1*x2,"[0.028848731873546418,0.4779065155388298,0.79748143557238,1.1998455750052226]","[2.395761437483776e-05,0.4944104776241983,0.7966814646818071,1.1978924227357701]",,0.0,0.0,0.0,,0,,0,,,,,,,,0.0
cubic_cross,spurious,0.2,100,16,20102,fcrra-spent-diagnostic,1.0,1.0,1.0,0.00010422134470903455,1.014129595888622,0.0,1.0,0.0,frozen-v6-anchor,1.0505691401156931,1.705520378083321,5.890573308000057,11959110,x1*x2;x1^3;x3^2,-0.03262 + 0.4978·x₃² + 0.7928·x₁³ + 1.214·x₁x₂,"FCRRA spent-seed diagnostic; anchor=1,x3^2,x1^3,x1*x2; exception=; in_bank=0; in_anchor=0; attempted=0; eligible_discovery=; eligible_selector=; numerator=None; denominator=None; gamma=None; anchor_role_ic=None; augmented_role_ic=None; outside_sse_max_diff=None; outside_prediction_max_diff=None; accepted=0; final=1,x3^2,x1^3,x1*x2; wrapper_overhead_unoptimized=1",1.0,1.0,7,4,1.0,120,0,0,0,1;x3^2;x1^3;x1*x2,S,balanced,100,100;100;100;100;100;100;100;100;100;100;100;100;100;100;100;100,747444.375,1;x3^2;x1^3;x1*x2,1;x3^2;x1^3;x1*x2,"[-0.013856921529455946,0.5033375279221596,0.7946335529969485,1.2099429648717102]","[-0.032618533912175306,0.4978414247604857,0.7927782458918371,1.214095564251544]",,0.0,0.0,0.0,,0,,0,,,,,,,,0.0
cubic_cross,spurious,0.2,100,16,20103,fcrra-spent-diagnostic,1.0,1.0,1.0,9.24491367584224e-05,0.7583921760776415,0.0,1.0,0.0,frozen-v6-anchor,0.749956660525013,1.1774943736224108,5.883965182999987,11963711,x1*x2;x1^3;x3^2,-0.0075 + 0.4729·x₃² + 0.7969·x₁³ + 1.202·x₁x₂,"FCRRA spent-seed diagnostic; anchor=1,x3^2,x1^3,x1*x2; exception=; in_bank=0; in_anchor=0; attempted=0; eligible_discovery=; eligible_selector=; numerator=None; denominator=None; gamma=None; anchor_role_ic=None; augmented_role_ic=None; outside_sse_max_diff=None; outside_prediction_max_diff=None; accepted=0; final=1,x3^2,x1^3,x1*x2; wrapper_overhead_unoptimized=1",1.0,1.0,7,4,1.0,120,0,0,0,1;x3^2;x1^3;x1*x2,S,balanced,100,100;100;100;100;100;100;100;100;100;100;100;100;100;100;100;100,747731.9375,1;x3^2;x1^3;x1*x2,1;x3^2;x1^3;x1*x2,"[-0.005369204183638843,0.4758680467852776,0.7940065368149891,1.200502562514695]","[-0.007499867226897087,0.4728886049641778,0.7968831031235186,1.2021948411115326]",,0.0,0.0,0.0,,0,,0,,,,,,,,0.0
cubic_cross,spurious,0.2,100,16,20104,fcrra-spent-diagnostic,1.0,1.0,1.0,0.0001890441275206696,0.8599985254673683,0.0,1.0,0.0,frozen-v6-anchor,0.7829383150653536,1.6240717457498997,5.835296917999926,11967429,x1*x2;x1^3;x3^2,0.01204 + 0.4998·x₃² + 0.8103·x₁³ + 1.221·x₁x₂,"FCRRA spent-seed diagnostic; anchor=1,x3^2,x1^3,x1*x2; exception=; in_bank=0; in_anchor=0; attempted=0; eligible_discovery=; eligible_selector=; numerator=None; denominator=None; gamma=None; anchor_role_ic=None; augmented_role_ic=None; outside_sse_max_diff=None; outside_prediction_max_diff=None; accepted=0; final=1,x3^2,x1^3,x1*x2; wrapper_overhead_unoptimized=1",1.0,1.0,7,4,1.0,120,0,0,0,1;x3^2;x1^3;x1*x2,S,balanced,100,100;100;100;100;100;100;100;100;100;100;100;100;100;100;100;100,747964.3125,1;x3^2;x1^3;x1*x2,1;x3^2;x1^3;x1*x2,"[0.01716924272423359,0.5083831880623632,0.8126626876180378,1.2169258473508817]","[0.01203853515680074,0.49977027848835326,0.8102725793433833,1.2207576314712885]",,0.0,0.0,0.0,,0,,0,,,,,,,,0.0
cubic_cross,spurious,0.2,100,16,20105,fcrra-spent-diagnostic,1.0,1.0,1.0,6.34553709572817e-05,0.7748297311381791,0.0,1.0,0.0,frozen-v6-anchor,0.6908654358577931,1.0042126331764356,5.8181468279999535,11968486,x1*x2;x1^3;x3^2,0.08542 + 0.4725·x₃² + 0.8027·x₁³ + 1.19·x₁x₂,"FCRRA spent-seed diagnostic; anchor=1,x3^2,x1^3,x1*x2; exception=; in_bank=0; in_anchor=0; attempted=0; eligible_discovery=; eligible_selector=; numerator=None; denominator=None; gamma=None; anchor_role_ic=None; augmented_role_ic=None; outside_sse_max_diff=None; outside_prediction_max_diff=None; accepted=0; final=1,x3^2,x1^3,x1*x2; wrapper_overhead_unoptimized=1",1.0,1.0,7,4,1.0,120,0,0,0,1;x3^2;x1^3;x1*x2,S,balanced,100,100;100;100;100;100;100;100;100;100;100;100;100;100;100;100;100,748030.375,1;x3^2;x1^3;x1*x2,1;x3^2;x1^3;x1*x2,"[0.06834212886502167,0.4870300621004462,0.808141681477386,1.1938159537014617]","[0.08541958250808933,0.4724739198144133,0.8026541725800743,1.189757483336564]",,0.0,0.0,0.0,,0,,0,,,,,,,,0.0
cubic_cross,spurious,0.2,100,16,20101,fcrra-spent-diagnostic,1.0,1.0,1.0,9.422789047129202e-05,0.7915720452810814,0.0,1.0,0.0,frozen-v6-anchor,0.933074279769634,2.0974437762517413,5.843626969999946,11959137,x1*x2;x1^3;x3^2,-0.02689 + 0.5085·x₃² + 0.7923·x₁³ + 1.21·x₁x₂,"FCRRA spent-seed diagnostic; anchor=1,x3^2,x1^3,x1*x2; exception=; in_bank=0; in_anchor=0; attempted=0; eligible_discovery=; eligible_selector=; numerator=None; denominator=None; gamma=None; anchor_role_ic=None; augmented_role_ic=None; outside_sse_max_diff=None; outside_prediction_max_diff=None; accepted=0; final=1,x3^2,x1^3,x1*x2; wrapper_overhead_unoptimized=1",1.0,1.0,6,3,1.0,63,0,0,0,1;x3^2;x1^3;x1*x2,S,imbalanced,100,112;120;130;139;150;71;71;71;71;71;72;78;83;90;97;104,747446.0625,1;x3^2;x1^3;x1*x2,1;x3^2;x1^3;x1*x2,"[-0.040408404186545566,0.5160297704342239,0.7915194976860495,1.2122578406611488]","[-0.026894671248063974,0.5085159675421986,0.792329219494532,1.2102240176441244]",,0.0,0.0,0.0,,0,,0,,,,,,,,0.0
cubic_cross,spurious,0.2,100,16,20102,fcrra-spent-diagnostic,1.0,1.0,1.0,5.424942751262681e-05,0.8124457951532611,0.0,1.0,0.0,frozen-v6-anchor,0.7054130349839505,1.1120585146202406,5.923658411000019,11964552,x1*x2;x1^3;x3^2,-0.03163 + 0.5055·x₃² + 0.8042·x₁³ + 1.185·x₁x₂,"FCRRA spent-seed diagnostic; anchor=1,x3^2,x1^3,x1*x2; exception=; in_bank=0; in_anchor=0; attempted=0; eligible_discovery=; eligible_selector=; numerator=None; denominator=None; gamma=None; anchor_role_ic=None; augmented_role_ic=None; outside_sse_max_diff=None; outside_prediction_max_diff=None; accepted=0; final=1,x3^2,x1^3,x1*x2; wrapper_overhead_unoptimized=1",1.0,1.0,7,4,1.0,120,0,0,0,1;x3^2;x1^3;x1*x2,S,imbalanced,100,104;112;120;130;139;150;71;71;71;71;71;72;78;83;90;97,747784.5,1;x3^2;x1^3;x1*x2,1;x3^2;x1^3;x1*x2,"[-0.028990231223413154,0.5030126410031687,0.8037298692668187,1.1782293090988356]","[-0.031630707268912255,0.5055045813626248,0.8042432709837243,1.1850240241378216]",,0.0,0.0,0.0,,0,,0,,,,,,,,0.0
cubic_cross,spurious,0.2,100,16,20103,fcrra-spent-diagnostic,1.0,1.0,1.0,6.457213491773972e-05,0.7235510959615157,0.0,1.0,0.0,frozen-v6-anchor,0.7315508656058554,1.4714227743745483,5.822605436999993,11973288,x1*x2;x1^3;x3^2,-0.03388 + 0.4908·x₃² + 0.7953·x₁³ + 1.199·x₁x₂,"FCRRA spent-seed diagnostic; anchor=1,x3^2,x1^3,x1*x2; exception=; in_bank=0; in_anchor=0; attempted=0; eligible_discovery=; eligible_selector=; numerator=None; denominator=None; gamma=None; anchor_role_ic=None; augmented_role_ic=None; outside_sse_max_diff=None; outside_prediction_max_diff=None; accepted=0; final=1,x3^2,x1^3,x1*x2; wrapper_overhead_unoptimized=1",1.0,1.0,7,4,1.0,120,0,0,0,1;x3^2;x1^3;x1*x2,S,imbalanced,100,97;104;112;120;130;139;150;71;71;71;71;71;72;78;83;90,748330.5,1;x3^2;x1^3;x1*x2,1;x3^2;x1^3;x1*x2,"[-0.028059707342093176,0.4820075538868752,0.7910297998438486,1.201200487337733]","[-0.033881313186162165,0.4907945505833756,0.7953246974047945,1.1994641582694194]",,0.0,0.0,0.0,,0,,0,,,,,,,,0.0
cubic_cross,spurious,0.2,100,16,20104,fcrra-spent-diagnostic,1.0,1.0,1.0,2.910270105184439e-05,0.6500466734733286,0.0,1.0,0.0,frozen-v6-anchor,0.6064978788698941,0.8841348089106181,5.903053778000071,11968063,x1*x2;x1^3;x3^2,0.02549 + 0.4886·x₃² + 0.7969·x₁³ + 1.19·x₁x₂,"FCRRA spent-seed diagnostic; anchor=1,x3^2,x1^3,x1*x2; exception=; in_bank=0; in_anchor=0; attempted=0; eligible_discovery=; eligible_selector=; numerator=None; denominator=None; gamma=None; anchor_role_ic=None; augmented_role_ic=None; outside_sse_max_diff=None; outside_prediction_max_diff=None; accepted=0; final=1,x3^2,x1^3,x1*x2; wrapper_overhead_unoptimized=1",1.0,1.0,7,4,1.0,120,0,0,0,1;x3^2;x1^3;x1*x2,S,imbalanced,100,90;97;104;112;120;130;139;150;71;71;71;71;71;72;78;83,748003.9375,1;x3^2;x1^3;x1*x2,1;x3^2;x1^3;x1*x2,"[0.0206652819396258,0.48306701146863834,0.7949619624626274,1.1939266537111997]","[0.025492421106031404,0.4886191523407599,0.7969129144373777,1.1902036223166415]",,0.0,0.0,0.0,,0,,0,,,,,,,,0.0
cubic_cross,spurious,0.2,100,16,20105,fcrra-spent-diagnostic,1.0,1.0,1.0,1.2208883408436557e-05,0.6857804962894822,0.0,1.0,0.0,frozen-v6-anchor,0.6289146920938322,1.0121894022632214,5.799937163999971,11969792,x1*x2;x1^3;x3^2,0.04236 + 0.4899·x₃² + 0.8013·x₁³ + 1.201·x₁x₂,"FCRRA spent-seed diagnostic; anchor=1,x3^2,x1^3,x1*x2; exception=; in_bank=0; in_anchor=0; attempted=0; eligible_discovery=; eligible_selector=; numerator=None; denominator=None; gamma=None; anchor_role_ic=None; augmented_role_ic=None; outside_sse_max_diff=None; outside_prediction_max_diff=None; accepted=0; final=1,x3^2,x1^3,x1*x2; wrapper_overhead_unoptimized=1",1.0,1.0,7,4,1.0,120,0,0,0,1;x3^2;x1^3;x1*x2,S,imbalanced,100,83;90;97;104;112;120;130;139;150;71;71;71;71;71;72;78,748112.0,1;x3^2;x1^3;x1*x2,1;x3^2;x1^3;x1*x2,"[0.06442157720779274,0.47979738505745795,0.7998999556216324,1.199491332960665]","[0.0423621605486617,0.4898511692878067,0.8013128671152764,1.2006965956434559]",,0.0,0.0,0.0,,0,,0,,,,,,,,0.0
cubic_cross,exception,0.2,100,4,20101,fcrra-spent-diagnostic,1.0,1.0,1.0,0.00029278805746992144,1.7285536458496518,0.0,1.0,0.0,frozen-v6-anchor,1.2401312357663634,1.5732394228041717,2.214550602000031,3524476,I(x3>1)*x3^2;x1*x2;x1^3;x3^2,-0.01643 + 0.5602·x₃² + 0.7262·𝟙[x₃>1]·x₃² + 0.807·x₁³ + 1.186·x₁x₂,"FCRRA spent-seed diagnostic; anchor=1,x3^2,I(x3>1)*x3^2,x1^3,x1*x2; exception=I(x3>1)*x3^2; in_bank=1; in_anchor=1; attempted=0; eligible_discovery=; eligible_selector=; numerator=None; denominator=None; gamma=None; anchor_role_ic=None; augmented_role_ic=None; outside_sse_max_diff=None; outside_prediction_max_diff=None; accepted=0; final=1,x3^2,I(x3>1)*x3^2,x1^3,x1*x2; wrapper_overhead_unoptimized=1",1.0,1.0,5,1,0.0,32,1,0,1,1;x3^2;I(x3>1)*x3^2;x1^3;x1*x2,S,balanced,100,100;100;100;100,881119.0,1;x3^2;I(x3>1)*x3^2;x1^3;x1*x2,1;x3^2;I(x3>1)*x3^2;x1^3;x1*x2,"[0.015058227192830545,0.5467763258358839,0.7559736661697573,0.8093221734563172,1.164104817480029]","[-0.01642757250366579,0.5602444927078837,0.726182052467671,0.8070447114543985,1.185572896811366]",I(x3>1)*x3^2,1.0,1.0,0.0,,0,,0,,,,,,,,0.0
cubic_cross,exception,0.2,100,4,20102,fcrra-spent-diagnostic,1.0,1.0,1.0,0.0002445067053687246,1.0958423575369036,0.0,1.0,0.0,frozen-v6-anchor,1.1537144347356039,1.429285837870799,2.022369227000013,3411056,I(x3>1)*x3^2;x1*x2;x1^3;x3^2,-0.01995 + 0.4967·x₃² + 0.7089·𝟙[x₃>1]·x₃² + 0.7905·x₁³ + 1.186·x₁x₂,"FCRRA spent-seed diagnostic; anchor=1,x3^2,I(x3>1)*x3^2,x1^3,x1*x2; exception=I(x3>1)*x3^2; in_bank=1; in_anchor=1; attempted=0; eligible_discovery=; eligible_selector=; numerator=None; denominator=None; gamma=None; anchor_role_ic=None; augmented_role_ic=None; outside_sse_max_diff=None; outside_prediction_max_diff=None; accepted=0; final=1,x3^2,I(x3>1)*x3^2,x1^3,x1*x2; wrapper_overhead_unoptimized=1",1.0,1.0,7,3,1.0,120,0,0,1,1;x3^2;I(x3>1)*x3^2;x1^3;x1*x2,S,balanced,100,100;100;100;100,852764.0,1;x3^2;I(x3>1)*x3^2;x1^3;x1*x2,1;x3^2;I(x3>1)*x3^2;x1^3;x1*x2,"[-0.05891941390264047,0.4903895940933685,0.7208358547650588,0.7856116435894612,1.1941791925670326]","[-0.019946707516633064,0.4966759677102836,0.7089474774320049,0.7905200269899703,1.186136540338638]",I(x3>1)*x3^2,1.0,1.0,0.0,,0,,0,,,,,,,,0.0
cubic_cross,exception,0.2,100,4,20103,fcrra-spent-diagnostic,0.0,0.75,0.75,0.00044809143658113676,1.7113889438671168,0.0,1.0,0.0,frozen-v6-anchor,1.713511440339082,2.42132518042957,2.0674032690000104,3437550,I(x3>1)*x3^2;cos(x3);x1*x2;x1^3,1.313 - 1.334·cos(x₃) + 0.8044·𝟙[x₃>1]·x₃² + 0.8062·x₁³ + 1.186·x₁x₂,"FCRRA spent-seed diagnostic; anchor=1,cos(x3),I(x3>1)*x3^2,x1^3,x1*x2; exception=I(x3>1)*x3^2; in_bank=1; in_anchor=1; attempted=0; eligible_discovery=; eligible_selector=; numerator=None; denominator=None; gamma=None; anchor_role_ic=None; augmented_role_ic=None; outside_sse_max_diff=None; outside_prediction_max_diff=None; accepted=0; final=1,cos(x3),I(x3>1)*x3^2,x1^3,x1*x2; wrapper_overhead_unoptimized=1",1.0,1.0,7,3,0.0,120,0,1,1,1;cos(x3);I(x3>1)*x3^2;x1^3;x1*x2,S,balanced,100,100;100;100;100,859387.5,1;cos(x3);I(x3>1)*x3^2;x1^3;x1*x2,1;cos(x3);I(x3>1)*x3^2;x1^3;x1*x2,"[1.1850092419350433,-1.2674063323840434,0.856301418870327,0.790383741495888,1.18555657490505]","[1.3133291469125976,-1.3342962011778239,0.8044136520196401,0.8061725176836628,1.1859151726134576]",I(x3>1)*x3^2,1.0,1.0,0.0,,0,,0,,,,,,,,0.0
cubic_cross,exception,0.2,100,4,20104,fcrra-spent-diagnostic,0.0,1.0,0.75,0.007783086776455301,2.117505065175485,0.0,1.0,0.0,frozen-v6-anchor,2.040507468328968,2.71514154636731,2.2130571379999537,3529984,I(x3>1)*x3^2;x1*x2;x1^3,0.5398 + 1.111·𝟙[x₃>1]·x₃² + 0.8046·x₁³ + 1.237·x₁x₂,"FCRRA spent-seed diagnostic; anchor=1,I(x3>1)*x3^2,x1^3,x1*x2; exception=I(x3>1)*x3^2; in_bank=1; in_anchor=1; attempted=0; eligible_discovery=; eligible_selector=; numerator=None; denominator=None; gamma=None; anchor_role_ic=None; augmented_role_ic=None; outside_sse_max_diff=None; outside_prediction_max_diff=None; accepted=0; final=1,I(x3>1)*x3^2,x1^3,x1*x2; wrapper_overhead_unoptimized=1",1.0,1.0,7,3,1.0,120,0,0,1,1;I(x3>1)*x3^2;x1^3;x1*x2,S,balanced,100,100;100;100;100,882496.0,1;I(x3>1)*x3^2;x1^3;x1*x2,1;I(x3>1)*x3^2;x1^3;x1*x2,"[0.5518009384176676,1.1101657915476526,0.7943054691498498,1.2353710759727914]","[0.5397578529762816,1.111462102519266,0.8045901762710879,1.2366828761159758]",I(x3>1)*x3^2,1.0,1.0,0.0,,0,,0,,,,,,,,0.0
cubic_cross,exception,0.2,100,4,20105,fcrra-spent-diagnostic,1.0,1.0,1.0,0.00012271581910503322,1.642547237000742,0.0,1.0,0.0,frozen-v6-anchor,1.2387388401859127,1.7443883424336795,2.125688824000008,3473258,I(x3>1)*x3^2;x1*x2;x1^3;x3^2,-0.06168 + 0.4895·x₃² + 0.784·𝟙[x₃>1]·x₃² + 0.7988·x₁³ + 1.177·x₁x₂,"FCRRA spent-seed diagnostic; anchor=1,x3^2,I(x3>1)*x3^2,x1^3,x1*x2; exception=I(x3>1)*x3^2; in_bank=1; in_anchor=1; attempted=0; eligible_discovery=; eligible_selector=; numerator=None; denominator=None; gamma=None; anchor_role_ic=None; augmented_role_ic=None; outside_sse_max_diff=None; outside_prediction_max_diff=None; accepted=0; final=1,x3^2,I(x3>1)*x3^2,x1^3,x1*x2; wrapper_overhead_unoptimized=1",1.0,1.0,8,4,0.0,219,0,1,1,1;x3^2;I(x3>1)*x3^2;x1^3;x1*x2,S,balanced,100,100;100;100;100,868314.5,1;x3^2;I(x3>1)*x3^2;x1^3;x1*x2,1;x3^2;I(x3>1)*x3^2;x1^3;x1*x2,"[-0.05480926586638754,0.4587229944116731,0.7944282270171683,0.797818289437175,1.1297405592205478]","[-0.06167931748470846,0.4895179799788219,0.783977360819469,0.7988006012413081,1.1767415324768442]",I(x3>1)*x3^2,1.0,1.0,0.0,,0,,0,,,,,,,,0.0
cubic_cross,exception,0.2,100,4,20101,fcrra-spent-diagnostic,0.0,1.0,0.75,0.01631225486140438,2.464607233922549,0.0,0.0,0.0,frozen-v6-anchor,1.9291674409337745,2.813227668039637,2.0310498540000026,3421446,x1*x2;x1^3;x3^2,-0.08144 + 0.8914·x₃² + 0.85·x₁³ + 1.243·x₁x₂,"FCRRA spent-seed diagnostic; anchor=1,x3^2,x1^3,x1*x2; exception=I(x3>1)*x3^2; in_bank=1; in_anchor=0; attempted=1; eligible_discovery=client-4; eligible_selector=client-4; numerator=275.1730484320901; denominator=852.649649037542; gamma=0.3227269825803236; anchor_role_ic=2.0532854911555676; augmented_role_ic=2.781734980390169; outside_sse_max_diff=0.0; outside_prediction_max_diff=1.7763568394002505e-15; accepted=0; final=1,x3^2,x1^3,x1*x2; wrapper_overhead_unoptimized=1",1.0,1.0,6,2,0.0,63,1,1,0,1;x3^2;x1^3;x1*x2,S,imbalanced,100,150;71;72;104,855361.5,1;x3^2;x1^3;x1*x2,1;x3^2;x1^3;x1*x2,"[-0.08922831159000921,0.9114922700673738,0.8402733964706541,1.2768769765291133]","[-0.0814372052852102,0.8913812758281368,0.8500153155989559,1.2431696773014067]",I(x3>1)*x3^2,1.0,0.0,1.0,client-4,73,client-4,15,275.1730484320901,852.649649037542,0.3227269825803236,2.0532854911555676,2.781734980390169,0.0,1.7763568394002505e-15,0.0
cubic_cross,exception,0.2,100,4,20102,fcrra-spent-diagnostic,0.0,1.0,0.75,0.018338587210462314,1.754002355988478,0.0,0.0,0.0,frozen-v6-anchor,1.3456516600384365,1.8501927762421502,2.1651157439999906,3518619,x1*x2;x1^3;x3^2,0.05502 + 0.6746·x₃² + 0.8412·x₁³ + 1.224·x₁x₂,"FCRRA spent-seed diagnostic; anchor=1,x3^2,x1^3,x1*x2; exception=I(x3>1)*x3^2; in_bank=1; in_anchor=0; attempted=1; eligible_discovery=client-4; eligible_selector=client-4; numerator=236.7708960827017; denominator=465.01456804356457; gamma=0.5091687709458365; anchor_role_ic=1.8984849188933233; augmented_role_ic=3.133099087742954; outside_sse_max_diff=2.2737367544323206e-13; outside_prediction_max_diff=3.552713678800501e-15; accepted=0; final=1,x3^2,x1^3,x1*x2; wrapper_overhead_unoptimized=1",1.0,1.0,7,3,1.0,120,0,0,0,1;x3^2;x1^3;x1*x2,S,imbalanced,100,104;150;71;72,879654.75,1;x3^2;x1^3;x1*x2,1;x3^2;x1^3;x1*x2,"[0.07384568480213094,0.6672036974071429,0.8415497133801176,1.2827358966685738]","[0.05501772512798189,0.6746321220171887,0.8412328654088446,1.224199387567547]",I(x3>1)*x3^2,1.0,0.0,1.0,client-4,50,client-4,11,236.7708960827017,465.01456804356457,0.5091687709458365,1.8984849188933233,3.133099087742954,2.2737367544323206e-13,3.552713678800501e-15,0.0
cubic_cross,exception,0.2,100,4,20103,fcrra-spent-diagnostic,0.0,0.6666666666666666,0.5,0.01800586764548992,2.1949067840209704,0.0,0.0,0.0,frozen-v6-anchor,1.4649234112656162,1.96848842376044,2.246346193999898,3576379,cos(x3);x1*x2;x1^3,1.995 - 2.134·cos(x₃) + 0.8297·x₁³ + 1.207·x₁x₂,"FCRRA spent-seed diagnostic; anchor=1,cos(x3),x1^3,x1*x2; exception=I(x3>1)*x3^2; in_bank=1; in_anchor=0; attempted=1; eligible_discovery=client-4; eligible_selector=client-4; numerator=276.89134110193527; denominator=540.9991776665213; gamma=0.5118147171612956; anchor_role_ic=2.2449924109637864; augmented_role_ic=2.599607731600964; outside_sse_max_diff=5.684341886080802e-14; outside_prediction_max_diff=8.881784197001252e-16; accepted=0; final=1,cos(x3),x1^3,x1*x2; wrapper_overhead_unoptimized=1",0.75,0.0,6,3,1.0,63,0,0,0,1;cos(x3);x1^3;x1*x2,S,imbalanced,100,72;104;150;71,894094.75,1;cos(x3);x1^3;x1*x2,1;cos(x3);x1^3;x1*x2,"[2.0671643968478324,-2.174899887906271,0.8147721029801466,1.1562848636137089]","[1.9947567413591276,-2.1344854565397458,0.8296712771018898,1.2072517629984416]",I(x3>1)*x3^2,1.0,0.0,1.0,client-4,50,client-4,10,276.89134110193527,540.9991776665213,0.5118147171612956,2.2449924109637864,2.599607731600964,5.684341886080802e-14,8.881784197001252e-16,0.0
cubic_cross,exception,0.2,100,4,20104,fcrra-spent-diagnostic,0.0,0.5,0.5,0.01862661889404057,2.5690061273959475,0.0,0.0,0.0,frozen-v6-anchor,1.8821576256355286,2.530908953501633,2.1800608679999414,3488937,sin(x1);x1;x1*x2;x3^2,-0.3724 + 7.298·x₁ + 1.035·x₃² - 8.08·sin(x₁) + 1.267·x₁x₂,"FCRRA spent-seed diagnostic; anchor=1,x1,x3^2,sin(x1),x1*x2; exception=I(x3>1)*x3^2; in_bank=1; in_anchor=0; attempted=1; eligible_discovery=client-4; eligible_selector=client-4; numerator=284.6902416777807; denominator=1337.9495325940443; gamma=0.21278100163150107; anchor_role_ic=1.252965858228114; augmented_role_ic=2.0515971360537404; outside_sse_max_diff=0.0; outside_prediction_max_diff=1.7763568394002505e-15; accepted=0; final=1,x1,x3^2,sin(x1),x1*x2; wrapper_overhead_unoptimized=1",1.0,1.0,7,3,0.0,120,0,1,0,1;x1;x3^2;sin(x1);x1*x2,S,imbalanced,100,71;72;104;150,872234.25,1;x1;x3^2;sin(x1);x1*x2,1;x1;x3^2;sin(x1);x1*x2,"[-0.4233151378401264,7.3098800109545,1.062809205820659,-8.062420156807036,1.296271009309541]","[-0.3723686196275133,7.298010173123272,1.0345737821275838,-8.079876990225346,1.2673504765370183]",I(x3>1)*x3^2,1.0,0.0,1.0,client-4,105,client-4,22,284.6902416777807,1337.9495325940443,0.21278100163150107,1.252965858228114,2.0515971360537404,0.0,1.7763568394002505e-15,0.0
cubic_cross,exception,0.2,100,4,20105,fcrra-spent-diagnostic,0.0,1.0,0.75,0.019245569986420283,2.4158522939101923,0.0,0.0,0.0,frozen-v6-anchor,2.3465473221105047,3.2925296442141727,2.0539736040000207,3433592,x1*x2;x1^3;x3^2,-0.2593 + 0.9348·x₃² + 0.8734·x₁³ + 1.24·x₁x₂,"FCRRA spent-seed diagnostic; anchor=1,x3^2,x1^3,x1*x2; exception=I(x3>1)*x3^2; in_bank=1; in_anchor=0; attempted=1; eligible_discovery=client-4; eligible_selector=client-4; numerator=333.1580107701593; denominator=1134.5435475488173; gamma=0.2936493812775351; anchor_role_ic=2.376216393678983; augmented_role_ic=3.010581456803545; outside_sse_max_diff=0.0; outside_prediction_max_diff=1.7763568394002505e-15; accepted=0; final=1,x3^2,x1^3,x1*x2; wrapper_overhead_unoptimized=1",1.0,1.0,8,4,1.0,219,0,0,0,1;x3^2;x1^3;x1*x2,S,imbalanced,100,150;71;72;104,858398.0,1;x3^2;x1^3;x1*x2,1;x3^2;x1^3;x1*x2,"[-0.10278279980296734,0.9099336604519586,0.8747876301951569,1.2576897734706762]","[-0.2593322759806763,0.9348305214156204,0.8733592375661301,1.2399233061347608]",I(x3>1)*x3^2,1.0,0.0,1.0,client-4,73,client-4,15,333.1580107701593,1134.5435475488173,0.2936493812775351,2.376216393678983,3.010581456803545,0.0,1.7763568394002505e-15,0.0
cubic_cross,exception,0.2,100,8,20101,fcrra-spent-diagnostic,1.0,1.0,1.0,0.0002579322203095722,1.1887383770018343,0.0,1.0,0.0,frozen-v6-anchor,1.3000922655076539,1.8708684522013905,4.030294674000061,6867405,I(x3>1)*x3^2;x1*x2;x1^3;x3^2,0.05891 + 0.456·x₃² + 0.7452·𝟙[x₃>1]·x₃² + 0.798·x₁³ + 1.234·x₁x₂,"FCRRA spent-seed diagnostic; anchor=1,x3^2,I(x3>1)*x3^2,x1^3,x1*x2; exception=I(x3>1)*x3^2; in_bank=1; in_anchor=1; attempted=0; eligible_discovery=; eligible_selector=; numerator=None; denominator=None; gamma=None; anchor_role_ic=None; augmented_role_ic=None; outside_sse_max_diff=None; outside_prediction_max_diff=None; accepted=0; final=1,x3^2,I(x3>1)*x3^2,x1^3,x1*x2; wrapper_overhead_unoptimized=1",1.0,1.0,7,3,1.0,120,0,0,1,1;x3^2;I(x3>1)*x3^2;x1^3;x1*x2,S,balanced,100,100;100;100;100;100;100;100;100,858425.625,1;x3^2;I(x3>1)*x3^2;x1^3;x1*x2,1;x3^2;I(x3>1)*x3^2;x1^3;x1*x2,"[0.03905332565678407,0.46859288458175175,0.7359523827967237,0.7951400805783552,1.2526609007913496]","[0.05891336130362161,0.4560448721279682,0.7451932047515758,0.7979522230018058,1.2338866396214936]",I(x3>1)*x3^2,1.0,1.0,0.0,,0,,0,,,,,,,,0.0
cubic_cross,exception,0.2,100,8,20102,fcrra-spent-diagnostic,0.0,0.75,0.75,0.002013147462835294,1.2696482951055443,0.0,0.0,0.0,frozen-v6-anchor,1.357927096923368,2.0535870003082892,4.400617599000043,7162954,x1*x2;x1^3;x3;x3^2,-0.06209 + 0.6309·x₃ + 0.9176·x₃² + 0.7961·x₁³ + 1.135·x₁x₂,"FCRRA spent-seed diagnostic; anchor=1,x3,x3^2,x1^3,x1*x2; exception=I(x3>1)*x3^2; in_bank=1; in_anchor=0; attempted=1; eligible_discovery=client-8; eligible_selector=client-8; numerator=78.58509516361164; denominator=899.6709851599023; gamma=0.08734870464855064; anchor_role_ic=2.344418141019497; augmented_role_ic=2.9631730190731886; outside_sse_max_diff=1.4210854715202004e-14; outside_prediction_max_diff=3.552713678800501e-15; accepted=0; final=1,x3,x3^2,x1^3,x1*x2; wrapper_overhead_unoptimized=1",1.0,1.0,8,4,1.0,219,0,0,0,1;x3;x3^2;x1^3;x1*x2,S,balanced,100,100;100;100;100;100;100;100;100,895369.25,1;x3;x3^2;x1^3;x1*x2,1;x3;x3^2;x1^3;x1*x2,"[-0.04956014759906902,0.6278373547599649,0.8855056079113757,0.8022891430692263,1.1354489314457994]","[-0.06208573030295953,0.6308660238589362,0.9175743049314049,0.7961047970475638,1.1351781431547425]",I(x3>1)*x3^2,1.0,0.0,1.0,client-8,70,client-8,15,78.58509516361164,899.6709851599023,0.08734870464855064,2.344418141019497,2.9631730190731886,1.4210854715202004e-14,3.552713678800501e-15,0.0
cubic_cross,exception,0.2,100,8,20103,fcrra-spent-diagnostic,1.0,1.0,1.0,0.00026695984242439895,1.0978992692405227,0.0,1.0,0.0,frozen-v6-anchor,0.9813460690820556,1.4738598560043519,4.288309835000064,7061273,I(x3>1)*x3^2;x1*x2;x1^3;x3^2,0.01629 + 0.5215·x₃² + 0.657·𝟙[x₃>1]·x₃² + 0.7966·x₁³ + 1.211·x₁x₂,"FCRRA spent-seed diagnostic; anchor=1,x3^2,I(x3>1)*x3^2,x1^3,x1*x2; exception=I(x3>1)*x3^2; in_bank=1; in_anchor=1; attempted=0; eligible_discovery=; eligible_selector=; numerator=None; denominator=None; gamma=None; anchor_role_ic=None; augmented_role_ic=None; outside_sse_max_diff=None; outside_prediction_max_diff=None; accepted=0; final=1,x3^2,I(x3>1)*x3^2,x1^3,x1*x2; wrapper_overhead_unoptimized=1",1.0,1.0,7,3,1.0,120,0,0,1,1;x3^2;I(x3>1)*x3^2;x1^3;x1*x2,S,balanced,100,100;100;100;100;100;100;100;100,882659.125,1;x3^2;I(x3>1)*x3^2;x1^3;x1*x2,1;x3^2;I(x3>1)*x3^2;x1^3;x1*x2,"[0.0875139618796543,0.49300515054589916,0.6449968580360287,0.8021112248509074,1.191332441804589]","[0.01628634348573348,0.5214566327582635,0.657040663341399,0.796631123963864,1.2110585948925825]",I(x3>1)*x3^2,1.0,1.0,0.0,,0,,0,,,,,,,,0.0
cubic_cross,exception,0.2,100,8,20104,fcrra-spent-diagnostic,1.0,1.0,1.0,5.493807790108278e-05,0.9072346305363734,0.0,1.0,0.0,frozen-v6-anchor,0.7876104912100933,1.1741129124310532,4.41440985600002,7132156,I(x3>1)*x3^2;x1*x2;x1^3;x3^2,-0.04075 + 0.5218·x₃² + 0.7631·𝟙[x₃>1]·x₃² + 0.8026·x₁³ + 1.206·x₁x₂,"FCRRA spent-seed diagnostic; anchor=1,x3^2,I(x3>1)*x3^2,x1^3,x1*x2; exception=I(x3>1)*x3^2; in_bank=1; in_anchor=1; attempted=0; eligible_discovery=; eligible_selector=; numerator=None; denominator=None; gamma=None; anchor_role_ic=None; augmented_role_ic=None; outside_sse_max_diff=None; outside_prediction_max_diff=None; accepted=0; final=1,x3^2,I(x3>1)*x3^2,x1^3,x1*x2; wrapper_overhead_unoptimized=1",1.0,1.0,8,4,0.0,219,0,1,1,1;x3^2;I(x3>1)*x3^2;x1^3;x1*x2,S,balanced,100,100;100;100;100;100;100;100;100,891519.5,1;x3^2;I(x3>1)*x3^2;x1^3;x1*x2,1;x3^2;I(x3>1)*x3^2;x1^3;x1*x2,"[-0.07534131777006337,0.5517009566510086,0.7285148477502518,0.8099798197671779,1.2027008452812145]","[-0.04074635562514772,0.5217573675289789,0.7630677044215741,0.8025603011539926,1.2063537035440657]",I(x3>1)*x3^2,1.0,1.0,0.0,,0,,0,,,,,,,,0.0
cubic_cross,exception,0.2,100,8,20105,fcrra-spent-diagnostic,0.0,0.75,0.75,0.0018907370753379613,1.1832289126868838,0.0,0.0,0.0,frozen-v6-anchor,0.9401220080295533,1.3147208294385584,4.331142166000063,7097556,x1*x2;x1^3;x3;x3^2,-0.00708 + 0.6196·x₃ + 0.8302·x₃² + 0.7936·x₁³ + 1.232·x₁x₂,"FCRRA spent-seed diagnostic; anchor=1,x3,x3^2,x1^3,x1*x2; exception=I(x3>1)*x3^2; in_bank=1; in_anchor=0; attempted=1; eligible_discovery=client-8; eligible_selector=client-8; numerator=86.40728245056744; denominator=970.8985533729741; gamma=0.0889972306070219; anchor_role_ic=1.697371817036832; augmented_role_ic=2.3581613912857886; outside_sse_max_diff=1.1368683772161603e-13; outside_prediction_max_diff=3.552713678800501e-15; accepted=0; final=1,x3,x3^2,x1^3,x1*x2; wrapper_overhead_unoptimized=1",1.0,1.0,8,4,1.0,219,0,0,0,1;x3;x3^2;x1^3;x1*x2,S,balanced,100,100;100;100;100;100;100;100;100,887194.5,1;x3;x3^2;x1^3;x1*x2,1;x3;x3^2;x1^3;x1*x2,"[-0.04610557509167539,0.6212600542000936,0.8532141688940926,0.7948486758014408,1.2330595223859782]","[-0.007080433970507707,0.6196498584481189,0.830210008857741,0.7935975684690166,1.2323309375257352]",I(x3>1)*x3^2,1.0,0.0,1.0,client-8,70,client-8,15,86.40728245056744,970.8985533729741,0.0889972306070219,1.697371817036832,2.3581613912857886,1.1368683772161603e-13,3.552713678800501e-15,0.0
cubic_cross,exception,0.2,100,8,20101,fcrra-spent-diagnostic,0.0,0.75,0.75,0.001827239991353243,1.1083481761734912,0.0,1.0,0.0,frozen-v6-anchor,1.2102884163226255,1.626546356129759,4.082077873999992,6873291,I(x3>1)*x3^2;x1*x2;x1^3;x3,0.2383 - 0.6911·x₃ + 1.518·𝟙[x₃>1]·x₃² + 0.8019·x₁³ + 1.197·x₁x₂,"FCRRA spent-seed diagnostic; anchor=1,x3,I(x3>1)*x3^2,x1^3,x1*x2; exception=I(x3>1)*x3^2; in_bank=1; in_anchor=1; attempted=0; eligible_discovery=; eligible_selector=; numerator=None; denominator=None; gamma=None; anchor_role_ic=None; augmented_role_ic=None; outside_sse_max_diff=None; outside_prediction_max_diff=None; accepted=0; final=1,x3,I(x3>1)*x3^2,x1^3,x1*x2; wrapper_overhead_unoptimized=1",0.75,0.0,7,4,0.0,120,0,1,1,1;x3;I(x3>1)*x3^2;x1^3;x1*x2,S,imbalanced,100,80;94;110;128;150;71;71;71,859161.375,1;x3;I(x3>1)*x3^2;x1^3;x1*x2,1;x3;I(x3>1)*x3^2;x1^3;x1*x2,"[0.29131564045826586,-0.656834987720928,1.4741907715109415,0.8036249863693159,1.1795343797261395]","[0.23833388142830025,-0.691063229091337,1.5177181363622436,0.801943543261174,1.197332480060975]",I(x3>1)*x3^2,1.0,1.0,0.0,,0,,0,,,,,,,,0.0
cubic_cross,exception,0.2,100,8,20102,fcrra-spent-diagnostic,1.0,1.0,1.0,5.793539675552535e-05,0.8582325302541414,0.0,1.0,0.0,frozen-v6-anchor,0.7387935878632211,1.3711894058925054,4.209831920000056,7005094,I(x3>1)*x3^2;x1*x2;x1^3;x3^2,0.03809 + 0.5002·x₃² + 0.77·𝟙[x₃>1]·x₃² + 0.8021·x₁³ + 1.2·x₁x₂,"FCRRA spent-seed diagnostic; anchor=1,x3^2,I(x3>1)*x3^2,x1^3,x1*x2; exception=I(x3>1)*x3^2; in_bank=1; in_anchor=1; attempted=0; eligible_discovery=; eligible_selector=; numerator=None; denominator=None; gamma=None; anchor_role_ic=None; augmented_role_ic=None; outside_sse_max_diff=None; outside_prediction_max_diff=None; accepted=0; final=1,x3^2,I(x3>1)*x3^2,x1^3,x1*x2; wrapper_overhead_unoptimized=1",1.0,1.0,7,3,1.0,120,0,0,1,1;x3^2;I(x3>1)*x3^2;x1^3;x1*x2,S,imbalanced,100,71;80;94;110;128;150;71;71,875636.75,1;x3^2;I(x3>1)*x3^2;x1^3;x1*x2,1;x3^2;I(x3>1)*x3^2;x1^3;x1*x2,"[0.08179213500969566,0.4817021636388941,0.746593507234502,0.8015280485536374,1.205863550515267]","[0.03809402179156934,0.5001548380558665,0.7699549748088523,0.8021494793494615,1.199857228674233]",I(x3>1)*x3^2,1.0,1.0,0.0,,0,,0,,,,,,,,0.0
cubic_cross,exception,0.2,100,8,20103,fcrra-spent-diagnostic,1.0,1.0,1.0,0.00022918282981714363,1.3245508284246017,0.0,1.0,0.0,frozen-v6-anchor,1.3470780745877258,2.478548988815338,3.950268800999993,6816419,I(x3>1)*x3^2;x1*x2;x1^3;x3^2,-0.002001 + 0.5271·x₃² + 0.7743·𝟙[x₃>1]·x₃² + 0.8046·x₁³ + 1.179·x₁x₂,"FCRRA spent-seed diagnostic; anchor=1,x3^2,I(x3>1)*x3^2,x1^3,x1*x2; exception=I(x3>1)*x3^2; in_bank=1; in_anchor=1; attempted=0; eligible_discovery=; eligible_selector=; numerator=None; denominator=None; gamma=None; anchor_role_ic=None; augmented_role_ic=None; outside_sse_max_diff=None; outside_prediction_max_diff=None; accepted=0; final=1,x3^2,I(x3>1)*x3^2,x1^3,x1*x2; wrapper_overhead_unoptimized=1",1.0,1.0,7,3,1.0,120,0,0,1,1;x3^2;I(x3>1)*x3^2;x1^3;x1*x2,S,imbalanced,100,71;71;80;94;110;128;150;71,852052.375,1;x3^2;I(x3>1)*x3^2;x1^3;x1*x2,1;x3^2;I(x3>1)*x3^2;x1^3;x1*x2,"[0.0018940781283107602,0.5179140525258787,0.7553476793067748,0.8156455203966615,1.188129940336124]","[-0.002001439594687158,0.5271162752849244,0.7743447808232818,0.8046109360420485,1.1785878936168088]",I(x3>1)*x3^2,1.0,1.0,0.0,,0,,0,,,,,,,,0.0
cubic_cross,exception,0.2,100,8,20104,fcrra-spent-diagnostic,1.0,1.0,1.0,0.00016982751527234825,1.5684002140189777,0.0,1.0,0.0,frozen-v6-anchor,1.7553047180116206,2.8467984051738653,3.786840411000071,6682400,I(x3>1)*x3^2;x1*x2;x1^3;x3^2,0.02684 + 0.4954·x₃² + 0.6998·𝟙[x₃>1]·x₃² + 0.8052·x₁³ + 1.214·x₁x₂,"FCRRA spent-seed diagnostic; anchor=1,x3^2,I(x3>1)*x3^2,x1^3,x1*x2; exception=I(x3>1)*x3^2; in_bank=1; in_anchor=1; attempted=0; eligible_discovery=; eligible_selector=; numerator=None; denominator=None; gamma=None; anchor_role_ic=None; augmented_role_ic=None; outside_sse_max_diff=None; outside_prediction_max_diff=None; accepted=0; final=1,x3^2,I(x3>1)*x3^2,x1^3,x1*x2; wrapper_overhead_unoptimized=1",1.0,1.0,7,3,1.0,120,0,0,1,1;x3^2;I(x3>1)*x3^2;x1^3;x1*x2,S,imbalanced,100,71;71;71;80;94;110;128;150,835300.0,1;x3^2;I(x3>1)*x3^2;x1^3;x1*x2,1;x3^2;I(x3>1)*x3^2;x1^3;x1*x2,"[-0.014485592749007108,0.4944886431635171,0.70970046088121,0.8041877173577849,1.2051169645166133]","[0.026842901078731364,0.49541826316940146,0.699821510975653,0.8052154526146311,1.2137721546499198]",I(x3>1)*x3^2,1.0,1.0,0.0,,0,,0,,,,,,,,0.0
cubic_cross,exception,0.2,100,8,20105,fcrra-spent-diagnostic,0.0,0.6,0.75,0.004211923430752225,1.2227616346882109,0.0,1.0,0.0,frozen-v6-anchor,1.3118045803867213,1.8607252222774222,4.504185422999967,7179829,I(x3>1)*x3^2;sin(x1);x1;x1*x2;x3^2,-0.0223 + 6.65·x₁ + 0.5375·x₃² - 7.094·sin(x₁) + 0.7487·𝟙[x₃>1]·x₃² + 1.192·x₁x₂,"FCRRA spent-seed diagnostic; anchor=1,x1,x3^2,sin(x1),I(x3>1)*x3^2,x1*x2; exception=I(x3>1)*x3^2; in_bank=1; in_anchor=1; attempted=0; eligible_discovery=; eligible_selector=; numerator=None; denominator=None; gamma=None; anchor_role_ic=None; augmented_role_ic=None; outside_sse_max_diff=None; outside_prediction_max_diff=None; accepted=0; final=1,x1,x3^2,sin(x1),I(x3>1)*x3^2,x1*x2; wrapper_overhead_unoptimized=1",1.0,1.0,7,3,0.0,120,0,1,1,1;x1;x3^2;sin(x1);I(x3>1)*x3^2;x1*x2,S,imbalanced,100,150;71;71;71;80;94;110;128,897478.625,1;x1;x3^2;sin(x1);I(x3>1)*x3^2;x1*x2,1;x1;x3^2;sin(x1);I(x3>1)*x3^2;x1*x2,"[-0.03325071463408272,6.740032155224911,0.5417889679371723,-7.330489511144384,0.7505698606512836,1.1920446047608821]","[-0.022300472500227056,6.64952537419334,0.5374930310170527,-7.094375736873825,0.7486787233330536,1.1920686069218855]",I(x3>1)*x3^2,1.0,1.0,0.0,,0,,0,,,,,,,,0.0
cubic_cross,exception,0.2,100,16,20101,fcrra-spent-diagnostic,1.0,1.0,1.0,2.6432075152366867e-05,0.9417503976601214,0.0,1.0,0.0,frozen-v6-anchor,1.0914965584466192,1.8346343925258073,8.32189873599998,14006094,I(x3>1)*x3^2;x1*x2;x1^3;x3^2,-0.02947 + 0.5218·x₃² + 0.7298·𝟙[x₃>1]·x₃² + 0.8028·x₁³ + 1.204·x₁x₂,"FCRRA spent-seed diagnostic; anchor=1,x3^2,I(x3>1)*x3^2,x1^3,x1*x2; exception=I(x3>1)*x3^2; in_bank=1; in_anchor=1; attempted=0; eligible_discovery=; eligible_selector=; numerator=None; denominator=None; gamma=None; anchor_role_ic=None; augmented_role_ic=None; outside_sse_max_diff=None; outside_prediction_max_diff=None; accepted=0; final=1,x3^2,I(x3>1)*x3^2,x1^3,x1*x2; wrapper_overhead_unoptimized=1",1.0,1.0,8,4,1.0,219,0,0,1,1;x3^2;I(x3>1)*x3^2;x1^3;x1*x2,S,balanced,100,100;100;100;100;100;100;100;100;100;100;100;100;100;100;100;100,875380.875,1;x3^2;I(x3>1)*x3^2;x1^3;x1*x2,1;x3^2;I(x3>1)*x3^2;x1^3;x1*x2,"[-0.00931895508231609,0.5262492518449026,0.7032203116824296,0.7994096817704575,1.1939500416514386]","[-0.02946882892480482,0.5218099062364271,0.7298169311158943,0.8027846088740876,1.204456587391445]",I(x3>1)*x3^2,1.0,1.0,0.0,,0,,0,,,,,,,,0.0
cubic_cross,exception,0.2,100,16,20102,fcrra-spent-diagnostic,1.0,1.0,1.0,0.00015032735055773376,1.0088696925281633,0.0,1.0,0.0,frozen-v6-anchor,1.018138595806946,1.4591244738356566,8.731206714999985,14267046,I(x3>1)*x3^2;x1*x2;x1^3;x3^2,-0.02064 + 0.4995·x₃² + 0.7448·𝟙[x₃>1]·x₃² + 0.7946·x₁³ + 1.17·x₁x₂,"FCRRA spent-seed diagnostic; anchor=1,x3^2,I(x3>1)*x3^2,x1^3,x1*x2; exception=I(x3>1)*x3^2; in_bank=1; in_anchor=1; attempted=0; eligible_discovery=; eligible_selector=; numerator=None; denominator=None; gamma=None; anchor_role_ic=None; augmented_role_ic=None; outside_sse_max_diff=None; outside_prediction_max_diff=None; accepted=0; final=1,x3^2,I(x3>1)*x3^2,x1^3,x1*x2; wrapper_overhead_unoptimized=1",1.0,1.0,9,5,0.0,382,0,1,1,1;x3^2;I(x3>1)*x3^2;x1^3;x1*x2,S,balanced,100,100;100;100;100;100;100;100;100;100;100;100;100;100;100;100;100,891690.375,1;x3^2;I(x3>1)*x3^2;x1^3;x1*x2,1;x3^2;I(x3>1)*x3^2;x1^3;x1*x2,"[-0.042439251071691754,0.5130300008274199,0.7213192887801526,0.7977782774121556,1.1879704447877488]","[-0.02064486981800198,0.4994560859524543,0.7448338458962587,0.7946282927220099,1.1702381718894448]",I(x3>1)*x3^2,1.0,1.0,0.0,,0,,0,,,,,,,,0.0
cubic_cross,exception,0.2,100,16,20103,fcrra-spent-diagnostic,1.0,1.0,1.0,7.377037546156079e-05,0.9841394333559884,0.0,1.0,0.0,frozen-v6-anchor,0.8816423396940718,1.3490080090960248,7.950708880999969,13739755,I(x3>1)*x3^2;x1*x2;x1^3;x3^2,-0.06216 + 0.5054·x₃² + 0.7446·𝟙[x₃>1]·x₃² + 0.8021·x₁³ + 1.216·x₁x₂,"FCRRA spent-seed diagnostic; anchor=1,x3^2,I(x3>1)*x3^2,x1^3,x1*x2; exception=I(x3>1)*x3^2; in_bank=1; in_anchor=1; attempted=0; eligible_discovery=; eligible_selector=; numerator=None; denominator=None; gamma=None; anchor_role_ic=None; augmented_role_ic=None; outside_sse_max_diff=None; outside_prediction_max_diff=None; accepted=0; final=1,x3^2,I(x3>1)*x3^2,x1^3,x1*x2; wrapper_overhead_unoptimized=1",1.0,1.0,7,3,1.0,120,0,0,1,1;x3^2;I(x3>1)*x3^2;x1^3;x1*x2,S,balanced,100,100;100;100;100;100;100;100;100;100;100;100;100;100;100;100;100,858734.6875,1;x3^2;I(x3>1)*x3^2;x1^3;x1*x2,1;x3^2;I(x3>1)*x3^2;x1^3;x1*x2,"[-0.04375907146318963,0.5056545484802187,0.7188857583580056,0.8061035142058738,1.2200984414518432]","[-0.06215605172636765,0.5053607276430826,0.7445685582816991,0.8020682688827088,1.2164557534139624]",I(x3>1)*x3^2,1.0,1.0,0.0,,0,,0,,,,,,,,0.0
cubic_cross,exception,0.2,100,16,20104,fcrra-spent-diagnostic,0.0,0.75,0.75,0.00196947495107045,1.0233007945210193,0.0,0.0,0.0,frozen-v6-anchor,0.9308969353049854,1.5512063481016678,8.334488669000052,14088830,x1*x2;x1^3;x3;x3^2,-0.01388 + 0.5754·x₃ + 0.8275·x₃² + 0.8008·x₁³ + 1.213·x₁x₂,"FCRRA spent-seed diagnostic; anchor=1,x3,x3^2,x1^3,x1*x2; exception=I(x3>1)*x3^2; in_bank=1; in_anchor=0; attempted=1; eligible_discovery=client-16; eligible_selector=client-16; numerator=162.42555094907766; denominator=882.979515400289; gamma=0.18395166378851432; anchor_role_ic=1.5301820559523795; augmented_role_ic=2.728500389698222; outside_sse_max_diff=5.684341886080802e-14; outside_prediction_max_diff=5.329070518200751e-15; accepted=0; final=1,x3,x3^2,x1^3,x1*x2; wrapper_overhead_unoptimized=1",1.0,1.0,8,4,1.0,219,0,0,0,1;x3;x3^2;x1^3;x1*x2,S,balanced,100,100;100;100;100;100;100;100;100;100;100;100;100;100;100;100;100,880551.875,1;x3;x3^2;x1^3;x1*x2,1;x3;x3^2;x1^3;x1*x2,"[0.013553942008307158,0.585443096252472,0.8294924950194036,0.7968259785245297,1.2029440357654404]","[-0.01387787300691643,0.5754488891872793,0.8274933040723932,0.8008263894342852,1.2134001378741017]",I(x3>1)*x3^2,1.0,0.0,1.0,client-16,70,client-16,15,162.42555094907766,882.979515400289,0.18395166378851432,1.5301820559523795,2.728500389698222,5.684341886080802e-14,5.329070518200751e-15,0.0
cubic_cross,exception,0.2,100,16,20105,fcrra-spent-diagnostic,1.0,1.0,1.0,6.778020137820677e-05,0.9166013453636165,0.0,1.0,0.0,frozen-v6-anchor,0.9123679172419428,1.4259528498441152,7.675335187999963,13499631,I(x3>1)*x3^2;x1*x2;x1^3;x3^2,0.09168 + 0.4731·x₃² + 0.7714·𝟙[x₃>1]·x₃² + 0.7972·x₁³ + 1.196·x₁x₂,"FCRRA spent-seed diagnostic; anchor=1,x3^2,I(x3>1)*x3^2,x1^3,x1*x2; exception=I(x3>1)*x3^2; in_bank=1; in_anchor=1; attempted=0; eligible_discovery=; eligible_selector=; numerator=None; denominator=None; gamma=None; anchor_role_ic=None; augmented_role_ic=None; outside_sse_max_diff=None; outside_prediction_max_diff=None; accepted=0; final=1,x3^2,I(x3>1)*x3^2,x1^3,x1*x2; wrapper_overhead_unoptimized=1",1.0,1.0,7,3,1.0,120,0,0,1,1;x3^2;I(x3>1)*x3^2;x1^3;x1*x2,S,balanced,100,100;100;100;100;100;100;100;100;100;100;100;100;100;100;100;100,843726.9375,1;x3^2;I(x3>1)*x3^2;x1^3;x1*x2,1;x3^2;I(x3>1)*x3^2;x1^3;x1*x2,"[0.10277130606382827,0.4635332084795531,0.7730278081142872,0.7977277618345338,1.1984607704298262]","[0.0916812000493985,0.4730631519808571,0.7713853314671058,0.7972042861922358,1.1962207047931133]",I(x3>1)*x3^2,1.0,1.0,0.0,,0,,0,,,,,,,,0.0
cubic_cross,exception,0.2,100,16,20101,fcrra-spent-diagnostic,1.0,1.0,1.0,1.3021856856684255e-05,0.830844010928395,0.0,1.0,0.0,frozen-v6-anchor,0.7903409360204634,1.2508940470316245,8.171895043000063,13869530,I(x3>1)*x3^2;x1*x2;x1^3;x3^2,0.001839 + 0.4902·x₃² + 0.7574·𝟙[x₃>1]·x₃² + 0.7983·x₁³ + 1.193·x₁x₂,"FCRRA spent-seed diagnostic; anchor=1,x3^2,I(x3>1)*x3^2,x1^3,x1*x2; exception=I(x3>1)*x3^2; in_bank=1; in_anchor=1; attempted=0; eligible_discovery=; eligible_selector=; numerator=None; denominator=None; gamma=None; anchor_role_ic=None; augmented_role_ic=None; outside_sse_max_diff=None; outside_prediction_max_diff=None; accepted=0; final=1,x3^2,I(x3>1)*x3^2,x1^3,x1*x2; wrapper_overhead_unoptimized=1",1.0,1.0,7,3,0.0,120,0,1,1,1;x3^2;I(x3>1)*x3^2;x1^3;x1*x2,S,imbalanced,100,112;120;130;139;150;71;71;71;71;71;72;78;83;90;97;104,866845.625,1;x3^2;I(x3>1)*x3^2;x1^3;x1*x2,1;x3^2;I(x3>1)*x3^2;x1^3;x1*x2,"[-0.03795651342666131,0.5034376083892234,0.7629224500588027,0.7933674463559606,1.1974038073404447]","[0.0018385206934079135,0.49015753549290836,0.7574299327922978,0.7983148618934343,1.1931223919370897]",I(x3>1)*x3^2,1.0,1.0,0.0,,0,,0,,,,,,,,0.0
cubic_cross,exception,0.2,100,16,20102,fcrra-spent-diagnostic,1.0,1.0,1.0,4.602513145224086e-05,0.9311024267890006,0.0,1.0,0.0,frozen-v6-anchor,0.9816399823023975,1.6583466412714405,7.991387064000037,13759935,I(x3>1)*x3^2;x1*x2;x1^3;x3^2,-0.03735 + 0.5045·x₃² + 0.7739·𝟙[x₃>1]·x₃² + 0.8041·x₁³ + 1.197·x₁x₂,"FCRRA spent-seed diagnostic; anchor=1,x3^2,I(x3>1)*x3^2,x1^3,x1*x2; exception=I(x3>1)*x3^2; in_bank=1; in_anchor=1; attempted=0; eligible_discovery=; eligible_selector=; numerator=None; denominator=None; gamma=None; anchor_role_ic=None; augmented_role_ic=None; outside_sse_max_diff=None; outside_prediction_max_diff=None; accepted=0; final=1,x3^2,I(x3>1)*x3^2,x1^3,x1*x2; wrapper_overhead_unoptimized=1",1.0,1.0,8,4,1.0,219,0,0,1,1;x3^2;I(x3>1)*x3^2;x1^3;x1*x2,S,imbalanced,100,104;112;120;130;139;150;71;71;71;71;71;72;78;83;90;97,859995.9375,1;x3^2;I(x3>1)*x3^2;x1^3;x1*x2,1;x3^2;I(x3>1)*x3^2;x1^3;x1*x2,"[-0.04508973806173122,0.4984881821256758,0.7802492394112391,0.8003571589317603,1.1931150213544388]","[-0.03735140306978739,0.5045081180509831,0.773914118266075,0.8041478668206655,1.1965624670170685]",I(x3>1)*x3^2,1.0,1.0,0.0,,0,,0,,,,,,,,0.0
cubic_cross,exception,0.2,100,16,20103,fcrra-spent-diagnostic,1.0,1.0,1.0,3.6036182829179996e-05,0.7609512543533358,0.0,1.0,0.0,frozen-v6-anchor,0.7765730348416744,1.2506026222449955,8.675200576000066,14258258,I(x3>1)*x3^2;x1*x2;x1^3;x3^2,-0.03724 + 0.4971·x₃² + 0.7495·𝟙[x₃>1]·x₃² + 0.7967·x₁³ + 1.198·x₁x₂,"FCRRA spent-seed diagnostic; anchor=1,x3^2,I(x3>1)*x3^2,x1^3,x1*x2; exception=I(x3>1)*x3^2; in_bank=1; in_anchor=1; attempted=0; eligible_discovery=; eligible_selector=; numerator=None; denominator=None; gamma=None; anchor_role_ic=None; augmented_role_ic=None; outside_sse_max_diff=None; outside_prediction_max_diff=None; accepted=0; final=1,x3^2,I(x3>1)*x3^2,x1^3,x1*x2; wrapper_overhead_unoptimized=1",1.0,1.0,8,4,1.0,219,0,0,1,1;x3^2;I(x3>1)*x3^2;x1^3;x1*x2,S,imbalanced,100,97;104;112;120;130;139;150;71;71;71;71;71;72;78;83;90,891141.125,1;x3^2;I(x3>1)*x3^2;x1^3;x1*x2,1;x3^2;I(x3>1)*x3^2;x1^3;x1*x2,"[-0.0367090963275345,0.4983087053317918,0.7695964132614245,0.7993250053539238,1.2133766947847218]","[-0.037240447748311374,0.49711148192651805,0.7494916958212308,0.7967276117977113,1.1983736140807792]",I(x3>1)*x3^2,1.0,1.0,0.0,,0,,0,,,,,,,,0.0
cubic_cross,exception,0.2,100,16,20104,fcrra-spent-diagnostic,1.0,1.0,1.0,5.132105130942398e-05,0.86988214474035,0.0,1.0,0.0,frozen-v6-anchor,0.9075001924607831,1.9596390429735053,8.30032681800003,13987416,I(x3>1)*x3^2;x1*x2;x1^3;x3^2,0.08076 + 0.4666·x₃² + 0.7527·𝟙[x₃>1]·x₃² + 0.8012·x₁³ + 1.194·x₁x₂,"FCRRA spent-seed diagnostic; anchor=1,x3^2,I(x3>1)*x3^2,x1^3,x1*x2; exception=I(x3>1)*x3^2; in_bank=1; in_anchor=1; attempted=0; eligible_discovery=; eligible_selector=; numerator=None; denominator=None; gamma=None; anchor_role_ic=None; augmented_role_ic=None; outside_sse_max_diff=None; outside_prediction_max_diff=None; accepted=0; final=1,x3^2,I(x3>1)*x3^2,x1^3,x1*x2; wrapper_overhead_unoptimized=1",1.0,1.0,7,3,1.0,120,0,0,1,1;x3^2;I(x3>1)*x3^2;x1^3;x1*x2,S,imbalanced,100,90;97;104;112;120;130;139;150;71;71;71;71;71;72;78;83,874213.5,1;x3^2;I(x3>1)*x3^2;x1^3;x1*x2,1;x3^2;I(x3>1)*x3^2;x1^3;x1*x2,"[0.0776453444036281,0.47341243160640023,0.7325515083120762,0.8029913877248772,1.1883441509410562]","[0.0807610356309939,0.46658941817591987,0.7527426313761195,0.8011833240663482,1.194230323318546]",I(x3>1)*x3^2,1.0,1.0,0.0,,0,,0,,,,,,,,0.0
cubic_cross,exception,0.2,100,16,20105,fcrra-spent-diagnostic,0.0,0.75,0.75,0.0031156610114279316,0.8779235638544048,0.0,0.0,0.0,frozen-v6-anchor,0.9732735972938629,1.496784019555517,7.841271033999988,13601045,x1*x2;x1^3;x3;x3^2,0.01929 + 0.5088·x₃ + 0.7905·x₃² + 0.8182·x₁³ + 1.199·x₁x₂,"FCRRA spent-seed diagnostic; anchor=1,x3,x3^2,x1^3,x1*x2; exception=I(x3>1)*x3^2; in_bank=1; in_anchor=0; attempted=1; eligible_discovery=client-16; eligible_selector=client-16; numerator=125.84487158610682; denominator=666.8713049676453; gamma=0.1887093816282792; anchor_role_ic=2.3652331336225196; augmented_role_ic=3.042208481537065; outside_sse_max_diff=5.684341886080802e-14; outside_prediction_max_diff=3.552713678800501e-15; accepted=0; final=1,x3,x3^2,x1^3,x1*x2; wrapper_overhead_unoptimized=1",1.0,1.0,8,4,0.0,219,1,1,0,1;x3;x3^2;x1^3;x1*x2,S,imbalanced,100,83;90;97;104;112;120;130;139;150;71;71;71;71;71;72;78,850065.3125,1;x3;x3^2;x1^3;x1*x2,1;x3;x3^2;x1^3;x1*x2,"[0.024130904519006586,0.5211815653122662,0.7919342772119583,0.8173691356126976,1.1945795036474025]","[0.0192945433857843,0.50879642392455,0.7904556843920153,0.8181983482920907,1.199114603415131]",I(x3>1)*x3^2,1.0,0.0,1.0,client-16,55,client-16,11,125.84487158610682,666.8713049676453,0.1887093816282792,2.3652331336225196,3.042208481537065,5.684341886080802e-14,3.552713678800501e-15,0.0
multi_quadratic,complementary,0.2,100,4,20101,fcrra-spent-diagnostic,1.0,1.0,1.0,0.0005342733382170162,0.20783311183847203,0.0,1.0,0.0,frozen-v6-anchor,0.16608440690856174,0.21839796456054045,1.520639640000013,3017578,x1^2;x2^2;x3^2,0.04244 + 0.5789·x₁² + 0.5054·x₂² + 0.8077·x₃²,"FCRRA spent-seed diagnostic; anchor=1,x1^2,x2^2,x3^2; exception=; in_bank=0; in_anchor=0; attempted=0; eligible_discovery=; eligible_selector=; numerator=None; denominator=None; gamma=None; anchor_role_ic=None; augmented_role_ic=None; outside_sse_max_diff=None; outside_prediction_max_diff=None; accepted=0; final=1,x1^2,x2^2,x3^2; wrapper_overhead_unoptimized=1",1.0,1.0,5,2,1.0,32,0,0,0,1;x1^2;x2^2;x3^2,S,balanced,100,100;100;100;100,754394.5,1;x1^2;x2^2;x3^2,1;x1^2;x2^2;x3^2,"[0.06116221956528811,0.5729826705852608,0.5151145211175416,0.7897475337464224]","[0.042444230706815404,0.578914705950812,0.5054275272004219,0.8076950515586088]",,0.0,0.0,0.0,,0,,0,,,,,,,,0.0
multi_quadratic,complementary,0.2,100,4,20102,fcrra-spent-diagnostic,1.0,1.0,1.0,0.0002325438001701199,0.1839033870193648,0.0,1.0,0.0,frozen-v6-anchor,0.19952032420972945,0.24196867154853027,1.4857305090000636,2993526,x1^2;x2^2;x3^2,-0.002227 + 0.5954·x₁² + 0.4973·x₂² + 0.7949·x₃²,"FCRRA spent-seed diagnostic; anchor=1,x1^2,x2^2,x3^2; exception=; in_bank=0; in_anchor=0; attempted=0; eligible_discovery=; eligible_selector=; numerator=None; denominator=None; gamma=None; anchor_role_ic=None; augmented_role_ic=None; outside_sse_max_diff=None; outside_prediction_max_diff=None; accepted=0; final=1,x1^2,x2^2,x3^2; wrapper_overhead_unoptimized=1",1.0,1.0,6,3,1.0,63,0,0,0,1;x1^2;x2^2;x3^2,S,balanced,100,100;100;100;100,748381.5,1;x1^2;x2^2;x3^2,1;x1^2;x2^2;x3^2,"[-0.030454206848919085,0.6068225413064152,0.49121436644114386,0.8006047813533317]","[-0.0022273490876357034,0.5954087006662537,0.497258649939435,0.7948504163308239]",,0.0,0.0,0.0,,0,,0,,,,,,,,0.0
multi_quadratic,complementary,0.2,100,4,20103,fcrra-spent-diagnostic,1.0,1.0,1.0,0.00010502562053242714,0.21808509012354071,0.0,1.0,0.0,frozen-v6-anchor,0.22865008123587482,0.3114517801975126,1.5168905420000556,3020675,x1^2;x2^2;x3^2,-0.02524 + 0.6009·x₁² + 0.5·x₂² + 0.814·x₃²,"FCRRA spent-seed diagnostic; anchor=1,x1^2,x2^2,x3^2; exception=; in_bank=0; in_anchor=0; attempted=0; eligible_discovery=; eligible_selector=; numerator=None; denominator=None; gamma=None; anchor_role_ic=None; augmented_role_ic=None; outside_sse_max_diff=None; outside_prediction_max_diff=None; accepted=0; final=1,x1^2,x2^2,x3^2; wrapper_overhead_unoptimized=1",1.0,1.0,6,3,1.0,63,0,0,0,1;x1^2;x2^2;x3^2,S,balanced,100,100;100;100;100,755168.75,1;x1^2;x2^2;x3^2,1;x1^2;x2^2;x3^2,"[-0.07912392917502764,0.6014053879955492,0.502417776338085,0.8297225170349058]","[-0.02523690527531753,0.6009220039424703,0.5000131377258462,0.8139992259130888]",,0.0,0.0,0.0,,0,,0,,,,,,,,0.0
multi_quadratic,complementary,0.2,100,4,20104,fcrra-spent-diagnostic,1.0,1.0,1.0,0.00026861537056955105,0.19763579853378344,0.0,1.0,0.0,frozen-v6-anchor,0.24452920995337687,0.31734733878777777,1.4825442750000093,2988465,x1^2;x2^2;x3^2,-0.05899 + 0.5974·x₁² + 0.5082·x₂² + 0.8025·x₃²,"FCRRA spent-seed diagnostic; anchor=1,x1^2,x2^2,x3^2; exception=; in_bank=0; in_anchor=0; attempted=0; eligible_discovery=; eligible_selector=; numerator=None; denominator=None; gamma=None; anchor_role_ic=None; augmented_role_ic=None; outside_sse_max_diff=None; outside_prediction_max_diff=None; accepted=0; final=1,x1^2,x2^2,x3^2; wrapper_overhead_unoptimized=1",1.0,1.0,5,2,1.0,32,0,0,0,1;x1^2;x2^2;x3^2,S,balanced,100,100;100;100;100,747116.25,1;x1^2;x2^2;x3^2,1;x1^2;x2^2;x3^2,"[-0.07974373901566523,0.6013251629147862,0.511042573624134,0.7984844889429299]","[-0.058985419562991984,0.5973774473036467,0.5082049639111464,0.8025471501870134]",,0.0,0.0,0.0,,0,,0,,,,,,,,0.0
multi_quadratic,complementary,0.2,100,4,20105,fcrra-spent-diagnostic,1.0,1.0,1.0,0.00018236424504571727,0.20553539837666024,0.0,1.0,0.0,frozen-v6-anchor,0.14790430225082501,0.21679363576911329,1.5444013439999935,3025578,x1^2;x2^2;x3^2,-0.05207 + 0.6112·x₁² + 0.4982·x₂² + 0.8093·x₃²,"FCRRA spent-seed diagnostic; anchor=1,x1^2,x2^2,x3^2; exception=; in_bank=0; in_anchor=0; attempted=0; eligible_discovery=; eligible_selector=; numerator=None; denominator=None; gamma=None; anchor_role_ic=None; augmented_role_ic=None; outside_sse_max_diff=None; outside_prediction_max_diff=None; accepted=0; final=1,x1^2,x2^2,x3^2; wrapper_overhead_unoptimized=1",1.0,1.0,7,4,1.0,120,0,0,0,1;x1^2;x2^2;x3^2,S,balanced,100,100;100;100;100,756394.5,1;x1^2;x2^2;x3^2,1;x1^2;x2^2;x3^2,"[-0.05947265239910493,0.6152697892592198,0.4954847682194581,0.8003341361574008]","[-0.052074825864658086,0.6111611279451961,0.4981817470743677,0.809300774275314]",,0.0,0.0,0.0,,0,,0,,,,,,,,0.0
multi_quadratic,complementary,0.2,100,4,20101,fcrra-spent-diagnostic,1.0,1.0,1.0,0.0001924287087995796,0.19846048993197574,0.0,1.0,0.0,frozen-v6-anchor,0.19093757605342532,0.2430837248918768,1.508498056999997,3000706,x1^2;x2^2;x3^2,0.01891 + 0.6009·x₁² + 0.5068·x₂² + 0.792·x₃²,"FCRRA spent-seed diagnostic; anchor=1,x1^2,x2^2,x3^2; exception=; in_bank=0; in_anchor=0; attempted=0; eligible_discovery=; eligible_selector=; numerator=None; denominator=None; gamma=None; anchor_role_ic=None; augmented_role_ic=None; outside_sse_max_diff=None; outside_prediction_max_diff=None; accepted=0; final=1,x1^2,x2^2,x3^2; wrapper_overhead_unoptimized=1",1.0,1.0,8,5,1.0,219,0,0,0,1;x1^2;x2^2;x3^2,S,imbalanced,100,150;71;72;104,750176.5,1;x1^2;x2^2;x3^2,1;x1^2;x2^2;x3^2,"[0.018831572143330533,0.6073859487788891,0.5071977205535629,0.7981561753170299]","[0.018912942576628764,0.6009490975131063,0.5068012889239298,0.7919651161616065]",,0.0,0.0,0.0,,0,,0,,,,,,,,0.0
multi_quadratic,complementary,0.2,100,4,20102,fcrra-spent-diagnostic,1.0,1.0,1.0,0.00042692459037230277,0.16739614879141962,0.0,1.0,0.0,frozen-v6-anchor,0.172541629128597,0.21138541236533373,1.5190181069999653,3023027,x1^2;x2^2;x3^2,-0.04006 + 0.5972·x₁² + 0.5167·x₂² + 0.791·x₃²,"FCRRA spent-seed diagnostic; anchor=1,x1^2,x2^2,x3^2; exception=; in_bank=0; in_anchor=0; attempted=0; eligible_discovery=; eligible_selector=; numerator=None; denominator=None; gamma=None; anchor_role_ic=None; augmented_role_ic=None; outside_sse_max_diff=None; outside_prediction_max_diff=None; accepted=0; final=1,x1^2,x2^2,x3^2; wrapper_overhead_unoptimized=1",1.0,1.0,6,3,1.0,63,0,0,0,1;x1^2;x2^2;x3^2,S,imbalanced,100,104;150;71;72,755756.75,1;x1^2;x2^2;x3^2,1;x1^2;x2^2;x3^2,"[-0.019183279343950588,0.5974214583953876,0.5190303215753074,0.7830785188877449]","[-0.04005930769405531,0.5972497272324871,0.5166752703763527,0.7909513130586217]",,0.0,0.0,0.0,,0,,0,,,,,,,,0.0
multi_quadratic,complementary,0.2,100,4,20103,fcrra-spent-diagnostic,1.0,1.0,1.0,0.0008400828077782013,0.18506780070097487,0.0,1.0,0.0,frozen-v6-anchor,0.14079304649654378,0.19037984301244062,1.4836204910000106,2991672,x1^2;x2^2;x3^2,0.0646 + 0.5917·x₁² + 0.4918·x₂² + 0.7721·x₃²,"FCRRA spent-seed diagnostic; anchor=1,x1^2,x2^2,x3^2; exception=; in_bank=0; in_anchor=0; attempted=0; eligible_discovery=; eligible_selector=; numerator=None; denominator=None; gamma=None; anchor_role_ic=None; augmented_role_ic=None; outside_sse_max_diff=None; outside_prediction_max_diff=None; accepted=0; final=1,x1^2,x2^2,x3^2; wrapper_overhead_unoptimized=1",1.0,1.0,5,2,1.0,32,0,0,0,1;x1^2;x2^2;x3^2,S,imbalanced,100,72;104;150;71,747918.0,1;x1^2;x2^2;x3^2,1;x1^2;x2^2;x3^2,"[0.093432007552261,0.5913798202280032,0.48940958211344776,0.7595258263170002]","[0.06459982754874957,0.5916855955788672,0.49179380702541975,0.772083142113943]",,0.0,0.0,0.0,,0,,0,,,,,,,,0.0
multi_quadratic,complementary,0.2,100,4,20104,fcrra-spent-diagnostic,1.0,1.0,1.0,0.0008553336584771293,0.19404468461916038,0.0,1.0,0.0,frozen-v6-anchor,0.1681926107241767,0.1745454358520836,1.5511180920000243,3052980,x1^2;x2^2;x3^2,-0.08953 + 0.6135·x₁² + 0.4909·x₂² + 0.8313·x₃²,"FCRRA spent-seed diagnostic; anchor=1,x1^2,x2^2,x3^2; exception=; in_bank=0; in_anchor=0; attempted=0; eligible_discovery=; eligible_selector=; numerator=None; denominator=None; gamma=None; anchor_role_ic=None; augmented_role_ic=None; outside_sse_max_diff=None; outside_prediction_max_diff=None; accepted=0; final=1,x1^2,x2^2,x3^2; wrapper_overhead_unoptimized=1",1.0,1.0,6,3,1.0,63,0,0,0,1;x1^2;x2^2;x3^2,S,imbalanced,100,71;72;104;150,763245.0,1;x1^2;x2^2;x3^2,1;x1^2;x2^2;x3^2,"[-0.06821005817317172,0.6103369267390766,0.48611086295769435,0.8329725307128815]","[-0.08952872960763918,0.6134595092194967,0.4908535996892427,0.8312824355716719]",,0.0,0.0,0.0,,0,,0,,,,,,,,0.0
multi_quadratic,complementary,0.2,100,4,20105,fcrra-spent-diagnostic,1.0,1.0,1.0,0.0005940330993031548,0.20024315571158882,0.0,1.0,0.0,frozen-v6-anchor,0.22180832504467637,0.26902330730734486,1.489762437999957,2993435,x1^2;x2^2;x3^2,-0.07436 + 0.6214·x₁² + 0.4996·x₂² + 0.8126·x₃²,"FCRRA spent-seed diagnostic; anchor=1,x1^2,x2^2,x3^2; exception=; in_bank=0; in_anchor=0; attempted=0; eligible_discovery=; eligible_selector=; numerator=None; denominator=None; gamma=None; anchor_role_ic=None; augmented_role_ic=None; outside_sse_max_diff=None; outside_prediction_max_diff=None; accepted=0; final=1,x1^2,x2^2,x3^2; wrapper_overhead_unoptimized=1",1.0,1.0,6,3,1.0,63,0,0,0,1;x1^2;x2^2;x3^2,S,imbalanced,100,150;71;72;104,748358.75,1;x1^2;x2^2;x3^2,1;x1^2;x2^2;x3^2,"[-0.047703634374945736,0.6270314329325346,0.5005599830074601,0.8037956579503143]","[-0.074363496209389,0.6214110179969394,0.49955018083895614,0.8125892332326536]",,0.0,0.0,0.0,,0,,0,,,,,,,,0.0
multi_quadratic,complementary,0.2,100,8,20101,fcrra-spent-diagnostic,1.0,1.0,1.0,0.0003013390218717477,0.15727393456557204,0.0,1.0,0.0,frozen-v6-anchor,0.16699598756334227,0.24337532143463061,2.9379880910000793,5986068,x1^2;x2^2;x3^2,0.008719 + 0.6126·x₁² + 0.4929·x₂² + 0.7872·x₃²,"FCRRA spent-seed diagnostic; anchor=1,x1^2,x2^2,x3^2; exception=; in_bank=0; in_anchor=0; attempted=0; eligible_discovery=; eligible_selector=; numerator=None; denominator=None; gamma=None; anchor_role_ic=None; augmented_role_ic=None; outside_sse_max_diff=None; outside_prediction_max_diff=None; accepted=0; final=1,x1^2,x2^2,x3^2; wrapper_overhead_unoptimized=1",1.0,1.0,6,3,1.0,63,0,0,0,1;x1^2;x2^2;x3^2,S,balanced,100,100;100;100;100;100;100;100;100,748258.5,1;x1^2;x2^2;x3^2,1;x1^2;x2^2;x3^2,"[0.016008114252112904,0.6044278126586176,0.49649155920620586,0.7886995009192321]","[0.00871906709835367,0.6126136617228494,0.49289567144927926,0.7872458998379911]",,0.0,0.0,0.0,,0,,0,,,,,,,,0.0
multi_quadratic,complementary,0.2,100,8,20102,fcrra-spent-diagnostic,1.0,1.0,1.0,0.00014074582036710612,0.16951582285348113,0.0,1.0,0.0,frozen-v6-anchor,0.17740028460873986,0.2609380105896359,3.0032860980001033,6043857,x1^2;x2^2;x3^2,0.002664 + 0.5957·x₁² + 0.5028·x₂² + 0.8101·x₃²,"FCRRA spent-seed diagnostic; anchor=1,x1^2,x2^2,x3^2; exception=; in_bank=0; in_anchor=0; attempted=0; eligible_discovery=; eligible_selector=; numerator=None; denominator=None; gamma=None; anchor_role_ic=None; augmented_role_ic=None; outside_sse_max_diff=None; outside_prediction_max_diff=None; accepted=0; final=1,x1^2,x2^2,x3^2; wrapper_overhead_unoptimized=1",1.0,1.0,6,3,1.0,63,0,0,0,1;x1^2;x2^2;x3^2,S,balanced,100,100;100;100;100;100;100;100;100,755482.125,1;x1^2;x2^2;x3^2,1;x1^2;x2^2;x3^2,"[0.005805070457374661,0.5908637863249961,0.5040148791435911,0.7998503508195456]","[0.0026644389963773538,0.595744790993524,0.5028090275760263,0.8101009344764077]",,0.0,0.0,0.0,,0,,0,,,,,,,,0.0
multi_quadratic,complementary,0.2,100,8,20103,fcrra-spent-diagnostic,1.0,1.0,1.0,0.00016919359236212004,0.16876329284769437,0.0,1.0,0.0,frozen-v6-anchor,0.15229686982485618,0.22093750482076757,2.928307238000002,5978107,x1^2;x2^2;x3^2,0.009948 + 0.5918·x₁² + 0.5085·x₂² + 0.7953·x₃²,"FCRRA spent-seed diagnostic; anchor=1,x1^2,x2^2,x3^2; exception=; in_bank=0; in_anchor=0; attempted=0; eligible_discovery=; eligible_selector=; numerator=None; denominator=None; gamma=None; anchor_role_ic=None; augmented_role_ic=None; outside_sse_max_diff=None; outside_prediction_max_diff=None; accepted=0; final=1,x1^2,x2^2,x3^2; wrapper_overhead_unoptimized=1",1.0,1.0,5,2,1.0,32,0,0,0,1;x1^2;x2^2;x3^2,S,balanced,100,100;100;100;100;100;100;100;100,747263.375,1;x1^2;x2^2;x3^2,1;x1^2;x2^2;x3^2,"[0.028224064740903998,0.5934140123026888,0.5091747464592918,0.783345660797024]","[0.009948056776517706,0.5918409762091077,0.508534015085562,0.7953093444702719]",,0.0,0.0,0.0,,0,,0,,,,,,,,0.0
multi_quadratic,complementary,0.2,100,8,20104,fcrra-spent-diagnostic,1.0,1.0,1.0,0.00039394503615748465,0.1428999762567504,0.0,1.0,0.0,frozen-v6-anchor,0.12367592250237003,0.19114466126492288,3.0160900070000025,6052180,x1^2;x2^2;x3^2,-0.03204 + 0.5958·x₁² + 0.516·x₂² + 0.8042·x₃²,"FCRRA spent-seed diagnostic; anchor=1,x1^2,x2^2,x3^2; exception=; in_bank=0; in_anchor=0; attempted=0; eligible_discovery=; eligible_selector=; numerator=None; denominator=None; gamma=None; anchor_role_ic=None; augmented_role_ic=None; outside_sse_max_diff=None; outside_prediction_max_diff=None; accepted=0; final=1,x1^2,x2^2,x3^2; wrapper_overhead_unoptimized=1",1.0,1.0,7,4,1.0,120,0,0,0,1;x1^2;x2^2;x3^2,S,balanced,100,100;100;100;100;100;100;100;100,756522.5,1;x1^2;x2^2;x3^2,1;x1^2;x2^2;x3^2,"[-0.036496710733921134,0.589477677230555,0.5157234450359407,0.8159994492747833]","[-0.03204178686427404,0.5957982265657095,0.5159895910915512,0.8041870537954029]",,0.0,0.0,0.0,,0,,0,,,,,,,,0.0
multi_quadratic,complementary,0.2,100,8,20105,fcrra-spent-diagnostic,1.0,1.0,1.0,4.983809118615293e-05,0.14258491624872596,0.0,1.0,0.0,frozen-v6-anchor,0.11410656983564162,0.1358926049893398,2.942017614000065,5986446,x1^2;x2^2;x3^2,0.01247 + 0.6028·x₁² + 0.4946·x₂² + 0.7973·x₃²,"FCRRA spent-seed diagnostic; anchor=1,x1^2,x2^2,x3^2; exception=; in_bank=0; in_anchor=0; attempted=0; eligible_discovery=; eligible_selector=; numerator=None; denominator=None; gamma=None; anchor_role_ic=None; augmented_role_ic=None; outside_sse_max_diff=None; outside_prediction_max_diff=None; accepted=0; final=1,x1^2,x2^2,x3^2; wrapper_overhead_unoptimized=1",1.0,1.0,6,3,1.0,63,0,0,0,1;x1^2;x2^2;x3^2,S,balanced,100,100;100;100;100;100;100;100;100,748305.75,1;x1^2;x2^2;x3^2,1;x1^2;x2^2;x3^2,"[-0.006563633100476807,0.6039067256429205,0.4982160325560993,0.8052358175880312]","[0.012470879694955571,0.6028333174107499,0.4946387351712332,0.7972632580023925]",,0.0,0.0,0.0,,0,,0,,,,,,,,0.0
multi_quadratic,complementary,0.2,100,8,20101,fcrra-spent-diagnostic,1.0,1.0,1.0,0.000932668609049788,0.14136933208471789,0.0,1.0,0.0,frozen-v6-anchor,0.15397583584012825,0.24153656205831858,2.957301185999995,5991095,x1^2;x2^2;x3^2,0.06329 + 0.5995·x₁² + 0.501·x₂² + 0.7579·x₃²,"FCRRA spent-seed diagnostic; anchor=1,x1^2,x2^2,x3^2; exception=; in_bank=0; in_anchor=0; attempted=0; eligible_discovery=; eligible_selector=; numerator=None; denominator=None; gamma=None; anchor_role_ic=None; augmented_role_ic=None; outside_sse_max_diff=None; outside_prediction_max_diff=None; accepted=0; final=1,x1^2,x2^2,x3^2; wrapper_overhead_unoptimized=1",1.0,1.0,6,3,1.0,63,0,0,0,1;x1^2;x2^2;x3^2,S,imbalanced,100,80;94;110;128;150;71;71;71,748886.875,1;x1^2;x2^2;x3^2,1;x1^2;x2^2;x3^2,"[0.06358449350398487,0.6033641618630408,0.4997814685127617,0.7570273809631249]","[0.06328952647073013,0.5995250850963468,0.5009547285735811,0.757858759048588]",,0.0,0.0,0.0,,0,,0,,,,,,,,0.0
multi_quadratic,complementary,0.2,100,8,20102,fcrra-spent-diagnostic,1.0,1.0,1.0,0.00026114941261372825,0.1513128670133287,0.0,1.0,0.0,frozen-v6-anchor,0.12727820153684474,0.2227445937877434,2.9827288090000366,5989223,x1^2;x2^2;x3^2,0.01189 + 0.5928·x₁² + 0.4971·x₂² + 0.8172·x₃²,"FCRRA spent-seed diagnostic; anchor=1,x1^2,x2^2,x3^2; exception=; in_bank=0; in_anchor=0; attempted=0; eligible_discovery=; eligible_selector=; numerator=None; denominator=None; gamma=None; anchor_role_ic=None; augmented_role_ic=None; outside_sse_max_diff=None; outside_prediction_max_diff=None; accepted=0; final=1,x1^2,x2^2,x3^2; wrapper_overhead_unoptimized=1",1.0,1.0,6,3,1.0,63,0,0,0,1;x1^2;x2^2;x3^2,S,imbalanced,100,71;80;94;110;128;150;71;71,748652.875,1;x1^2;x2^2;x3^2,1;x1^2;x2^2;x3^2,"[0.027954160668006267,0.5955708389589958,0.49539542761935174,0.8082477500128462]","[0.011893509231322898,0.5927519841654775,0.4970565338157981,0.8171895363475977]",,0.0,0.0,0.0,,0,,0,,,,,,,,0.0
multi_quadratic,complementary,0.2,100,8,20103,fcrra-spent-diagnostic,1.0,1.0,1.0,8.374895159317345e-05,0.16341085823894602,0.0,1.0,0.0,frozen-v6-anchor,0.1687377975404347,0.3109280956076331,2.9570937089999916,5980000,x1^2;x2^2;x3^2,0.006881 + 0.5967·x₁² + 0.5042·x₂² + 0.8036·x₃²,"FCRRA spent-seed diagnostic; anchor=1,x1^2,x2^2,x3^2; exception=; in_bank=0; in_anchor=0; attempted=0; eligible_discovery=; eligible_selector=; numerator=None; denominator=None; gamma=None; anchor_role_ic=None; augmented_role_ic=None; outside_sse_max_diff=None; outside_prediction_max_diff=None; accepted=0; final=1,x1^2,x2^2,x3^2; wrapper_overhead_unoptimized=1",1.0,1.0,5,2,1.0,32,0,0,0,1;x1^2;x2^2;x3^2,S,imbalanced,100,71;71;80;94;110;128;150;71,747500.0,1;x1^2;x2^2;x3^2,1;x1^2;x2^2;x3^2,"[-0.016680144767200034,0.6003406824798614,0.503194012059341,0.8153039226882868]","[0.00688064270497784,0.5966764050773172,0.5041645962759173,0.8036013197763453]",,0.0,0.0,0.0,,0,,0,,,,,,,,0.0
multi_quadratic,complementary,0.2,100,8,20104,fcrra-spent-diagnostic,1.0,1.0,1.0,0.00020345515468478406,0.17213651177297012,0.0,1.0,0.0,frozen-v6-anchor,0.18996280750306974,0.30936616596499816,2.9960448399999677,5992111,x1^2;x2^2;x3^2,-0.003012 + 0.6092·x₁² + 0.491·x₂² + 0.8032·x₃²,"FCRRA spent-seed diagnostic; anchor=1,x1^2,x2^2,x3^2; exception=; in_bank=0; in_anchor=0; attempted=0; eligible_discovery=; eligible_selector=; numerator=None; denominator=None; gamma=None; anchor_role_ic=None; augmented_role_ic=None; outside_sse_max_diff=None; outside_prediction_max_diff=None; accepted=0; final=1,x1^2,x2^2,x3^2; wrapper_overhead_unoptimized=1",1.0,1.0,7,4,1.0,120,0,0,0,1;x1^2;x2^2;x3^2,S,imbalanced,100,71;71;71;80;94;110;128;150,749013.875,1;x1^2;x2^2;x3^2,1;x1^2;x2^2;x3^2,"[-0.014581405210533305,0.6094635381087021,0.48963589447690414,0.8041059494657037]","[-0.0030117398567857125,0.60917992988018,0.4910214605426157,0.8032052085276334]",,0.0,0.0,0.0,,0,,0,,,,,,,,0.0
multi_quadratic,complementary,0.2,100,8,20105,fcrra-spent-diagnostic,1.0,1.0,1.0,0.00025824435792747697,0.1460848121802298,0.0,1.0,0.0,frozen-v6-anchor,0.17678908713032648,0.2434193491876096,2.9536690090000093,5990751,x1^2;x2^2;x3^2,-0.02071 + 0.6065·x₁² + 0.499·x₂² + 0.8147·x₃²,"FCRRA spent-seed diagnostic; anchor=1,x1^2,x2^2,x3^2; exception=; in_bank=0; in_anchor=0; attempted=0; eligible_discovery=; eligible_selector=; numerator=None; denominator=None; gamma=None; anchor_role_ic=None; augmented_role_ic=None; outside_sse_max_diff=None; outside_prediction_max_diff=None; accepted=0; final=1,x1^2,x2^2,x3^2; wrapper_overhead_unoptimized=1",1.0,1.0,6,3,1.0,63,0,0,0,1;x1^2;x2^2;x3^2,S,imbalanced,100,150;71;71;71;80;94;110;128,748843.875,1;x1^2;x2^2;x3^2,1;x1^2;x2^2;x3^2,"[-0.026096886285877474,0.6074039301027505,0.5024371892468635,0.8092344739129453]","[-0.02071049782642862,0.6065248480847849,0.49899036946476677,0.8147322657540242]",,0.0,0.0,0.0,,0,,0,,,,,,,,0.0
multi_quadratic,complementary,0.2,100,16,20101,fcrra-spent-diagnostic,1.0,1.0,1.0,0.00016762405633152742,0.14874657587787343,0.0,1.0,0.0,frozen-v6-anchor,0.17249331776006085,0.2875308822036914,5.773082682999984,11993774,x1^2;x2^2;x3^2,-0.03238 + 0.6051·x₁² + 0.5067·x₂² + 0.8075·x₃²,"FCRRA spent-seed diagnostic; anchor=1,x1^2,x2^2,x3^2; exception=; in_bank=0; in_anchor=0; attempted=0; eligible_discovery=; eligible_selector=; numerator=None; denominator=None; gamma=None; anchor_role_ic=None; augmented_role_ic=None; outside_sse_max_diff=None; outside_prediction_max_diff=None; accepted=0; final=1,x1^2,x2^2,x3^2; wrapper_overhead_unoptimized=1",1.0,1.0,7,4,1.0,120,0,0,0,1;x1^2;x2^2;x3^2,S,balanced,100,100;100;100;100;100;100;100;100;100;100;100;100;100;100;100;100,749610.875,1;x1^2;x2^2;x3^2,1;x1^2;x2^2;x3^2,"[-0.030023955079906628,0.6032895299757803,0.5093177570701237,0.80945887233448]","[-0.03237774336921307,0.6050856094103241,0.5066585427544915,0.8074657424082659]",,0.0,0.0,0.0,,0,,0,,,,,,,,0.0
multi_quadratic,complementary,0.2,100,16,20102,fcrra-spent-diagnostic,1.0,1.0,1.0,5.3362224636778005e-05,0.1638630882882327,0.0,1.0,0.0,frozen-v6-anchor,0.16638603215009623,0.23903345126736136,5.7868027849999635,11992944,x1^2;x2^2;x3^2,-0.00844 + 0.5985·x₁² + 0.5018·x₂² + 0.7957·x₃²,"FCRRA spent-seed diagnostic; anchor=1,x1^2,x2^2,x3^2; exception=; in_bank=0; in_anchor=0; attempted=0; eligible_discovery=; eligible_selector=; numerator=None; denominator=None; gamma=None; anchor_role_ic=None; augmented_role_ic=None; outside_sse_max_diff=None; outside_prediction_max_diff=None; accepted=0; final=1,x1^2,x2^2,x3^2; wrapper_overhead_unoptimized=1",1.0,1.0,7,4,1.0,120,0,0,0,1;x1^2;x2^2;x3^2,S,balanced,100,100;100;100;100;100;100;100;100;100;100;100;100;100;100;100;100,749559.0,1;x1^2;x2^2;x3^2,1;x1^2;x2^2;x3^2,"[-0.019935305997218933,0.6005720090658946,0.506216885022233,0.7948284559966687]","[-0.008440185425955551,0.5984788159740997,0.5017893069295871,0.795679466428387]",,0.0,0.0,0.0,,0,,0,,,,,,,,0.0
multi_quadratic,complementary,0.2,100,16,20103,fcrra-spent-diagnostic,1.0,1.0,1.0,0.00013204206037044586,0.14237639881436515,0.0,1.0,0.0,frozen-v6-anchor,0.1270503111143989,0.1957825933208407,5.826998763999995,11956931,x1^2;x2^2;x3^2,-0.04934 + 0.5994·x₁² + 0.5068·x₂² + 0.8123·x₃²,"FCRRA spent-seed diagnostic; anchor=1,x1^2,x2^2,x3^2; exception=; in_bank=0; in_anchor=0; attempted=0; eligible_discovery=; eligible_selector=; numerator=None; denominator=None; gamma=None; anchor_role_ic=None; augmented_role_ic=None; outside_sse_max_diff=None; outside_prediction_max_diff=None; accepted=0; final=1,x1^2,x2^2,x3^2; wrapper_overhead_unoptimized=1",1.0,1.0,5,2,1.0,32,0,0,0,1;x1^2;x2^2;x3^2,S,balanced,100,100;100;100;100;100;100;100;100;100;100;100;100;100;100;100;100,747308.1875,1;x1^2;x2^2;x3^2,1;x1^2;x2^2;x3^2,"[-0.05081527106995409,0.6045117749594111,0.5063174635639037,0.8115311615935128]","[-0.049336357326445035,0.599395501904359,0.5067775723236846,0.8123239455981393]",,0.0,0.0,0.0,,0,,0,,,,,,,,0.0
multi_quadratic,complementary,0.2,100,16,20104,fcrra-spent-diagnostic,1.0,1.0,1.0,1.3837967380284984e-05,0.147488145960222,0.0,1.0,0.0,frozen-v6-anchor,0.13684693419388977,0.1913825366699219,5.761786594,11960828,x1^2;x2^2;x3^2,0.004558 + 0.6004·x₁² + 0.5018·x₂² + 0.7973·x₃²,"FCRRA spent-seed diagnostic; anchor=1,x1^2,x2^2,x3^2; exception=; in_bank=0; in_anchor=0; attempted=0; eligible_discovery=; eligible_selector=; numerator=None; denominator=None; gamma=None; anchor_role_ic=None; augmented_role_ic=None; outside_sse_max_diff=None; outside_prediction_max_diff=None; accepted=0; final=1,x1^2,x2^2,x3^2; wrapper_overhead_unoptimized=1",1.0,1.0,5,2,1.0,32,0,0,0,1;x1^2;x2^2;x3^2,S,balanced,100,100;100;100;100;100;100;100;100;100;100;100;100;100;100;100;100,747551.75,1;x1^2;x2^2;x3^2,1;x1^2;x2^2;x3^2,"[0.007803494978121606,0.6026109214833908,0.5002456787610501,0.7991442156841511]","[0.004558426930671083,0.60043778868511,0.5018460078131649,0.7973331496075541]",,0.0,0.0,0.0,,0,,0,,,,,,,,0.0
multi_quadratic,complementary,0.2,100,16,20105,fcrra-spent-diagnostic,1.0,1.0,1.0,0.00016542331598730793,0.14035223261679572,0.0,1.0,0.0,frozen-v6-anchor,0.14100158166899798,0.2096855691648519,5.817295488000013,11974159,x1^2;x2^2;x3^2,0.03591 + 0.5882·x₁² + 0.5007·x₂² + 0.8032·x₃²,"FCRRA spent-seed diagnostic; anchor=1,x1^2,x2^2,x3^2; exception=; in_bank=0; in_anchor=0; attempted=0; eligible_discovery=; eligible_selector=; numerator=None; denominator=None; gamma=None; anchor_role_ic=None; augmented_role_ic=None; outside_sse_max_diff=None; outside_prediction_max_diff=None; accepted=0; final=1,x1^2,x2^2,x3^2; wrapper_overhead_unoptimized=1",1.0,1.0,6,3,1.0,63,0,0,0,1;x1^2;x2^2;x3^2,S,balanced,100,100;100;100;100;100;100;100;100;100;100;100;100;100;100;100;100,748384.9375,1;x1^2;x2^2;x3^2,1;x1^2;x2^2;x3^2,"[0.052476626405876914,0.5873880251330603,0.49903353807144574,0.7943735117104258]","[0.035912427264756096,0.5882180137922369,0.5007278108186956,0.803202745775733]",,0.0,0.0,0.0,,0,,0,,,,,,,,0.0
multi_quadratic,complementary,0.2,100,16,20101,fcrra-spent-diagnostic,1.0,1.0,1.0,5.234456424475058e-05,0.15853877933024474,0.0,1.0,0.0,frozen-v6-anchor,0.15012853963052147,0.24087689726142839,5.816173341000081,11961959,x1^2;x2^2;x3^2,0.006859 + 0.5957·x₁² + 0.4987·x₂² + 0.798·x₃²,"FCRRA spent-seed diagnostic; anchor=1,x1^2,x2^2,x3^2; exception=; in_bank=0; in_anchor=0; attempted=0; eligible_discovery=; eligible_selector=; numerator=None; denominator=None; gamma=None; anchor_role_ic=None; augmented_role_ic=None; outside_sse_max_diff=None; outside_prediction_max_diff=None; accepted=0; final=1,x1^2,x2^2,x3^2; wrapper_overhead_unoptimized=1",1.0,1.0,5,2,1.0,32,0,0,0,1;x1^2;x2^2;x3^2,S,imbalanced,100,112;120;130;139;150;71;71;71;71;71;72;78;83;90;97;104,747622.4375,1;x1^2;x2^2;x3^2,1;x1^2;x2^2;x3^2,"[-0.012136744444187997,0.5999404127381949,0.49456738859831384,0.8081724448267718]","[0.006858773692251206,0.5957478994752167,0.4986520721031099,0.7980296633734533]",,0.0,0.0,0.0,,0,,0,,,,,,,,0.0
multi_quadratic,complementary,0.2,100,16,20102,fcrra-spent-diagnostic,1.0,1.0,1.0,0.0001265095356057222,0.15381621888387637,0.0,1.0,0.0,frozen-v6-anchor,0.16216833616605986,0.2751113129865601,5.801040901999841,11975228,x1^2;x2^2;x3^2,0.005531 + 0.6035·x₁² + 0.4949·x₂² + 0.7918·x₃²,"FCRRA spent-seed diagnostic; anchor=1,x1^2,x2^2,x3^2; exception=; in_bank=0; in_anchor=0; attempted=0; eligible_discovery=; eligible_selector=; numerator=None; denominator=None; gamma=None; anchor_role_ic=None; augmented_role_ic=None; outside_sse_max_diff=None; outside_prediction_max_diff=None; accepted=0; final=1,x1^2,x2^2,x3^2; wrapper_overhead_unoptimized=1",1.0,1.0,6,3,1.0,63,0,0,0,1;x1^2;x2^2;x3^2,S,imbalanced,100,104;112;120;130;139;150;71;71;71;71;71;72;78;83;90;97,748451.75,1;x1^2;x2^2;x3^2,1;x1^2;x2^2;x3^2,"[-0.0025952586665258792,0.5991547947290137,0.4957645481643777,0.7965146038790607]","[0.005530731670117299,0.6035319454187928,0.49486764129108934,0.7918261179417777]",,0.0,0.0,0.0,,0,,0,,,,,,,,0.0
multi_quadratic,complementary,0.2,100,16,20103,fcrra-spent-diagnostic,1.0,1.0,1.0,0.00010252019207294833,0.14261014175407102,0.0,1.0,0.0,frozen-v6-anchor,0.1461155816763267,0.23420911625952007,5.806839273000151,11963220,x1^2;x2^2;x3^2,-0.03415 + 0.5962·x₁² + 0.5038·x₂² + 0.81·x₃²,"FCRRA spent-seed diagnostic; anchor=1,x1^2,x2^2,x3^2; exception=; in_bank=0; in_anchor=0; attempted=0; eligible_discovery=; eligible_selector=; numerator=None; denominator=None; gamma=None; anchor_role_ic=None; augmented_role_ic=None; outside_sse_max_diff=None; outside_prediction_max_diff=None; accepted=0; final=1,x1^2,x2^2,x3^2; wrapper_overhead_unoptimized=1",1.0,1.0,5,2,1.0,32,0,0,0,1;x1^2;x2^2;x3^2,S,imbalanced,100,97;104;112;120;130;139;150;71;71;71;71;71;72;78;83;90,747701.25,1;x1^2;x2^2;x3^2,1;x1^2;x2^2;x3^2,"[-0.05343584917425481,0.6046078163596724,0.5057764766668802,0.81433225435726]","[-0.03414664108733169,0.5961613454636243,0.5037934848386654,0.8099870159196807]",,0.0,0.0,0.0,,0,,0,,,,,,,,0.0
multi_quadratic,complementary,0.2,100,16,20104,fcrra-spent-diagnostic,1.0,1.0,1.0,1.509972493486221e-05,0.14483590242576844,0.0,1.0,0.0,frozen-v6-anchor,0.15050340026078016,0.3058702404036495,5.786359724000022,11975204,x1^2;x2^2;x3^2,0.01831 + 0.5998·x₁² + 0.499·x₂² + 0.7967·x₃²,"FCRRA spent-seed diagnostic; anchor=1,x1^2,x2^2,x3^2; exception=; in_bank=0; in_anchor=0; attempted=0; eligible_discovery=; eligible_selector=; numerator=None; denominator=None; gamma=None; anchor_role_ic=None; augmented_role_ic=None; outside_sse_max_diff=None; outside_prediction_max_diff=None; accepted=0; final=1,x1^2,x2^2,x3^2; wrapper_overhead_unoptimized=1",1.0,1.0,6,3,1.0,63,0,0,0,1;x1^2;x2^2;x3^2,S,imbalanced,100,90;97;104;112;120;130;139;150;71;71;71;71;71;72;78;83,748450.25,1;x1^2;x2^2;x3^2,1;x1^2;x2^2;x3^2,"[0.02404093982067934,0.5959957474215025,0.4978069182792555,0.7995195442079597]","[0.018309745326112906,0.59983046258782,0.49898105600765963,0.7967162746536111]",,0.0,0.0,0.0,,0,,0,,,,,,,,0.0
multi_quadratic,complementary,0.2,100,16,20105,fcrra-spent-diagnostic,1.0,1.0,1.0,2.0712539217906563e-05,0.13636801623420963,0.0,1.0,0.0,frozen-v6-anchor,0.15487691193485303,0.22032001746100469,5.847782323000047,11990014,x1^2;x2^2;x3^2,0.01871 + 0.6009·x₁² + 0.498·x₂² + 0.7968·x₃²,"FCRRA spent-seed diagnostic; anchor=1,x1^2,x2^2,x3^2; exception=; in_bank=0; in_anchor=0; attempted=0; eligible_discovery=; eligible_selector=; numerator=None; denominator=None; gamma=None; anchor_role_ic=None; augmented_role_ic=None; outside_sse_max_diff=None; outside_prediction_max_diff=None; accepted=0; final=1,x1^2,x2^2,x3^2; wrapper_overhead_unoptimized=1",1.0,1.0,7,4,1.0,120,0,0,0,1;x1^2;x2^2;x3^2,S,imbalanced,100,83;90;97;104;112;120;130;139;150;71;71;71;71;71;72;78,749375.875,1;x1^2;x2^2;x3^2,1;x1^2;x2^2;x3^2,"[0.016277722392912253,0.6021074032517124,0.49948938776842766,0.7943737945601583]","[0.018711365724023342,0.6008881674132317,0.49795263320854166,0.796807060814701]",,0.0,0.0,0.0,,0,,0,,,,,,,,0.0
multi_quadratic,spurious,0.2,100,4,20101,fcrra-spent-diagnostic,1.0,1.0,1.0,0.0005539114387685412,0.1720467874433826,0.0,1.0,0.0,frozen-v6-anchor,0.14774182287227736,0.26800191626870173,1.5622348880001482,3050755,x1^2;x2^2;x3^2,0.01599 + 0.5816·x₁² + 0.4961·x₂² + 0.8183·x₃²,"FCRRA spent-seed diagnostic; anchor=1,x1^2,x2^2,x3^2; exception=; in_bank=0; in_anchor=0; attempted=0; eligible_discovery=; eligible_selector=; numerator=None; denominator=None; gamma=None; anchor_role_ic=None; augmented_role_ic=None; outside_sse_max_diff=None; outside_prediction_max_diff=None; accepted=0; final=1,x1^2,x2^2,x3^2; wrapper_overhead_unoptimized=1",1.0,1.0,6,3,1.0,63,0,0,0,1;x1^2;x2^2;x3^2,S,balanced,100,100;100;100;100,762688.75,1;x1^2;x2^2;x3^2,1;x1^2;x2^2;x3^2,"[-0.010522016524669553,0.5839624346446353,0.49341439031016465,0.8278786124598461]","[0.015992701305760602,0.5815959154182191,0.496067804297381,0.8183369651139095]",,0.0,0.0,0.0,,0,,0,,,,,,,,0.0
multi_quadratic,spurious,0.2,100,4,20102,fcrra-spent-diagnostic,1.0,1.0,1.0,0.00015156236966395995,0.15142767109743688,0.0,1.0,0.0,frozen-v6-anchor,0.1645099073508073,0.22331157016140915,1.5262631370001145,3023649,x1^2;x2^2;x3^2,-0.01425 + 0.5937·x₁² + 0.4981·x₂² + 0.8098·x₃²,"FCRRA spent-seed diagnostic; anchor=1,x1^2,x2^2,x3^2; exception=; in_bank=0; in_anchor=0; attempted=0; eligible_discovery=; eligible_selector=; numerator=None; denominator=None; gamma=None; anchor_role_ic=None; augmented_role_ic=None; outside_sse_max_diff=None; outside_prediction_max_diff=None; accepted=0; final=1,x1^2,x2^2,x3^2; wrapper_overhead_unoptimized=1",1.0,1.0,6,3,1.0,63,0,0,0,1;x1^2;x2^2;x3^2,S,balanced,100,100;100;100;100,755912.25,1;x1^2;x2^2;x3^2,1;x1^2;x2^2;x3^2,"[-0.0047481134673983405,0.5904501885876949,0.4978537752718957,0.8143404382534785]","[-0.0142530690670629,0.5937013263204578,0.49812059693948824,0.809837643752254]",,0.0,0.0,0.0,,0,,0,,,,,,,,0.0
multi_quadratic,spurious,0.2,100,4,20103,fcrra-spent-diagnostic,1.0,1.0,1.0,0.0004313107394320593,0.21484229252249698,0.0,1.0,0.0,frozen-v6-anchor,0.261474426061803,0.41950930250490803,1.496574652000163,2991523,x1^2;x2^2;x3^2,-0.03035 + 0.5907·x₁² + 0.5082·x₂² + 0.8219·x₃²,"FCRRA spent-seed diagnostic; anchor=1,x1^2,x2^2,x3^2; exception=; in_bank=0; in_anchor=0; attempted=0; eligible_discovery=; eligible_selector=; numerator=None; denominator=None; gamma=None; anchor_role_ic=None; augmented_role_ic=None; outside_sse_max_diff=None; outside_prediction_max_diff=None; accepted=0; final=1,x1^2,x2^2,x3^2; wrapper_overhead_unoptimized=1",1.0,1.0,6,3,1.0,63,0,0,0,1;x1^2;x2^2;x3^2,S,balanced,100,100;100;100;100,747880.75,1;x1^2;x2^2;x3^2,1;x1^2;x2^2;x3^2,"[-0.06588761652697972,0.5839441519454343,0.5068508674299774,0.838898466349026]","[-0.030350884559470347,0.5907483714228402,0.5082134585215646,0.8218765171014312]",,0.0,0.0,0.0,,0,,0,,,,,,,,0.0
multi_quadratic,spurious,0.2,100,4,20104,fcrra-spent-diagnostic,1.0,1.0,1.0,0.0010501703717711094,0.20391086892331692,0.0,1.0,0.0,frozen-v6-anchor,0.16452418717469233,0.21598661455169577,1.5235627249999197,3020990,x1^2;x2^2;x3^2,0.006571 + 0.5833·x₁² + 0.4928·x₂² + 0.7982·x₃²,"FCRRA spent-seed diagnostic; anchor=1,x1^2,x2^2,x3^2; exception=; in_bank=0; in_anchor=0; attempted=0; eligible_discovery=; eligible_selector=; numerator=None; denominator=None; gamma=None; anchor_role_ic=None; augmented_role_ic=None; outside_sse_max_diff=None; outside_prediction_max_diff=None; accepted=0; final=1,x1^2,x2^2,x3^2; wrapper_overhead_unoptimized=1",1.0,1.0,6,3,0.0,63,0,1,0,1;x1^2;x2^2;x3^2,S,balanced,100,100;100;100;100,755247.5,1;x1^2;x2^2;x3^2,1;x1^2;x2^2;x3^2,"[0.041985342452969476,0.5846887531096314,0.4857520317876882,0.7790080990867154]","[0.00657061300938812,0.5833384201938708,0.49276717662583835,0.7982106242897231]",,0.0,0.0,0.0,,0,,0,,,,,,,,0.0
multi_quadratic,spurious,0.2,100,4,20105,fcrra-spent-diagnostic,1.0,1.0,1.0,0.0009165987880422636,0.19208101746020106,0.0,1.0,0.0,frozen-v6-anchor,0.24775067920218702,0.29757536558273806,1.521934371000043,3021521,x1^2;x2^2;x3^2,-0.06033 + 0.5897·x₁² + 0.5247·x₂² + 0.8016·x₃²,"FCRRA spent-seed diagnostic; anchor=1,x1^2,x2^2,x3^2; exception=; in_bank=0; in_anchor=0; attempted=0; eligible_discovery=; eligible_selector=; numerator=None; denominator=None; gamma=None; anchor_role_ic=None; augmented_role_ic=None; outside_sse_max_diff=None; outside_prediction_max_diff=None; accepted=0; final=1,x1^2,x2^2,x3^2; wrapper_overhead_unoptimized=1",1.0,1.0,6,3,1.0,63,0,0,0,1;x1^2;x2^2;x3^2,S,balanced,100,100;100;100;100,755380.25,1;x1^2;x2^2;x3^2,1;x1^2;x2^2;x3^2,"[-0.010547615329606685,0.5892279417279203,0.5171095751729513,0.7978261167427418]","[-0.06033210462961054,0.5896574983699258,0.5247281630901146,0.8015606876838458]",,0.0,0.0,0.0,,0,,0,,,,,,,,0.0
multi_quadratic,spurious,0.2,100,4,20101,fcrra-spent-diagnostic,1.0,1.0,1.0,0.0002100989965392318,0.17958693364501432,0.0,1.0,0.0,frozen-v6-anchor,0.23892126473417877,0.552275324200356,1.4847160199999507,2990589,x1^2;x2^2;x3^2,-0.00439 + 0.5894·x₁² + 0.5082·x₂² + 0.7992·x₃²,"FCRRA spent-seed diagnostic; anchor=1,x1^2,x2^2,x3^2; exception=; in_bank=0; in_anchor=0; attempted=0; eligible_discovery=; eligible_selector=; numerator=None; denominator=None; gamma=None; anchor_role_ic=None; augmented_role_ic=None; outside_sse_max_diff=None; outside_prediction_max_diff=None; accepted=0; final=1,x1^2,x2^2,x3^2; wrapper_overhead_unoptimized=1",1.0,1.0,5,2,1.0,32,0,0,0,1;x1^2;x2^2;x3^2,S,imbalanced,100,150;71;72;104,747647.25,1;x1^2;x2^2;x3^2,1;x1^2;x2^2;x3^2,"[-0.019262468593785442,0.5830291803036105,0.49828940895141427,0.8342160351764814]","[-0.004389925886744672,0.5893717338088026,0.5081870674545849,0.7991582479199821]",,0.0,0.0,0.0,,0,,0,,,,,,,,0.0
multi_quadratic,spurious,0.2,100,4,20102,fcrra-spent-diagnostic,1.0,1.0,1.0,0.00014332115040053257,0.15535008024100025,0.0,1.0,0.0,frozen-v6-anchor,0.1556995131064916,0.19160294123842428,1.6088101489999644,3080567,x1^2;x2^2;x3^2,-0.05607 + 0.6037·x₁² + 0.5096·x₂² + 0.8041·x₃²,"FCRRA spent-seed diagnostic; anchor=1,x1^2,x2^2,x3^2; exception=; in_bank=0; in_anchor=0; attempted=0; eligible_discovery=; eligible_selector=; numerator=None; denominator=None; gamma=None; anchor_role_ic=None; augmented_role_ic=None; outside_sse_max_diff=None; outside_prediction_max_diff=None; accepted=0; final=1,x1^2,x2^2,x3^2; wrapper_overhead_unoptimized=1",1.0,1.0,6,3,1.0,63,0,0,0,1;x1^2;x2^2;x3^2,S,imbalanced,100,104;150;71;72,770141.75,1;x1^2;x2^2;x3^2,1;x1^2;x2^2;x3^2,"[-0.06026349561987665,0.5927101146937341,0.5169567683915677,0.8060841770255331]","[-0.05607091107904346,0.6036679017692068,0.5096260330039382,0.8040959121068566]",,0.0,0.0,0.0,,0,,0,,,,,,,,0.0
multi_quadratic,spurious,0.2,100,4,20103,fcrra-spent-diagnostic,1.0,1.0,1.0,0.0003232109630250997,0.18932539924126768,0.0,1.0,0.0,frozen-v6-anchor,0.23797939312098723,0.26137066346499105,1.521802156000149,3025011,x1^2;x2^2;x3^2,0.04866 + 0.5839·x₁² + 0.4951·x₂² + 0.8012·x₃²,"FCRRA spent-seed diagnostic; anchor=1,x1^2,x2^2,x3^2; exception=; in_bank=0; in_anchor=0; attempted=0; eligible_discovery=; eligible_selector=; numerator=None; denominator=None; gamma=None; anchor_role_ic=None; augmented_role_ic=None; outside_sse_max_diff=None; outside_prediction_max_diff=None; accepted=0; final=1,x1^2,x2^2,x3^2; wrapper_overhead_unoptimized=1",1.0,1.0,6,3,1.0,63,0,0,0,1;x1^2;x2^2;x3^2,S,imbalanced,100,72;104;150;71,756252.75,1;x1^2;x2^2;x3^2,1;x1^2;x2^2;x3^2,"[0.02520950941240585,0.5871743998648007,0.4962733103589754,0.8049415759464646]","[0.04866412720383483,0.5839100963177425,0.49505862259800437,0.8012269062092787]",,0.0,0.0,0.0,,0,,0,,,,,,,,0.0
multi_quadratic,spurious,0.2,100,4,20104,fcrra-spent-diagnostic,1.0,1.0,1.0,0.00019465492257958017,0.1949722410503864,0.0,1.0,0.0,frozen-v6-anchor,0.19591898806734456,0.31015836675623615,1.626621765999971,3111680,x1^2;x2^2;x3^2,-0.06467 + 0.6088·x₁² + 0.5001·x₂² + 0.8065·x₃²,"FCRRA spent-seed diagnostic; anchor=1,x1^2,x2^2,x3^2; exception=; in_bank=0; in_anchor=0; attempted=0; eligible_discovery=; eligible_selector=; numerator=None; denominator=None; gamma=None; anchor_role_ic=None; augmented_role_ic=None; outside_sse_max_diff=None; outside_prediction_max_diff=None; accepted=0; final=1,x1^2,x2^2,x3^2; wrapper_overhead_unoptimized=1",1.0,1.0,6,3,1.0,63,0,0,0,1;x1^2;x2^2;x3^2,S,imbalanced,100,71;72;104;150,777920.0,1;x1^2;x2^2;x3^2,1;x1^2;x2^2;x3^2,"[-0.05168931932989018,0.601498646036075,0.503985487227501,0.7973049282081108]","[-0.06466580430294483,0.6088115317827351,0.500062353394878,0.8065350041897492]",,0.0,0.0,0.0,,0,,0,,,,,,,,0.0
multi_quadratic,spurious,0.2,100,4,20105,fcrra-spent-diagnostic,1.0,1.0,1.0,0.000346359909971061,0.18731630602764107,0.0,1.0,0.0,frozen-v6-anchor,0.19965476455944386,0.27911268811545115,1.5224603620001744,3021889,x1^2;x2^2;x3^2,0.006177 + 0.6038·x₁² + 0.4918·x₂² + 0.7878·x₃²,"FCRRA spent-seed diagnostic; anchor=1,x1^2,x2^2,x3^2; exception=; in_bank=0; in_anchor=0; attempted=0; eligible_discovery=; eligible_selector=; numerator=None; denominator=None; gamma=None; anchor_role_ic=None; augmented_role_ic=None; outside_sse_max_diff=None; outside_prediction_max_diff=None; accepted=0; final=1,x1^2,x2^2,x3^2; wrapper_overhead_unoptimized=1",1.0,1.0,6,3,1.0,63,0,0,0,1;x1^2;x2^2;x3^2,S,imbalanced,100,150;71;72;104,755472.25,1;x1^2;x2^2;x3^2,1;x1^2;x2^2;x3^2,"[0.006424296738220647,0.5993554186124443,0.48511106965948453,0.8131535941827854]","[0.006177310401870685,0.6038473600020542,0.49180996550597483,0.787829037149591]",,0.0,0.0,0.0,,0,,0,,,,,,,,0.0
multi_quadratic,spurious,0.2,100,8,20101,fcrra-spent-diagnostic,1.0,1.0,1.0,0.00017836230594812602,0.1656182698627174,0.0,1.0,0.0,frozen-v6-anchor,0.14833407440952726,0.23040425470487283,2.9571924829999716,5998676,x1^2;x2^2;x3^2,0.03134 + 0.594·x₁² + 0.4992·x₂² + 0.7861·x₃²,"FCRRA spent-seed diagnostic; anchor=1,x1^2,x2^2,x3^2; exception=; in_bank=0; in_anchor=0; attempted=0; eligible_discovery=; eligible_selector=; numerator=None; denominator=None; gamma=None; anchor_role_ic=None; augmented_role_ic=None; outside_sse_max_diff=None; outside_prediction_max_diff=None; accepted=0; final=1,x1^2,x2^2,x3^2; wrapper_overhead_unoptimized=1",1.0,1.0,8,5,1.0,219,0,0,0,1;x1^2;x2^2;x3^2,S,balanced,100,100;100;100;100;100;100;100;100,749834.5,1;x1^2;x2^2;x3^2,1;x1^2;x2^2;x3^2,"[0.006714351582989053,0.5990306247519248,0.5050788804280795,0.7845226028527001]","[0.03133525404997481,0.5939981699712663,0.4992030764001457,0.7861185610501829]",,0.0,0.0,0.0,,0,,0,,,,,,,,0.0
multi_quadratic,spurious,0.2,100,8,20102,fcrra-spent-diagnostic,1.0,1.0,1.0,0.0001224931329791917,0.16389389727629144,0.0,1.0,0.0,frozen-v6-anchor,0.17213660389113603,0.2798982308650598,2.9173894250000103,5993867,x1^2;x2^2;x3^2,0.009256 + 0.6063·x₁² + 0.496·x₂² + 0.8026·x₃²,"FCRRA spent-seed diagnostic; anchor=1,x1^2,x2^2,x3^2; exception=; in_bank=0; in_anchor=0; attempted=0; eligible_discovery=; eligible_selector=; numerator=None; denominator=None; gamma=None; anchor_role_ic=None; augmented_role_ic=None; outside_sse_max_diff=None; outside_prediction_max_diff=None; accepted=0; final=1,x1^2,x2^2,x3^2; wrapper_overhead_unoptimized=1",1.0,1.0,7,4,1.0,120,0,0,0,1;x1^2;x2^2;x3^2,S,balanced,100,100;100;100;100;100;100;100;100,749233.375,1;x1^2;x2^2;x3^2,1;x1^2;x2^2;x3^2,"[0.0047954557037712675,0.5957339118451819,0.5061743018640732,0.8065695039602421]","[0.009256119670215538,0.6062701386429572,0.495979312490399,0.8025809406288206]",,0.0,0.0,0.0,,0,,0,,,,,,,,0.0
multi_quadratic,spurious,0.2,100,8,20103,fcrra-spent-diagnostic,1.0,1.0,1.0,0.00011251506539470796,0.168114863154899,0.0,1.0,0.0,frozen-v6-anchor,0.1583547446776978,0.22861882262652292,2.9550595199998497,5986106,x1^2;x2^2;x3^2,0.009616 + 0.5916·x₁² + 0.498·x₂² + 0.8081·x₃²,"FCRRA spent-seed diagnostic; anchor=1,x1^2,x2^2,x3^2; exception=; in_bank=0; in_anchor=0; attempted=0; eligible_discovery=; eligible_selector=; numerator=None; denominator=None; gamma=None; anchor_role_ic=None; augmented_role_ic=None; outside_sse_max_diff=None; outside_prediction_max_diff=None; accepted=0; final=1,x1^2,x2^2,x3^2; wrapper_overhead_unoptimized=1",1.0,1.0,6,3,1.0,63,0,0,0,1;x1^2;x2^2;x3^2,S,balanced,100,100;100;100;100;100;100;100;100,748263.25,1;x1^2;x2^2;x3^2,1;x1^2;x2^2;x3^2,"[0.013420757015980556,0.5959491986915251,0.49826609270609323,0.8059284237743767]","[0.009615790503191519,0.591588257955985,0.49803037713336384,0.8080589741598706]",,0.0,0.0,0.0,,0,,0,,,,,,,,0.0
multi_quadratic,spurious,0.2,100,8,20104,fcrra-spent-diagnostic,1.0,1.0,1.0,0.0001735149763386897,0.14724183320705214,0.0,1.0,0.0,frozen-v6-anchor,0.1517525398866334,0.2694199671216798,2.9264423909999095,5980778,x1^2;x2^2;x3^2,0.02816 + 0.5945·x₁² + 0.4915·x₂² + 0.7983·x₃²,"FCRRA spent-seed diagnostic; anchor=1,x1^2,x2^2,x3^2; exception=; in_bank=0; in_anchor=0; attempted=0; eligible_discovery=; eligible_selector=; numerator=None; denominator=None; gamma=None; anchor_role_ic=None; augmented_role_ic=None; outside_sse_max_diff=None; outside_prediction_max_diff=None; accepted=0; final=1,x1^2,x2^2,x3^2; wrapper_overhead_unoptimized=1",1.0,1.0,5,2,1.0,32,0,0,0,1;x1^2;x2^2;x3^2,S,balanced,100,100;100;100;100;100;100;100;100,747597.25,1;x1^2;x2^2;x3^2,1;x1^2;x2^2;x3^2,"[0.010162480437281296,0.5923169671712654,0.4987481447383536,0.8065510188723399]","[0.028163716998785043,0.5944574535326708,0.49153799503860623,0.7983285831988947]",,0.0,0.0,0.0,,0,,0,,,,,,,,0.0
multi_quadratic,spurious,0.2,100,8,20105,fcrra-spent-diagnostic,1.0,1.0,1.0,0.00020701622283212314,0.14329172197874004,0.0,1.0,0.0,frozen-v6-anchor,0.14819015771190416,0.27755170320012323,2.9379142600000705,5986293,x1^2;x2^2;x3^2,0.009215 + 0.596·x₁² + 0.5058·x₂² + 0.7852·x₃²,"FCRRA spent-seed diagnostic; anchor=1,x1^2,x2^2,x3^2; exception=; in_bank=0; in_anchor=0; attempted=0; eligible_discovery=; eligible_selector=; numerator=None; denominator=None; gamma=None; anchor_role_ic=None; augmented_role_ic=None; outside_sse_max_diff=None; outside_prediction_max_diff=None; accepted=0; final=1,x1^2,x2^2,x3^2; wrapper_overhead_unoptimized=1",1.0,1.0,6,3,1.0,63,0,0,0,1;x1^2;x2^2;x3^2,S,balanced,100,100;100;100;100;100;100;100;100,748286.625,1;x1^2;x2^2;x3^2,1;x1^2;x2^2;x3^2,"[0.012045367447072408,0.5924437270629159,0.50299837011235,0.7845879619572731]","[0.009214545143245418,0.595957810492653,0.5057626441824759,0.7852473092854623]",,0.0,0.0,0.0,,0,,0,,,,,,,,0.0
multi_quadratic,spurious,0.2,100,8,20101,fcrra-spent-diagnostic,1.0,1.0,1.0,0.00013310318964879081,0.15812668083737336,0.0,1.0,0.0,frozen-v6-anchor,0.17054396942094338,0.2681761843192838,2.9193137340000703,5989208,x1^2;x2^2;x3^2,0.01334 + 0.6035·x₁² + 0.4902·x₂² + 0.8008·x₃²,"FCRRA spent-seed diagnostic; anchor=1,x1^2,x2^2,x3^2; exception=; in_bank=0; in_anchor=0; attempted=0; eligible_discovery=; eligible_selector=; numerator=None; denominator=None; gamma=None; anchor_role_ic=None; augmented_role_ic=None; outside_sse_max_diff=None; outside_prediction_max_diff=None; accepted=0; final=1,x1^2,x2^2,x3^2; wrapper_overhead_unoptimized=1",1.0,1.0,6,3,1.0,63,0,0,0,1;x1^2;x2^2;x3^2,S,imbalanced,100,80;94;110;128;150;71;71;71,748651.0,1;x1^2;x2^2;x3^2,1;x1^2;x2^2;x3^2,"[0.03050194327654232,0.5947395096619243,0.48873188972650744,0.799459135123767]","[0.013337225102270239,0.6035127869286943,0.49017533755157056,0.800831135555576]",,0.0,0.0,0.0,,0,,0,,,,,,,,0.0
multi_quadratic,spurious,0.2,100,8,20102,fcrra-spent-diagnostic,1.0,1.0,1.0,0.0003488711664586728,0.14471706814078059,0.0,1.0,0.0,frozen-v6-anchor,0.1676432744394324,0.21977140889139754,2.9231871950000823,5984147,x1^2;x2^2;x3^2,0.02187 + 0.5996·x₁² + 0.5098·x₂² + 0.7802·x₃²,"FCRRA spent-seed diagnostic; anchor=1,x1^2,x2^2,x3^2; exception=; in_bank=0; in_anchor=0; attempted=0; eligible_discovery=; eligible_selector=; numerator=None; denominator=None; gamma=None; anchor_role_ic=None; augmented_role_ic=None; outside_sse_max_diff=None; outside_prediction_max_diff=None; accepted=0; final=1,x1^2,x2^2,x3^2; wrapper_overhead_unoptimized=1",1.0,1.0,5,2,1.0,32,0,0,0,1;x1^2;x2^2;x3^2,S,imbalanced,100,71;80;94;110;128;150;71;71,748018.375,1;x1^2;x2^2;x3^2,1;x1^2;x2^2;x3^2,"[0.005596338348730967,0.5994212508645913,0.5090970920486044,0.7886264391986462]","[0.021871860122651736,0.5995526316958768,0.5097846067845214,0.7802281401034721]",,0.0,0.0,0.0,,0,,0,,,,,,,,0.0
multi_quadratic,spurious,0.2,100,8,20103,fcrra-spent-diagnostic,1.0,1.0,1.0,0.00020713499744070226,0.15695025315145592,0.0,1.0,0.0,frozen-v6-anchor,0.16654383869057185,0.2467063958253338,2.9439504910001233,5993631,x1^2;x2^2;x3^2,0.03143 + 0.5862·x₁² + 0.4993·x₂² + 0.8024·x₃²,"FCRRA spent-seed diagnostic; anchor=1,x1^2,x2^2,x3^2; exception=; in_bank=0; in_anchor=0; attempted=0; eligible_discovery=; eligible_selector=; numerator=None; denominator=None; gamma=None; anchor_role_ic=None; augmented_role_ic=None; outside_sse_max_diff=None; outside_prediction_max_diff=None; accepted=0; final=1,x1^2,x2^2,x3^2; wrapper_overhead_unoptimized=1",1.0,1.0,7,4,1.0,120,0,0,0,1;x1^2;x2^2;x3^2,S,imbalanced,100,71;71;80;94;110;128;150;71,749203.875,1;x1^2;x2^2;x3^2,1;x1^2;x2^2;x3^2,"[0.03063333753120645,0.5826828030770881,0.49572103264656675,0.8141674633957456]","[0.03142551117864247,0.5861987000791562,0.49934763780817354,0.8023612644104674]",,0.0,0.0,0.0,,0,,0,,,,,,,,0.0
multi_quadratic,spurious,0.2,100,8,20104,fcrra-spent-diagnostic,1.0,1.0,1.0,3.891175317672766e-05,0.1678931283257291,0.0,1.0,0.0,frozen-v6-anchor,0.1269536101210559,0.27307487928103846,3.076279445999944,6036189,x1^2;x2^2;x3^2,-0.002711 + 0.5975·x₁² + 0.5046·x₂² + 0.8001·x₃²,"FCRRA spent-seed diagnostic; anchor=1,x1^2,x2^2,x3^2; exception=; in_bank=0; in_anchor=0; attempted=0; eligible_discovery=; eligible_selector=; numerator=None; denominator=None; gamma=None; anchor_role_ic=None; augmented_role_ic=None; outside_sse_max_diff=None; outside_prediction_max_diff=None; accepted=0; final=1,x1^2,x2^2,x3^2; wrapper_overhead_unoptimized=1",1.0,1.0,5,2,1.0,32,0,0,0,1;x1^2;x2^2;x3^2,S,imbalanced,100,71;71;71;80;94;110;128;150,754523.625,1;x1^2;x2^2;x3^2,1;x1^2;x2^2;x3^2,"[-0.024413657028989455,0.593066412962082,0.5128233612833304,0.7970637372036125]","[-0.002710930206716261,0.5975396484608667,0.5046439404487748,0.8001342737299617]",,0.0,0.0,0.0,,0,,0,,,,,,,,0.0
multi_quadratic,spurious,0.2,100,8,20105,fcrra-spent-diagnostic,1.0,1.0,1.0,0.0004211860161105341,0.13474006476497366,0.0,1.0,0.0,frozen-v6-anchor,0.12233635905821828,0.1821540823253276,2.9495301450001534,5977369,x1^2;x2^2;x3^2,-0.0562 + 0.6028·x₁² + 0.5072·x₂² + 0.8231·x₃²,"FCRRA spent-seed diagnostic; anchor=1,x1^2,x2^2,x3^2; exception=; in_bank=0; in_anchor=0; attempted=0; eligible_discovery=; eligible_selector=; numerator=None; denominator=None; gamma=None; anchor_role_ic=None; augmented_role_ic=None; outside_sse_max_diff=None; outside_prediction_max_diff=None; accepted=0; final=1,x1^2,x2^2,x3^2; wrapper_overhead_unoptimized=1",1.0,1.0,5,2,1.0,32,0,0,0,1;x1^2;x2^2;x3^2,S,imbalanced,100,150;71;71;71;80;94;110;128,747171.125,1;x1^2;x2^2;x3^2,1;x1^2;x2^2;x3^2,"[-0.055504570139342846,0.5978850202735067,0.5099231224109766,0.8210583209174862]","[-0.05619523530667903,0.6027993174770931,0.5071801557598095,0.823098119946396]",,0.0,0.0,0.0,,0,,0,,,,,,,,0.0
multi_quadratic,spurious,0.2,100,16,20101,fcrra-spent-diagnostic,1.0,1.0,1.0,1.4130543808555053e-05,0.1476529125032935,0.0,1.0,0.0,frozen-v6-anchor,0.13657701470059233,0.2493369124114603,5.8435851360000015,12011371,x1^2;x2^2;x3^2,0.001279 + 0.598·x₁² + 0.501·x₂² + 0.7975·x₃²,"FCRRA spent-seed diagnostic; anchor=1,x1^2,x2^2,x3^2; exception=; in_bank=0; in_anchor=0; attempted=0; eligible_discovery=; eligible_selector=; numerator=None; denominator=None; gamma=None; anchor_role_ic=None; augmented_role_ic=None; outside_sse_max_diff=None; outside_prediction_max_diff=None; accepted=0; final=1,x1^2,x2^2,x3^2; wrapper_overhead_unoptimized=1",1.0,1.0,8,5,1.0,219,0,0,0,1;x1^2;x2^2;x3^2,S,balanced,100,100;100;100;100;100;100;100;100;100;100;100;100;100;100;100;100,750710.6875,1;x1^2;x2^2;x3^2,1;x1^2;x2^2;x3^2,"[0.00882206699264998,0.6018989761941949,0.5006363636720719,0.7901360476996935]","[0.0012790613209923449,0.5980023761187124,0.5009923397731193,0.7975442356693883]",,0.0,0.0,0.0,,0,,0,,,,,,,,0.0
multi_quadratic,spurious,0.2,100,16,20102,fcrra-spent-diagnostic,1.0,1.0,1.0,8.852344237522148e-05,0.1583400572684689,0.0,1.0,0.0,frozen-v6-anchor,0.16348057819203027,0.2613248175223816,5.747458477999999,11972849,x1^2;x2^2;x3^2,-0.03362 + 0.6074·x₁² + 0.5046·x₂² + 0.7995·x₃²,"FCRRA spent-seed diagnostic; anchor=1,x1^2,x2^2,x3^2; exception=; in_bank=0; in_anchor=0; attempted=0; eligible_discovery=; eligible_selector=; numerator=None; denominator=None; gamma=None; anchor_role_ic=None; augmented_role_ic=None; outside_sse_max_diff=None; outside_prediction_max_diff=None; accepted=0; final=1,x1^2,x2^2,x3^2; wrapper_overhead_unoptimized=1",1.0,1.0,6,3,1.0,63,0,0,0,1;x1^2;x2^2;x3^2,S,balanced,100,100;100;100;100;100;100;100;100;100;100;100;100;100;100;100;100,748303.0625,1;x1^2;x2^2;x3^2,1;x1^2;x2^2;x3^2,"[-0.032670530386855745,0.6120624943292405,0.503135955006988,0.8020894635700553]","[-0.03361749369464749,0.607411166942275,0.5046215645923943,0.7994668014111874]",,0.0,0.0,0.0,,0,,0,,,,,,,,0.0
multi_quadratic,spurious,0.2,100,16,20103,fcrra-spent-diagnostic,1.0,1.0,1.0,0.00024981229400452057,0.14130843384128117,0.0,1.0,0.0,frozen-v6-anchor,0.1401913168047302,0.2197297129876953,5.8072433530001035,11973230,x1^2;x2^2;x3^2,0.0009087 + 0.5943·x₁² + 0.5027·x₂² + 0.7884·x₃²,"FCRRA spent-seed diagnostic; anchor=1,x1^2,x2^2,x3^2; exception=; in_bank=0; in_anchor=0; attempted=0; eligible_discovery=; eligible_selector=; numerator=None; denominator=None; gamma=None; anchor_role_ic=None; augmented_role_ic=None; outside_sse_max_diff=None; outside_prediction_max_diff=None; accepted=0; final=1,x1^2,x2^2,x3^2; wrapper_overhead_unoptimized=1",1.0,1.0,6,3,1.0,63,0,0,0,1;x1^2;x2^2;x3^2,S,balanced,100,100;100;100;100;100;100;100;100;100;100;100;100;100;100;100;100,748326.875,1;x1^2;x2^2;x3^2,1;x1^2;x2^2;x3^2,"[-0.0071387110823923905,0.5979210546394707,0.5042819800443821,0.7895854726964515]","[0.0009087225407973246,0.5943077046536016,0.5027153705731536,0.788433438568666]",,0.0,0.0,0.0,,0,,0,,,,,,,,0.0
multi_quadratic,spurious,0.2,100,16,20104,fcrra-spent-diagnostic,1.0,1.0,1.0,0.00017055225839871657,0.1483429069970961,0.0,1.0,0.0,frozen-v6-anchor,0.1314186870802203,0.2653836253013689,5.8282375429998865,11975838,x1^2;x2^2;x3^2,-0.01586 + 0.6035·x₁² + 0.5082·x₂² + 0.8007·x₃²,"FCRRA spent-seed diagnostic; anchor=1,x1^2,x2^2,x3^2; exception=; in_bank=0; in_anchor=0; attempted=0; eligible_discovery=; eligible_selector=; numerator=None; denominator=None; gamma=None; anchor_role_ic=None; augmented_role_ic=None; outside_sse_max_diff=None; outside_prediction_max_diff=None; accepted=0; final=1,x1^2,x2^2,x3^2; wrapper_overhead_unoptimized=1",1.0,1.0,6,3,1.0,63,0,0,0,1;x1^2;x2^2;x3^2,S,balanced,100,100;100;100;100;100;100;100;100;100;100;100;100;100;100;100;100,748489.875,1;x1^2;x2^2;x3^2,1;x1^2;x2^2;x3^2,"[-0.006414411055133407,0.6033939531884476,0.5045653999331841,0.8041043614574659]","[-0.015856802087470673,0.6035343901672338,0.5082122558099889,0.8006517446025089]",,0.0,0.0,0.0,,0,,0,,,,,,,,0.0
multi_quadratic,spurious,0.2,100,16,20105,fcrra-spent-diagnostic,1.0,1.0,1.0,0.00010930708359488061,0.14043654687880805,0.0,1.0,0.0,frozen-v6-anchor,0.12433147583427975,0.1905920850615189,5.774702189999971,11975523,x1^2;x2^2;x3^2,0.04529 + 0.6006·x₁² + 0.4943·x₂² + 0.7886·x₃²,"FCRRA spent-seed diagnostic; anchor=1,x1^2,x2^2,x3^2; exception=; in_bank=0; in_anchor=0; attempted=0; eligible_discovery=; eligible_selector=; numerator=None; denominator=None; gamma=None; anchor_role_ic=None; augmented_role_ic=None; outside_sse_max_diff=None; outside_prediction_max_diff=None; accepted=0; final=1,x1^2,x2^2,x3^2; wrapper_overhead_unoptimized=1",1.0,1.0,6,3,1.0,63,0,0,0,1;x1^2;x2^2;x3^2,S,balanced,100,100;100;100;100;100;100;100;100;100;100;100;100;100;100;100;100,748470.1875,1;x1^2;x2^2;x3^2,1;x1^2;x2^2;x3^2,"[0.042881830853824354,0.5996919086476065,0.49305614878377685,0.7949238685771323]","[0.04529241224483872,0.6005831381668788,0.49426632450572255,0.7886032565215747]",,0.0,0.0,0.0,,0,,0,,,,,,,,0.0
multi_quadratic,spurious,0.2,100,16,20101,fcrra-spent-diagnostic,1.0,1.0,1.0,1.9877806963465426e-05,0.15290299161014304,0.0,1.0,0.0,frozen-v6-anchor,0.18087613571191152,0.4109076336585161,5.779732082999999,11984281,x1^2;x2^2;x3^2,-0.01612 + 0.6027·x₁² + 0.5011·x₂² + 0.8041·x₃²,"FCRRA spent-seed diagnostic; anchor=1,x1^2,x2^2,x3^2; exception=; in_bank=0; in_anchor=0; attempted=0; eligible_discovery=; eligible_selector=; numerator=None; denominator=None; gamma=None; anchor_role_ic=None; augmented_role_ic=None; outside_sse_max_diff=None; outside_prediction_max_diff=None; accepted=0; final=1,x1^2,x2^2,x3^2; wrapper_overhead_unoptimized=1",1.0,1.0,6,3,1.0,63,0,0,0,1;x1^2;x2^2;x3^2,S,imbalanced,100,112;120;130;139;150;71;71;71;71;71;72;78;83;90;97;104,749017.5625,1;x1^2;x2^2;x3^2,1;x1^2;x2^2;x3^2,"[-0.02307157434775675,0.6043403334140471,0.5000500100984844,0.8079748042710584]","[-0.01612016089312622,0.6026642124348445,0.5011293790892425,0.8041417208240675]",,0.0,0.0,0.0,,0,,0,,,,,,,,0.0
multi_quadratic,spurious,0.2,100,16,20102,fcrra-spent-diagnostic,1.0,1.0,1.0,0.0002796122399254167,0.15989555925714358,0.0,1.0,0.0,frozen-v6-anchor,0.13966294375739993,0.21850649760506108,5.740956675000007,11976580,x1^2;x2^2;x3^2,0.01294 + 0.5958·x₁² + 0.4898·x₂² + 0.8022·x₃²,"FCRRA spent-seed diagnostic; anchor=1,x1^2,x2^2,x3^2; exception=; in_bank=0; in_anchor=0; attempted=0; eligible_discovery=; eligible_selector=; numerator=None; denominator=None; gamma=None; anchor_role_ic=None; augmented_role_ic=None; outside_sse_max_diff=None; outside_prediction_max_diff=None; accepted=0; final=1,x1^2,x2^2,x3^2; wrapper_overhead_unoptimized=1",1.0,1.0,6,3,1.0,63,0,0,0,1;x1^2;x2^2;x3^2,S,imbalanced,100,104;112;120;130;139;150;71;71;71;71;71;72;78;83;90;97,748536.25,1;x1^2;x2^2;x3^2,1;x1^2;x2^2;x3^2,"[0.014152145206407951,0.5982842028211928,0.48702815958746437,0.8008637871989879]","[0.012938505270765987,0.5957859329059269,0.4898476526035164,0.8022229859728084]",,0.0,0.0,0.0,,0,,0,,,,,,,,0.0
multi_quadratic,spurious,0.2,100,16,20103,fcrra-spent-diagnostic,1.0,1.0,1.0,0.00017610108432371865,0.1426811659284691,0.0,1.0,0.0,frozen-v6-anchor,0.14515770580998302,0.2973574832553439,5.769425445000024,11976970,x1^2;x2^2;x3^2,-0.006849 + 0.5933·x₁² + 0.5017·x₂² + 0.7964·x₃²,"FCRRA spent-seed diagnostic; anchor=1,x1^2,x2^2,x3^2; exception=; in_bank=0; in_anchor=0; attempted=0; eligible_discovery=; eligible_selector=; numerator=None; denominator=None; gamma=None; anchor_role_ic=None; augmented_role_ic=None; outside_sse_max_diff=None; outside_prediction_max_diff=None; accepted=0; final=1,x1^2,x2^2,x3^2; wrapper_overhead_unoptimized=1",1.0,1.0,6,3,1.0,63,0,0,0,1;x1^2;x2^2;x3^2,S,imbalanced,100,97;104;112;120;130;139;150;71;71;71;71;71;72;78;83;90,748560.625,1;x1^2;x2^2;x3^2,1;x1^2;x2^2;x3^2,"[0.011624946586579199,0.5917179352305943,0.4954751675144923,0.7925513278943699]","[-0.00684852850137076,0.5932735976854654,0.501650189936296,0.7964490426299098]",,0.0,0.0,0.0,,0,,0,,,,,,,,0.0
multi_quadratic,spurious,0.2,100,16,20104,fcrra-spent-diagnostic,1.0,1.0,1.0,0.00020852608242369716,0.1430341810883219,0.0,1.0,0.0,frozen-v6-anchor,0.13533237723912084,0.2002812089213176,5.797614852000152,11963353,x1^2;x2^2;x3^2,0.03713 + 0.5898·x₁² + 0.4949·x₂² + 0.7952·x₃²,"FCRRA spent-seed diagnostic; anchor=1,x1^2,x2^2,x3^2; exception=; in_bank=0; in_anchor=0; attempted=0; eligible_discovery=; eligible_selector=; numerator=None; denominator=None; gamma=None; anchor_role_ic=None; augmented_role_ic=None; outside_sse_max_diff=None; outside_prediction_max_diff=None; accepted=0; final=1,x1^2,x2^2,x3^2; wrapper_overhead_unoptimized=1",1.0,1.0,5,2,1.0,32,0,0,0,1;x1^2;x2^2;x3^2,S,imbalanced,100,90;97;104;112;120;130;139;150;71;71;71;71;71;72;78;83,747709.5625,1;x1^2;x2^2;x3^2,1;x1^2;x2^2;x3^2,"[0.05143155576486791,0.5936221712509178,0.4841751296481388,0.7927156331685294]","[0.037131439123437165,0.5897536343247054,0.49485538837999826,0.7951747290753831]",,0.0,0.0,0.0,,0,,0,,,,,,,,0.0
multi_quadratic,spurious,0.2,100,16,20105,fcrra-spent-diagnostic,1.0,1.0,1.0,4.740283067061448e-05,0.13671454439402803,0.0,1.0,0.0,frozen-v6-anchor,0.12590394027106042,0.1986912519746976,5.751536496999961,11977172,x1^2;x2^2;x3^2,0.0194 + 0.6032·x₁² + 0.4971·x₂² + 0.7952·x₃²,"FCRRA spent-seed diagnostic; anchor=1,x1^2,x2^2,x3^2; exception=; in_bank=0; in_anchor=0; attempted=0; eligible_discovery=; eligible_selector=; numerator=None; denominator=None; gamma=None; anchor_role_ic=None; augmented_role_ic=None; outside_sse_max_diff=None; outside_prediction_max_diff=None; accepted=0; final=1,x1^2,x2^2,x3^2; wrapper_overhead_unoptimized=1",1.0,1.0,6,3,1.0,63,0,0,0,1;x1^2;x2^2;x3^2,S,imbalanced,100,83;90;97;104;112;120;130;139;150;71;71;71;71;71;72;78,748573.25,1;x1^2;x2^2;x3^2,1;x1^2;x2^2;x3^2,"[0.03475666091034313,0.6023844163046295,0.49512360665659166,0.790516272441625]","[0.019403435286447397,0.6032483360884145,0.4971189318779746,0.7951777496553525]",,0.0,0.0,0.0,,0,,0,,,,,,,,0.0
multi_quadratic,exception,0.2,100,4,20101,fcrra-spent-diagnostic,1.0,1.0,1.0,0.0009695892615972831,0.4259919136840928,0.0,1.0,0.0,frozen-v6-anchor,0.32272844708720927,0.42290211186161364,2.1964440090000608,3523161,I(x3>1)*x3^2;x1^2;x2^2;x3^2,0.02908 + 0.568·x₁² + 0.5063·x₂² + 0.8297·x₃² + 0.7479·𝟙[x₃>1]·x₃²,"FCRRA spent-seed diagnostic; anchor=1,x1^2,x2^2,x3^2,I(x3>1)*x3^2; exception=I(x3>1)*x3^2; in_bank=1; in_anchor=1; attempted=0; eligible_discovery=; eligible_selector=; numerator=None; denominator=None; gamma=None; anchor_role_ic=None; augmented_role_ic=None; outside_sse_max_diff=None; outside_prediction_max_diff=None; accepted=0; final=1,x1^2,x2^2,x3^2,I(x3>1)*x3^2; wrapper_overhead_unoptimized=1",1.0,1.0,6,2,0.0,63,0,1,1,1;x1^2;x2^2;x3^2;I(x3>1)*x3^2,S,balanced,100,100;100;100;100,880790.25,1;x1^2;x2^2;x3^2;I(x3>1)*x3^2,1;x1^2;x2^2;x3^2;I(x3>1)*x3^2,"[0.0318723256938988,0.5601585931330308,0.5176857602488011,0.8190537415203223,0.7619630305104516]","[0.029075609764462725,0.5679781527499095,0.5063399535858685,0.8297271407027651,0.7478707798928412]",I(x3>1)*x3^2,1.0,1.0,0.0,,0,,0,,,,,,,,0.0
multi_quadratic,exception,0.2,100,4,20102,fcrra-spent-diagnostic,1.0,1.0,1.0,0.0005509334781444431,0.36961038081827086,0.0,1.0,0.0,frozen-v6-anchor,0.39374089611068164,0.47008575863403623,2.1524901430000227,3508065,I(x3>1)*x3^2;x1^2;x2^2;x3^2,0.01069 + 0.5921·x₁² + 0.4977·x₂² + 0.8·x₃² + 0.7194·𝟙[x₃>1]·x₃²,"FCRRA spent-seed diagnostic; anchor=1,x1^2,x2^2,x3^2,I(x3>1)*x3^2; exception=I(x3>1)*x3^2; in_bank=1; in_anchor=1; attempted=0; eligible_discovery=; eligible_selector=; numerator=None; denominator=None; gamma=None; anchor_role_ic=None; augmented_role_ic=None; outside_sse_max_diff=None; outside_prediction_max_diff=None; accepted=0; final=1,x1^2,x2^2,x3^2,I(x3>1)*x3^2; wrapper_overhead_unoptimized=1",1.0,1.0,6,2,1.0,63,0,0,1,1;x1^2;x2^2;x3^2;I(x3>1)*x3^2,S,balanced,100,100;100;100;100,877016.25,1;x1^2;x2^2;x3^2;I(x3>1)*x3^2,1;x1^2;x2^2;x3^2;I(x3>1)*x3^2,"[-0.014866228798939172,0.608680443848863,0.48898448325485105,0.7974491114170688,0.7228647813293663]","[0.01068549782210384,0.5920825526393128,0.4977024241153699,0.7999770085642413,0.7193711665897308]",I(x3>1)*x3^2,1.0,1.0,0.0,,0,,0,,,,,,,,0.0
multi_quadratic,exception,0.2,100,4,20103,fcrra-spent-diagnostic,0.0,0.75,0.75,0.0056607500201694555,0.519326337121218,0.0,1.0,0.0,frozen-v6-anchor,0.45216033024262337,0.6157460760187405,2.2928014890001123,3623268,I(x3>1)*x3^2;cos(x3);x1^2;x2^2,2.148 + 0.607·x₁² + 0.5051·x₂² - 2.311·cos(x₃) + 0.8051·𝟙[x₃>1]·x₃²,"FCRRA spent-seed diagnostic; anchor=1,x1^2,x2^2,cos(x3),I(x3>1)*x3^2; exception=I(x3>1)*x3^2; in_bank=1; in_anchor=1; attempted=0; eligible_discovery=; eligible_selector=; numerator=None; denominator=None; gamma=None; anchor_role_ic=None; augmented_role_ic=None; outside_sse_max_diff=None; outside_prediction_max_diff=None; accepted=0; final=1,x1^2,x2^2,cos(x3),I(x3>1)*x3^2; wrapper_overhead_unoptimized=1",1.0,1.0,5,1,0.0,32,0,1,1,1;x1^2;x2^2;cos(x3);I(x3>1)*x3^2,S,balanced,100,100;100;100;100,905817.0,1;x1^2;x2^2;cos(x3);I(x3>1)*x3^2,1;x1^2;x2^2;cos(x3);I(x3>1)*x3^2,"[2.1109324260467184,0.6004493897746639,0.500786736056247,-2.280978794919704,0.8263263182200116]","[2.1476146903247395,0.6070260053873054,0.5050649651247007,-2.3108210523857733,0.8051168422051689]",I(x3>1)*x3^2,1.0,1.0,0.0,,0,,0,,,,,,,,0.0
multi_quadratic,exception,0.2,100,4,20104,fcrra-spent-diagnostic,0.0,0.75,0.75,0.011531351151960169,0.5524062393351794,0.0,0.0,0.0,frozen-v6-anchor,0.5819160388647509,0.8117162996312042,2.1735819860000447,3556621,x1^2;x2^2;x3;x3^2,-0.2395 + 0.6612·x₃ + 0.6005·x₁² + 0.5156·x₂² + 1.228·x₃²,"FCRRA spent-seed diagnostic; anchor=1,x3,x1^2,x2^2,x3^2; exception=I(x3>1)*x3^2; in_bank=1; in_anchor=0; attempted=1; eligible_discovery=client-4; eligible_selector=client-4; numerator=49.69463797203366; denominator=911.7012782799573; gamma=0.05450758834712132; anchor_role_ic=0.3179116281046035; augmented_role_ic=0.938665526605095; outside_sse_max_diff=0.0; outside_prediction_max_diff=4.440892098500626e-16; accepted=0; final=1,x3,x1^2,x2^2,x3^2; wrapper_overhead_unoptimized=1",1.0,1.0,7,3,0.0,120,1,2,0,1;x3;x1^2;x2^2;x3^2,S,balanced,100,100;100;100;100,889155.25,1;x3;x1^2;x2^2;x3^2,1;x3;x1^2;x2^2;x3^2,"[-0.2240125055714177,0.6697770383470816,0.6061216619974534,0.5190093422121976,1.20571396654965]","[-0.23949853350632616,0.6612371355646324,0.6005168989855183,0.5156337253610274,1.2277553345449483]",I(x3>1)*x3^2,1.0,0.0,1.0,client-4,70,client-4,15,49.69463797203366,911.7012782799573,0.05450758834712132,0.3179116281046035,0.938665526605095,0.0,4.440892098500626e-16,0.0
multi_quadratic,exception,0.2,100,4,20105,fcrra-spent-diagnostic,1.0,1.0,1.0,0.00021829276989159593,0.4517201651447654,0.0,1.0,0.0,frozen-v6-anchor,0.33075998955119557,0.475716883270267,2.353722374999961,3648594,I(x3>1)*x3^2;x1^2;x2^2;x3^2,-0.06077 + 0.6148·x₁² + 0.4984·x₂² + 0.796·x₃² + 0.7652·𝟙[x₃>1]·x₃²,"FCRRA spent-seed diagnostic; anchor=1,x1^2,x2^2,x3^2,I(x3>1)*x3^2; exception=I(x3>1)*x3^2; in_bank=1; in_anchor=1; attempted=0; eligible_discovery=; eligible_selector=; numerator=None; denominator=None; gamma=None; anchor_role_ic=None; augmented_role_ic=None; outside_sse_max_diff=None; outside_prediction_max_diff=None; accepted=0; final=1,x1^2,x2^2,x3^2,I(x3>1)*x3^2; wrapper_overhead_unoptimized=1",1.0,1.0,6,2,1.0,63,0,0,1,1;x1^2;x2^2;x3^2;I(x3>1)*x3^2,S,balanced,100,100;100;100;100,912148.5,1;x1^2;x2^2;x3^2;I(x3>1)*x3^2,1;x1^2;x2^2;x3^2;I(x3>1)*x3^2,"[-0.07036237589325835,0.620710173226036,0.49384529243356284,0.7825726207563306,0.7704444675237834]","[-0.06076727189467023,0.6148376968908648,0.4984189295972717,0.7960000396939579,0.7651579481457579]",I(x3>1)*x3^2,1.0,1.0,0.0,,0,,0,,,,,,,,0.0
multi_quadratic,exception,0.2,100,4,20101,fcrra-spent-diagnostic,1.0,1.0,1.0,0.00046853942982646573,0.41273328900014533,0.0,1.0,0.0,frozen-v6-anchor,0.3999870733005898,0.5130813496715746,2.170576423000057,3537375,I(x3>1)*x3^2;x1^2;x2^2;x3^2,-0.03533 + 0.5994·x₁² + 0.5081·x₂² + 0.8323·x₃² + 0.7378·𝟙[x₃>1]·x₃²,"FCRRA spent-seed diagnostic; anchor=1,x1^2,x2^2,x3^2,I(x3>1)*x3^2; exception=I(x3>1)*x3^2; in_bank=1; in_anchor=1; attempted=0; eligible_discovery=; eligible_selector=; numerator=None; denominator=None; gamma=None; anchor_role_ic=None; augmented_role_ic=None; outside_sse_max_diff=None; outside_prediction_max_diff=None; accepted=0; final=1,x1^2,x2^2,x3^2,I(x3>1)*x3^2; wrapper_overhead_unoptimized=1",1.0,1.0,6,2,1.0,63,0,0,1,1;x1^2;x2^2;x3^2;I(x3>1)*x3^2,S,imbalanced,100,150;71;72;104,884343.75,1;x1^2;x2^2;x3^2;I(x3>1)*x3^2,1;x1^2;x2^2;x3^2;I(x3>1)*x3^2,"[-0.05015034351645072,0.6095734149717252,0.5078275105934963,0.8582033847247388,0.7113731254165351]","[-0.035332661904783784,0.599414175789315,0.5081005513151399,0.8323118563638502,0.7378423725683959]",I(x3>1)*x3^2,1.0,1.0,0.0,,0,,0,,,,,,,,0.0
multi_quadratic,exception,0.2,100,4,20102,fcrra-spent-diagnostic,1.0,1.0,1.0,0.0006090561495940474,0.27472185743179867,0.0,1.0,0.0,frozen-v6-anchor,0.28833898660809537,0.3587346049880683,2.2295152140000027,3570232,I(x3>1)*x3^2;x1^2;x2^2;x3^2,-0.04652 + 0.5975·x₁² + 0.5219·x₂² + 0.7915·x₃² + 0.7316·𝟙[x₃>1]·x₃²,"FCRRA spent-seed diagnostic; anchor=1,x1^2,x2^2,x3^2,I(x3>1)*x3^2; exception=I(x3>1)*x3^2; in_bank=1; in_anchor=1; attempted=0; eligible_discovery=; eligible_selector=; numerator=None; denominator=None; gamma=None; anchor_role_ic=None; augmented_role_ic=None; outside_sse_max_diff=None; outside_prediction_max_diff=None; accepted=0; final=1,x1^2,x2^2,x3^2,I(x3>1)*x3^2; wrapper_overhead_unoptimized=1",1.0,1.0,6,2,1.0,63,0,0,1,1;x1^2;x2^2;x3^2;I(x3>1)*x3^2,S,imbalanced,100,104;150;71;72,892558.0,1;x1^2;x2^2;x3^2;I(x3>1)*x3^2,1;x1^2;x2^2;x3^2;I(x3>1)*x3^2,"[-0.05463951401882959,0.5966439757280233,0.5252908002937535,0.7972383694602921,0.7538875931865623]","[-0.04651954267183004,0.5975090667036448,0.5218903797760017,0.7915361914053523,0.7315660872490081]",I(x3>1)*x3^2,1.0,1.0,0.0,,0,,0,,,,,,,,0.0
multi_quadratic,exception,0.2,100,4,20103,fcrra-spent-diagnostic,1.0,1.0,1.0,0.0005437653118494886,0.33733344301703844,0.0,1.0,0.0,frozen-v6-anchor,0.27404752843570374,0.3674879550782748,2.2332663490001323,3577932,I(x3>1)*x3^2;x1^2;x2^2;x3^2,0.07834 + 0.5891·x₁² + 0.4887·x₂² + 0.7727·x₃² + 0.7555·𝟙[x₃>1]·x₃²,"FCRRA spent-seed diagnostic; anchor=1,x1^2,x2^2,x3^2,I(x3>1)*x3^2; exception=I(x3>1)*x3^2; in_bank=1; in_anchor=1; attempted=0; eligible_discovery=; eligible_selector=; numerator=None; denominator=None; gamma=None; anchor_role_ic=None; augmented_role_ic=None; outside_sse_max_diff=None; outside_prediction_max_diff=None; accepted=0; final=1,x1^2,x2^2,x3^2,I(x3>1)*x3^2; wrapper_overhead_unoptimized=1",1.0,1.0,7,3,1.0,120,0,0,1,1;x1^2;x2^2;x3^2;I(x3>1)*x3^2,S,imbalanced,100,72;104;150;71,894483.0,1;x1^2;x2^2;x3^2;I(x3>1)*x3^2,1;x1^2;x2^2;x3^2;I(x3>1)*x3^2,"[0.11503543449712873,0.589140304762109,0.48323528666448284,0.7513838562722278,0.789671716619239]","[0.07834308276791398,0.5890780459346824,0.4887044618276622,0.7727490650444133,0.7555359992613375]",I(x3>1)*x3^2,1.0,1.0,0.0,,0,,0,,,,,,,,0.0
multi_quadratic,exception,0.2,100,4,20104,fcrra-spent-diagnostic,1.0,1.0,1.0,0.001140637377570831,0.4230913388886348,0.0,1.0,0.0,frozen-v6-anchor,0.36793162784877365,0.39051138222255305,2.284330756999907,3592127,I(x3>1)*x3^2;x1^2;x2^2;x3^2,-0.1184 + 0.6203·x₁² + 0.4883·x₂² + 0.8492·x₃² + 0.707·𝟙[x₃>1]·x₃²,"FCRRA spent-seed diagnostic; anchor=1,x1^2,x2^2,x3^2,I(x3>1)*x3^2; exception=I(x3>1)*x3^2; in_bank=1; in_anchor=1; attempted=0; eligible_discovery=; eligible_selector=; numerator=None; denominator=None; gamma=None; anchor_role_ic=None; augmented_role_ic=None; outside_sse_max_diff=None; outside_prediction_max_diff=None; accepted=0; final=1,x1^2,x2^2,x3^2,I(x3>1)*x3^2; wrapper_overhead_unoptimized=1",1.0,1.0,6,2,1.0,63,0,0,1,1;x1^2;x2^2;x3^2;I(x3>1)*x3^2,S,imbalanced,100,71;72;104;150,898031.75,1;x1^2;x2^2;x3^2;I(x3>1)*x3^2,1;x1^2;x2^2;x3^2;I(x3>1)*x3^2,"[-0.10853426125312758,0.6155542522857248,0.48116068884057517,0.8518405505072353,0.7233125114332531]","[-0.11838728203805457,0.6203280822221002,0.4882991543225045,0.8492046174699175,0.7070279752952348]",I(x3>1)*x3^2,1.0,1.0,0.0,,0,,0,,,,,,,,0.0
multi_quadratic,exception,0.2,100,4,20105,fcrra-spent-diagnostic,1.0,1.0,1.0,0.0011056667342405056,0.42221914871162275,0.0,1.0,0.0,frozen-v6-anchor,0.46802489248938317,0.5716752637222116,2.4107512780001343,3681160,I(x3>1)*x3^2;x1^2;x2^2;x3^2,-0.1437 + 0.6322·x₁² + 0.4985·x₂² + 0.8432·x₃² + 0.7243·𝟙[x₃>1]·x₃²,"FCRRA spent-seed diagnostic; anchor=1,x1^2,x2^2,x3^2,I(x3>1)*x3^2; exception=I(x3>1)*x3^2; in_bank=1; in_anchor=1; attempted=0; eligible_discovery=; eligible_selector=; numerator=None; denominator=None; gamma=None; anchor_role_ic=None; augmented_role_ic=None; outside_sse_max_diff=None; outside_prediction_max_diff=None; accepted=0; final=1,x1^2,x2^2,x3^2,I(x3>1)*x3^2; wrapper_overhead_unoptimized=1",1.0,1.0,6,2,1.0,63,0,0,1,1;x1^2;x2^2;x3^2;I(x3>1)*x3^2,S,imbalanced,100,150;71;72;104,920290.0,1;x1^2;x2^2;x3^2;I(x3>1)*x3^2,1;x1^2;x2^2;x3^2;I(x3>1)*x3^2,"[-0.0894603434793763,0.640188717771527,0.5008265769037907,0.8201000055339227,0.7344679901251178]","[-0.14374489267336754,0.6322012881240707,0.49848951141126013,0.8432003086015769,0.7242962404143409]",I(x3>1)*x3^2,1.0,1.0,0.0,,0,,0,,,,,,,,0.0
multi_quadratic,exception,0.2,100,8,20101,fcrra-spent-diagnostic,1.0,1.0,1.0,0.00045518335666015856,0.28936671413505666,0.0,1.0,0.0,frozen-v6-anchor,0.3068412873536677,0.44909223292263506,4.097597804000088,6949411,I(x3>1)*x3^2;x1^2;x2^2;x3^2,0.02072 + 0.618·x₁² + 0.4914·x₂² + 0.7794·x₃² + 0.7438·𝟙[x₃>1]·x₃²,"FCRRA spent-seed diagnostic; anchor=1,x1^2,x2^2,x3^2,I(x3>1)*x3^2; exception=I(x3>1)*x3^2; in_bank=1; in_anchor=1; attempted=0; eligible_discovery=; eligible_selector=; numerator=None; denominator=None; gamma=None; anchor_role_ic=None; augmented_role_ic=None; outside_sse_max_diff=None; outside_prediction_max_diff=None; accepted=0; final=1,x1^2,x2^2,x3^2,I(x3>1)*x3^2; wrapper_overhead_unoptimized=1",1.0,1.0,7,3,1.0,120,0,0,1,1;x1^2;x2^2;x3^2;I(x3>1)*x3^2,S,balanced,100,100;100;100;100;100;100;100;100,868676.375,1;x1^2;x2^2;x3^2;I(x3>1)*x3^2,1;x1^2;x2^2;x3^2;I(x3>1)*x3^2,"[0.02497772545489099,0.6075186142046738,0.4964138683229002,0.7849777308192736,0.7379117089421212]","[0.02071711387649015,0.6179993020299979,0.4913764375536133,0.7793933513029777,0.7438482963883541]",I(x3>1)*x3^2,1.0,1.0,0.0,,0,,0,,,,,,,,0.0
multi_quadratic,exception,0.2,100,8,20102,fcrra-spent-diagnostic,1.0,1.0,1.0,0.0002943889578825447,0.29714020945660435,0.0,1.0,0.0,frozen-v6-anchor,0.3093807624475534,0.45473227426862955,3.9742851999999402,6838848,I(x3>1)*x3^2;x1^2;x2^2;x3^2,-0.008621 + 0.593·x₁² + 0.5027·x₂² + 0.8201·x₃² + 0.7561·𝟙[x₃>1]·x₃²,"FCRRA spent-seed diagnostic; anchor=1,x1^2,x2^2,x3^2,I(x3>1)*x3^2; exception=I(x3>1)*x3^2; in_bank=1; in_anchor=1; attempted=0; eligible_discovery=; eligible_selector=; numerator=None; denominator=None; gamma=None; anchor_role_ic=None; augmented_role_ic=None; outside_sse_max_diff=None; outside_prediction_max_diff=None; accepted=0; final=1,x1^2,x2^2,x3^2,I(x3>1)*x3^2; wrapper_overhead_unoptimized=1",1.0,1.0,9,5,1.0,382,0,0,1,1;x1^2;x2^2;x3^2;I(x3>1)*x3^2,S,balanced,100,100;100;100;100;100;100;100;100,854856.0,1;x1^2;x2^2;x3^2;I(x3>1)*x3^2,1;x1^2;x2^2;x3^2;I(x3>1)*x3^2,"[-0.0051580874296753045,0.5873020918504473,0.5048053947119743,0.8068975602974586,0.7574218274870189]","[-0.008621044673611654,0.593025596052438,0.5026503305289117,0.8200631491123893,0.7561127863024562]",I(x3>1)*x3^2,1.0,1.0,0.0,,0,,0,,,,,,,,0.0
multi_quadratic,exception,0.2,100,8,20103,fcrra-spent-diagnostic,1.0,1.0,1.0,0.0006344086541466314,0.28730259885259046,0.0,1.0,0.0,frozen-v6-anchor,0.2559714887988582,0.37477271166994325,4.019411382000044,6885906,I(x3>1)*x3^2;x1^2;x2^2;x3^2,0.002446 + 0.5918·x₁² + 0.5108·x₂² + 0.8108·x₃² + 0.7016·𝟙[x₃>1]·x₃²,"FCRRA spent-seed diagnostic; anchor=1,x1^2,x2^2,x3^2,I(x3>1)*x3^2; exception=I(x3>1)*x3^2; in_bank=1; in_anchor=1; attempted=0; eligible_discovery=; eligible_selector=; numerator=None; denominator=None; gamma=None; anchor_role_ic=None; augmented_role_ic=None; outside_sse_max_diff=None; outside_prediction_max_diff=None; accepted=0; final=1,x1^2,x2^2,x3^2,I(x3>1)*x3^2; wrapper_overhead_unoptimized=1",1.0,1.0,7,3,1.0,120,0,0,1,1;x1^2;x2^2;x3^2;I(x3>1)*x3^2,S,balanced,100,100;100;100;100;100;100;100;100,860738.25,1;x1^2;x2^2;x3^2;I(x3>1)*x3^2,1;x1^2;x2^2;x3^2;I(x3>1)*x3^2,"[0.030203032611164644,0.593750207961661,0.5104725038840182,0.7963444499344253,0.6996429708446494]","[0.00244601401266091,0.5917932790261987,0.5108241622184783,0.810839736719223,0.7015594862887817]",I(x3>1)*x3^2,1.0,1.0,0.0,,0,,0,,,,,,,,0.0
multi_quadratic,exception,0.2,100,8,20104,fcrra-spent-diagnostic,1.0,1.0,1.0,0.0005161649580752664,0.2504114302702898,0.0,1.0,0.0,frozen-v6-anchor,0.21949616506172884,0.3328637198810232,3.9260708189999605,6825107,I(x3>1)*x3^2;x1^2;x2^2;x3^2,-0.05451 + 0.5941·x₁² + 0.5208·x₂² + 0.8116·x₃² + 0.7557·𝟙[x₃>1]·x₃²,"FCRRA spent-seed diagnostic; anchor=1,x1^2,x2^2,x3^2,I(x3>1)*x3^2; exception=I(x3>1)*x3^2; in_bank=1; in_anchor=1; attempted=0; eligible_discovery=; eligible_selector=; numerator=None; denominator=None; gamma=None; anchor_role_ic=None; augmented_role_ic=None; outside_sse_max_diff=None; outside_prediction_max_diff=None; accepted=0; final=1,x1^2,x2^2,x3^2,I(x3>1)*x3^2; wrapper_overhead_unoptimized=1",1.0,1.0,7,3,1.0,120,0,0,1,1;x1^2;x2^2;x3^2;I(x3>1)*x3^2,S,balanced,100,100;100;100;100;100;100;100;100,853138.375,1;x1^2;x2^2;x3^2;I(x3>1)*x3^2,1;x1^2;x2^2;x3^2;I(x3>1)*x3^2,"[-0.05510863341337752,0.5854488327298591,0.5200730509027793,0.8246994008561025,0.7436433614435344]","[-0.05451178167079746,0.5940611484970076,0.5208036262092854,0.8115943884673783,0.7556566142057358]",I(x3>1)*x3^2,1.0,1.0,0.0,,0,,0,,,,,,,,0.0
multi_quadratic,exception,0.2,100,8,20105,fcrra-spent-diagnostic,1.0,1.0,1.0,0.00019464245568673452,0.25441079058990984,0.0,1.0,0.0,frozen-v6-anchor,0.20206946499252645,0.2366869902793648,4.151760749999994,6953681,I(x3>1)*x3^2;x1^2;x2^2;x3^2,0.04036 + 0.6039·x₁² + 0.4951·x₂² + 0.7792·x₃² + 0.7478·𝟙[x₃>1]·x₃²,"FCRRA spent-seed diagnostic; anchor=1,x1^2,x2^2,x3^2,I(x3>1)*x3^2; exception=I(x3>1)*x3^2; in_bank=1; in_anchor=1; attempted=0; eligible_discovery=; eligible_selector=; numerator=None; denominator=None; gamma=None; anchor_role_ic=None; augmented_role_ic=None; outside_sse_max_diff=None; outside_prediction_max_diff=None; accepted=0; final=1,x1^2,x2^2,x3^2,I(x3>1)*x3^2; wrapper_overhead_unoptimized=1",1.0,1.0,8,4,1.0,219,0,0,1,1;x1^2;x2^2;x3^2;I(x3>1)*x3^2,S,balanced,100,100;100;100;100;100;100;100;100,869210.125,1;x1^2;x2^2;x3^2;I(x3>1)*x3^2,1;x1^2;x2^2;x3^2;I(x3>1)*x3^2,"[0.027301166631824875,0.6036101587337562,0.4994043736928116,0.7820603978327393,0.7530672786587799]","[0.040364082629921194,0.6038637516280595,0.495064208470293,0.7792169777423827,0.7478030726097367]",I(x3>1)*x3^2,1.0,1.0,0.0,,0,,0,,,,,,,,0.0
multi_quadratic,exception,0.2,100,8,20101,fcrra-spent-diagnostic,1.0,1.0,1.0,0.00025536435933800353,0.2644558238375411,0.0,1.0,0.0,frozen-v6-anchor,0.29419075587154914,0.4689952276923443,4.094112004999943,6945735,I(x3>1)*x3^2;x1^2;x2^2;x3^2,0.04917 + 0.601·x₁² + 0.5036·x₂² + 0.7666·x₃² + 0.7654·𝟙[x₃>1]·x₃²,"FCRRA spent-seed diagnostic; anchor=1,x1^2,x2^2,x3^2,I(x3>1)*x3^2; exception=I(x3>1)*x3^2; in_bank=1; in_anchor=1; attempted=0; eligible_discovery=; eligible_selector=; numerator=None; denominator=None; gamma=None; anchor_role_ic=None; augmented_role_ic=None; outside_sse_max_diff=None; outside_prediction_max_diff=None; accepted=0; final=1,x1^2,x2^2,x3^2,I(x3>1)*x3^2; wrapper_overhead_unoptimized=1",1.0,1.0,6,2,1.0,63,0,0,1,1;x1^2;x2^2;x3^2;I(x3>1)*x3^2,S,imbalanced,100,80;94;110;128;150;71;71;71,868216.875,1;x1^2;x2^2;x3^2;I(x3>1)*x3^2,1;x1^2;x2^2;x3^2;I(x3>1)*x3^2,"[0.06636270632543496,0.6093165588993256,0.5015709104278726,0.7541267172232498,0.7580900837196703]","[0.04916777168284291,0.600977399249426,0.5035762239888901,0.766625411283569,0.7653984142758272]",I(x3>1)*x3^2,1.0,1.0,0.0,,0,,0,,,,,,,,0.0
multi_quadratic,exception,0.2,100,8,20102,fcrra-spent-diagnostic,1.0,1.0,1.0,0.00015204265785311852,0.2464569420405714,0.0,1.0,0.0,frozen-v6-anchor,0.20981413755811545,0.3780690001930225,3.891772381999999,6820812,I(x3>1)*x3^2;x1^2;x2^2;x3^2,0.04249 + 0.5899·x₁² + 0.4967·x₂² + 0.8002·x₃² + 0.7633·𝟙[x₃>1]·x₃²,"FCRRA spent-seed diagnostic; anchor=1,x1^2,x2^2,x3^2,I(x3>1)*x3^2; exception=I(x3>1)*x3^2; in_bank=1; in_anchor=1; attempted=0; eligible_discovery=; eligible_selector=; numerator=None; denominator=None; gamma=None; anchor_role_ic=None; augmented_role_ic=None; outside_sse_max_diff=None; outside_prediction_max_diff=None; accepted=0; final=1,x1^2,x2^2,x3^2,I(x3>1)*x3^2; wrapper_overhead_unoptimized=1",1.0,1.0,6,2,1.0,63,0,0,1,1;x1^2;x2^2;x3^2;I(x3>1)*x3^2,S,imbalanced,100,71;80;94;110;128;150;71;71,852601.5,1;x1^2;x2^2;x3^2;I(x3>1)*x3^2,1;x1^2;x2^2;x3^2;I(x3>1)*x3^2,"[0.0639120173307202,0.5942447650099802,0.49512363209254967,0.790686758935239,0.7494931092654408]","[0.04249395259123281,0.5899333795202176,0.4966683548998705,0.800183652973662,0.7633135775781354]",I(x3>1)*x3^2,1.0,1.0,0.0,,0,,0,,,,,,,,0.0
multi_quadratic,exception,0.2,100,8,20103,fcrra-spent-diagnostic,1.0,1.0,1.0,0.0002751014835338732,0.25830425161998716,0.0,1.0,0.0,frozen-v6-anchor,0.2605235113219394,0.48019935448383566,3.912928956000087,6825300,I(x3>1)*x3^2;x1^2;x2^2;x3^2,-0.00606 + 0.5953·x₁² + 0.5052·x₂² + 0.8119·x₃² + 0.7627·𝟙[x₃>1]·x₃²,"FCRRA spent-seed diagnostic; anchor=1,x1^2,x2^2,x3^2,I(x3>1)*x3^2; exception=I(x3>1)*x3^2; in_bank=1; in_anchor=1; attempted=0; eligible_discovery=; eligible_selector=; numerator=None; denominator=None; gamma=None; anchor_role_ic=None; augmented_role_ic=None; outside_sse_max_diff=None; outside_prediction_max_diff=None; accepted=0; final=1,x1^2,x2^2,x3^2,I(x3>1)*x3^2; wrapper_overhead_unoptimized=1",1.0,1.0,7,3,1.0,120,0,0,1,1;x1^2;x2^2;x3^2;I(x3>1)*x3^2,S,imbalanced,100,71;71;80;94;110;128;150;71,853162.5,1;x1^2;x2^2;x3^2;I(x3>1)*x3^2,1;x1^2;x2^2;x3^2;I(x3>1)*x3^2,"[-0.009132813923962452,0.5998171599196715,0.5038069362488223,0.8082849713753218,0.7582170348652719]","[-0.006060470536964969,0.5953135749512757,0.5051970216043217,0.8118513429316547,0.7626902217366371]",I(x3>1)*x3^2,1.0,1.0,0.0,,0,,0,,,,,,,,0.0
multi_quadratic,exception,0.2,100,8,20104,fcrra-spent-diagnostic,1.0,1.0,1.0,0.0005462351447945974,0.33073672932722026,0.0,1.0,0.0,frozen-v6-anchor,0.36895653598816924,0.6017639793201205,3.943685811000023,6794632,I(x3>1)*x3^2;x1^2;x2^2;x3^2,0.01292 + 0.6172·x₁² + 0.4869·x₂² + 0.7986·x₃² + 0.7249·𝟙[x₃>1]·x₃²,"FCRRA spent-seed diagnostic; anchor=1,x1^2,x2^2,x3^2,I(x3>1)*x3^2; exception=I(x3>1)*x3^2; in_bank=1; in_anchor=1; attempted=0; eligible_discovery=; eligible_selector=; numerator=None; denominator=None; gamma=None; anchor_role_ic=None; augmented_role_ic=None; outside_sse_max_diff=None; outside_prediction_max_diff=None; accepted=0; final=1,x1^2,x2^2,x3^2,I(x3>1)*x3^2; wrapper_overhead_unoptimized=1",1.0,1.0,6,2,1.0,63,0,0,1,1;x1^2;x2^2;x3^2;I(x3>1)*x3^2,S,imbalanced,100,71;71;71;80;94;110;128;150,849329.0,1;x1^2;x2^2;x3^2;I(x3>1)*x3^2,1;x1^2;x2^2;x3^2;I(x3>1)*x3^2,"[-0.000256268118193645,0.6168906948170675,0.4843355684871472,0.7981801800092843,0.7273847318462483]","[0.01292448387943984,0.617215245276746,0.4868837588005744,0.7986380903485435,0.7248924044211752]",I(x3>1)*x3^2,1.0,1.0,0.0,,0,,0,,,,,,,,0.0
multi_quadratic,exception,0.2,100,8,20105,fcrra-spent-diagnostic,0.0,0.75,0.75,0.011506176035555673,0.39851300997436384,0.0,0.0,0.0,frozen-v6-anchor,0.3884655307789694,0.5663585258035368,4.2855547679998836,7108580,x1^2;x2^2;x3;x3^2,-0.1023 + 0.6422·x₃ + 0.6155·x₁² + 0.4953·x₂² + 1.202·x₃²,"FCRRA spent-seed diagnostic; anchor=1,x3,x1^2,x2^2,x3^2; exception=I(x3>1)*x3^2; in_bank=1; in_anchor=0; attempted=1; eligible_discovery=client-8; eligible_selector=client-8; numerator=90.29636108043678; denominator=1238.6628130140855; gamma=0.07289825780811802; anchor_role_ic=0.5132142322959697; augmented_role_ic=1.143868551156557; outside_sse_max_diff=0.0; outside_prediction_max_diff=8.881784197001252e-16; accepted=0; final=1,x3,x1^2,x2^2,x3^2; wrapper_overhead_unoptimized=1",1.0,1.0,7,3,1.0,120,0,0,0,1;x3;x1^2;x2^2;x3^2,S,imbalanced,100,150;71;71;71;80;94;110;128,888572.5,1;x3;x1^2;x2^2;x3^2,1;x3;x1^2;x2^2;x3^2,"[-0.11657202397191871,0.632451247357183,0.617071829895651,0.49572836711741236,1.1989520975600962]","[-0.10226994406147825,0.6421657527930122,0.6155097342254181,0.495269626080996,1.2015735182047307]",I(x3>1)*x3^2,1.0,0.0,1.0,client-8,90,client-8,19,90.29636108043678,1238.6628130140855,0.07289825780811802,0.5132142322959697,1.143868551156557,0.0,8.881784197001252e-16,0.0
multi_quadratic,exception,0.2,100,16,20101,fcrra-spent-diagnostic,1.0,1.0,1.0,0.00013118197641128092,0.21605959606256658,0.0,1.0,0.0,frozen-v6-anchor,0.2498779587377245,0.4207732597060688,7.7184771330000785,13646182,I(x3>1)*x3^2;x1^2;x2^2;x3^2,-0.04078 + 0.6065·x₁² + 0.508·x₂² + 0.8103·x₃² + 0.7407·𝟙[x₃>1]·x₃²,"FCRRA spent-seed diagnostic; anchor=1,x1^2,x2^2,x3^2,I(x3>1)*x3^2; exception=I(x3>1)*x3^2; in_bank=1; in_anchor=1; attempted=0; eligible_discovery=; eligible_selector=; numerator=None; denominator=None; gamma=None; anchor_role_ic=None; augmented_role_ic=None; outside_sse_max_diff=None; outside_prediction_max_diff=None; accepted=0; final=1,x1^2,x2^2,x3^2,I(x3>1)*x3^2; wrapper_overhead_unoptimized=1",1.0,1.0,7,3,1.0,120,0,0,1,1;x1^2;x2^2;x3^2;I(x3>1)*x3^2,S,balanced,100,100;100;100;100;100;100;100;100;100;100;100;100;100;100;100;100,852886.375,1;x1^2;x2^2;x3^2;I(x3>1)*x3^2,1;x1^2;x2^2;x3^2;I(x3>1)*x3^2,"[-0.03546221311277688,0.6045750979968664,0.511207097907273,0.812505445462968,0.726597182649525]","[-0.040780815739798214,0.6064858274998448,0.5080454307479245,0.810278092638768,0.7407422993839784]",I(x3>1)*x3^2,1.0,1.0,0.0,,0,,0,,,,,,,,0.0
multi_quadratic,exception,0.2,100,16,20102,fcrra-spent-diagnostic,1.0,1.0,1.0,6.433168454033027e-05,0.2484568379202727,0.0,1.0,0.0,frozen-v6-anchor,0.2531416997508376,0.3655774920545885,7.731023415999971,13642733,I(x3>1)*x3^2;x1^2;x2^2;x3^2,-0.0157 + 0.5982·x₁² + 0.5023·x₂² + 0.799·x₃² + 0.7438·𝟙[x₃>1]·x₃²,"FCRRA spent-seed diagnostic; anchor=1,x1^2,x2^2,x3^2,I(x3>1)*x3^2; exception=I(x3>1)*x3^2; in_bank=1; in_anchor=1; attempted=0; eligible_discovery=; eligible_selector=; numerator=None; denominator=None; gamma=None; anchor_role_ic=None; augmented_role_ic=None; outside_sse_max_diff=None; outside_prediction_max_diff=None; accepted=0; final=1,x1^2,x2^2,x3^2,I(x3>1)*x3^2; wrapper_overhead_unoptimized=1",1.0,1.0,7,3,1.0,120,0,0,1,1;x1^2;x2^2;x3^2;I(x3>1)*x3^2,S,balanced,100,100;100;100;100;100;100;100;100;100;100;100;100;100;100;100;100,852670.8125,1;x1^2;x2^2;x3^2;I(x3>1)*x3^2,1;x1^2;x2^2;x3^2;I(x3>1)*x3^2,"[-0.03778205934873579,0.6002671077197125,0.5075736602687752,0.8054977950864622,0.7342547595736154]","[-0.015704285805482783,0.5981633579929612,0.5023403165761752,0.7990078462133559,0.743771846320286]",I(x3>1)*x3^2,1.0,1.0,0.0,,0,,0,,,,,,,,0.0
multi_quadratic,exception,0.2,100,16,20103,fcrra-spent-diagnostic,1.0,1.0,1.0,7.051652284113562e-05,0.21442570902220986,0.0,1.0,0.0,frozen-v6-anchor,0.1927838623350087,0.3011036326721713,7.882472335999864,13745558,I(x3>1)*x3^2;x1^2;x2^2;x3^2,-0.0413 + 0.5992·x₁² + 0.5083·x₂² + 0.802·x₃² + 0.7488·𝟙[x₃>1]·x₃²,"FCRRA spent-seed diagnostic; anchor=1,x1^2,x2^2,x3^2,I(x3>1)*x3^2; exception=I(x3>1)*x3^2; in_bank=1; in_anchor=1; attempted=0; eligible_discovery=; eligible_selector=; numerator=None; denominator=None; gamma=None; anchor_role_ic=None; augmented_role_ic=None; outside_sse_max_diff=None; outside_prediction_max_diff=None; accepted=0; final=1,x1^2,x2^2,x3^2,I(x3>1)*x3^2; wrapper_overhead_unoptimized=1",1.0,1.0,6,2,1.0,63,0,0,1,1;x1^2;x2^2;x3^2;I(x3>1)*x3^2,S,balanced,100,100;100;100;100;100;100;100;100;100;100;100;100;100;100;100;100,859097.375,1;x1^2;x2^2;x3^2;I(x3>1)*x3^2,1;x1^2;x2^2;x3^2;I(x3>1)*x3^2,"[-0.04406066414323368,0.6060863572544445,0.5077570494337272,0.8025116742086174,0.7374884403975747]","[-0.04129912994572791,0.5991826940985604,0.508281123488504,0.8019796544007763,0.7487756682919477]",I(x3>1)*x3^2,1.0,1.0,0.0,,0,,0,,,,,,,,0.0
multi_quadratic,exception,0.2,100,16,20104,fcrra-spent-diagnostic,1.0,1.0,1.0,0.00014329074109341146,0.2272486181777814,0.0,1.0,0.0,frozen-v6-anchor,0.21486664541836162,0.3559382052960397,7.704301486999839,13644017,I(x3>1)*x3^2;x1^2;x2^2;x3^2,0.005065 + 0.5993·x₁² + 0.5018·x₂² + 0.7965·x₃² + 0.7706·𝟙[x₃>1]·x₃²,"FCRRA spent-seed diagnostic; anchor=1,x1^2,x2^2,x3^2,I(x3>1)*x3^2; exception=I(x3>1)*x3^2; in_bank=1; in_anchor=1; attempted=0; eligible_discovery=; eligible_selector=; numerator=None; denominator=None; gamma=None; anchor_role_ic=None; augmented_role_ic=None; outside_sse_max_diff=None; outside_prediction_max_diff=None; accepted=0; final=1,x1^2,x2^2,x3^2,I(x3>1)*x3^2; wrapper_overhead_unoptimized=1",1.0,1.0,7,3,1.0,120,0,0,1,1;x1^2;x2^2;x3^2;I(x3>1)*x3^2,S,balanced,100,100;100;100;100;100;100;100;100;100;100;100;100;100;100;100;100,852751.0625,1;x1^2;x2^2;x3^2;I(x3>1)*x3^2,1;x1^2;x2^2;x3^2;I(x3>1)*x3^2,"[0.013679160220775343,0.6014878013055741,0.49995269545167653,0.7950254323563876,0.7780020779057966]","[0.005065486757122467,0.5993416802733414,0.5018483104900845,0.7965143687145095,0.7705752698266114]",I(x3>1)*x3^2,1.0,1.0,0.0,,0,,0,,,,,,,,0.0
multi_quadratic,exception,0.2,100,16,20105,fcrra-spent-diagnostic,1.0,1.0,1.0,0.00019168671713887974,0.20225105569087196,0.0,1.0,0.0,frozen-v6-anchor,0.2024363126777666,0.3140531108700808,7.722286853000014,13644522,I(x3>1)*x3^2;x1^2;x2^2;x3^2,0.06521 + 0.5854·x₁² + 0.5014·x₂² + 0.7867·x₃² + 0.7614·𝟙[x₃>1]·x₃²,"FCRRA spent-seed diagnostic; anchor=1,x1^2,x2^2,x3^2,I(x3>1)*x3^2; exception=I(x3>1)*x3^2; in_bank=1; in_anchor=1; attempted=0; eligible_discovery=; eligible_selector=; numerator=None; denominator=None; gamma=None; anchor_role_ic=None; augmented_role_ic=None; outside_sse_max_diff=None; outside_prediction_max_diff=None; accepted=0; final=1,x1^2,x2^2,x3^2,I(x3>1)*x3^2; wrapper_overhead_unoptimized=1",1.0,1.0,7,3,1.0,120,0,0,1,1;x1^2;x2^2;x3^2;I(x3>1)*x3^2,S,balanced,100,100;100;100;100;100;100;100;100;100;100;100;100;100;100;100;100,852782.625,1;x1^2;x2^2;x3^2;I(x3>1)*x3^2,1;x1^2;x2^2;x3^2;I(x3>1)*x3^2,"[0.07858279015027247,0.583950801094512,0.4990862204255863,0.7815079253509033,0.7629498095680193]","[0.06520699352788539,0.5854218071913398,0.5014144115537419,0.7866646860349527,0.7613755239060567]",I(x3>1)*x3^2,1.0,1.0,0.0,,0,,0,,,,,,,,0.0
multi_quadratic,exception,0.2,100,16,20101,fcrra-spent-diagnostic,1.0,1.0,1.0,4.984578581974861e-05,0.24074814030228173,0.0,1.0,0.0,frozen-v6-anchor,0.227921240271921,0.35972246653026796,7.7986952870001005,13657070,I(x3>1)*x3^2;x1^2;x2^2;x3^2,0.0119 + 0.5947·x₁² + 0.4984·x₂² + 0.795·x₃² + 0.7535·𝟙[x₃>1]·x₃²,"FCRRA spent-seed diagnostic; anchor=1,x1^2,x2^2,x3^2,I(x3>1)*x3^2; exception=I(x3>1)*x3^2; in_bank=1; in_anchor=1; attempted=0; eligible_discovery=; eligible_selector=; numerator=None; denominator=None; gamma=None; anchor_role_ic=None; augmented_role_ic=None; outside_sse_max_diff=None; outside_prediction_max_diff=None; accepted=0; final=1,x1^2,x2^2,x3^2,I(x3>1)*x3^2; wrapper_overhead_unoptimized=1",1.0,1.0,8,4,1.0,219,0,0,1,1;x1^2;x2^2;x3^2;I(x3>1)*x3^2,S,imbalanced,100,112;120;130;139;150;71;71;71;71;71;72;78;83;90;97;104,853566.875,1;x1^2;x2^2;x3^2;I(x3>1)*x3^2,1;x1^2;x2^2;x3^2;I(x3>1)*x3^2,"[-0.005872116590353269,0.599939027082413,0.49338680615226876,0.8027222534160434,0.7533165582965801]","[0.011897062904904374,0.594723696546432,0.4984071101539497,0.794955531520022,0.7535114654728212]",I(x3>1)*x3^2,1.0,1.0,0.0,,0,,0,,,,,,,,0.0
multi_quadratic,exception,0.2,100,16,20102,fcrra-spent-diagnostic,1.0,1.0,1.0,0.0001110417341134985,0.2253691340983729,0.0,1.0,0.0,frozen-v6-anchor,0.2374515455757698,0.402832545658768,7.720988673999955,13640668,I(x3>1)*x3^2;x1^2;x2^2;x3^2,-0.01353 + 0.6039·x₁² + 0.4938·x₂² + 0.8019·x₃² + 0.7641·𝟙[x₃>1]·x₃²,"FCRRA spent-seed diagnostic; anchor=1,x1^2,x2^2,x3^2,I(x3>1)*x3^2; exception=I(x3>1)*x3^2; in_bank=1; in_anchor=1; attempted=0; eligible_discovery=; eligible_selector=; numerator=None; denominator=None; gamma=None; anchor_role_ic=None; augmented_role_ic=None; outside_sse_max_diff=None; outside_prediction_max_diff=None; accepted=0; final=1,x1^2,x2^2,x3^2,I(x3>1)*x3^2; wrapper_overhead_unoptimized=1",1.0,1.0,7,3,1.0,120,0,0,1,1;x1^2;x2^2;x3^2;I(x3>1)*x3^2,S,imbalanced,100,104;112;120;130;139;150;71;71;71;71;71;72;78;83;90;97,852541.75,1;x1^2;x2^2;x3^2;I(x3>1)*x3^2,1;x1^2;x2^2;x3^2;I(x3>1)*x3^2,"[-0.010638177944224787,0.5984851942060497,0.4948182577697654,0.7993470117764606,0.7652868966670228]","[-0.013534474452981747,0.6039107759653084,0.4937588932636091,0.8018806998085825,0.7641301858861282]",I(x3>1)*x3^2,1.0,1.0,0.0,,0,,0,,,,,,,,0.0
multi_quadratic,exception,0.2,100,16,20103,fcrra-spent-diagnostic,1.0,1.0,1.0,8.695970638441181e-05,0.21666596738833818,0.0,1.0,0.0,frozen-v6-anchor,0.2215083749734202,0.3532188790657339,7.769685019999997,13631616,I(x3>1)*x3^2;x1^2;x2^2;x3^2,-0.02251 + 0.5957·x₁² + 0.5046·x₂² + 0.799·x₃² + 0.7477·𝟙[x₃>1]·x₃²,"FCRRA spent-seed diagnostic; anchor=1,x1^2,x2^2,x3^2,I(x3>1)*x3^2; exception=I(x3>1)*x3^2; in_bank=1; in_anchor=1; attempted=0; eligible_discovery=; eligible_selector=; numerator=None; denominator=None; gamma=None; anchor_role_ic=None; augmented_role_ic=None; outside_sse_max_diff=None; outside_prediction_max_diff=None; accepted=0; final=1,x1^2,x2^2,x3^2,I(x3>1)*x3^2; wrapper_overhead_unoptimized=1",1.0,1.0,6,2,1.0,63,0,0,1,1;x1^2;x2^2;x3^2;I(x3>1)*x3^2,S,imbalanced,100,97;104;112;120;130;139;150;71;71;71;71;71;72;78;83;90,851976.0,1;x1^2;x2^2;x3^2;I(x3>1)*x3^2,1;x1^2;x2^2;x3^2;I(x3>1)*x3^2,"[-0.03886044872295905,0.6057025294638693,0.5066094806098492,0.7984098735483691,0.7591544061441804]","[-0.022514257596238575,0.5956652253065763,0.504567814613859,0.7990226247511875,0.7476550013314023]",I(x3>1)*x3^2,1.0,1.0,0.0,,0,,0,,,,,,,,0.0
multi_quadratic,exception,0.2,100,16,20104,fcrra-spent-diagnostic,1.0,1.0,1.0,8.808742718719687e-05,0.22740058030979743,0.0,1.0,0.0,frozen-v6-anchor,0.23633515059815788,0.5022886797163864,8.070327756000097,13886181,I(x3>1)*x3^2;x1^2;x2^2;x3^2,0.04165 + 0.6003·x₁² + 0.4989·x₂² + 0.7828·x₃² + 0.7523·𝟙[x₃>1]·x₃²,"FCRRA spent-seed diagnostic; anchor=1,x1^2,x2^2,x3^2,I(x3>1)*x3^2; exception=I(x3>1)*x3^2; in_bank=1; in_anchor=1; attempted=0; eligible_discovery=; eligible_selector=; numerator=None; denominator=None; gamma=None; anchor_role_ic=None; augmented_role_ic=None; outside_sse_max_diff=None; outside_prediction_max_diff=None; accepted=0; final=1,x1^2,x2^2,x3^2,I(x3>1)*x3^2; wrapper_overhead_unoptimized=1",1.0,1.0,7,3,1.0,120,0,0,1,1;x1^2;x2^2;x3^2;I(x3>1)*x3^2,S,imbalanced,100,90;97;104;112;120;130;139;150;71;71;71;71;71;72;78;83,867886.3125,1;x1^2;x2^2;x3^2;I(x3>1)*x3^2,1;x1^2;x2^2;x3^2;I(x3>1)*x3^2,"[0.04846407220724797,0.5960928199049011,0.49750310585904634,0.7861271229030071,0.7454772553496224]","[0.04165163299248152,0.6002744906626362,0.49894055571952617,0.7828356016035624,0.7523459544166482]",I(x3>1)*x3^2,1.0,1.0,0.0,,0,,0,,,,,,,,0.0
multi_quadratic,exception,0.2,100,16,20105,fcrra-spent-diagnostic,1.0,1.0,1.0,2.9047426371967065e-05,0.1931808145898542,0.0,1.0,0.0,frozen-v6-anchor,0.2197089301242599,0.3144514650505037,8.213077561000091,14001538,I(x3>1)*x3^2;x1^2;x2^2;x3^2,0.02562 + 0.6009·x₁² + 0.4974·x₂² + 0.7939·x₃² + 0.7554·𝟙[x₃>1]·x₃²,"FCRRA spent-seed diagnostic; anchor=1,x1^2,x2^2,x3^2,I(x3>1)*x3^2; exception=I(x3>1)*x3^2; in_bank=1; in_anchor=1; attempted=0; eligible_discovery=; eligible_selector=; numerator=None; denominator=None; gamma=None; anchor_role_ic=None; augmented_role_ic=None; outside_sse_max_diff=None; outside_prediction_max_diff=None; accepted=0; final=1,x1^2,x2^2,x3^2,I(x3>1)*x3^2; wrapper_overhead_unoptimized=1",1.0,1.0,6,2,1.0,63,0,0,1,1;x1^2;x2^2;x3^2;I(x3>1)*x3^2,S,imbalanced,100,83;90;97;104;112;120;130;139;150;71;71;71;71;71;72;78,875096.125,1;x1^2;x2^2;x3^2;I(x3>1)*x3^2,1;x1^2;x2^2;x3^2;I(x3>1)*x3^2,"[0.018007727416515292,0.6020521715683244,0.4991233123974416,0.7946632858963644,0.7593016543123372]","[0.025623934311891607,0.600872043979752,0.49742405749609053,0.7939134030556858,0.7553774130339853]",I(x3>1)*x3^2,1.0,1.0,0.0,,0,,0,,,,,,,,0.0
trig_cross,complementary,0.2,100,4,20101,fcrra-spent-diagnostic,1.0,1.0,1.0,0.0004048705091842283,0.04953246223404267,0.0,1.0,0.0,frozen-v6-anchor,0.03863941431535688,0.050721769221344935,1.5064747549999993,3008029,cos(x3);sin(x1)*cos(x2);x1,0.01624 + 0.5094·x₁ + 0.6917·cos(x₃) + 1.196·sin(x₁)cos(x₂),"FCRRA spent-seed diagnostic; anchor=1,x1,cos(x3),sin(x1)*cos(x2); exception=; in_bank=0; in_anchor=0; attempted=0; eligible_discovery=; eligible_selector=; numerator=None; denominator=None; gamma=None; anchor_role_ic=None; augmented_role_ic=None; outside_sse_max_diff=None; outside_prediction_max_diff=None; accepted=0; final=1,x1,cos(x3),sin(x1)*cos(x2); wrapper_overhead_unoptimized=1",1.0,1.0,7,4,0.0,120,0,1,0,1;x1;cos(x3);sin(x1)*cos(x2),S,balanced,100,100;100;100;100,752007.25,1;x1;cos(x3);sin(x1)*cos(x2),1;x1;cos(x3);sin(x1)*cos(x2),"[0.01270791167873038,0.517457856282124,0.7098673466389128,1.2111505767026265]","[0.01623713152450461,0.5094475209018542,0.6916549867812288,1.1959240016582169]",,0.0,0.0,0.0,,0,,0,,,,,,,,0.0
trig_cross,complementary,0.2,100,4,20102,fcrra-spent-diagnostic,1.0,1.0,1.0,0.0004059567844789693,0.04714140775910227,0.0,1.0,0.0,frozen-v6-anchor,0.05078735583362472,0.06456540961519343,1.5023586319998685,3002835,cos(x3);sin(x1)*cos(x2);x1,-0.01715 + 0.4908·x₁ + 0.7067·cos(x₃) + 1.202·sin(x₁)cos(x₂),"FCRRA spent-seed diagnostic; anchor=1,x1,cos(x3),sin(x1)*cos(x2); exception=; in_bank=0; in_anchor=0; attempted=0; eligible_discovery=; eligible_selector=; numerator=None; denominator=None; gamma=None; anchor_role_ic=None; augmented_role_ic=None; outside_sse_max_diff=None; outside_prediction_max_diff=None; accepted=0; final=1,x1,cos(x3),sin(x1)*cos(x2); wrapper_overhead_unoptimized=1",1.0,1.0,6,3,1.0,63,0,0,0,1;x1;cos(x3);sin(x1)*cos(x2),S,balanced,100,100;100;100;100,750708.75,1;x1;cos(x3);sin(x1)*cos(x2),1;x1;cos(x3);sin(x1)*cos(x2),"[-0.02237795482164115,0.48569039081432125,0.7001758391541999,1.192263383718655]","[-0.01714810356004147,0.49076504617932515,0.7067104156876471,1.2019482458497788]",,0.0,0.0,0.0,,0,,0,,,,,,,,0.0
trig_cross,complementary,0.2,100,4,20103,fcrra-spent-diagnostic,1.0,1.0,1.0,0.0004534716176454941,0.05129110320898123,0.0,1.0,0.0,frozen-v6-anchor,0.05355691060883408,0.07157821320990104,1.5376984170000014,3037151,cos(x3);sin(x1)*cos(x2);x1,0.007607 + 0.5113·x₁ + 0.6789·cos(x₃) + 1.188·sin(x₁)cos(x₂),"FCRRA spent-seed diagnostic; anchor=1,x1,cos(x3),sin(x1)*cos(x2); exception=; in_bank=0; in_anchor=0; attempted=0; eligible_discovery=; eligible_selector=; numerator=None; denominator=None; gamma=None; anchor_role_ic=None; augmented_role_ic=None; outside_sse_max_diff=None; outside_prediction_max_diff=None; accepted=0; final=1,x1,cos(x3),sin(x1)*cos(x2); wrapper_overhead_unoptimized=1",1.0,1.0,7,4,0.0,120,0,1,0,1;x1;cos(x3);sin(x1)*cos(x2),S,balanced,100,100;100;100;100,759287.75,1;x1;cos(x3);sin(x1)*cos(x2),1;x1;cos(x3);sin(x1)*cos(x2),"[0.004197667551412154,0.5054158297023491,0.6575778856243473,1.1849589130732612]","[0.007606994800165774,0.5112856949360722,0.6788994420792963,1.1875677421069055]",,0.0,0.0,0.0,,0,,0,,,,,,,,0.0
trig_cross,complementary,0.2,100,4,20104,fcrra-spent-diagnostic,1.0,1.0,1.0,0.0004623140583446854,0.04961889466376015,0.0,1.0,0.0,frozen-v6-anchor,0.06057204132168835,0.07798114271961971,1.500321496999959,3000753,cos(x3);sin(x1)*cos(x2);x1,-0.01907 + 0.5053·x₁ + 0.6978·cos(x₃) + 1.176·sin(x₁)cos(x₂),"FCRRA spent-seed diagnostic; anchor=1,x1,cos(x3),sin(x1)*cos(x2); exception=; in_bank=0; in_anchor=0; attempted=0; eligible_discovery=; eligible_selector=; numerator=None; denominator=None; gamma=None; anchor_role_ic=None; augmented_role_ic=None; outside_sse_max_diff=None; outside_prediction_max_diff=None; accepted=0; final=1,x1,cos(x3),sin(x1)*cos(x2); wrapper_overhead_unoptimized=1",1.0,1.0,6,3,1.0,63,0,0,0,1;x1;cos(x3);sin(x1)*cos(x2),S,balanced,100,100;100;100;100,750188.25,1;x1;cos(x3);sin(x1)*cos(x2),1;x1;cos(x3);sin(x1)*cos(x2),"[-0.03105395663493652,0.5026901586213016,0.7070847884723687,1.2000835345195873]","[-0.01906529772356878,0.5053276428815786,0.6978241994792095,1.175774298908724]",,0.0,0.0,0.0,,0,,0,,,,,,,,0.0
trig_cross,complementary,0.2,100,4,20105,fcrra-spent-diagnostic,0.0,0.6666666666666666,0.6666666666666666,0.004006227607399868,0.050573670151608546,0.0,1.0,0.0,frozen-v6-anchor,0.03459724074110602,0.04747894309982641,1.5369250779999675,3034798,sin(x1)*cos(x2);x1;x3^2,0.6273 + 0.5065·x₁ - 0.2304·x₃² + 1.221·sin(x₁)cos(x₂),"FCRRA spent-seed diagnostic; anchor=1,x1,x3^2,sin(x1)*cos(x2); exception=; in_bank=0; in_anchor=0; attempted=0; eligible_discovery=; eligible_selector=; numerator=None; denominator=None; gamma=None; anchor_role_ic=None; augmented_role_ic=None; outside_sse_max_diff=None; outside_prediction_max_diff=None; accepted=0; final=1,x1,x3^2,sin(x1)*cos(x2); wrapper_overhead_unoptimized=1",1.0,1.0,7,4,0.0,120,0,1,0,1;x1;x3^2;sin(x1)*cos(x2),S,balanced,100,100;100;100;100,758699.5,1;x1;x3^2;sin(x1)*cos(x2),1;x1;x3^2;sin(x1)*cos(x2),"[0.6248828844655876,0.5088126028793909,-0.2353001772915631,1.2216445339782025]","[0.6272740568278057,0.506507627289161,-0.23044640908669506,1.2211596677283525]",,0.0,0.0,0.0,,0,,0,,,,,,,,0.0
trig_cross,complementary,0.2,100,4,20101,fcrra-spent-diagnostic,1.0,1.0,1.0,0.0002707485622980369,0.047443891107328516,0.0,1.0,0.0,frozen-v6-anchor,0.04584898258147555,0.05758801236359782,1.5623429359998227,3061180,cos(x3);sin(x1)*cos(x2);x1,0.00391 + 0.4934·x₁ + 0.7159·cos(x₃) + 1.184·sin(x₁)cos(x₂),"FCRRA spent-seed diagnostic; anchor=1,x1,cos(x3),sin(x1)*cos(x2); exception=; in_bank=0; in_anchor=0; attempted=0; eligible_discovery=; eligible_selector=; numerator=None; denominator=None; gamma=None; anchor_role_ic=None; augmented_role_ic=None; outside_sse_max_diff=None; outside_prediction_max_diff=None; accepted=0; final=1,x1,cos(x3),sin(x1)*cos(x2); wrapper_overhead_unoptimized=1",1.0,1.0,6,3,1.0,63,0,0,0,1;x1;cos(x3);sin(x1)*cos(x2),S,imbalanced,100,150;71;72;104,765295.0,1;x1;cos(x3);sin(x1)*cos(x2),1;x1;cos(x3);sin(x1)*cos(x2),"[0.018998912755074593,0.48426473164169637,0.7044385292930073,1.187595451984811]","[0.003909830748562931,0.4934276328301444,0.715896012317024,1.1838637102288556]",,0.0,0.0,0.0,,0,,0,,,,,,,,0.0
trig_cross,complementary,0.2,100,4,20102,fcrra-spent-diagnostic,1.0,1.0,1.0,0.0002706443649019358,0.04665884840218404,0.0,1.0,0.0,frozen-v6-anchor,0.046881093180054886,0.056449314323793326,1.559136523999996,3062272,cos(x3);sin(x1)*cos(x2);x1,-0.01838 + 0.4997·x₁ + 0.719·cos(x₃) + 1.19·sin(x₁)cos(x₂),"FCRRA spent-seed diagnostic; anchor=1,x1,cos(x3),sin(x1)*cos(x2); exception=; in_bank=0; in_anchor=0; attempted=0; eligible_discovery=; eligible_selector=; numerator=None; denominator=None; gamma=None; anchor_role_ic=None; augmented_role_ic=None; outside_sse_max_diff=None; outside_prediction_max_diff=None; accepted=0; final=1,x1,cos(x3),sin(x1)*cos(x2); wrapper_overhead_unoptimized=1",1.0,1.0,6,3,1.0,63,0,0,0,1;x1;cos(x3);sin(x1)*cos(x2),S,imbalanced,100,104;150;71;72,765568.0,1;x1;cos(x3);sin(x1)*cos(x2),1;x1;cos(x3);sin(x1)*cos(x2),"[-0.01663939459166791,0.4933250925066135,0.7320188028601231,1.1966627292238778]","[-0.01838467146534302,0.49972634855722087,0.7190085737013818,1.1903086510920107]",,0.0,0.0,0.0,,0,,0,,,,,,,,0.0
trig_cross,complementary,0.2,100,4,20103,fcrra-spent-diagnostic,0.0,0.6666666666666666,0.6666666666666666,0.008936949220960513,0.05939371919199766,0.0,1.0,0.0,frozen-v6-anchor,0.04420281600174632,0.061180013150809266,1.4964641199999278,3004522,sin(x1)*cos(x2);x1;x3^2,0.6689 + 0.504·x₁ - 0.2575·x₃² + 1.19·sin(x₁)cos(x₂),"FCRRA spent-seed diagnostic; anchor=1,x1,x3^2,sin(x1)*cos(x2); exception=; in_bank=0; in_anchor=0; attempted=0; eligible_discovery=; eligible_selector=; numerator=None; denominator=None; gamma=None; anchor_role_ic=None; augmented_role_ic=None; outside_sse_max_diff=None; outside_prediction_max_diff=None; accepted=0; final=1,x1,x3^2,sin(x1)*cos(x2); wrapper_overhead_unoptimized=1",1.0,1.0,6,3,0.0,63,0,1,0,1;x1;x3^2;sin(x1)*cos(x2),S,imbalanced,100,72;104;150;71,751130.5,1;x1;x3^2;sin(x1)*cos(x2),1;x1;x3^2;sin(x1)*cos(x2),"[0.6855744373534438,0.5073281163293442,-0.27026845195758087,1.1697305642058886]","[0.6688571940433043,0.503953649852669,-0.2575259322542679,1.1902387257715152]",,0.0,0.0,0.0,,0,,0,,,,,,,,0.0
trig_cross,complementary,0.2,100,4,20104,fcrra-spent-diagnostic,1.0,1.0,1.0,0.0008549936737573089,0.0548637213211826,0.0,1.0,0.0,frozen-v6-anchor,0.04716905829479363,0.05303752637817164,1.4681230400001368,2975531,cos(x3);sin(x1)*cos(x2);x1,0.002203 + 0.5023·x₁ + 0.6481·cos(x₃) + 1.183·sin(x₁)cos(x₂),"FCRRA spent-seed diagnostic; anchor=1,x1,cos(x3),sin(x1)*cos(x2); exception=; in_bank=0; in_anchor=0; attempted=0; eligible_discovery=; eligible_selector=; numerator=None; denominator=None; gamma=None; anchor_role_ic=None; augmented_role_ic=None; outside_sse_max_diff=None; outside_prediction_max_diff=None; accepted=0; final=1,x1,cos(x3),sin(x1)*cos(x2); wrapper_overhead_unoptimized=1",1.0,1.0,6,3,1.0,63,0,0,0,1;x1;cos(x3);sin(x1)*cos(x2),S,imbalanced,100,71;72;104;150,743882.75,1;x1;cos(x3);sin(x1)*cos(x2),1;x1;cos(x3);sin(x1)*cos(x2),"[0.006223399761920351,0.5029190113086756,0.6429425724868139,1.2016691342893797]","[0.0022033647716073524,0.5023026202180778,0.6480793567386086,1.1831077856954326]",,0.0,0.0,0.0,,0,,0,,,,,,,,0.0
trig_cross,complementary,0.2,100,4,20105,fcrra-spent-diagnostic,1.0,1.0,1.0,0.0010808210364976105,0.05192665183801977,0.0,1.0,0.0,frozen-v6-anchor,0.059288970748686116,0.07165386903500638,1.4980635080000866,3005510,cos(x3);sin(x1)*cos(x2);x1,0.001821 + 0.5205·x₁ + 0.6814·cos(x₃) + 1.181·sin(x₁)cos(x₂),"FCRRA spent-seed diagnostic; anchor=1,x1,cos(x3),sin(x1)*cos(x2); exception=; in_bank=0; in_anchor=0; attempted=0; eligible_discovery=; eligible_selector=; numerator=None; denominator=None; gamma=None; anchor_role_ic=None; augmented_role_ic=None; outside_sse_max_diff=None; outside_prediction_max_diff=None; accepted=0; final=1,x1,cos(x3),sin(x1)*cos(x2); wrapper_overhead_unoptimized=1",1.0,1.0,6,3,1.0,63,0,0,0,1;x1;cos(x3);sin(x1)*cos(x2),S,imbalanced,100,150;71;72;104,751377.5,1;x1;cos(x3);sin(x1)*cos(x2),1;x1;cos(x3);sin(x1)*cos(x2),"[0.014261722449327621,0.5233345364815187,0.698558175299767,1.147476147845434]","[0.001820587813670729,0.5205275657562459,0.6813982027968336,1.180516189582009]",,0.0,0.0,0.0,,0,,0,,,,,,,,0.0
trig_cross,complementary,0.2,100,8,20101,fcrra-spent-diagnostic,1.0,1.0,1.0,0.0005808679748461283,0.050758549679322265,0.0,1.0,0.0,frozen-v6-anchor,0.05400797053876517,0.07879282492392765,2.9195577259999936,6004781,cos(x3);sin(x1)*cos(x2);x1,-0.01102 + 0.4934·x₁ + 0.7218·cos(x₃) + 1.239·sin(x₁)cos(x₂),"FCRRA spent-seed diagnostic; anchor=1,x1,cos(x3),sin(x1)*cos(x2); exception=; in_bank=0; in_anchor=0; attempted=0; eligible_discovery=; eligible_selector=; numerator=None; denominator=None; gamma=None; anchor_role_ic=None; augmented_role_ic=None; outside_sse_max_diff=None; outside_prediction_max_diff=None; accepted=0; final=1,x1,cos(x3),sin(x1)*cos(x2); wrapper_overhead_unoptimized=1",1.0,1.0,6,3,1.0,63,0,0,0,1;x1;cos(x3);sin(x1)*cos(x2),S,balanced,100,100;100;100;100;100;100;100;100,750597.625,1;x1;cos(x3);sin(x1)*cos(x2),1;x1;cos(x3);sin(x1)*cos(x2),"[-0.00977645673650078,0.48891014615915396,0.7204469284905433,1.2270013081797306]","[-0.011023877216564322,0.49338351146722387,0.7217649575240938,1.2387861273192526]",,0.0,0.0,0.0,,0,,0,,,,,,,,0.0
trig_cross,complementary,0.2,100,8,20102,fcrra-spent-diagnostic,1.0,1.0,1.0,0.00026603489311612745,0.051818195887801316,0.0,1.0,0.0,frozen-v6-anchor,0.05468842918247128,0.08529563270959646,2.9232349359999716,6006710,cos(x3);sin(x1)*cos(x2);x1,0.01674 + 0.5012·x₁ + 0.6823·cos(x₃) + 1.184·sin(x₁)cos(x₂),"FCRRA spent-seed diagnostic; anchor=1,x1,cos(x3),sin(x1)*cos(x2); exception=; in_bank=0; in_anchor=0; attempted=0; eligible_discovery=; eligible_selector=; numerator=None; denominator=None; gamma=None; anchor_role_ic=None; augmented_role_ic=None; outside_sse_max_diff=None; outside_prediction_max_diff=None; accepted=0; final=1,x1,cos(x3),sin(x1)*cos(x2); wrapper_overhead_unoptimized=1",1.0,1.0,6,3,0.0,63,0,1,0,1;x1;cos(x3);sin(x1)*cos(x2),S,balanced,100,100;100;100;100;100;100;100;100,750838.75,1;x1;cos(x3);sin(x1)*cos(x2),1;x1;cos(x3);sin(x1)*cos(x2),"[0.0026803572509444817,0.5098149204785322,0.6968133591810416,1.1795881744222931]","[0.016743901654248425,0.5011786774800362,0.6823065937725236,1.1835272575027553]",,0.0,0.0,0.0,,0,,0,,,,,,,,0.0
trig_cross,complementary,0.2,100,8,20103,fcrra-spent-diagnostic,1.0,1.0,1.0,0.00019250510165365475,0.05177437063543229,0.0,1.0,0.0,frozen-v6-anchor,0.04634447823899186,0.06961459002623324,2.926387638999813,6005287,cos(x3);sin(x1)*cos(x2);x1,0.001328 + 0.4932·x₁ + 0.7041·cos(x₃) + 1.18·sin(x₁)cos(x₂),"FCRRA spent-seed diagnostic; anchor=1,x1,cos(x3),sin(x1)*cos(x2); exception=; in_bank=0; in_anchor=0; attempted=0; eligible_discovery=; eligible_selector=; numerator=None; denominator=None; gamma=None; anchor_role_ic=None; augmented_role_ic=None; outside_sse_max_diff=None; outside_prediction_max_diff=None; accepted=0; final=1,x1,cos(x3),sin(x1)*cos(x2); wrapper_overhead_unoptimized=1",1.0,1.0,6,3,0.0,63,0,1,0,1;x1;cos(x3);sin(x1)*cos(x2),S,balanced,100,100;100;100;100;100;100;100;100,750660.875,1;x1;cos(x3);sin(x1)*cos(x2),1;x1;cos(x3);sin(x1)*cos(x2),"[-0.003485279398451502,0.4953554080667269,0.7219742637744719,1.186723665162112]","[0.0013278233752878421,0.49319083895928023,0.7040622576899164,1.1804724864463643]",,0.0,0.0,0.0,,0,,0,,,,,,,,0.0
trig_cross,complementary,0.2,100,8,20104,fcrra-spent-diagnostic,1.0,1.0,1.0,0.00016800082848306936,0.042790693190901105,0.0,1.0,0.0,frozen-v6-anchor,0.03646439456506927,0.05599296429393093,2.9472293080000327,6005638,cos(x3);sin(x1)*cos(x2);x1,0.002235 + 0.5056·x₁ + 0.6967·cos(x₃) + 1.178·sin(x₁)cos(x₂),"FCRRA spent-seed diagnostic; anchor=1,x1,cos(x3),sin(x1)*cos(x2); exception=; in_bank=0; in_anchor=0; attempted=0; eligible_discovery=; eligible_selector=; numerator=None; denominator=None; gamma=None; anchor_role_ic=None; augmented_role_ic=None; outside_sse_max_diff=None; outside_prediction_max_diff=None; accepted=0; final=1,x1,cos(x3),sin(x1)*cos(x2); wrapper_overhead_unoptimized=1",1.0,1.0,6,3,1.0,63,0,0,0,1;x1;cos(x3);sin(x1)*cos(x2),S,balanced,100,100;100;100;100;100;100;100;100,750704.75,1;x1;cos(x3);sin(x1)*cos(x2),1;x1;cos(x3);sin(x1)*cos(x2),"[0.012536111129561364,0.5116386630433853,0.6750602180820293,1.1761651236797441]","[0.0022345620886758642,0.5056362501241615,0.6966933029002244,1.1779557236283393]",,0.0,0.0,0.0,,0,,0,,,,,,,,0.0
trig_cross,complementary,0.2,100,8,20105,fcrra-spent-diagnostic,1.0,1.0,1.0,0.0006297083718707897,0.04313084267906803,0.0,1.0,0.0,frozen-v6-anchor,0.034775638849011484,0.04443297527414743,2.9605664230000457,5998809,cos(x3);sin(x1)*cos(x2);x1,0.0002834 + 0.4863·x₁ + 0.7033·cos(x₃) + 1.234·sin(x₁)cos(x₂),"FCRRA spent-seed diagnostic; anchor=1,x1,cos(x3),sin(x1)*cos(x2); exception=; in_bank=0; in_anchor=0; attempted=0; eligible_discovery=; eligible_selector=; numerator=None; denominator=None; gamma=None; anchor_role_ic=None; augmented_role_ic=None; outside_sse_max_diff=None; outside_prediction_max_diff=None; accepted=0; final=1,x1,cos(x3),sin(x1)*cos(x2); wrapper_overhead_unoptimized=1",1.0,1.0,5,2,1.0,32,0,0,0,1;x1;cos(x3);sin(x1)*cos(x2),S,balanced,100,100;100;100;100;100;100;100;100,749851.125,1;x1;cos(x3);sin(x1)*cos(x2),1;x1;cos(x3);sin(x1)*cos(x2),"[0.007926516322040323,0.4855248940250871,0.6883327459849748,1.2362044018779688]","[0.00028342190510686425,0.48631257277303475,0.7032994285040436,1.2339606731981327]",,0.0,0.0,0.0,,0,,0,,,,,,,,0.0
trig_cross,complementary,0.2,100,8,20101,fcrra-spent-diagnostic,1.0,1.0,1.0,0.0014800613956362908,0.046736252516149546,0.0,1.0,0.0,frozen-v6-anchor,0.05088081152713741,0.07810553129046914,2.9425399449999077,6010625,cos(x3);sin(x1)*cos(x2);x1,-0.02797 + 0.5039·x₁ + 0.7709·cos(x₃) + 1.199·sin(x₁)cos(x₂),"FCRRA spent-seed diagnostic; anchor=1,x1,cos(x3),sin(x1)*cos(x2); exception=; in_bank=0; in_anchor=0; attempted=0; eligible_discovery=; eligible_selector=; numerator=None; denominator=None; gamma=None; anchor_role_ic=None; augmented_role_ic=None; outside_sse_max_diff=None; outside_prediction_max_diff=None; accepted=0; final=1,x1,cos(x3),sin(x1)*cos(x2); wrapper_overhead_unoptimized=1",1.0,1.0,6,3,1.0,63,0,0,0,1;x1;cos(x3);sin(x1)*cos(x2),S,imbalanced,100,80;94;110;128;150;71;71;71,751328.125,1;x1;cos(x3);sin(x1)*cos(x2),1;x1;cos(x3);sin(x1)*cos(x2),"[-0.0262098544627221,0.5031500002303658,0.7716955386684431,1.1890477509552682]","[-0.02796569196307355,0.5039403463111753,0.7708606880238298,1.1991162377549296]",,0.0,0.0,0.0,,0,,0,,,,,,,,0.0
trig_cross,complementary,0.2,100,8,20102,fcrra-spent-diagnostic,1.0,1.0,1.0,0.00036924520937830433,0.047490225432666955,0.0,1.0,0.0,frozen-v6-anchor,0.04048761809473121,0.07229327568122805,2.926024363999886,6008476,cos(x3);sin(x1)*cos(x2);x1,0.02093 + 0.5007·x₁ + 0.6757·cos(x₃) + 1.211·sin(x₁)cos(x₂),"FCRRA spent-seed diagnostic; anchor=1,x1,cos(x3),sin(x1)*cos(x2); exception=; in_bank=0; in_anchor=0; attempted=0; eligible_discovery=; eligible_selector=; numerator=None; denominator=None; gamma=None; anchor_role_ic=None; augmented_role_ic=None; outside_sse_max_diff=None; outside_prediction_max_diff=None; accepted=0; final=1,x1,cos(x3),sin(x1)*cos(x2); wrapper_overhead_unoptimized=1",1.0,1.0,6,3,1.0,63,0,0,0,1;x1;cos(x3);sin(x1)*cos(x2),S,imbalanced,100,71;80;94;110;128;150;71;71,751059.5,1;x1;cos(x3);sin(x1)*cos(x2),1;x1;cos(x3);sin(x1)*cos(x2),"[0.017038370811826867,0.4962905235857724,0.6887693055533661,1.2186674487773392]","[0.020934668419822042,0.5006887430045049,0.6757396796590783,1.2110398360300485]",,0.0,0.0,0.0,,0,,0,,,,,,,,0.0
trig_cross,complementary,0.2,100,8,20103,fcrra-spent-diagnostic,1.0,1.0,1.0,0.0001444452330277032,0.052031134364036065,0.0,1.0,0.0,frozen-v6-anchor,0.054141546509841126,0.09904614207557852,2.9235194899999897,6008428,cos(x3);sin(x1)*cos(x2);x1,0.01099 + 0.5052·x₁ + 0.6927·cos(x₃) + 1.197·sin(x₁)cos(x₂),"FCRRA spent-seed diagnostic; anchor=1,x1,cos(x3),sin(x1)*cos(x2); exception=; in_bank=0; in_anchor=0; attempted=0; eligible_discovery=; eligible_selector=; numerator=None; denominator=None; gamma=None; anchor_role_ic=None; augmented_role_ic=None; outside_sse_max_diff=None; outside_prediction_max_diff=None; accepted=0; final=1,x1,cos(x3),sin(x1)*cos(x2); wrapper_overhead_unoptimized=1",1.0,1.0,6,3,1.0,63,0,0,0,1;x1;cos(x3);sin(x1)*cos(x2),S,imbalanced,100,71;71;80;94;110;128;150;71,751053.5,1;x1;cos(x3);sin(x1)*cos(x2),1;x1;cos(x3);sin(x1)*cos(x2),"[0.01874710822990417,0.511675960663788,0.6729386480973274,1.1993570082272946]","[0.010990553146018083,0.5051803234093317,0.6927042188043001,1.1971449157864313]",,0.0,0.0,0.0,,0,,0,,,,,,,,0.0
trig_cross,complementary,0.2,100,8,20104,fcrra-spent-diagnostic,1.0,1.0,1.0,9.322148064848895e-05,0.04569828542505071,0.0,1.0,0.0,frozen-v6-anchor,0.051259843195076496,0.08349389495997812,2.9292842170000313,6003999,cos(x3);sin(x1)*cos(x2);x1,0.003695 + 0.4954·x₁ + 0.6943·cos(x₃) + 1.187·sin(x₁)cos(x₂),"FCRRA spent-seed diagnostic; anchor=1,x1,cos(x3),sin(x1)*cos(x2); exception=; in_bank=0; in_anchor=0; attempted=0; eligible_discovery=; eligible_selector=; numerator=None; denominator=None; gamma=None; anchor_role_ic=None; augmented_role_ic=None; outside_sse_max_diff=None; outside_prediction_max_diff=None; accepted=0; final=1,x1,cos(x3),sin(x1)*cos(x2); wrapper_overhead_unoptimized=1",1.0,1.0,6,3,1.0,63,0,0,0,1;x1;cos(x3);sin(x1)*cos(x2),S,imbalanced,100,71;71;71;80;94;110;128;150,750499.875,1;x1;cos(x3);sin(x1)*cos(x2),1;x1;cos(x3);sin(x1)*cos(x2),"[-0.0019940418843928387,0.4959271534191465,0.6918296231563327,1.187301885723612]","[0.003695435548287873,0.49541815718994736,0.6942597356218515,1.1874135456097679]",,0.0,0.0,0.0,,0,,0,,,,,,,,0.0
trig_cross,complementary,0.2,100,8,20105,fcrra-spent-diagnostic,1.0,1.0,1.0,0.0001875195524034576,0.04569062291258346,0.0,1.0,0.0,frozen-v6-anchor,0.05539000143374542,0.07650698117858115,2.9095375639999475,6001377,cos(x3);sin(x1)*cos(x2);x1,0.01343 + 0.5037·x₁ + 0.6811·cos(x₃) + 1.206·sin(x₁)cos(x₂),"FCRRA spent-seed diagnostic; anchor=1,x1,cos(x3),sin(x1)*cos(x2); exception=; in_bank=0; in_anchor=0; attempted=0; eligible_discovery=; eligible_selector=; numerator=None; denominator=None; gamma=None; anchor_role_ic=None; augmented_role_ic=None; outside_sse_max_diff=None; outside_prediction_max_diff=None; accepted=0; final=1,x1,cos(x3),sin(x1)*cos(x2); wrapper_overhead_unoptimized=1",1.0,1.0,5,2,1.0,32,0,0,0,1;x1;cos(x3);sin(x1)*cos(x2),S,imbalanced,100,150;71;71;71;80;94;110;128,750172.125,1;x1;cos(x3);sin(x1)*cos(x2),1;x1;cos(x3);sin(x1)*cos(x2),"[0.008297150689483411,0.5024153249824526,0.6905458060486783,1.1838727374439029]","[0.013432413348038174,0.5036714297528804,0.6811127030512379,1.2061294748666205]",,0.0,0.0,0.0,,0,,0,,,,,,,,0.0
trig_cross,complementary,0.2,100,16,20101,fcrra-spent-diagnostic,1.0,1.0,1.0,8.724515533107784e-05,0.05311162877002246,0.0,1.0,0.0,frozen-v6-anchor,0.061390032756603784,0.10291140371940699,5.794021753000152,12009729,cos(x3);sin(x1)*cos(x2);x1,0.005521 + 0.4987·x₁ + 0.6869·cos(x₃) + 1.213·sin(x₁)cos(x₂),"FCRRA spent-seed diagnostic; anchor=1,x1,cos(x3),sin(x1)*cos(x2); exception=; in_bank=0; in_anchor=0; attempted=0; eligible_discovery=; eligible_selector=; numerator=None; denominator=None; gamma=None; anchor_role_ic=None; augmented_role_ic=None; outside_sse_max_diff=None; outside_prediction_max_diff=None; accepted=0; final=1,x1,cos(x3),sin(x1)*cos(x2); wrapper_overhead_unoptimized=1",1.0,1.0,6,3,1.0,63,0,0,0,1;x1;cos(x3);sin(x1)*cos(x2),S,balanced,100,100;100;100;100;100;100;100;100;100;100;100;100;100;100;100;100,750608.0625,1;x1;cos(x3);sin(x1)*cos(x2),1;x1;cos(x3);sin(x1)*cos(x2),"[0.010927832026937027,0.49452994070767514,0.6837179908084678,1.2203862855868968]","[0.00552064040633903,0.49866372387944247,0.6868978203063437,1.2128717813542786]",,0.0,0.0,0.0,,0,,0,,,,,,,,0.0
trig_cross,complementary,0.2,100,16,20102,fcrra-spent-diagnostic,1.0,1.0,1.0,0.00024272356547878584,0.051083389215241866,0.0,1.0,0.0,frozen-v6-anchor,0.05188556198717266,0.07399303794079065,5.774814697000011,12011814,cos(x3);sin(x1)*cos(x2);x1,-0.01094 + 0.498·x₁ + 0.7062·cos(x₃) + 1.173·sin(x₁)cos(x₂),"FCRRA spent-seed diagnostic; anchor=1,x1,cos(x3),sin(x1)*cos(x2); exception=; in_bank=0; in_anchor=0; attempted=0; eligible_discovery=; eligible_selector=; numerator=None; denominator=None; gamma=None; anchor_role_ic=None; augmented_role_ic=None; outside_sse_max_diff=None; outside_prediction_max_diff=None; accepted=0; final=1,x1,cos(x3),sin(x1)*cos(x2); wrapper_overhead_unoptimized=1",1.0,1.0,6,3,0.0,63,0,1,0,1;x1;cos(x3);sin(x1)*cos(x2),S,balanced,100,100;100;100;100;100;100;100;100;100;100;100;100;100;100;100;100,750738.375,1;x1;cos(x3);sin(x1)*cos(x2),1;x1;cos(x3);sin(x1)*cos(x2),"[-0.010806970681978986,0.49779065257380356,0.7060893150535754,1.172328889335653]","[-0.010935595354790478,0.4979768040952068,0.7062110356775729,1.1729657674255825]",,0.0,0.0,0.0,,0,,0,,,,,,,,0.0
trig_cross,complementary,0.2,100,16,20103,fcrra-spent-diagnostic,1.0,1.0,1.0,0.00023156998492874944,0.046480479616805376,0.0,1.0,0.0,frozen-v6-anchor,0.04117629378636503,0.06396637642166673,5.78384215899996,12027767,cos(x3);sin(x1)*cos(x2);x1,-0.002145 + 0.4965·x₁ + 0.6803·cos(x₃) + 1.216·sin(x₁)cos(x₂),"FCRRA spent-seed diagnostic; anchor=1,x1,cos(x3),sin(x1)*cos(x2); exception=; in_bank=0; in_anchor=0; attempted=0; eligible_discovery=; eligible_selector=; numerator=None; denominator=None; gamma=None; anchor_role_ic=None; augmented_role_ic=None; outside_sse_max_diff=None; outside_prediction_max_diff=None; accepted=0; final=1,x1,cos(x3),sin(x1)*cos(x2); wrapper_overhead_unoptimized=1",1.0,1.0,7,4,1.0,120,0,0,0,1;x1;cos(x3);sin(x1)*cos(x2),S,balanced,100,100;100;100;100;100;100;100;100;100;100;100;100;100;100;100;100,751735.4375,1;x1;cos(x3);sin(x1)*cos(x2),1;x1;cos(x3);sin(x1)*cos(x2),"[0.0014502246992326578,0.5000968549209193,0.6792512827387103,1.2064929180936546]","[-0.0021445345491797065,0.4964922940794688,0.6802852822381134,1.21637486065459]",,0.0,0.0,0.0,,0,,0,,,,,,,,0.0
trig_cross,complementary,0.2,100,16,20104,fcrra-spent-diagnostic,1.0,1.0,1.0,8.246217273132108e-05,0.046437615616354115,0.0,1.0,0.0,frozen-v6-anchor,0.042963577533517615,0.05720186249818748,5.805996410000034,12009748,cos(x3);sin(x1)*cos(x2);x1,0.0002347 + 0.4946·x₁ + 0.7054·cos(x₃) + 1.194·sin(x₁)cos(x₂),"FCRRA spent-seed diagnostic; anchor=1,x1,cos(x3),sin(x1)*cos(x2); exception=; in_bank=0; in_anchor=0; attempted=0; eligible_discovery=; eligible_selector=; numerator=None; denominator=None; gamma=None; anchor_role_ic=None; augmented_role_ic=None; outside_sse_max_diff=None; outside_prediction_max_diff=None; accepted=0; final=1,x1,cos(x3),sin(x1)*cos(x2); wrapper_overhead_unoptimized=1",1.0,1.0,6,3,1.0,63,0,0,0,1;x1;cos(x3);sin(x1)*cos(x2),S,balanced,100,100;100;100;100;100;100;100;100;100;100;100;100;100;100;100;100,750609.25,1;x1;cos(x3);sin(x1)*cos(x2),1;x1;cos(x3);sin(x1)*cos(x2),"[0.00432659821518655,0.49190915905954047,0.7038777044288442,1.191051283268928]","[0.00023465073321783604,0.49455118636034906,0.705388066739674,1.193895196860937]",,0.0,0.0,0.0,,0,,0,,,,,,,,0.0
trig_cross,complementary,0.2,100,16,20105,fcrra-spent-diagnostic,1.0,1.0,1.0,0.00020319545179353686,0.048283238757155844,0.0,1.0,0.0,frozen-v6-anchor,0.04816202510716654,0.07280622947234848,5.836845702999881,12024658,cos(x3);sin(x1)*cos(x2);x1,0.01395 + 0.4953·x₁ + 0.6974·cos(x₃) + 1.211·sin(x₁)cos(x₂),"FCRRA spent-seed diagnostic; anchor=1,x1,cos(x3),sin(x1)*cos(x2); exception=; in_bank=0; in_anchor=0; attempted=0; eligible_discovery=; eligible_selector=; numerator=None; denominator=None; gamma=None; anchor_role_ic=None; augmented_role_ic=None; outside_sse_max_diff=None; outside_prediction_max_diff=None; accepted=0; final=1,x1,cos(x3),sin(x1)*cos(x2); wrapper_overhead_unoptimized=1",1.0,1.0,7,4,1.0,120,0,0,0,1;x1;cos(x3);sin(x1)*cos(x2),S,balanced,100,100;100;100;100;100;100;100;100;100;100;100;100;100;100;100;100,751541.125,1;x1;cos(x3);sin(x1)*cos(x2),1;x1;cos(x3);sin(x1)*cos(x2),"[0.008127009446292022,0.4966646660261616,0.7100628453980047,1.2104442192567268]","[0.013948034427055162,0.49531545858067705,0.6973837084037935,1.2114394195300164]",,0.0,0.0,0.0,,0,,0,,,,,,,,0.0
trig_cross,complementary,0.2,100,16,20101,fcrra-spent-diagnostic,1.0,1.0,1.0,9.313721394171455e-05,0.049020570274138385,0.0,1.0,0.0,frozen-v6-anchor,0.04682859834613819,0.07559475409551229,5.816042757000105,12012271,cos(x3);sin(x1)*cos(x2);x1,-0.005014 + 0.5009·x₁ + 0.7028·cos(x₃) + 1.181·sin(x₁)cos(x₂),"FCRRA spent-seed diagnostic; anchor=1,x1,cos(x3),sin(x1)*cos(x2); exception=; in_bank=0; in_anchor=0; attempted=0; eligible_discovery=; eligible_selector=; numerator=None; denominator=None; gamma=None; anchor_role_ic=None; augmented_role_ic=None; outside_sse_max_diff=None; outside_prediction_max_diff=None; accepted=0; final=1,x1,cos(x3),sin(x1)*cos(x2); wrapper_overhead_unoptimized=1",1.0,1.0,6,3,1.0,63,0,0,0,1;x1;cos(x3);sin(x1)*cos(x2),S,imbalanced,100,112;120;130;139;150;71;71;71;71;71;72;78;83;90;97;104,750766.9375,1;x1;cos(x3);sin(x1)*cos(x2),1;x1;cos(x3);sin(x1)*cos(x2),"[-0.0015621061244687484,0.49361336476950984,0.6848767064033984,1.188517197905357]","[-0.005013564796171763,0.5008530262593516,0.7028465345580837,1.1807514847107965]",,0.0,0.0,0.0,,0,,0,,,,,,,,0.0
trig_cross,complementary,0.2,100,16,20102,fcrra-spent-diagnostic,1.0,1.0,1.0,0.00013969868392980545,0.05124840514330753,0.0,1.0,0.0,frozen-v6-anchor,0.05411331752935133,0.09021576493167771,5.817694160999963,11994505,cos(x3);sin(x1)*cos(x2);x1,-0.009154 + 0.5059·x₁ + 0.7081·cos(x₃) + 1.2·sin(x₁)cos(x₂),"FCRRA spent-seed diagnostic; anchor=1,x1,cos(x3),sin(x1)*cos(x2); exception=; in_bank=0; in_anchor=0; attempted=0; eligible_discovery=; eligible_selector=; numerator=None; denominator=None; gamma=None; anchor_role_ic=None; augmented_role_ic=None; outside_sse_max_diff=None; outside_prediction_max_diff=None; accepted=0; final=1,x1,cos(x3),sin(x1)*cos(x2); wrapper_overhead_unoptimized=1",1.0,1.0,5,2,1.0,32,0,0,0,1;x1;cos(x3);sin(x1)*cos(x2),S,imbalanced,100,104;112;120;130;139;150;71;71;71;71;71;72;78;83;90;97,749656.5625,1;x1;cos(x3);sin(x1)*cos(x2),1;x1;cos(x3);sin(x1)*cos(x2),"[-0.010024892468296145,0.5029150291106603,0.6998288495290024,1.2043526968256613]","[-0.00915428943217905,0.5058657904614081,0.7080925799724719,1.1996523961917507]",,0.0,0.0,0.0,,0,,0,,,,,,,,0.0
trig_cross,complementary,0.2,100,16,20103,fcrra-spent-diagnostic,1.0,1.0,1.0,0.0001505032469838258,0.04656265063694425,0.0,1.0,0.0,frozen-v6-anchor,0.047266073078886556,0.07685999686928126,5.81681576699998,11997458,cos(x3);sin(x1)*cos(x2);x1,-0.005759 + 0.4954·x₁ + 0.6878·cos(x₃) + 1.196·sin(x₁)cos(x₂),"FCRRA spent-seed diagnostic; anchor=1,x1,cos(x3),sin(x1)*cos(x2); exception=; in_bank=0; in_anchor=0; attempted=0; eligible_discovery=; eligible_selector=; numerator=None; denominator=None; gamma=None; anchor_role_ic=None; augmented_role_ic=None; outside_sse_max_diff=None; outside_prediction_max_diff=None; accepted=0; final=1,x1,cos(x3),sin(x1)*cos(x2); wrapper_overhead_unoptimized=1",1.0,1.0,5,2,1.0,32,0,0,0,1;x1;cos(x3);sin(x1)*cos(x2),S,imbalanced,100,97;104;112;120;130;139;150;71;71;71;71;71;72;78;83;90,749841.125,1;x1;cos(x3);sin(x1)*cos(x2),1;x1;cos(x3);sin(x1)*cos(x2),"[-0.00038675047372366267,0.4970490780678369,0.6818288280697776,1.1981687839571604]","[-0.005759413372951855,0.49541605897775626,0.6877864835082206,1.1963130980756789]",,0.0,0.0,0.0,,0,,0,,,,,,,,0.0
trig_cross,complementary,0.2,100,16,20104,fcrra-spent-diagnostic,1.0,1.0,1.0,0.00011588914693214436,0.0474907368186896,0.0,1.0,0.0,frozen-v6-anchor,0.04909018072447055,0.10210726995880855,5.838834928000097,12005863,cos(x3);sin(x1)*cos(x2);x1,0.004043 + 0.4968·x₁ + 0.7057·cos(x₃) + 1.218·sin(x₁)cos(x₂),"FCRRA spent-seed diagnostic; anchor=1,x1,cos(x3),sin(x1)*cos(x2); exception=; in_bank=0; in_anchor=0; attempted=0; eligible_discovery=; eligible_selector=; numerator=None; denominator=None; gamma=None; anchor_role_ic=None; augmented_role_ic=None; outside_sse_max_diff=None; outside_prediction_max_diff=None; accepted=0; final=1,x1,cos(x3),sin(x1)*cos(x2); wrapper_overhead_unoptimized=1",1.0,1.0,6,3,1.0,63,0,0,0,1;x1;cos(x3);sin(x1)*cos(x2),S,imbalanced,100,90;97;104;112;120;130;139;150;71;71;71;71;71;72;78;83,750366.4375,1;x1;cos(x3);sin(x1)*cos(x2),1;x1;cos(x3);sin(x1)*cos(x2),"[0.006362725871366756,0.4960455698887067,0.701418433144813,1.2129547538967966]","[0.00404315068631563,0.4968040877102896,0.7056706644774292,1.2181435010710817]",,0.0,0.0,0.0,,0,,0,,,,,,,,0.0
trig_cross,complementary,0.2,100,16,20105,fcrra-spent-diagnostic,1.0,1.0,1.0,0.00022313761477665186,0.04473151368285088,0.0,1.0,0.0,frozen-v6-anchor,0.05074226795955267,0.07264676869378274,5.840987909999967,12011735,cos(x3);sin(x1)*cos(x2);x1,0.004772 + 0.5078·x₁ + 0.7051·cos(x₃) + 1.216·sin(x₁)cos(x₂),"FCRRA spent-seed diagnostic; anchor=1,x1,cos(x3),sin(x1)*cos(x2); exception=; in_bank=0; in_anchor=0; attempted=0; eligible_discovery=; eligible_selector=; numerator=None; denominator=None; gamma=None; anchor_role_ic=None; augmented_role_ic=None; outside_sse_max_diff=None; outside_prediction_max_diff=None; accepted=0; final=1,x1,cos(x3),sin(x1)*cos(x2); wrapper_overhead_unoptimized=1",1.0,1.0,6,3,1.0,63,0,0,0,1;x1;cos(x3);sin(x1)*cos(x2),S,imbalanced,100,83;90;97;104;112;120;130;139;150;71;71;71;71;71;72;78,750733.4375,1;x1;cos(x3);sin(x1)*cos(x2),1;x1;cos(x3);sin(x1)*cos(x2),"[0.0024362176380887807,0.5079205384878234,0.7086977460862414,1.2116854740823568]","[0.004771506087723985,0.5078103888447761,0.7051006312759465,1.2155806158652351]",,0.0,0.0,0.0,,0,,0,,,,,,,,0.0
trig_cross,spurious,0.2,100,4,20101,fcrra-spent-diagnostic,1.0,1.0,1.0,0.000501787202934655,0.04378031270731496,0.0,1.0,0.0,frozen-v6-anchor,0.036709535765931216,0.065990820498043,1.5582537780001076,3056787,cos(x3);sin(x1)*cos(x2);x1,0.009664 + 0.491·x₁ + 0.6732·cos(x₃) + 1.224·sin(x₁)cos(x₂),"FCRRA spent-seed diagnostic; anchor=1,x1,cos(x3),sin(x1)*cos(x2); exception=; in_bank=0; in_anchor=0; attempted=0; eligible_discovery=; eligible_selector=; numerator=None; denominator=None; gamma=None; anchor_role_ic=None; augmented_role_ic=None; outside_sse_max_diff=None; outside_prediction_max_diff=None; accepted=0; final=1,x1,cos(x3),sin(x1)*cos(x2); wrapper_overhead_unoptimized=1",1.0,1.0,5,2,1.0,32,0,0,0,1;x1;cos(x3);sin(x1)*cos(x2),S,balanced,100,100;100;100;100,764196.75,1;x1;cos(x3);sin(x1)*cos(x2),1;x1;cos(x3);sin(x1)*cos(x2),"[0.011510006297754047,0.49395563887722693,0.6565145116882873,1.210965361608202]","[0.009664476983839891,0.4910491434968536,0.6732382309553179,1.2243023594289424]",,0.0,0.0,0.0,,0,,0,,,,,,,,0.0
trig_cross,spurious,0.2,100,4,20102,fcrra-spent-diagnostic,1.0,1.0,1.0,6.975682746233067e-05,0.04192206986972766,0.0,1.0,0.0,frozen-v6-anchor,0.04472780538556697,0.060185370800159885,1.5290234720000626,3027533,cos(x3);sin(x1)*cos(x2);x1,-0.003755 + 0.4999·x₁ + 0.6885·cos(x₃) + 1.199·sin(x₁)cos(x₂),"FCRRA spent-seed diagnostic; anchor=1,x1,cos(x3),sin(x1)*cos(x2); exception=; in_bank=0; in_anchor=0; attempted=0; eligible_discovery=; eligible_selector=; numerator=None; denominator=None; gamma=None; anchor_role_ic=None; augmented_role_ic=None; outside_sse_max_diff=None; outside_prediction_max_diff=None; accepted=0; final=1,x1,cos(x3),sin(x1)*cos(x2); wrapper_overhead_unoptimized=1",1.0,1.0,5,2,0.0,32,0,1,0,1;x1;cos(x3);sin(x1)*cos(x2),S,balanced,100,100;100;100;100,756883.25,1;x1;cos(x3);sin(x1)*cos(x2),1;x1;cos(x3);sin(x1)*cos(x2),"[0.002787854865165307,0.49731140723029715,0.684819807155928,1.2072897577149535]","[-0.003754608132559962,0.49993400091692625,0.6885213623910448,1.1990147888971763]",,0.0,0.0,0.0,,0,,0,,,,,,,,0.0
trig_cross,spurious,0.2,100,4,20103,fcrra-spent-diagnostic,1.0,1.0,1.0,0.0005579450324296298,0.0516630225845876,0.0,1.0,0.0,frozen-v6-anchor,0.06388665230168945,0.1012091644647782,1.4956825560000198,3001771,cos(x3);sin(x1)*cos(x2);x1,0.01466 + 0.4902·x₁ + 0.6681·cos(x₃) + 1.203·sin(x₁)cos(x₂),"FCRRA spent-seed diagnostic; anchor=1,x1,cos(x3),sin(x1)*cos(x2); exception=; in_bank=0; in_anchor=0; attempted=0; eligible_discovery=; eligible_selector=; numerator=None; denominator=None; gamma=None; anchor_role_ic=None; augmented_role_ic=None; outside_sse_max_diff=None; outside_prediction_max_diff=None; accepted=0; final=1,x1,cos(x3),sin(x1)*cos(x2); wrapper_overhead_unoptimized=1",1.0,1.0,6,3,1.0,63,0,0,0,1;x1;cos(x3);sin(x1)*cos(x2),S,balanced,100,100;100;100;100,750442.75,1;x1;cos(x3);sin(x1)*cos(x2),1;x1;cos(x3);sin(x1)*cos(x2),"[0.012495124355968869,0.4880382021175903,0.6444028686485281,1.1859501658764509]","[0.014664799611038054,0.4901610018552795,0.6680755363880136,1.2034118723823652]",,0.0,0.0,0.0,,0,,0,,,,,,,,0.0
trig_cross,spurious,0.2,100,4,20104,fcrra-spent-diagnostic,1.0,1.0,1.0,0.0005337315315108201,0.05343397952293372,0.0,1.0,0.0,frozen-v6-anchor,0.04406873141489266,0.06081353623496568,1.5403988660000323,3034546,cos(x3);sin(x1)*cos(x2);x1,-0.0222 + 0.5061·x₁ + 0.7012·cos(x₃) + 1.221·sin(x₁)cos(x₂),"FCRRA spent-seed diagnostic; anchor=1,x1,cos(x3),sin(x1)*cos(x2); exception=; in_bank=0; in_anchor=0; attempted=0; eligible_discovery=; eligible_selector=; numerator=None; denominator=None; gamma=None; anchor_role_ic=None; augmented_role_ic=None; outside_sse_max_diff=None; outside_prediction_max_diff=None; accepted=0; final=1,x1,cos(x3),sin(x1)*cos(x2); wrapper_overhead_unoptimized=1",1.0,1.0,7,4,0.0,120,0,1,0,1;x1;cos(x3);sin(x1)*cos(x2),S,balanced,100,100;100;100;100,758636.5,1;x1;cos(x3);sin(x1)*cos(x2),1;x1;cos(x3);sin(x1)*cos(x2),"[-0.037912838183622885,0.5124648660874995,0.7325230391974183,1.2221236408590106]","[-0.022199473055070557,0.5061093603412373,0.7011681807174779,1.2209911354807215]",,0.0,0.0,0.0,,0,,0,,,,,,,,0.0
trig_cross,spurious,0.2,100,4,20105,fcrra-spent-diagnostic,1.0,1.0,1.0,0.0001288468786548321,0.05179278262492801,0.0,1.0,0.0,frozen-v6-anchor,0.07023814027553353,0.08368112548943879,1.5299136329999783,3030988,cos(x3);sin(x1)*cos(x2);x1,-0.007649 + 0.498·x₁ + 0.6888·cos(x₃) + 1.193·sin(x₁)cos(x₂),"FCRRA spent-seed diagnostic; anchor=1,x1,cos(x3),sin(x1)*cos(x2); exception=; in_bank=0; in_anchor=0; attempted=0; eligible_discovery=; eligible_selector=; numerator=None; denominator=None; gamma=None; anchor_role_ic=None; augmented_role_ic=None; outside_sse_max_diff=None; outside_prediction_max_diff=None; accepted=0; final=1,x1,cos(x3),sin(x1)*cos(x2); wrapper_overhead_unoptimized=1",1.0,1.0,6,3,0.0,63,0,1,0,1;x1;cos(x3);sin(x1)*cos(x2),S,balanced,100,100;100;100;100,757747.0,1;x1;cos(x3);sin(x1)*cos(x2),1;x1;cos(x3);sin(x1)*cos(x2),"[0.004159912256778614,0.5037666457862198,0.6980477797326191,1.1534699791930048]","[-0.007648586299596536,0.4980135711417327,0.6888098149084068,1.1934023531738032]",,0.0,0.0,0.0,,0,,0,,,,,,,,0.0
trig_cross,spurious,0.2,100,4,20101,fcrra-spent-diagnostic,1.0,1.0,1.0,3.166826762033381e-05,0.047195764944269324,0.0,1.0,0.0,frozen-v6-anchor,0.06163011257351408,0.13718758241537615,1.4994583539998985,2999411,cos(x3);sin(x1)*cos(x2);x1,-0.004514 + 0.5026·x₁ + 0.7·cos(x₃) + 1.201·sin(x₁)cos(x₂),"FCRRA spent-seed diagnostic; anchor=1,x1,cos(x3),sin(x1)*cos(x2); exception=; in_bank=0; in_anchor=0; attempted=0; eligible_discovery=; eligible_selector=; numerator=None; denominator=None; gamma=None; anchor_role_ic=None; augmented_role_ic=None; outside_sse_max_diff=None; outside_prediction_max_diff=None; accepted=0; final=1,x1,cos(x3),sin(x1)*cos(x2); wrapper_overhead_unoptimized=1",1.0,1.0,5,2,1.0,32,0,0,0,1;x1;cos(x3);sin(x1)*cos(x2),S,imbalanced,100,150;71;72;104,749852.75,1;x1;cos(x3);sin(x1)*cos(x2),1;x1;cos(x3);sin(x1)*cos(x2),"[0.016737714813104584,0.500940562708035,0.6489969805139201,1.2100372603157756]","[-0.00451383278425008,0.5025930195622582,0.6999500631735639,1.2007843609682372]",,0.0,0.0,0.0,,0,,0,,,,,,,,0.0
trig_cross,spurious,0.2,100,4,20102,fcrra-spent-diagnostic,0.0,0.6666666666666666,0.6666666666666666,0.004300043263320215,0.050898078871056025,0.0,1.0,0.0,frozen-v6-anchor,0.04390621465386651,0.05798469841316774,1.5670452700001078,3066133,sin(x1)*cos(x2);x1;x3^2,0.6218 + 0.4912·x₁ - 0.2302·x₃² + 1.197·sin(x₁)cos(x₂),"FCRRA spent-seed diagnostic; anchor=1,x1,x3^2,sin(x1)*cos(x2); exception=; in_bank=0; in_anchor=0; attempted=0; eligible_discovery=; eligible_selector=; numerator=None; denominator=None; gamma=None; anchor_role_ic=None; augmented_role_ic=None; outside_sse_max_diff=None; outside_prediction_max_diff=None; accepted=0; final=1,x1,x3^2,sin(x1)*cos(x2); wrapper_overhead_unoptimized=1",1.0,1.0,7,4,0.0,120,0,1,0,1;x1;x3^2;sin(x1)*cos(x2),S,imbalanced,100,104;150;71;72,766533.25,1;x1;x3^2;sin(x1)*cos(x2),1;x1;x3^2;sin(x1)*cos(x2),"[0.6221508654208668,0.5006511135018012,-0.22886149171477282,1.188670034689887]","[0.6217696865650156,0.49124747012557834,-0.23018110092557903,1.197014495550493]",,0.0,0.0,0.0,,0,,0,,,,,,,,0.0
trig_cross,spurious,0.2,100,4,20103,fcrra-spent-diagnostic,1.0,1.0,1.0,0.0002877746332330495,0.04723549531944833,0.0,1.0,0.0,frozen-v6-anchor,0.05780694894834501,0.06131237599523975,1.5632588309999846,3064322,cos(x3);sin(x1)*cos(x2);x1,0.006851 + 0.4975·x₁ + 0.6956·cos(x₃) + 1.165·sin(x₁)cos(x₂),"FCRRA spent-seed diagnostic; anchor=1,x1,cos(x3),sin(x1)*cos(x2); exception=; in_bank=0; in_anchor=0; attempted=0; eligible_discovery=; eligible_selector=; numerator=None; denominator=None; gamma=None; anchor_role_ic=None; augmented_role_ic=None; outside_sse_max_diff=None; outside_prediction_max_diff=None; accepted=0; final=1,x1,cos(x3),sin(x1)*cos(x2); wrapper_overhead_unoptimized=1",1.0,1.0,6,3,1.0,63,0,0,0,1;x1;cos(x3);sin(x1)*cos(x2),S,imbalanced,100,72;104;150;71,766080.5,1;x1;cos(x3);sin(x1)*cos(x2),1;x1;cos(x3);sin(x1)*cos(x2),"[0.00302419426831612,0.493694063706771,0.692335466887968,1.175145305413021]","[0.006851242247475179,0.49745683197611373,0.6956334567912078,1.1653871644545224]",,0.0,0.0,0.0,,0,,0,,,,,,,,0.0
trig_cross,spurious,0.2,100,4,20104,fcrra-spent-diagnostic,1.0,1.0,1.0,0.0005025118838465077,0.05726156991105603,0.0,1.0,0.0,frozen-v6-anchor,0.05747240693832049,0.09114427238342036,1.4939860069998758,3005923,cos(x3);sin(x1)*cos(x2);x1,-0.01569 + 0.5083·x₁ + 0.686·cos(x₃) + 1.186·sin(x₁)cos(x₂),"FCRRA spent-seed diagnostic; anchor=1,x1,cos(x3),sin(x1)*cos(x2); exception=; in_bank=0; in_anchor=0; attempted=0; eligible_discovery=; eligible_selector=; numerator=None; denominator=None; gamma=None; anchor_role_ic=None; augmented_role_ic=None; outside_sse_max_diff=None; outside_prediction_max_diff=None; accepted=0; final=1,x1,cos(x3),sin(x1)*cos(x2); wrapper_overhead_unoptimized=1",1.0,1.0,6,3,1.0,63,0,0,0,1;x1;cos(x3);sin(x1)*cos(x2),S,imbalanced,100,71;72;104;150,751480.75,1;x1;cos(x3);sin(x1)*cos(x2),1;x1;cos(x3);sin(x1)*cos(x2),"[-0.0250918600579364,0.505414344584615,0.700454779621164,1.1763017771008348]","[-0.015689328813668853,0.5082880785240286,0.686035203716798,1.1859485375686698]",,0.0,0.0,0.0,,0,,0,,,,,,,,0.0
trig_cross,spurious,0.2,100,4,20105,fcrra-spent-diagnostic,1.0,1.0,1.0,0.0004951436116110209,0.04890628531864847,0.0,1.0,0.0,frozen-v6-anchor,0.050590393905712794,0.06879376459435829,1.5552334000001338,3058126,cos(x3);sin(x1)*cos(x2);x1,-0.02333 + 0.4984·x₁ + 0.722·cos(x₃) + 1.175·sin(x₁)cos(x₂),"FCRRA spent-seed diagnostic; anchor=1,x1,cos(x3),sin(x1)*cos(x2); exception=; in_bank=0; in_anchor=0; attempted=0; eligible_discovery=; eligible_selector=; numerator=None; denominator=None; gamma=None; anchor_role_ic=None; augmented_role_ic=None; outside_sse_max_diff=None; outside_prediction_max_diff=None; accepted=0; final=1,x1,cos(x3),sin(x1)*cos(x2); wrapper_overhead_unoptimized=1",1.0,1.0,5,2,1.0,32,0,0,0,1;x1;cos(x3);sin(x1)*cos(x2),S,imbalanced,100,150;71;72;104,764531.5,1;x1;cos(x3);sin(x1)*cos(x2),1;x1;cos(x3);sin(x1)*cos(x2),"[0.0007591626791036143,0.49950528807583666,0.6834383297993624,1.1687889665410964]","[-0.023326703224757484,0.49836518778421984,0.722042714030276,1.1748759300738472]",,0.0,0.0,0.0,,0,,0,,,,,,,,0.0
trig_cross,spurious,0.2,100,8,20101,fcrra-spent-diagnostic,1.0,1.0,1.0,0.00029204778602098455,0.047339168077612,0.0,1.0,0.0,frozen-v6-anchor,0.042284188060354624,0.06506177930010822,2.9545586440001443,6005760,cos(x3);sin(x1)*cos(x2);x1,-0.01055 + 0.4965·x₁ + 0.7242·cos(x₃) + 1.22·sin(x₁)cos(x₂),"FCRRA spent-seed diagnostic; anchor=1,x1,cos(x3),sin(x1)*cos(x2); exception=; in_bank=0; in_anchor=0; attempted=0; eligible_discovery=; eligible_selector=; numerator=None; denominator=None; gamma=None; anchor_role_ic=None; augmented_role_ic=None; outside_sse_max_diff=None; outside_prediction_max_diff=None; accepted=0; final=1,x1,cos(x3),sin(x1)*cos(x2); wrapper_overhead_unoptimized=1",1.0,1.0,6,3,1.0,63,0,0,0,1;x1;cos(x3);sin(x1)*cos(x2),S,balanced,100,100;100;100;100;100;100;100;100,750720.0,1;x1;cos(x3);sin(x1)*cos(x2),1;x1;cos(x3);sin(x1)*cos(x2),"[-0.01444177149939617,0.501623884558382,0.7261335655610406,1.2192729861089773]","[-0.01055470437419796,0.4965227233646095,0.7242244526943525,1.2196614608043626]",,0.0,0.0,0.0,,0,,0,,,,,,,,0.0
trig_cross,spurious,0.2,100,8,20102,fcrra-spent-diagnostic,0.0,0.6666666666666666,0.6666666666666666,0.004320585204517038,0.048075913564513593,0.0,1.0,0.0,frozen-v6-anchor,0.047195741300939946,0.07233736128310563,2.9558328059999894,6005831,sin(x1)*cos(x2);x1;x3^2,0.6531 + 0.501·x₁ - 0.2376·x₃² + 1.214·sin(x₁)cos(x₂),"FCRRA spent-seed diagnostic; anchor=1,x1,x3^2,sin(x1)*cos(x2); exception=; in_bank=0; in_anchor=0; attempted=0; eligible_discovery=; eligible_selector=; numerator=None; denominator=None; gamma=None; anchor_role_ic=None; augmented_role_ic=None; outside_sse_max_diff=None; outside_prediction_max_diff=None; accepted=0; final=1,x1,x3^2,sin(x1)*cos(x2); wrapper_overhead_unoptimized=1",1.0,1.0,6,3,0.0,63,0,1,0,1;x1;x3^2;sin(x1)*cos(x2),S,balanced,100,100;100;100;100;100;100;100;100,750728.875,1;x1;x3^2;sin(x1)*cos(x2),1;x1;x3^2;sin(x1)*cos(x2),"[0.6538730476061781,0.4949473207679314,-0.23684414476615595,1.2119773147493513]","[0.6530607909477628,0.5009668264474546,-0.23756212416141737,1.2135522345126204]",,0.0,0.0,0.0,,0,,0,,,,,,,,0.0
trig_cross,spurious,0.2,100,8,20103,fcrra-spent-diagnostic,1.0,1.0,1.0,0.00016607648577498044,0.05141696071757302,0.0,1.0,0.0,frozen-v6-anchor,0.04961369639741265,0.06835926271561021,2.944054434999998,6006908,cos(x3);sin(x1)*cos(x2);x1,0.005526 + 0.4986·x₁ + 0.6895·cos(x₃) + 1.175·sin(x₁)cos(x₂),"FCRRA spent-seed diagnostic; anchor=1,x1,cos(x3),sin(x1)*cos(x2); exception=; in_bank=0; in_anchor=0; attempted=0; eligible_discovery=; eligible_selector=; numerator=None; denominator=None; gamma=None; anchor_role_ic=None; augmented_role_ic=None; outside_sse_max_diff=None; outside_prediction_max_diff=None; accepted=0; final=1,x1,cos(x3),sin(x1)*cos(x2); wrapper_overhead_unoptimized=1",1.0,1.0,6,3,1.0,63,0,0,0,1;x1;cos(x3);sin(x1)*cos(x2),S,balanced,100,100;100;100;100;100;100;100;100,750863.5,1;x1;cos(x3);sin(x1)*cos(x2),1;x1;cos(x3);sin(x1)*cos(x2),"[0.00921722032071274,0.4987972586697559,0.6910558743893188,1.1576524360387146]","[0.005525837073994872,0.4985907669524199,0.6894680972116246,1.1750301706008122]",,0.0,0.0,0.0,,0,,0,,,,,,,,0.0
trig_cross,spurious,0.2,100,8,20104,fcrra-spent-diagnostic,1.0,1.0,1.0,8.009359843373808e-06,0.04374205743723978,0.0,1.0,0.0,frozen-v6-anchor,0.04509361694189714,0.08001814025408649,3.0067865140001686,6061847,cos(x3);sin(x1)*cos(x2);x1,-0.001276 + 0.4984·x₁ + 0.7004·cos(x₃) + 1.202·sin(x₁)cos(x₂),"FCRRA spent-seed diagnostic; anchor=1,x1,cos(x3),sin(x1)*cos(x2); exception=; in_bank=0; in_anchor=0; attempted=0; eligible_discovery=; eligible_selector=; numerator=None; denominator=None; gamma=None; anchor_role_ic=None; augmented_role_ic=None; outside_sse_max_diff=None; outside_prediction_max_diff=None; accepted=0; final=1,x1,cos(x3),sin(x1)*cos(x2); wrapper_overhead_unoptimized=1",1.0,1.0,6,3,1.0,63,0,0,0,1;x1;cos(x3);sin(x1)*cos(x2),S,balanced,100,100;100;100;100;100;100;100;100,757730.875,1;x1;cos(x3);sin(x1)*cos(x2),1;x1;cos(x3);sin(x1)*cos(x2),"[0.00714292795312204,0.49610278569471583,0.6881099584598924,1.1947631743205633]","[-0.0012761349297987622,0.49836522850186105,0.7003573425726248,1.2022703134472505]",,0.0,0.0,0.0,,0,,0,,,,,,,,0.0
trig_cross,spurious,0.2,100,8,20105,fcrra-spent-diagnostic,1.0,1.0,1.0,0.00034698885578449075,0.042801641080290255,0.0,1.0,0.0,frozen-v6-anchor,0.044774026232882756,0.08803375795630757,2.9717155939999884,6004491,cos(x3);sin(x1)*cos(x2);x1,-0.01392 + 0.494·x₁ + 0.7231·cos(x₃) + 1.221·sin(x₁)cos(x₂),"FCRRA spent-seed diagnostic; anchor=1,x1,cos(x3),sin(x1)*cos(x2); exception=; in_bank=0; in_anchor=0; attempted=0; eligible_discovery=; eligible_selector=; numerator=None; denominator=None; gamma=None; anchor_role_ic=None; augmented_role_ic=None; outside_sse_max_diff=None; outside_prediction_max_diff=None; accepted=0; final=1,x1,cos(x3),sin(x1)*cos(x2); wrapper_overhead_unoptimized=1",1.0,1.0,6,3,1.0,63,0,0,0,1;x1;cos(x3);sin(x1)*cos(x2),S,balanced,100,100;100;100;100;100;100;100;100,750561.375,1;x1;cos(x3);sin(x1)*cos(x2),1;x1;cos(x3);sin(x1)*cos(x2),"[-0.020390915062543813,0.4938849000654337,0.7247460830355537,1.2279351921283448]","[-0.013916068586371757,0.4939685628327717,0.7230753553118962,1.2208018916262793]",,0.0,0.0,0.0,,0,,0,,,,,,,,0.0
trig_cross,spurious,0.2,100,8,20101,fcrra-spent-diagnostic,1.0,1.0,1.0,4.476799107566232e-05,0.04728055935286501,0.0,1.0,0.0,frozen-v6-anchor,0.05089137738801503,0.08041030808699356,2.948208910999938,6010669,cos(x3);sin(x1)*cos(x2);x1,0.001581 + 0.5038·x₁ + 0.6989·cos(x₃) + 1.207·sin(x₁)cos(x₂),"FCRRA spent-seed diagnostic; anchor=1,x1,cos(x3),sin(x1)*cos(x2); exception=; in_bank=0; in_anchor=0; attempted=0; eligible_discovery=; eligible_selector=; numerator=None; denominator=None; gamma=None; anchor_role_ic=None; augmented_role_ic=None; outside_sse_max_diff=None; outside_prediction_max_diff=None; accepted=0; final=1,x1,cos(x3),sin(x1)*cos(x2); wrapper_overhead_unoptimized=1",1.0,1.0,6,3,1.0,63,0,0,0,1;x1;cos(x3);sin(x1)*cos(x2),S,imbalanced,100,80;94;110;128;150;71;71;71,751333.625,1;x1;cos(x3);sin(x1)*cos(x2),1;x1;cos(x3);sin(x1)*cos(x2),"[-0.0020303012615154256,0.5010357790118513,0.701531141833879,1.2027994264344013]","[0.0015811780702808442,0.5037645210708875,0.6989300743972163,1.206821932504412]",,0.0,0.0,0.0,,0,,0,,,,,,,,0.0
trig_cross,spurious,0.2,100,8,20102,fcrra-spent-diagnostic,1.0,1.0,1.0,0.0008585470894216033,0.04601858423759824,0.0,1.0,0.0,frozen-v6-anchor,0.05614884922225524,0.07759932762758014,2.9229636289999235,6010349,cos(x3);sin(x1)*cos(x2);x1,-0.008658 + 0.4872·x₁ + 0.7325·cos(x₃) + 1.17·sin(x₁)cos(x₂),"FCRRA spent-seed diagnostic; anchor=1,x1,cos(x3),sin(x1)*cos(x2); exception=; in_bank=0; in_anchor=0; attempted=0; eligible_discovery=; eligible_selector=; numerator=None; denominator=None; gamma=None; anchor_role_ic=None; augmented_role_ic=None; outside_sse_max_diff=None; outside_prediction_max_diff=None; accepted=0; final=1,x1,cos(x3),sin(x1)*cos(x2); wrapper_overhead_unoptimized=1",1.0,1.0,6,3,1.0,63,0,0,0,1;x1;cos(x3);sin(x1)*cos(x2),S,imbalanced,100,71;80;94;110;128;150;71;71,751293.625,1;x1;cos(x3);sin(x1)*cos(x2),1;x1;cos(x3);sin(x1)*cos(x2),"[-0.004951201141950835,0.4814344685907437,0.7167957938661075,1.172166202867454]","[-0.00865798819170328,0.4872462003806949,0.7325385247273397,1.1703578863680975]",,0.0,0.0,0.0,,0,,0,,,,,,,,0.0
trig_cross,spurious,0.2,100,8,20103,fcrra-spent-diagnostic,1.0,1.0,1.0,0.0003583225369591673,0.055622319568774045,0.0,1.0,0.0,frozen-v6-anchor,0.05900589197832095,0.09049820564224476,2.9352759060000153,6007399,cos(x3);sin(x1)*cos(x2);x1,0.007274 + 0.5102·x₁ + 0.6962·cos(x₃) + 1.181·sin(x₁)cos(x₂),"FCRRA spent-seed diagnostic; anchor=1,x1,cos(x3),sin(x1)*cos(x2); exception=; in_bank=0; in_anchor=0; attempted=0; eligible_discovery=; eligible_selector=; numerator=None; denominator=None; gamma=None; anchor_role_ic=None; augmented_role_ic=None; outside_sse_max_diff=None; outside_prediction_max_diff=None; accepted=0; final=1,x1,cos(x3),sin(x1)*cos(x2); wrapper_overhead_unoptimized=1",1.0,1.0,6,3,1.0,63,0,0,0,1;x1;cos(x3);sin(x1)*cos(x2),S,imbalanced,100,71;71;80;94;110;128;150;71,750924.875,1;x1;cos(x3);sin(x1)*cos(x2),1;x1;cos(x3);sin(x1)*cos(x2),"[0.01907247509628302,0.5068350513412616,0.6757036712752263,1.1902901815044589]","[0.0072740074973991695,0.5101698138392247,0.6962226071272745,1.1805639033208464]",,0.0,0.0,0.0,,0,,0,,,,,,,,0.0
trig_cross,spurious,0.2,100,8,20104,fcrra-spent-diagnostic,1.0,1.0,1.0,3.852570659920593e-05,0.04725345853290367,0.0,1.0,0.0,frozen-v6-anchor,0.03495310502896374,0.07793344045562556,2.9835285880001265,6063293,cos(x3);sin(x1)*cos(x2);x1,0.0005557 + 0.5032·x₁ + 0.7003·cos(x₃) + 1.209·sin(x₁)cos(x₂),"FCRRA spent-seed diagnostic; anchor=1,x1,cos(x3),sin(x1)*cos(x2); exception=; in_bank=0; in_anchor=0; attempted=0; eligible_discovery=; eligible_selector=; numerator=None; denominator=None; gamma=None; anchor_role_ic=None; augmented_role_ic=None; outside_sse_max_diff=None; outside_prediction_max_diff=None; accepted=0; final=1,x1,cos(x3),sin(x1)*cos(x2); wrapper_overhead_unoptimized=1",1.0,1.0,6,3,1.0,63,0,0,0,1;x1;cos(x3);sin(x1)*cos(x2),S,imbalanced,100,71;71;71;80;94;110;128;150,757911.625,1;x1;cos(x3);sin(x1)*cos(x2),1;x1;cos(x3);sin(x1)*cos(x2),"[-0.010965242537858064,0.5067444453889239,0.7030871191705352,1.2087989925939544]","[0.0005556980307513336,0.5031692520037238,0.7003329400748375,1.2086675183120459]",,0.0,0.0,0.0,,0,,0,,,,,,,,0.0
trig_cross,spurious,0.2,100,8,20105,fcrra-spent-diagnostic,1.0,1.0,1.0,0.0004290814686358778,0.04289564065308462,0.0,1.0,0.0,frozen-v6-anchor,0.037961821390042436,0.05809582428312665,2.9341892150000604,6004523,cos(x3);sin(x1)*cos(x2);x1,0.01388 + 0.4988·x₁ + 0.6641·cos(x₃) + 1.181·sin(x₁)cos(x₂),"FCRRA spent-seed diagnostic; anchor=1,x1,cos(x3),sin(x1)*cos(x2); exception=; in_bank=0; in_anchor=0; attempted=0; eligible_discovery=; eligible_selector=; numerator=None; denominator=None; gamma=None; anchor_role_ic=None; augmented_role_ic=None; outside_sse_max_diff=None; outside_prediction_max_diff=None; accepted=0; final=1,x1,cos(x3),sin(x1)*cos(x2); wrapper_overhead_unoptimized=1",1.0,1.0,6,3,0.0,63,0,1,0,1;x1;cos(x3);sin(x1)*cos(x2),S,imbalanced,100,150;71;71;71;80;94;110;128,750565.375,1;x1;cos(x3);sin(x1)*cos(x2),1;x1;cos(x3);sin(x1)*cos(x2),"[0.010220982853554973,0.5025557331893603,0.6676767389112669,1.1833068294607463]","[0.013878895437911832,0.49878884854172356,0.6641209437516485,1.180555182710066]",,0.0,0.0,0.0,,0,,0,,,,,,,,0.0
trig_cross,spurious,0.2,100,16,20101,fcrra-spent-diagnostic,1.0,1.0,1.0,0.0001461700590157067,0.04881157306235948,0.0,1.0,0.0,frozen-v6-anchor,0.045216241546847884,0.08293925650181724,5.758982359999891,12012170,cos(x3);sin(x1)*cos(x2);x1,-0.004856 + 0.4931·x₁ + 0.7053·cos(x₃) + 1.208·sin(x₁)cos(x₂),"FCRRA spent-seed diagnostic; anchor=1,x1,cos(x3),sin(x1)*cos(x2); exception=; in_bank=0; in_anchor=0; attempted=0; eligible_discovery=; eligible_selector=; numerator=None; denominator=None; gamma=None; anchor_role_ic=None; augmented_role_ic=None; outside_sse_max_diff=None; outside_prediction_max_diff=None; accepted=0; final=1,x1,cos(x3),sin(x1)*cos(x2); wrapper_overhead_unoptimized=1",1.0,1.0,6,3,0.0,63,0,1,0,1;x1;cos(x3);sin(x1)*cos(x2),S,balanced,100,100;100;100;100;100;100;100;100;100;100;100;100;100;100;100;100,750760.625,1;x1;cos(x3);sin(x1)*cos(x2),1;x1;cos(x3);sin(x1)*cos(x2),"[-0.009323941393478946,0.4929869701541689,0.7188443363443422,1.204728077657278]","[-0.004855593044264656,0.49313677759024355,0.7052963829336335,1.207841530924746]",,0.0,0.0,0.0,,0,,0,,,,,,,,0.0
trig_cross,spurious,0.2,100,16,20102,fcrra-spent-diagnostic,1.0,1.0,1.0,0.00031851735682509284,0.04889536594750075,0.0,1.0,0.0,frozen-v6-anchor,0.05072119586980471,0.08286470520223167,5.773712495999916,12009767,cos(x3);sin(x1)*cos(x2);x1,-0.00741 + 0.491·x₁ + 0.7021·cos(x₃) + 1.22·sin(x₁)cos(x₂),"FCRRA spent-seed diagnostic; anchor=1,x1,cos(x3),sin(x1)*cos(x2); exception=; in_bank=0; in_anchor=0; attempted=0; eligible_discovery=; eligible_selector=; numerator=None; denominator=None; gamma=None; anchor_role_ic=None; augmented_role_ic=None; outside_sse_max_diff=None; outside_prediction_max_diff=None; accepted=0; final=1,x1,cos(x3),sin(x1)*cos(x2); wrapper_overhead_unoptimized=1",1.0,1.0,6,3,1.0,63,0,0,0,1;x1;cos(x3);sin(x1)*cos(x2),S,balanced,100,100;100;100;100;100;100;100;100;100;100;100;100;100;100;100;100,750610.4375,1;x1;cos(x3);sin(x1)*cos(x2),1;x1;cos(x3);sin(x1)*cos(x2),"[-0.0003007425136686004,0.4903261189178887,0.6990366487412745,1.2279188225975453]","[-0.007410003458839647,0.4909641716732548,0.7021297450785682,1.220415398432696]",,0.0,0.0,0.0,,0,,0,,,,,,,,0.0
trig_cross,spurious,0.2,100,16,20103,fcrra-spent-diagnostic,1.0,1.0,1.0,0.0004773954420803479,0.04755463666429325,0.0,1.0,0.0,frozen-v6-anchor,0.04685196494031924,0.07151246254620437,5.756217604999847,12009352,cos(x3);sin(x1)*cos(x2);x1,-0.02076 + 0.4943·x₁ + 0.7208·cos(x₃) + 1.221·sin(x₁)cos(x₂),"FCRRA spent-seed diagnostic; anchor=1,x1,cos(x3),sin(x1)*cos(x2); exception=; in_bank=0; in_anchor=0; attempted=0; eligible_discovery=; eligible_selector=; numerator=None; denominator=None; gamma=None; anchor_role_ic=None; augmented_role_ic=None; outside_sse_max_diff=None; outside_prediction_max_diff=None; accepted=0; final=1,x1,cos(x3),sin(x1)*cos(x2); wrapper_overhead_unoptimized=1",1.0,1.0,6,3,1.0,63,0,0,0,1;x1;cos(x3);sin(x1)*cos(x2),S,balanced,100,100;100;100;100;100;100;100;100;100;100;100;100;100;100;100;100,750584.5,1;x1;cos(x3);sin(x1)*cos(x2),1;x1;cos(x3);sin(x1)*cos(x2),"[-0.017433604213170965,0.4922670988901663,0.7160407748722603,1.2221853597433996]","[-0.02075858661583579,0.4943454653056687,0.7207903854163775,1.2213452563666172]",,0.0,0.0,0.0,,0,,0,,,,,,,,0.0
trig_cross,spurious,0.2,100,16,20104,fcrra-spent-diagnostic,1.0,1.0,1.0,0.00038422905293929096,0.04604560814995258,0.0,1.0,0.0,frozen-v6-anchor,0.041427264888133634,0.08080772869652494,5.743125383999995,12014276,cos(x3);sin(x1)*cos(x2);x1,0.004549 + 0.5086·x₁ + 0.7017·cos(x₃) + 1.168·sin(x₁)cos(x₂),"FCRRA spent-seed diagnostic; anchor=1,x1,cos(x3),sin(x1)*cos(x2); exception=; in_bank=0; in_anchor=0; attempted=0; eligible_discovery=; eligible_selector=; numerator=None; denominator=None; gamma=None; anchor_role_ic=None; augmented_role_ic=None; outside_sse_max_diff=None; outside_prediction_max_diff=None; accepted=0; final=1,x1,cos(x3),sin(x1)*cos(x2); wrapper_overhead_unoptimized=1",1.0,1.0,6,3,1.0,63,0,0,0,1;x1;cos(x3);sin(x1)*cos(x2),S,balanced,100,100;100;100;100;100;100;100;100;100;100;100;100;100;100;100;100,750892.25,1;x1;cos(x3);sin(x1)*cos(x2),1;x1;cos(x3);sin(x1)*cos(x2),"[0.011258072092496872,0.5121952627405075,0.6950679529970046,1.1673440580136127]","[0.00454894001317605,0.508629989231254,0.7017278092085748,1.1678059485983956]",,0.0,0.0,0.0,,0,,0,,,,,,,,0.0
trig_cross,spurious,0.2,100,16,20105,fcrra-spent-diagnostic,1.0,1.0,1.0,0.00016681680756007182,0.04542372579826977,0.0,1.0,0.0,frozen-v6-anchor,0.04150694684156459,0.061129433806028526,5.725151437000022,12012017,cos(x3);sin(x1)*cos(x2);x1,0.001689 + 0.5012·x₁ + 0.72·cos(x₃) + 1.212·sin(x₁)cos(x₂),"FCRRA spent-seed diagnostic; anchor=1,x1,cos(x3),sin(x1)*cos(x2); exception=; in_bank=0; in_anchor=0; attempted=0; eligible_discovery=; eligible_selector=; numerator=None; denominator=None; gamma=None; anchor_role_ic=None; augmented_role_ic=None; outside_sse_max_diff=None; outside_prediction_max_diff=None; accepted=0; final=1,x1,cos(x3),sin(x1)*cos(x2); wrapper_overhead_unoptimized=1",1.0,1.0,6,3,0.0,63,0,1,0,1;x1;cos(x3);sin(x1)*cos(x2),S,balanced,100,100;100;100;100;100;100;100;100;100;100;100;100;100;100;100;100,750751.0625,1;x1;cos(x3);sin(x1)*cos(x2),1;x1;cos(x3);sin(x1)*cos(x2),"[0.006225769517645793,0.5072071509412962,0.7127510045566334,1.2248591098831918]","[0.001689288253654735,0.5012209879187486,0.7200425079922737,1.212356005425361]",,0.0,0.0,0.0,,0,,0,,,,,,,,0.0
trig_cross,spurious,0.2,100,16,20101,fcrra-spent-diagnostic,1.0,1.0,1.0,0.0002074704554612202,0.04992639486846454,0.0,1.0,0.0,frozen-v6-anchor,0.05890076063445485,0.1322739904139862,5.825506037999958,12031183,cos(x3);sin(x1)*cos(x2);x1,-2.674e-05 + 0.4913·x₁ + 0.6938·cos(x₃) + 1.209·sin(x₁)cos(x₂),"FCRRA spent-seed diagnostic; anchor=1,x1,cos(x3),sin(x1)*cos(x2); exception=; in_bank=0; in_anchor=0; attempted=0; eligible_discovery=; eligible_selector=; numerator=None; denominator=None; gamma=None; anchor_role_ic=None; augmented_role_ic=None; outside_sse_max_diff=None; outside_prediction_max_diff=None; accepted=0; final=1,x1,cos(x3),sin(x1)*cos(x2); wrapper_overhead_unoptimized=1",1.0,1.0,7,4,1.0,120,0,0,0,1;x1;cos(x3);sin(x1)*cos(x2),S,imbalanced,100,112;120;130;139;150;71;71;71;71;71;72;78;83;90;97;104,751948.9375,1;x1;cos(x3);sin(x1)*cos(x2),1;x1;cos(x3);sin(x1)*cos(x2),"[0.0012945251731318885,0.48819804379129084,0.6888088588839774,1.2044231531490504]","[-2.6740016829939157e-05,0.49129518803036853,0.6937932194276941,1.208687418421511]",,0.0,0.0,0.0,,0,,0,,,,,,,,0.0
trig_cross,spurious,0.2,100,16,20102,fcrra-spent-diagnostic,1.0,1.0,1.0,6.417256585791132e-05,0.04877289544201753,0.0,1.0,0.0,frozen-v6-anchor,0.04265682995878305,0.06770139309532147,5.8362784670000565,12010993,cos(x3);sin(x1)*cos(x2);x1,-0.005865 + 0.5031·x₁ + 0.6963·cos(x₃) + 1.199·sin(x₁)cos(x₂),"FCRRA spent-seed diagnostic; anchor=1,x1,cos(x3),sin(x1)*cos(x2); exception=; in_bank=0; in_anchor=0; attempted=0; eligible_discovery=; eligible_selector=; numerator=None; denominator=None; gamma=None; anchor_role_ic=None; augmented_role_ic=None; outside_sse_max_diff=None; outside_prediction_max_diff=None; accepted=0; final=1,x1,cos(x3),sin(x1)*cos(x2); wrapper_overhead_unoptimized=1",1.0,1.0,6,3,1.0,63,0,0,0,1;x1;cos(x3);sin(x1)*cos(x2),S,imbalanced,100,104;112;120;130;139;150;71;71;71;71;71;72;78;83;90;97,750687.0625,1;x1;cos(x3);sin(x1)*cos(x2),1;x1;cos(x3);sin(x1)*cos(x2),"[-0.007225656528435105,0.5033693594563168,0.6968717022886346,1.1989462014884298]","[-0.005865337467192043,0.5031411706944809,0.6962955536679443,1.1992976401032458]",,0.0,0.0,0.0,,0,,0,,,,,,,,0.0
trig_cross,spurious,0.2,100,16,20103,fcrra-spent-diagnostic,1.0,1.0,1.0,0.00022985182589589726,0.04931581332701435,0.0,1.0,0.0,frozen-v6-anchor,0.049603829636445794,0.10017652605014363,5.826971878999984,12012304,cos(x3);sin(x1)*cos(x2);x1,-0.01473 + 0.4943·x₁ + 0.7053·cos(x₃) + 1.206·sin(x₁)cos(x₂),"FCRRA spent-seed diagnostic; anchor=1,x1,cos(x3),sin(x1)*cos(x2); exception=; in_bank=0; in_anchor=0; attempted=0; eligible_discovery=; eligible_selector=; numerator=None; denominator=None; gamma=None; anchor_role_ic=None; augmented_role_ic=None; outside_sse_max_diff=None; outside_prediction_max_diff=None; accepted=0; final=1,x1,cos(x3),sin(x1)*cos(x2); wrapper_overhead_unoptimized=1",1.0,1.0,6,3,0.0,63,0,1,0,1;x1;cos(x3);sin(x1)*cos(x2),S,imbalanced,100,97;104;112;120;130;139;150;71;71;71;71;71;72;78;83;90,750769.0,1;x1;cos(x3);sin(x1)*cos(x2),1;x1;cos(x3);sin(x1)*cos(x2),"[-0.019522314653828476,0.4914808894681217,0.7130495286807043,1.2082756535666717]","[-0.014730071268945322,0.49432236983405226,0.70534200825059,1.2056934963256893]",,0.0,0.0,0.0,,0,,0,,,,,,,,0.0
trig_cross,spurious,0.2,100,16,20104,fcrra-spent-diagnostic,1.0,1.0,1.0,0.0001519078798158365,0.04468872684657884,0.0,1.0,0.0,frozen-v6-anchor,0.042074296224736685,0.06343998440640924,5.797719252999968,12008023,cos(x3);sin(x1)*cos(x2);x1,-0.003667 + 0.4934·x₁ + 0.7105·cos(x₃) + 1.212·sin(x₁)cos(x₂),"FCRRA spent-seed diagnostic; anchor=1,x1,cos(x3),sin(x1)*cos(x2); exception=; in_bank=0; in_anchor=0; attempted=0; eligible_discovery=; eligible_selector=; numerator=None; denominator=None; gamma=None; anchor_role_ic=None; augmented_role_ic=None; outside_sse_max_diff=None; outside_prediction_max_diff=None; accepted=0; final=1,x1,cos(x3),sin(x1)*cos(x2); wrapper_overhead_unoptimized=1",1.0,1.0,6,3,1.0,63,0,0,0,1;x1;cos(x3);sin(x1)*cos(x2),S,imbalanced,100,90;97;104;112;120;130;139;150;71;71;71;71;71;72;78;83,750501.4375,1;x1;cos(x3);sin(x1)*cos(x2),1;x1;cos(x3);sin(x1)*cos(x2),"[-0.007417053187971576,0.4896206077313485,0.7120981265583518,1.2169516200894932]","[-0.0036667287762562296,0.49337484632905226,0.7105235399165748,1.2117730446729555]",,0.0,0.0,0.0,,0,,0,,,,,,,,0.0
trig_cross,spurious,0.2,100,16,20105,fcrra-spent-diagnostic,1.0,1.0,1.0,0.00013880746970233954,0.04733919804279809,0.0,1.0,0.0,frozen-v6-anchor,0.043711499659384964,0.06742989989686983,5.808666476999861,12030082,cos(x3);sin(x1)*cos(x2);x1,0.003837 + 0.4981·x₁ + 0.7068·cos(x₃) + 1.223·sin(x₁)cos(x₂),"FCRRA spent-seed diagnostic; anchor=1,x1,cos(x3),sin(x1)*cos(x2); exception=; in_bank=0; in_anchor=0; attempted=0; eligible_discovery=; eligible_selector=; numerator=None; denominator=None; gamma=None; anchor_role_ic=None; augmented_role_ic=None; outside_sse_max_diff=None; outside_prediction_max_diff=None; accepted=0; final=1,x1,cos(x3),sin(x1)*cos(x2); wrapper_overhead_unoptimized=1",1.0,1.0,7,4,1.0,120,0,0,0,1;x1;cos(x3);sin(x1)*cos(x2),S,imbalanced,100,83;90;97;104;112;120;130;139;150;71;71;71;71;71;72;78,751880.125,1;x1;cos(x3);sin(x1)*cos(x2),1;x1;cos(x3);sin(x1)*cos(x2),"[0.003138215552851889,0.49612503320045376,0.713987439006865,1.2283232919167102]","[0.003837203050339276,0.4981065348558512,0.7068245260126892,1.222706257344016]",,0.0,0.0,0.0,,0,,0,,,,,,,,0.0
trig_cross,exception,0.2,100,4,20101,fcrra-spent-diagnostic,1.0,1.0,1.0,0.0006738158185045421,0.11342109787108681,0.0,1.0,0.0,frozen-v6-anchor,0.08552166075066948,0.10908762782306666,2.0341882039999746,3414014,I(x3>1)*x3^2;cos(x3);sin(x1)*cos(x2);x1,0.03708 + 0.5137·x₁ + 0.6558·cos(x₃) + 0.7443·𝟙[x₃>1]·x₃² + 1.193·sin(x₁)cos(x₂),"FCRRA spent-seed diagnostic; anchor=1,x1,cos(x3),I(x3>1)*x3^2,sin(x1)*cos(x2); exception=I(x3>1)*x3^2; in_bank=1; in_anchor=1; attempted=0; eligible_discovery=; eligible_selector=; numerator=None; denominator=None; gamma=None; anchor_role_ic=None; augmented_role_ic=None; outside_sse_max_diff=None; outside_prediction_max_diff=None; accepted=0; final=1,x1,cos(x3),I(x3>1)*x3^2,sin(x1)*cos(x2); wrapper_overhead_unoptimized=1",1.0,1.0,7,3,1.0,120,0,0,1,1;x1;cos(x3);I(x3>1)*x3^2;sin(x1)*cos(x2),S,balanced,100,100;100;100;100,853503.5,1;x1;cos(x3);I(x3>1)*x3^2;sin(x1)*cos(x2),1;x1;cos(x3);I(x3>1)*x3^2;sin(x1)*cos(x2),"[0.037487330627032314,0.5247256553017056,0.663135784018292,0.7490178008200814,1.2144107176462324]","[0.037083996337668915,0.5137249012227663,0.6558281136579117,0.7443045953155338,1.1932260895209494]",I(x3>1)*x3^2,1.0,1.0,0.0,,0,,0,,,,,,,,0.0
trig_cross,exception,0.2,100,4,20102,fcrra-spent-diagnostic,1.0,1.0,1.0,0.0005973744501319128,0.11071795471390512,0.0,1.0,0.0,frozen-v6-anchor,0.11755162618366341,0.14686235244688958,1.8940787800002,3317692,I(x3>1)*x3^2;cos(x3);sin(x1)*cos(x2);x1,-0.008918 + 0.4918·x₁ + 0.7013·cos(x₃) + 0.7355·𝟙[x₃>1]·x₃² + 1.202·sin(x₁)cos(x₂),"FCRRA spent-seed diagnostic; anchor=1,x1,cos(x3),I(x3>1)*x3^2,sin(x1)*cos(x2); exception=I(x3>1)*x3^2; in_bank=1; in_anchor=1; attempted=0; eligible_discovery=; eligible_selector=; numerator=None; denominator=None; gamma=None; anchor_role_ic=None; augmented_role_ic=None; outside_sse_max_diff=None; outside_prediction_max_diff=None; accepted=0; final=1,x1,cos(x3),I(x3>1)*x3^2,sin(x1)*cos(x2); wrapper_overhead_unoptimized=1",1.0,1.0,6,2,1.0,63,0,0,1,1;x1;cos(x3);I(x3>1)*x3^2;sin(x1)*cos(x2),S,balanced,100,100;100;100;100,829423.0,1;x1;cos(x3);I(x3>1)*x3^2;sin(x1)*cos(x2),1;x1;cos(x3);I(x3>1)*x3^2;sin(x1)*cos(x2),"[-0.02815058806225004,0.48296647922472463,0.7109636529074131,0.7409677452175918,1.1884885066751563]","[-0.008918342751726325,0.49183577761158515,0.7012773074117276,0.7355132207033028,1.2023603322609093]",I(x3>1)*x3^2,1.0,1.0,0.0,,0,,0,,,,,,,,0.0
trig_cross,exception,0.2,100,4,20103,fcrra-spent-diagnostic,0.0,0.75,0.75,0.002635421308249151,0.11687451468019751,0.0,1.0,0.0,frozen-v6-anchor,0.10693974758594722,0.14365719997125007,2.1211128429999917,3473252,I(x3>1)*x3^2;sin(x1)*cos(x2);x1;x3^2,0.6527 + 0.5146·x₁ - 0.2381·x₃² + 0.762·𝟙[x₃>1]·x₃² + 1.171·sin(x₁)cos(x₂),"FCRRA spent-seed diagnostic; anchor=1,x1,x3^2,I(x3>1)*x3^2,sin(x1)*cos(x2); exception=I(x3>1)*x3^2; in_bank=1; in_anchor=1; attempted=0; eligible_discovery=; eligible_selector=; numerator=None; denominator=None; gamma=None; anchor_role_ic=None; augmented_role_ic=None; outside_sse_max_diff=None; outside_prediction_max_diff=None; accepted=0; final=1,x1,x3^2,I(x3>1)*x3^2,sin(x1)*cos(x2); wrapper_overhead_unoptimized=1",1.0,1.0,6,2,0.0,63,0,1,1,1;x1;x3^2;I(x3>1)*x3^2;sin(x1)*cos(x2),S,balanced,100,100;100;100;100,868313.0,1;x1;x3^2;I(x3>1)*x3^2;sin(x1)*cos(x2),1;x1;x3^2;I(x3>1)*x3^2;sin(x1)*cos(x2),"[0.6303422375402756,0.5005947647445388,-0.2401113927291317,0.7726102728638984,1.159723345904741]","[0.6527259827324282,0.5145787661955394,-0.23812281942209426,0.7620020044417489,1.1708106451128513]",I(x3>1)*x3^2,1.0,1.0,0.0,,0,,0,,,,,,,,0.0
trig_cross,exception,0.2,100,4,20104,fcrra-spent-diagnostic,1.0,1.0,1.0,0.0009013087968837343,0.11674530518937487,0.0,1.0,0.0,frozen-v6-anchor,0.14550709686622124,0.18691214173435283,1.9030068679999204,3315364,I(x3>1)*x3^2;cos(x3);sin(x1)*cos(x2);x1,-0.0237 + 0.5013·x₁ + 0.6577·cos(x₃) + 0.7545·𝟙[x₃>1]·x₃² + 1.165·sin(x₁)cos(x₂),"FCRRA spent-seed diagnostic; anchor=1,x1,cos(x3),I(x3>1)*x3^2,sin(x1)*cos(x2); exception=I(x3>1)*x3^2; in_bank=1; in_anchor=1; attempted=0; eligible_discovery=; eligible_selector=; numerator=None; denominator=None; gamma=None; anchor_role_ic=None; augmented_role_ic=None; outside_sse_max_diff=None; outside_prediction_max_diff=None; accepted=0; final=1,x1,cos(x3),I(x3>1)*x3^2,sin(x1)*cos(x2); wrapper_overhead_unoptimized=1",1.0,1.0,6,2,0.0,63,1,1,1,1;x1;cos(x3);I(x3>1)*x3^2;sin(x1)*cos(x2),S,balanced,100,100;100;100;100,828841.0,1;x1;cos(x3);I(x3>1)*x3^2;sin(x1)*cos(x2),1;x1;cos(x3);I(x3>1)*x3^2;sin(x1)*cos(x2),"[-0.04395652347975206,0.49768442925103423,0.671954149063485,0.7587127572788868,1.2023779839099966]","[-0.02370169522118869,0.5013275127674063,0.6576732243298521,0.7545141266426033,1.1653432016911396]",I(x3>1)*x3^2,1.0,1.0,0.0,,0,,0,,,,,,,,0.0
trig_cross,exception,0.2,100,4,20105,fcrra-spent-diagnostic,1.0,1.0,1.0,0.0002597021742666164,0.10981554883178316,0.0,1.0,0.0,frozen-v6-anchor,0.08251754398388869,0.10849197454887,2.1223009699999693,3472401,I(x3>1)*x3^2;cos(x3);sin(x1)*cos(x2);x1,-0.0277 + 0.5077·x₁ + 0.7174·cos(x₃) + 0.7587·𝟙[x₃>1]·x₃² + 1.215·sin(x₁)cos(x₂),"FCRRA spent-seed diagnostic; anchor=1,x1,cos(x3),I(x3>1)*x3^2,sin(x1)*cos(x2); exception=I(x3>1)*x3^2; in_bank=1; in_anchor=1; attempted=0; eligible_discovery=; eligible_selector=; numerator=None; denominator=None; gamma=None; anchor_role_ic=None; augmented_role_ic=None; outside_sse_max_diff=None; outside_prediction_max_diff=None; accepted=0; final=1,x1,cos(x3),I(x3>1)*x3^2,sin(x1)*cos(x2); wrapper_overhead_unoptimized=1",1.0,1.0,7,3,1.0,120,0,0,1,1;x1;cos(x3);I(x3>1)*x3^2;sin(x1)*cos(x2),S,balanced,100,100;100;100;100,868100.25,1;x1;cos(x3);I(x3>1)*x3^2;sin(x1)*cos(x2),1;x1;cos(x3);I(x3>1)*x3^2;sin(x1)*cos(x2),"[-0.05429026604922929,0.5139493490935079,0.7464119128022061,0.7616530337470275,1.217249365056217]","[-0.027702594408814854,0.5076665437577262,0.717371462589149,0.758689690777754,1.2152598414194828]",I(x3>1)*x3^2,1.0,1.0,0.0,,0,,0,,,,,,,,0.0
trig_cross,exception,0.2,100,4,20101,fcrra-spent-diagnostic,1.0,1.0,1.0,0.0008355875995117829,0.11007963178379909,0.0,1.0,0.0,frozen-v6-anchor,0.11033169345553837,0.14926243652493365,2.073774297,3436861,I(x3>1)*x3^2;cos(x3);sin(x1)*cos(x2);x1,0.02842 + 0.4858·x₁ + 0.6494·cos(x₃) + 0.751·𝟙[x₃>1]·x₃² + 1.179·sin(x₁)cos(x₂),"FCRRA spent-seed diagnostic; anchor=1,x1,cos(x3),I(x3>1)*x3^2,sin(x1)*cos(x2); exception=I(x3>1)*x3^2; in_bank=1; in_anchor=1; attempted=0; eligible_discovery=; eligible_selector=; numerator=None; denominator=None; gamma=None; anchor_role_ic=None; augmented_role_ic=None; outside_sse_max_diff=None; outside_prediction_max_diff=None; accepted=0; final=1,x1,cos(x3),I(x3>1)*x3^2,sin(x1)*cos(x2); wrapper_overhead_unoptimized=1",1.0,1.0,5,1,1.0,32,0,0,1,1;x1;cos(x3);I(x3>1)*x3^2;sin(x1)*cos(x2),S,imbalanced,100,150;71;72;104,859215.25,1;x1;cos(x3);I(x3>1)*x3^2;sin(x1)*cos(x2),1;x1;cos(x3);I(x3>1)*x3^2;sin(x1)*cos(x2),"[0.06222075121148097,0.47090486302414586,0.6058348184846929,0.7439538215266299,1.190594027983749]","[0.028415033697174883,0.4858090155914919,0.6493896311987766,0.750995089557004,1.1791167414161348]",I(x3>1)*x3^2,1.0,1.0,0.0,,0,,0,,,,,,,,0.0
trig_cross,exception,0.2,100,4,20102,fcrra-spent-diagnostic,1.0,1.0,1.0,0.0004637372425368625,0.08450665199189264,0.0,1.0,0.0,frozen-v6-anchor,0.08783658648695614,0.11288751228144633,2.111082486999976,3481000,I(x3>1)*x3^2;cos(x3);sin(x1)*cos(x2);x1,-0.01616 + 0.5036·x₁ + 0.724·cos(x₃) + 0.7419·𝟙[x₃>1]·x₃² + 1.186·sin(x₁)cos(x₂),"FCRRA spent-seed diagnostic; anchor=1,x1,cos(x3),I(x3>1)*x3^2,sin(x1)*cos(x2); exception=I(x3>1)*x3^2; in_bank=1; in_anchor=1; attempted=0; eligible_discovery=; eligible_selector=; numerator=None; denominator=None; gamma=None; anchor_role_ic=None; augmented_role_ic=None; outside_sse_max_diff=None; outside_prediction_max_diff=None; accepted=0; final=1,x1,cos(x3),I(x3>1)*x3^2,sin(x1)*cos(x2); wrapper_overhead_unoptimized=1",1.0,1.0,6,2,1.0,63,0,0,1,1;x1;cos(x3);I(x3>1)*x3^2;sin(x1)*cos(x2),S,imbalanced,100,104;150;71;72,870250.0,1;x1;cos(x3);I(x3>1)*x3^2;sin(x1)*cos(x2),1;x1;cos(x3);I(x3>1)*x3^2;sin(x1)*cos(x2),"[-0.01158644227219103,0.49162529624098233,0.7129962869675484,0.7582460844369969,1.19286285995403]","[-0.016161230709735408,0.5035551082662435,0.7239702701641914,0.7418504524750652,1.1863745120115805]",I(x3>1)*x3^2,1.0,1.0,0.0,,0,,0,,,,,,,,0.0
trig_cross,exception,0.2,100,4,20103,fcrra-spent-diagnostic,1.0,1.0,1.0,0.00042070373428169846,0.09611249397563877,0.0,1.0,0.0,frozen-v6-anchor,0.07795905035279964,0.10486208462929056,2.311954913999898,3610911,I(x3>1)*x3^2;cos(x3);sin(x1)*cos(x2);x1,-0.01737 + 0.5072·x₁ + 0.7387·cos(x₃) + 0.7474·𝟙[x₃>1]·x₃² + 1.189·sin(x₁)cos(x₂),"FCRRA spent-seed diagnostic; anchor=1,x1,cos(x3),I(x3>1)*x3^2,sin(x1)*cos(x2); exception=I(x3>1)*x3^2; in_bank=1; in_anchor=1; attempted=0; eligible_discovery=; eligible_selector=; numerator=None; denominator=None; gamma=None; anchor_role_ic=None; augmented_role_ic=None; outside_sse_max_diff=None; outside_prediction_max_diff=None; accepted=0; final=1,x1,cos(x3),I(x3>1)*x3^2,sin(x1)*cos(x2); wrapper_overhead_unoptimized=1",1.0,1.0,6,2,1.0,63,0,0,1,1;x1;cos(x3);I(x3>1)*x3^2;sin(x1)*cos(x2),S,imbalanced,100,72;104;150;71,902727.75,1;x1;cos(x3);I(x3>1)*x3^2;sin(x1)*cos(x2),1;x1;cos(x3);I(x3>1)*x3^2;sin(x1)*cos(x2),"[-0.03411640219013484,0.5064661592048245,0.7725161089486874,0.7649778752645799,1.1771580284725056]","[-0.01737034942940866,0.5071957985412084,0.7387103501027347,0.7474233340637974,1.1892847895784282]",I(x3>1)*x3^2,1.0,1.0,0.0,,0,,0,,,,,,,,0.0
trig_cross,exception,0.2,100,4,20104,fcrra-spent-diagnostic,1.0,1.0,1.0,0.0009683742520598339,0.1243480828941582,0.0,1.0,0.0,frozen-v6-anchor,0.10649622438703908,0.11578494998612877,2.0542965390000063,3418484,I(x3>1)*x3^2;cos(x3);sin(x1)*cos(x2);x1,0.01211 + 0.5048·x₁ + 0.628·cos(x₃) + 0.7293·𝟙[x₃>1]·x₃² + 1.173·sin(x₁)cos(x₂),"FCRRA spent-seed diagnostic; anchor=1,x1,cos(x3),I(x3>1)*x3^2,sin(x1)*cos(x2); exception=I(x3>1)*x3^2; in_bank=1; in_anchor=1; attempted=0; eligible_discovery=; eligible_selector=; numerator=None; denominator=None; gamma=None; anchor_role_ic=None; augmented_role_ic=None; outside_sse_max_diff=None; outside_prediction_max_diff=None; accepted=0; final=1,x1,cos(x3),I(x3>1)*x3^2,sin(x1)*cos(x2); wrapper_overhead_unoptimized=1",1.0,1.0,7,3,1.0,120,0,0,1,1;x1;cos(x3);I(x3>1)*x3^2;sin(x1)*cos(x2),S,imbalanced,100,71;72;104;150,854621.0,1;x1;cos(x3);I(x3>1)*x3^2;sin(x1)*cos(x2),1;x1;cos(x3);I(x3>1)*x3^2;sin(x1)*cos(x2),"[0.006500418985093029,0.5008630711960242,0.6213860635246414,0.73820804114529,1.2044594688726005]","[0.012105658551018693,0.5047535808468876,0.6279515984750293,0.7293418964050138,1.1732477246178283]",I(x3>1)*x3^2,1.0,1.0,0.0,,0,,0,,,,,,,,0.0
trig_cross,exception,0.2,100,4,20105,fcrra-spent-diagnostic,1.0,1.0,1.0,0.0020365295668952877,0.11715983686184656,0.0,1.0,0.0,frozen-v6-anchor,0.1333253870418589,0.16438161764095097,2.0395878690001155,3413236,I(x3>1)*x3^2;cos(x3);sin(x1)*cos(x2);x1,0.0291 + 0.5343·x₁ + 0.6255·cos(x₃) + 0.7303·𝟙[x₃>1]·x₃² + 1.171·sin(x₁)cos(x₂),"FCRRA spent-seed diagnostic; anchor=1,x1,cos(x3),I(x3>1)*x3^2,sin(x1)*cos(x2); exception=I(x3>1)*x3^2; in_bank=1; in_anchor=1; attempted=0; eligible_discovery=; eligible_selector=; numerator=None; denominator=None; gamma=None; anchor_role_ic=None; augmented_role_ic=None; outside_sse_max_diff=None; outside_prediction_max_diff=None; accepted=0; final=1,x1,cos(x3),I(x3>1)*x3^2,sin(x1)*cos(x2); wrapper_overhead_unoptimized=1",1.0,1.0,6,2,0.0,63,1,1,1,1;x1;cos(x3);I(x3>1)*x3^2;sin(x1)*cos(x2),S,imbalanced,100,150;71;72;104,853309.0,1;x1;cos(x3);I(x3>1)*x3^2;sin(x1)*cos(x2),1;x1;cos(x3);I(x3>1)*x3^2;sin(x1)*cos(x2),"[0.04245492950294891,0.538876329697381,0.6704409745759958,0.7354821327156637,1.120648806434229]","[0.029098067532591424,0.53429348365215,0.6255168155218197,0.7302992054656233,1.1714606177745583]",I(x3>1)*x3^2,1.0,1.0,0.0,,0,,0,,,,,,,,0.0
trig_cross,exception,0.2,100,8,20101,fcrra-spent-diagnostic,1.0,1.0,1.0,0.0005947310483174662,0.087197889257631,0.0,1.0,0.0,frozen-v6-anchor,0.09256904832704946,0.13595555104979554,4.097633865000034,6873633,I(x3>1)*x3^2;cos(x3);sin(x1)*cos(x2);x1,-0.01275 + 0.4937·x₁ + 0.7334·cos(x₃) + 0.7469·𝟙[x₃>1]·x₃² + 1.249·sin(x₁)cos(x₂),"FCRRA spent-seed diagnostic; anchor=1,x1,cos(x3),I(x3>1)*x3^2,sin(x1)*cos(x2); exception=I(x3>1)*x3^2; in_bank=1; in_anchor=1; attempted=0; eligible_discovery=; eligible_selector=; numerator=None; denominator=None; gamma=None; anchor_role_ic=None; augmented_role_ic=None; outside_sse_max_diff=None; outside_prediction_max_diff=None; accepted=0; final=1,x1,cos(x3),I(x3>1)*x3^2,sin(x1)*cos(x2); wrapper_overhead_unoptimized=1",1.0,1.0,6,2,1.0,63,0,0,1,1;x1;cos(x3);I(x3>1)*x3^2;sin(x1)*cos(x2),S,balanced,100,100;100;100;100;100;100;100;100,859204.125,1;x1;cos(x3);I(x3>1)*x3^2;sin(x1)*cos(x2),1;x1;cos(x3);I(x3>1)*x3^2;sin(x1)*cos(x2),"[-0.006535963247374928,0.4877698426207663,0.7219062798953924,0.7440882939583426,1.2339435152044687]","[-0.012753040486968228,0.49365832439255836,0.7333694274017055,0.7468581160859518,1.248503729780578]",I(x3>1)*x3^2,1.0,1.0,0.0,,0,,0,,,,,,,,0.0
trig_cross,exception,0.2,100,8,20102,fcrra-spent-diagnostic,1.0,1.0,1.0,0.00042427337129456554,0.08527806356392346,0.0,1.0,0.0,frozen-v6-anchor,0.08939751983902781,0.1397985403311471,4.092506738000111,6882119,I(x3>1)*x3^2;cos(x3);sin(x1)*cos(x2);x1,0.02117 + 0.4996·x₁ + 0.6688·cos(x₃) + 0.7542·𝟙[x₃>1]·x₃² + 1.179·sin(x₁)cos(x₂),"FCRRA spent-seed diagnostic; anchor=1,x1,cos(x3),I(x3>1)*x3^2,sin(x1)*cos(x2); exception=I(x3>1)*x3^2; in_bank=1; in_anchor=1; attempted=0; eligible_discovery=; eligible_selector=; numerator=None; denominator=None; gamma=None; anchor_role_ic=None; augmented_role_ic=None; outside_sse_max_diff=None; outside_prediction_max_diff=None; accepted=0; final=1,x1,cos(x3),I(x3>1)*x3^2,sin(x1)*cos(x2); wrapper_overhead_unoptimized=1",1.0,1.0,7,3,1.0,120,0,0,1,1;x1;cos(x3);I(x3>1)*x3^2;sin(x1)*cos(x2),S,balanced,100,100;100;100;100;100;100;100;100,860264.875,1;x1;cos(x3);I(x3>1)*x3^2;sin(x1)*cos(x2),1;x1;cos(x3);I(x3>1)*x3^2;sin(x1)*cos(x2),"[0.007739556404370176,0.5122628819119929,0.6834001974160069,0.7495497058019734,1.174035123108662]","[0.02117352750482631,0.49962894105864325,0.668762655303827,0.7541653834231202,1.1794670089174497]",I(x3>1)*x3^2,1.0,1.0,0.0,,0,,0,,,,,,,,0.0
trig_cross,exception,0.2,100,8,20103,fcrra-spent-diagnostic,1.0,1.0,1.0,0.0007615153810500166,0.08572779858382798,0.0,1.0,0.0,frozen-v6-anchor,0.07618720895718999,0.11369045889790286,4.035055997999962,6814854,I(x3>1)*x3^2;cos(x3);sin(x1)*cos(x2);x1,0.02181 + 0.4957·x₁ + 0.6815·cos(x₃) + 0.7247·𝟙[x₃>1]·x₃² + 1.173·sin(x₁)cos(x₂),"FCRRA spent-seed diagnostic; anchor=1,x1,cos(x3),I(x3>1)*x3^2,sin(x1)*cos(x2); exception=I(x3>1)*x3^2; in_bank=1; in_anchor=1; attempted=0; eligible_discovery=; eligible_selector=; numerator=None; denominator=None; gamma=None; anchor_role_ic=None; augmented_role_ic=None; outside_sse_max_diff=None; outside_prediction_max_diff=None; accepted=0; final=1,x1,cos(x3),I(x3>1)*x3^2,sin(x1)*cos(x2); wrapper_overhead_unoptimized=1",1.0,1.0,7,3,1.0,120,0,0,1,1;x1;cos(x3);I(x3>1)*x3^2;sin(x1)*cos(x2),S,balanced,100,100;100;100;100;100;100;100;100,851856.75,1;x1;cos(x3);I(x3>1)*x3^2;sin(x1)*cos(x2),1;x1;cos(x3);I(x3>1)*x3^2;sin(x1)*cos(x2),"[0.018325640316958436,0.501053880648867,0.7038892197168122,0.7210444658352319,1.1798297171243775]","[0.02181414615476884,0.49565669916648175,0.6814734364893046,0.7246696828518517,1.1732318469333587]",I(x3>1)*x3^2,1.0,1.0,0.0,,0,,0,,,,,,,,0.0
trig_cross,exception,0.2,100,8,20104,fcrra-spent-diagnostic,1.0,1.0,1.0,0.00025309751338404825,0.07244403924616877,0.0,1.0,0.0,frozen-v6-anchor,0.06284046093725149,0.09768509610093119,4.124189773999888,6880602,I(x3>1)*x3^2;cos(x3);sin(x1)*cos(x2);x1,0.006936 + 0.506·x₁ + 0.6804·cos(x₃) + 0.7536·𝟙[x₃>1]·x₃² + 1.172·sin(x₁)cos(x₂),"FCRRA spent-seed diagnostic; anchor=1,x1,cos(x3),I(x3>1)*x3^2,sin(x1)*cos(x2); exception=I(x3>1)*x3^2; in_bank=1; in_anchor=1; attempted=0; eligible_discovery=; eligible_selector=; numerator=None; denominator=None; gamma=None; anchor_role_ic=None; augmented_role_ic=None; outside_sse_max_diff=None; outside_prediction_max_diff=None; accepted=0; final=1,x1,cos(x3),I(x3>1)*x3^2,sin(x1)*cos(x2); wrapper_overhead_unoptimized=1",1.0,1.0,7,3,1.0,120,0,0,1,1;x1;cos(x3);I(x3>1)*x3^2;sin(x1)*cos(x2),S,balanced,100,100;100;100;100;100;100;100;100,860075.25,1;x1;cos(x3);I(x3>1)*x3^2;sin(x1)*cos(x2),1;x1;cos(x3);I(x3>1)*x3^2;sin(x1)*cos(x2),"[0.02025535826317643,0.5149064258083939,0.655480432262497,0.7446804568901775,1.1709872087207291]","[0.006935635385228554,0.5060104914250373,0.6804476560164179,0.7535925597854062,1.1724189350233307]",I(x3>1)*x3^2,1.0,1.0,0.0,,0,,0,,,,,,,,0.0
trig_cross,exception,0.2,100,8,20105,fcrra-spent-diagnostic,1.0,1.0,1.0,0.0007351119689639099,0.07015691705915787,0.0,1.0,0.0,frozen-v6-anchor,0.056034452046057455,0.06811488675789311,4.010693950000132,6818772,I(x3>1)*x3^2;cos(x3);sin(x1)*cos(x2);x1,-0.01517 + 0.4828·x₁ + 0.7393·cos(x₃) + 0.7536·𝟙[x₃>1]·x₃² + 1.246·sin(x₁)cos(x₂),"FCRRA spent-seed diagnostic; anchor=1,x1,cos(x3),I(x3>1)*x3^2,sin(x1)*cos(x2); exception=I(x3>1)*x3^2; in_bank=1; in_anchor=1; attempted=0; eligible_discovery=; eligible_selector=; numerator=None; denominator=None; gamma=None; anchor_role_ic=None; augmented_role_ic=None; outside_sse_max_diff=None; outside_prediction_max_diff=None; accepted=0; final=1,x1,cos(x3),I(x3>1)*x3^2,sin(x1)*cos(x2); wrapper_overhead_unoptimized=1",1.0,1.0,7,3,1.0,120,0,0,1,1;x1;cos(x3);I(x3>1)*x3^2;sin(x1)*cos(x2),S,balanced,100,100;100;100;100;100;100;100;100,852346.5,1;x1;cos(x3);I(x3>1)*x3^2;sin(x1)*cos(x2),1;x1;cos(x3);I(x3>1)*x3^2;sin(x1)*cos(x2),"[-0.012148013418021459,0.48122363582459626,0.7323658256772954,0.7564825784286381,1.2490868672185218]","[-0.015166876974208704,0.48279999867777035,0.7393003460370191,0.7535584685451518,1.2460548088197496]",I(x3>1)*x3^2,1.0,1.0,0.0,,0,,0,,,,,,,,0.0
trig_cross,exception,0.2,100,8,20101,fcrra-spent-diagnostic,1.0,1.0,1.0,0.00031686281165240165,0.07578295888290802,0.0,1.0,0.0,frozen-v6-anchor,0.08367173512275296,0.13142449952994234,4.195327019999922,6944902,I(x3>1)*x3^2;cos(x3);sin(x1)*cos(x2);x1,-0.01474 + 0.5066·x₁ + 0.7484·cos(x₃) + 0.7548·𝟙[x₃>1]·x₃² + 1.197·sin(x₁)cos(x₂),"FCRRA spent-seed diagnostic; anchor=1,x1,cos(x3),I(x3>1)*x3^2,sin(x1)*cos(x2); exception=I(x3>1)*x3^2; in_bank=1; in_anchor=1; attempted=0; eligible_discovery=; eligible_selector=; numerator=None; denominator=None; gamma=None; anchor_role_ic=None; augmented_role_ic=None; outside_sse_max_diff=None; outside_prediction_max_diff=None; accepted=0; final=1,x1,cos(x3),I(x3>1)*x3^2,sin(x1)*cos(x2); wrapper_overhead_unoptimized=1",1.0,1.0,7,3,1.0,120,0,0,1,1;x1;cos(x3);I(x3>1)*x3^2;sin(x1)*cos(x2),S,imbalanced,100,80;94;110;128;150;71;71;71,868112.75,1;x1;cos(x3);I(x3>1)*x3^2;sin(x1)*cos(x2),1;x1;cos(x3);I(x3>1)*x3^2;sin(x1)*cos(x2),"[-0.018314181490799164,0.5056991499520926,0.7669439509983471,0.7523952715675861,1.1862440830179741]","[-0.014736527909756526,0.5065579433206322,0.7483841415448258,0.7548187568241539,1.1970511912640736]",I(x3>1)*x3^2,1.0,1.0,0.0,,0,,0,,,,,,,,0.0
trig_cross,exception,0.2,100,8,20102,fcrra-spent-diagnostic,1.0,1.0,1.0,0.0001992174279338366,0.07202303003793879,0.0,1.0,0.0,frozen-v6-anchor,0.06222577010501685,0.11358190312720211,3.877259188999915,6770852,I(x3>1)*x3^2;cos(x3);sin(x1)*cos(x2);x1,0.01081 + 0.5002·x₁ + 0.7001·cos(x₃) + 0.7562·𝟙[x₃>1]·x₃² + 1.213·sin(x₁)cos(x₂),"FCRRA spent-seed diagnostic; anchor=1,x1,cos(x3),I(x3>1)*x3^2,sin(x1)*cos(x2); exception=I(x3>1)*x3^2; in_bank=1; in_anchor=1; attempted=0; eligible_discovery=; eligible_selector=; numerator=None; denominator=None; gamma=None; anchor_role_ic=None; augmented_role_ic=None; outside_sse_max_diff=None; outside_prediction_max_diff=None; accepted=0; final=1,x1,cos(x3),I(x3>1)*x3^2,sin(x1)*cos(x2); wrapper_overhead_unoptimized=1",1.0,1.0,6,2,1.0,63,0,0,1,1;x1;cos(x3);I(x3>1)*x3^2;sin(x1)*cos(x2),S,imbalanced,100,71;80;94;110;128;150;71;71,846356.5,1;x1;cos(x3);I(x3>1)*x3^2;sin(x1)*cos(x2),1;x1;cos(x3);I(x3>1)*x3^2;sin(x1)*cos(x2),"[0.009209593663870582,0.49561118666075765,0.7154346432373901,0.7495180675478187,1.2225109037678723]","[0.010814078494304895,0.5002048760376389,0.7001002174358929,0.7562293829800038,1.213232244059113]",I(x3>1)*x3^2,1.0,1.0,0.0,,0,,0,,,,,,,,0.0
trig_cross,exception,0.2,100,8,20103,fcrra-spent-diagnostic,1.0,1.0,1.0,0.00032657437414603983,0.07865360690073818,0.0,1.0,0.0,frozen-v6-anchor,0.07982926402470748,0.14567750559402945,4.118159877000153,6893413,I(x3>1)*x3^2;cos(x3);sin(x1)*cos(x2);x1,0.01636 + 0.5052·x₁ + 0.6793·cos(x₃) + 0.7559·𝟙[x₃>1]·x₃² + 1.198·sin(x₁)cos(x₂),"FCRRA spent-seed diagnostic; anchor=1,x1,cos(x3),I(x3>1)*x3^2,sin(x1)*cos(x2); exception=I(x3>1)*x3^2; in_bank=1; in_anchor=1; attempted=0; eligible_discovery=; eligible_selector=; numerator=None; denominator=None; gamma=None; anchor_role_ic=None; augmented_role_ic=None; outside_sse_max_diff=None; outside_prediction_max_diff=None; accepted=0; final=1,x1,cos(x3),I(x3>1)*x3^2,sin(x1)*cos(x2); wrapper_overhead_unoptimized=1",1.0,1.0,6,2,1.0,63,0,0,1,1;x1;cos(x3);I(x3>1)*x3^2;sin(x1)*cos(x2),S,imbalanced,100,71;71;80;94;110;128;150;71,861676.625,1;x1;cos(x3);I(x3>1)*x3^2;sin(x1)*cos(x2),1;x1;cos(x3);I(x3>1)*x3^2;sin(x1)*cos(x2),"[0.011810090667464739,0.5139720487512629,0.687656427084021,0.7525226800739547,1.2016231308981458]","[0.016359844464456236,0.505223471960287,0.6793029644272297,0.7558631982985217,1.1979862685032339]",I(x3>1)*x3^2,1.0,1.0,0.0,,0,,0,,,,,,,,0.0
trig_cross,exception,0.2,100,8,20104,fcrra-spent-diagnostic,1.0,1.0,1.0,0.00015937283352389586,0.09157315175129417,0.0,1.0,0.0,frozen-v6-anchor,0.10339440644194745,0.1686757578311912,3.6848878450000484,6570319,I(x3>1)*x3^2;cos(x3);sin(x1)*cos(x2);x1,0.003967 + 0.4964·x₁ + 0.705·cos(x₃) + 0.7421·𝟙[x₃>1]·x₃² + 1.181·sin(x₁)cos(x₂),"FCRRA spent-seed diagnostic; anchor=1,x1,cos(x3),I(x3>1)*x3^2,sin(x1)*cos(x2); exception=I(x3>1)*x3^2; in_bank=1; in_anchor=1; attempted=0; eligible_discovery=; eligible_selector=; numerator=None; denominator=None; gamma=None; anchor_role_ic=None; augmented_role_ic=None; outside_sse_max_diff=None; outside_prediction_max_diff=None; accepted=0; final=1,x1,cos(x3),I(x3>1)*x3^2,sin(x1)*cos(x2); wrapper_overhead_unoptimized=1",1.0,1.0,7,3,1.0,120,0,0,1,1;x1;cos(x3);I(x3>1)*x3^2;sin(x1)*cos(x2),S,imbalanced,100,71;71;71;80;94;110;128;150,821289.875,1;x1;cos(x3);I(x3>1)*x3^2;sin(x1)*cos(x2),1;x1;cos(x3);I(x3>1)*x3^2;sin(x1)*cos(x2),"[-0.00506675442484514,0.4967154677001168,0.7016438819648245,0.7427428651621807,1.1823456917009785]","[0.003967188230742907,0.49643495143481925,0.7049865080851594,0.7421184906233271,1.1813014578773897]",I(x3>1)*x3^2,1.0,1.0,0.0,,0,,0,,,,,,,,0.0
trig_cross,exception,0.2,100,8,20105,fcrra-spent-diagnostic,1.0,1.0,1.0,0.00010822383139923782,0.08621722242900025,0.0,1.0,0.0,frozen-v6-anchor,0.10516005373762398,0.1450599004143425,3.839105580000023,6689466,I(x3>1)*x3^2;cos(x3);sin(x1)*cos(x2);x1,0.01668 + 0.505·x₁ + 0.6799·cos(x₃) + 0.7467·𝟙[x₃>1]·x₃² + 1.208·sin(x₁)cos(x₂),"FCRRA spent-seed diagnostic; anchor=1,x1,cos(x3),I(x3>1)*x3^2,sin(x1)*cos(x2); exception=I(x3>1)*x3^2; in_bank=1; in_anchor=1; attempted=0; eligible_discovery=; eligible_selector=; numerator=None; denominator=None; gamma=None; anchor_role_ic=None; augmented_role_ic=None; outside_sse_max_diff=None; outside_prediction_max_diff=None; accepted=0; final=1,x1,cos(x3),I(x3>1)*x3^2,sin(x1)*cos(x2); wrapper_overhead_unoptimized=1",1.0,1.0,6,2,1.0,63,0,0,1,1;x1;cos(x3);I(x3>1)*x3^2;sin(x1)*cos(x2),S,imbalanced,100,150;71;71;71;80;94;110;128,836183.25,1;x1;cos(x3);I(x3>1)*x3^2;sin(x1)*cos(x2),1;x1;cos(x3);I(x3>1)*x3^2;sin(x1)*cos(x2),"[0.014116931896158291,0.5023326851871149,0.6769494237006256,0.7500912691675685,1.1783366614431983]","[0.01668406534036887,0.505018824507668,0.6799421731435281,0.7467195413141122,1.208462514872589]",I(x3>1)*x3^2,1.0,1.0,0.0,,0,,0,,,,,,,,0.0
trig_cross,exception,0.2,100,16,20101,fcrra-spent-diagnostic,1.0,1.0,1.0,5.8716866356952004e-05,0.07176666471935031,0.0,1.0,0.0,frozen-v6-anchor,0.08274266187538369,0.14007323842966102,8.021076753999978,13769094,I(x3>1)*x3^2;cos(x3);sin(x1)*cos(x2);x1,0.008008 + 0.4988·x₁ + 0.6826·cos(x₃) + 0.7455·𝟙[x₃>1]·x₃² + 1.215·sin(x₁)cos(x₂),"FCRRA spent-seed diagnostic; anchor=1,x1,cos(x3),I(x3>1)*x3^2,sin(x1)*cos(x2); exception=I(x3>1)*x3^2; in_bank=1; in_anchor=1; attempted=0; eligible_discovery=; eligible_selector=; numerator=None; denominator=None; gamma=None; anchor_role_ic=None; augmented_role_ic=None; outside_sse_max_diff=None; outside_prediction_max_diff=None; accepted=0; final=1,x1,cos(x3),I(x3>1)*x3^2,sin(x1)*cos(x2); wrapper_overhead_unoptimized=1",1.0,1.0,6,2,1.0,63,0,0,1,1;x1;cos(x3);I(x3>1)*x3^2;sin(x1)*cos(x2),S,balanced,100,100;100;100;100;100;100;100;100;100;100;100;100;100;100;100;100,860568.375,1;x1;cos(x3);I(x3>1)*x3^2;sin(x1)*cos(x2),1;x1;cos(x3);I(x3>1)*x3^2;sin(x1)*cos(x2),"[0.016167500108061318,0.49455682938464496,0.6781181994145042,0.7376264661940682,1.2231893534565037]","[0.00800839211991161,0.49879109456660115,0.6825645701520403,0.7454917133683943,1.214847654217004]",I(x3>1)*x3^2,1.0,1.0,0.0,,0,,0,,,,,,,,0.0
trig_cross,exception,0.2,100,16,20102,fcrra-spent-diagnostic,1.0,1.0,1.0,0.00020636110313252773,0.06965096212643943,0.0,1.0,0.0,frozen-v6-anchor,0.07111875211162579,0.10266865281553142,8.268784161999974,13869927,I(x3>1)*x3^2;cos(x3);sin(x1)*cos(x2);x1,-0.00839 + 0.4981·x₁ + 0.6988·cos(x₃) + 0.7463·𝟙[x₃>1]·x₃² + 1.168·sin(x₁)cos(x₂),"FCRRA spent-seed diagnostic; anchor=1,x1,cos(x3),I(x3>1)*x3^2,sin(x1)*cos(x2); exception=I(x3>1)*x3^2; in_bank=1; in_anchor=1; attempted=0; eligible_discovery=; eligible_selector=; numerator=None; denominator=None; gamma=None; anchor_role_ic=None; augmented_role_ic=None; outside_sse_max_diff=None; outside_prediction_max_diff=None; accepted=0; final=1,x1,cos(x3),I(x3>1)*x3^2,sin(x1)*cos(x2); wrapper_overhead_unoptimized=1",1.0,1.0,7,3,1.0,120,0,0,1,1;x1;cos(x3);I(x3>1)*x3^2;sin(x1)*cos(x2),S,balanced,100,100;100;100;100;100;100;100;100;100;100;100;100;100;100;100;100,866870.4375,1;x1;cos(x3);I(x3>1)*x3^2;sin(x1)*cos(x2),1;x1;cos(x3);I(x3>1)*x3^2;sin(x1)*cos(x2),"[-0.0020801298851897353,0.49837071943018507,0.6867885308885555,0.7415595793024582,1.1668769502301775]","[-0.008390477504180928,0.49809188416087363,0.6988305610988653,0.7463062546424777,1.168011829648494]",I(x3>1)*x3^2,1.0,1.0,0.0,,0,,0,,,,,,,,0.0
trig_cross,exception,0.2,100,16,20103,fcrra-spent-diagnostic,1.0,1.0,1.0,0.00013043991945211068,0.06341870232086837,0.0,1.0,0.0,frozen-v6-anchor,0.05656973716413258,0.08724383736833184,7.875605077000046,13649527,I(x3>1)*x3^2;cos(x3);sin(x1)*cos(x2);x1,-0.01156 + 0.4956·x₁ + 0.6979·cos(x₃) + 0.7503·𝟙[x₃>1]·x₃² + 1.22·sin(x₁)cos(x₂),"FCRRA spent-seed diagnostic; anchor=1,x1,cos(x3),I(x3>1)*x3^2,sin(x1)*cos(x2); exception=I(x3>1)*x3^2; in_bank=1; in_anchor=1; attempted=0; eligible_discovery=; eligible_selector=; numerator=None; denominator=None; gamma=None; anchor_role_ic=None; augmented_role_ic=None; outside_sse_max_diff=None; outside_prediction_max_diff=None; accepted=0; final=1,x1,cos(x3),I(x3>1)*x3^2,sin(x1)*cos(x2); wrapper_overhead_unoptimized=1",1.0,1.0,6,2,1.0,63,0,0,1,1;x1;cos(x3);I(x3>1)*x3^2;sin(x1)*cos(x2),S,balanced,100,100;100;100;100;100;100;100;100;100;100;100;100;100;100;100;100,853095.4375,1;x1;cos(x3);I(x3>1)*x3^2;sin(x1)*cos(x2),1;x1;cos(x3);I(x3>1)*x3^2;sin(x1)*cos(x2),"[-0.005633112146793447,0.5003100365876257,0.6958841992378889,0.743898723279824,1.2074853526678282]","[-0.011559834063984135,0.49561534973164406,0.6979338787929656,0.7502650792679365,1.2196177630910883]",I(x3>1)*x3^2,1.0,1.0,0.0,,0,,0,,,,,,,,0.0
trig_cross,exception,0.2,100,16,20104,fcrra-spent-diagnostic,1.0,1.0,1.0,0.0003567954830869317,0.06493320645964412,0.0,1.0,0.0,frozen-v6-anchor,0.06183989381160402,0.10310687687486961,8.282538095000064,13888288,I(x3>1)*x3^2;cos(x3);sin(x1)*cos(x2);x1,-0.002782 + 0.492·x₁ + 0.7072·cos(x₃) + 0.7638·𝟙[x₃>1]·x₃² + 1.193·sin(x₁)cos(x₂),"FCRRA spent-seed diagnostic; anchor=1,x1,cos(x3),I(x3>1)*x3^2,sin(x1)*cos(x2); exception=I(x3>1)*x3^2; in_bank=1; in_anchor=1; attempted=0; eligible_discovery=; eligible_selector=; numerator=None; denominator=None; gamma=None; anchor_role_ic=None; augmented_role_ic=None; outside_sse_max_diff=None; outside_prediction_max_diff=None; accepted=0; final=1,x1,cos(x3),I(x3>1)*x3^2,sin(x1)*cos(x2); wrapper_overhead_unoptimized=1",1.0,1.0,6,2,1.0,63,0,0,1,1;x1;cos(x3);I(x3>1)*x3^2;sin(x1)*cos(x2),S,balanced,100,100;100;100;100;100;100;100;100;100;100;100;100;100;100;100;100,868018.0,1;x1;cos(x3);I(x3>1)*x3^2;sin(x1)*cos(x2),1;x1;cos(x3);I(x3>1)*x3^2;sin(x1)*cos(x2),"[-0.0006707022527628381,0.4879210907191608,0.7091019368837533,0.7694528541330407,1.189565464608934]","[-0.0027815660369831362,0.4919928296242364,0.7072022783743981,0.763752034095164,1.1928805768248065]",I(x3>1)*x3^2,1.0,1.0,0.0,,0,,0,,,,,,,,0.0
trig_cross,exception,0.2,100,16,20105,fcrra-spent-diagnostic,1.0,1.0,1.0,0.00018285311711479607,0.06310248911119551,0.0,1.0,0.0,frozen-v6-anchor,0.06255364953683833,0.09713962402909206,7.908528086999922,13639656,I(x3>1)*x3^2;cos(x3);sin(x1)*cos(x2);x1,0.004679 + 0.4942·x₁ + 0.7201·cos(x₃) + 0.7551·𝟙[x₃>1]·x₃² + 1.215·sin(x₁)cos(x₂),"FCRRA spent-seed diagnostic; anchor=1,x1,cos(x3),I(x3>1)*x3^2,sin(x1)*cos(x2); exception=I(x3>1)*x3^2; in_bank=1; in_anchor=1; attempted=0; eligible_discovery=; eligible_selector=; numerator=None; denominator=None; gamma=None; anchor_role_ic=None; augmented_role_ic=None; outside_sse_max_diff=None; outside_prediction_max_diff=None; accepted=0; final=1,x1,cos(x3),I(x3>1)*x3^2,sin(x1)*cos(x2); wrapper_overhead_unoptimized=1",1.0,1.0,6,2,1.0,63,0,0,1,1;x1;cos(x3);I(x3>1)*x3^2;sin(x1)*cos(x2),S,balanced,100,100;100;100;100;100;100;100;100;100;100;100;100;100;100;100;100,852478.5,1;x1;cos(x3);I(x3>1)*x3^2;sin(x1)*cos(x2),1;x1;cos(x3);I(x3>1)*x3^2;sin(x1)*cos(x2),"[0.0027357425287776738,0.4962194331663286,0.7241992858594537,0.7544639845548526,1.212476001214885]","[0.004678669855896724,0.49424273747796155,0.720125491178752,0.7550942657116824,1.2145238433365846]",I(x3>1)*x3^2,1.0,1.0,0.0,,0,,0,,,,,,,,0.0
trig_cross,exception,0.2,100,16,20101,fcrra-spent-diagnostic,1.0,1.0,1.0,7.449243572853896e-05,0.06975464157995308,0.0,1.0,0.0,frozen-v6-anchor,0.06668409862981359,0.10532030510435432,8.478707704999806,13993080,I(x3>1)*x3^2;cos(x3);sin(x1)*cos(x2);x1,-0.008716 + 0.5009·x₁ + 0.709·cos(x₃) + 0.752·𝟙[x₃>1]·x₃² + 1.178·sin(x₁)cos(x₂),"FCRRA spent-seed diagnostic; anchor=1,x1,cos(x3),I(x3>1)*x3^2,sin(x1)*cos(x2); exception=I(x3>1)*x3^2; in_bank=1; in_anchor=1; attempted=0; eligible_discovery=; eligible_selector=; numerator=None; denominator=None; gamma=None; anchor_role_ic=None; augmented_role_ic=None; outside_sse_max_diff=None; outside_prediction_max_diff=None; accepted=0; final=1,x1,cos(x3),I(x3>1)*x3^2,sin(x1)*cos(x2); wrapper_overhead_unoptimized=1",1.0,1.0,7,3,1.0,120,0,0,1,1;x1;cos(x3);I(x3>1)*x3^2;sin(x1)*cos(x2),S,imbalanced,100,112;120;130;139;150;71;71;71;71;71;72;78;83;90;97;104,874567.5,1;x1;cos(x3);I(x3>1)*x3^2;sin(x1)*cos(x2),1;x1;cos(x3);I(x3>1)*x3^2;sin(x1)*cos(x2),"[-0.009105033495098525,0.49189056248341606,0.6962602226743794,0.7534682797661242,1.1865048959693696]","[-0.008715807283051335,0.5008501761821854,0.709008410720399,0.7520083330683498,1.1775784792422888]",I(x3>1)*x3^2,1.0,1.0,0.0,,0,,0,,,,,,,,0.0
trig_cross,exception,0.2,100,16,20102,fcrra-spent-diagnostic,1.0,1.0,1.0,0.00012546054038430266,0.06923886436982604,0.0,1.0,0.0,frozen-v6-anchor,0.07304799270541394,0.12302232073801884,7.870218938000107,13641206,I(x3>1)*x3^2;cos(x3);sin(x1)*cos(x2);x1,-0.005427 + 0.5063·x₁ + 0.693·cos(x₃) + 0.7558·𝟙[x₃>1]·x₃² + 1.2·sin(x₁)cos(x₂),"FCRRA spent-seed diagnostic; anchor=1,x1,cos(x3),I(x3>1)*x3^2,sin(x1)*cos(x2); exception=I(x3>1)*x3^2; in_bank=1; in_anchor=1; attempted=0; eligible_discovery=; eligible_selector=; numerator=None; denominator=None; gamma=None; anchor_role_ic=None; augmented_role_ic=None; outside_sse_max_diff=None; outside_prediction_max_diff=None; accepted=0; final=1,x1,cos(x3),I(x3>1)*x3^2,sin(x1)*cos(x2); wrapper_overhead_unoptimized=1",1.0,1.0,6,2,1.0,63,0,0,1,1;x1;cos(x3);I(x3>1)*x3^2;sin(x1)*cos(x2),S,imbalanced,100,104;112;120;130;139;150;71;71;71;71;71;72;78;83;90;97,852575.375,1;x1;cos(x3);I(x3>1)*x3^2;sin(x1)*cos(x2),1;x1;cos(x3);I(x3>1)*x3^2;sin(x1)*cos(x2),"[-0.01245394892732062,0.5025407895627256,0.6979668776512946,0.756775515697521,1.2052317678772597]","[-0.0054270523573770445,0.5063181188613805,0.6930463999182989,0.7558315581696509,1.2001511505412112]",I(x3>1)*x3^2,1.0,1.0,0.0,,0,,0,,,,,,,,0.0
trig_cross,exception,0.2,100,16,20103,fcrra-spent-diagnostic,1.0,1.0,1.0,0.00012266545109930295,0.06510166993794105,0.0,1.0,0.0,frozen-v6-anchor,0.0659658013369887,0.1067720710710411,8.174238806999938,13898177,I(x3>1)*x3^2;cos(x3);sin(x1)*cos(x2);x1,-0.01675 + 0.4946·x₁ + 0.7092·cos(x₃) + 0.7514·𝟙[x₃>1]·x₃² + 1.195·sin(x₁)cos(x₂),"FCRRA spent-seed diagnostic; anchor=1,x1,cos(x3),I(x3>1)*x3^2,sin(x1)*cos(x2); exception=I(x3>1)*x3^2; in_bank=1; in_anchor=1; attempted=0; eligible_discovery=; eligible_selector=; numerator=None; denominator=None; gamma=None; anchor_role_ic=None; augmented_role_ic=None; outside_sse_max_diff=None; outside_prediction_max_diff=None; accepted=0; final=1,x1,cos(x3),I(x3>1)*x3^2,sin(x1)*cos(x2); wrapper_overhead_unoptimized=1",1.0,1.0,6,2,1.0,63,0,0,1,1;x1;cos(x3);I(x3>1)*x3^2;sin(x1)*cos(x2),S,imbalanced,100,97;104;112;120;130;139;150;71;71;71;71;71;72;78;83;90,868636.0625,1;x1;cos(x3);I(x3>1)*x3^2;sin(x1)*cos(x2),1;x1;cos(x3);I(x3>1)*x3^2;sin(x1)*cos(x2),"[-0.01629921956851203,0.49585001481567004,0.7116710715571399,0.7584791855758211,1.1966809406417214]","[-0.01674712434774763,0.49456275579569464,0.7092465782020306,0.7514212059842336,1.1948762730095452]",I(x3>1)*x3^2,1.0,1.0,0.0,,0,,0,,,,,,,,0.0
trig_cross,exception,0.2,100,16,20104,fcrra-spent-diagnostic,1.0,1.0,1.0,0.00017393528066362738,0.0665048641560668,0.0,1.0,0.0,frozen-v6-anchor,0.06888819213420896,0.15096615599543634,7.582659341999943,13405849,I(x3>1)*x3^2;cos(x3);sin(x1)*cos(x2);x1,-0.00477 + 0.4964·x₁ + 0.7288·cos(x₃) + 0.7518·𝟙[x₃>1]·x₃² + 1.221·sin(x₁)cos(x₂),"FCRRA spent-seed diagnostic; anchor=1,x1,cos(x3),I(x3>1)*x3^2,sin(x1)*cos(x2); exception=I(x3>1)*x3^2; in_bank=1; in_anchor=1; attempted=0; eligible_discovery=; eligible_selector=; numerator=None; denominator=None; gamma=None; anchor_role_ic=None; augmented_role_ic=None; outside_sse_max_diff=None; outside_prediction_max_diff=None; accepted=0; final=1,x1,cos(x3),I(x3>1)*x3^2,sin(x1)*cos(x2); wrapper_overhead_unoptimized=1",1.0,1.0,6,2,1.0,63,0,0,1,1;x1;cos(x3);I(x3>1)*x3^2;sin(x1)*cos(x2),S,imbalanced,100,90;97;104;112;120;130;139;150;71;71;71;71;71;72;78;83,837865.5625,1;x1;cos(x3);I(x3>1)*x3^2;sin(x1)*cos(x2),1;x1;cos(x3);I(x3>1)*x3^2;sin(x1)*cos(x2),"[-0.001964315961525958,0.49607688525835464,0.7245844286380889,0.7477540832216958,1.2150570682941455]","[-0.004769942248547577,0.4964382888043265,0.7288322874901907,0.7517731694950719,1.2206812057308898]",I(x3>1)*x3^2,1.0,1.0,0.0,,0,,0,,,,,,,,0.0
trig_cross,exception,0.2,100,16,20105,fcrra-spent-diagnostic,1.0,1.0,1.0,0.0001654454460005061,0.05826410025039289,0.0,1.0,0.0,frozen-v6-anchor,0.0661531027253171,0.09674421932684978,8.020301293000102,13653347,I(x3>1)*x3^2;cos(x3);sin(x1)*cos(x2);x1,0.004432 + 0.5089·x₁ + 0.7083·cos(x₃) + 0.7498·𝟙[x₃>1]·x₃² + 1.218·sin(x₁)cos(x₂),"FCRRA spent-seed diagnostic; anchor=1,x1,cos(x3),I(x3>1)*x3^2,sin(x1)*cos(x2); exception=I(x3>1)*x3^2; in_bank=1; in_anchor=1; attempted=0; eligible_discovery=; eligible_selector=; numerator=None; denominator=None; gamma=None; anchor_role_ic=None; augmented_role_ic=None; outside_sse_max_diff=None; outside_prediction_max_diff=None; accepted=0; final=1,x1,cos(x3),I(x3>1)*x3^2,sin(x1)*cos(x2); wrapper_overhead_unoptimized=1",1.0,1.0,6,2,1.0,63,0,0,1,1;x1;cos(x3);I(x3>1)*x3^2;sin(x1)*cos(x2),S,imbalanced,100,83;90;97;104;112;120;130;139;150;71;71;71;71;71;72;78,853334.1875,1;x1;cos(x3);I(x3>1)*x3^2;sin(x1)*cos(x2),1;x1;cos(x3);I(x3>1)*x3^2;sin(x1)*cos(x2),"[0.0034760545269690545,0.5088910517983796,0.7079437949249646,0.752563283849233,1.213636529002134]","[0.004432101884817945,0.5089493707199152,0.7083069229001977,0.74980327057711,1.2178029059825919]",I(x3>1)*x3^2,1.0,1.0,0.0,,0,,0,,,,,,,,0.0
multi_quadratic,complementary,0.2,100,32,20101,fcrra-spent-diagnostic,1.0,1.0,1.0,0.00012682935335060685,0.15168637093157727,0.0,1.0,0.0,frozen-v6-anchor,0.15036227954605638,0.3403129444378275,11.559967570000026,23944834,x1^2;x2^2;x3^2,-0.02633 + 0.5986·x₁² + 0.5068·x₂² + 0.8098·x₃²,"FCRRA spent-seed diagnostic; anchor=1,x1^2,x2^2,x3^2; exception=; in_bank=0; in_anchor=0; attempted=0; eligible_discovery=; eligible_selector=; numerator=None; denominator=None; gamma=None; anchor_role_ic=None; augmented_role_ic=None; outside_sse_max_diff=None; outside_prediction_max_diff=None; accepted=0; final=1,x1^2,x2^2,x3^2; wrapper_overhead_unoptimized=1",1.0,1.0,6,3,1.0,63,0,0,0,1;x1^2;x2^2;x3^2,S32,balanced,100,100;100;100;100;100;100;100;100;100;100;100;100;100;100;100;100;100;100;100;100;100;100;100;100;100;100;100;100;100;100;100;100,748276.0625,1;x1^2;x2^2;x3^2,1;x1^2;x2^2;x3^2,"[-0.030451673994624784,0.5997450957545758,0.5054736374579089,0.8126452050886392]","[-0.02633186334999514,0.598587725714849,0.506825446163371,0.8097907511258716]",,0.0,0.0,0.0,,0,,0,,,,,,,,0.0
multi_quadratic,complementary,0.2,100,32,20102,fcrra-spent-diagnostic,1.0,1.0,1.0,5.278462552093856e-06,0.1446102276320376,0.0,1.0,0.0,frozen-v6-anchor,0.14147522455185177,0.2100312864470387,11.592812876999915,23947998,x1^2;x2^2;x3^2,-0.009049 + 0.5995·x₁² + 0.5011·x₂² + 0.8025·x₃²,"FCRRA spent-seed diagnostic; anchor=1,x1^2,x2^2,x3^2; exception=; in_bank=0; in_anchor=0; attempted=0; eligible_discovery=; eligible_selector=; numerator=None; denominator=None; gamma=None; anchor_role_ic=None; augmented_role_ic=None; outside_sse_max_diff=None; outside_prediction_max_diff=None; accepted=0; final=1,x1^2,x2^2,x3^2; wrapper_overhead_unoptimized=1",1.0,1.0,6,3,1.0,63,0,0,0,1;x1^2;x2^2;x3^2,S32,balanced,100,100;100;100;100;100;100;100;100;100;100;100;100;100;100;100;100;100;100;100;100;100;100;100;100;100;100;100;100;100;100;100;100,748374.9375,1;x1^2;x2^2;x3^2,1;x1^2;x2^2;x3^2,"[-0.006693666561208289,0.6003451920179133,0.5005318060672215,0.8044948369462666]","[-0.009049073294731405,0.5994981115041,0.5011028201922225,0.8024979054598027]",,0.0,0.0,0.0,,0,,0,,,,,,,,0.0
multi_quadratic,complementary,0.2,100,32,20103,fcrra-spent-diagnostic,1.0,1.0,1.0,8.659041884649881e-05,0.14517473146873403,0.0,1.0,0.0,frozen-v6-anchor,0.13706880977603653,0.2793336001502837,11.60914301999992,23950899,x1^2;x2^2;x3^2,-0.01034 + 0.5938·x₁² + 0.5056·x₂² + 0.8041·x₃²,"FCRRA spent-seed diagnostic; anchor=1,x1^2,x2^2,x3^2; exception=; in_bank=0; in_anchor=0; attempted=0; eligible_discovery=; eligible_selector=; numerator=None; denominator=None; gamma=None; anchor_role_ic=None; augmented_role_ic=None; outside_sse_max_diff=None; outside_prediction_max_diff=None; accepted=0; final=1,x1^2,x2^2,x3^2; wrapper_overhead_unoptimized=1",1.0,1.0,6,3,1.0,63,0,0,0,1;x1^2;x2^2;x3^2,S32,balanced,100,100;100;100;100;100;100;100;100;100;100;100;100;100;100;100;100;100;100;100;100;100;100;100;100;100;100;100;100;100;100;100;100,748465.59375,1;x1^2;x2^2;x3^2,1;x1^2;x2^2;x3^2,"[-0.010334690323208662,0.5930535447454566,0.5060635866925783,0.8048995386336619]","[-0.01033548777246316,0.593767984062742,0.5056486004050303,0.8040636625989241]",,0.0,0.0,0.0,,0,,0,,,,,,,,0.0
multi_quadratic,complementary,0.2,100,32,20104,fcrra-spent-diagnostic,1.0,1.0,1.0,7.557241262725584e-05,0.15170186834513139,0.0,1.0,0.0,frozen-v6-anchor,0.14083654485555944,0.31335600997881935,11.548268858000029,23950887,x1^2;x2^2;x3^2,0.001393 + 0.5927·x₁² + 0.502·x₂² + 0.8055·x₃²,"FCRRA spent-seed diagnostic; anchor=1,x1^2,x2^2,x3^2; exception=; in_bank=0; in_anchor=0; attempted=0; eligible_discovery=; eligible_selector=; numerator=None; denominator=None; gamma=None; anchor_role_ic=None; augmented_role_ic=None; outside_sse_max_diff=None; outside_prediction_max_diff=None; accepted=0; final=1,x1^2,x2^2,x3^2; wrapper_overhead_unoptimized=1",1.0,1.0,6,3,1.0,63,0,0,0,1;x1^2;x2^2;x3^2,S32,balanced,100,100;100;100;100;100;100;100;100;100;100;100;100;100;100;100;100;100;100;100;100;100;100;100;100;100;100;100;100;100;100;100;100,748465.21875,1;x1^2;x2^2;x3^2,1;x1^2;x2^2;x3^2,"[0.002723214990703937,0.5893666991092967,0.499618538655338,0.8061635500404667]","[0.0013932969131785588,0.5927465827235127,0.5019505273571695,0.8054872939322179]",,0.0,0.0,0.0,,0,,0,,,,,,,,0.0
multi_quadratic,complementary,0.2,100,32,20105,fcrra-spent-diagnostic,1.0,1.0,1.0,0.00010510485392150008,0.14473721013983565,0.0,1.0,0.0,frozen-v6-anchor,0.13866424401972044,0.2219103508291236,11.487164721,23952392,x1^2;x2^2;x3^2,-0.009207 + 0.6063·x₁² + 0.4945·x₂² + 0.7981·x₃²,"FCRRA spent-seed diagnostic; anchor=1,x1^2,x2^2,x3^2; exception=; in_bank=0; in_anchor=0; attempted=0; eligible_discovery=; eligible_selector=; numerator=None; denominator=None; gamma=None; anchor_role_ic=None; augmented_role_ic=None; outside_sse_max_diff=None; outside_prediction_max_diff=None; accepted=0; final=1,x1^2,x2^2,x3^2; wrapper_overhead_unoptimized=1",1.0,1.0,6,3,1.0,63,0,0,0,1;x1^2;x2^2;x3^2,S32,balanced,100,100;100;100;100;100;100;100;100;100;100;100;100;100;100;100;100;100;100;100;100;100;100;100;100;100;100;100;100;100;100;100;100,748512.25,1;x1^2;x2^2;x3^2,1;x1^2;x2^2;x3^2,"[-0.021567186576731956,0.6099096471628813,0.4956596809241749,0.8014829536436623]","[-0.009206519200936113,0.606301922316958,0.4944681728575614,0.798092796554055]",,0.0,0.0,0.0,,0,,0,,,,,,,,0.0
multi_quadratic,complementary,0.2,100,32,20101,fcrra-spent-diagnostic,1.0,1.0,1.0,2.321067044046473e-05,0.16482636463974326,0.0,1.0,0.0,frozen-v6-anchor,0.1531855404861236,0.25969809614839645,11.545770608999874,23947479,x1^2;x2^2;x3^2,0.0006383 + 0.6004·x₁² + 0.5033·x₂² + 0.796·x₃²,"FCRRA spent-seed diagnostic; anchor=1,x1^2,x2^2,x3^2; exception=; in_bank=0; in_anchor=0; attempted=0; eligible_discovery=; eligible_selector=; numerator=None; denominator=None; gamma=None; anchor_role_ic=None; augmented_role_ic=None; outside_sse_max_diff=None; outside_prediction_max_diff=None; accepted=0; final=1,x1^2,x2^2,x3^2; wrapper_overhead_unoptimized=1",1.0,1.0,6,3,1.0,63,0,0,0,1;x1^2;x2^2;x3^2,S32,imbalanced,100,130;135;140;145;150;71;71;71;71;71;71;71;71;71;71;71;74;77;79;82;85;88;91;95;98;102;105;109;113;117;121;126,748358.71875,1;x1^2;x2^2;x3^2,1;x1^2;x2^2;x3^2,"[0.0032517306723995887,0.597811960407465,0.5042727381566682,0.7990912523034526]","[0.0006383497411976462,0.6003637895311189,0.5033081926480393,0.7960186225311382]",,0.0,0.0,0.0,,0,,0,,,,,,,,0.0
multi_quadratic,complementary,0.2,100,32,20102,fcrra-spent-diagnostic,1.0,1.0,1.0,0.00013596839086432174,0.1512889934904704,0.0,1.0,0.0,frozen-v6-anchor,0.16484805087547755,0.3427206809753415,11.643924813000012,23985099,x1^2;x2^2;x3^2,0.02694 + 0.5972·x₁² + 0.4968·x₂² + 0.7879·x₃²,"FCRRA spent-seed diagnostic; anchor=1,x1^2,x2^2,x3^2; exception=; in_bank=0; in_anchor=0; attempted=0; eligible_discovery=; eligible_selector=; numerator=None; denominator=None; gamma=None; anchor_role_ic=None; augmented_role_ic=None; outside_sse_max_diff=None; outside_prediction_max_diff=None; accepted=0; final=1,x1^2,x2^2,x3^2; wrapper_overhead_unoptimized=1",1.0,1.0,7,4,1.0,120,0,0,0,1;x1^2;x2^2;x3^2,S32,imbalanced,100,126;130;135;140;145;150;71;71;71;71;71;71;71;71;71;71;71;74;77;79;82;85;88;91;95;98;102;105;109;113;117;121,749534.34375,1;x1^2;x2^2;x3^2,1;x1^2;x2^2;x3^2,"[0.018137370096582117,0.6018185903240196,0.4967915174976196,0.7874165259340629]","[0.026940790098977974,0.5972334140453942,0.49678323517783063,0.7879086305506797]",,0.0,0.0,0.0,,0,,0,,,,,,,,0.0
multi_quadratic,complementary,0.2,100,32,20103,fcrra-spent-diagnostic,1.0,1.0,1.0,7.2616658474907384e-06,0.15208797959409692,0.0,1.0,0.0,frozen-v6-anchor,0.1555882036933339,0.3090083206159207,11.589414389000012,23921936,x1^2;x2^2;x3^2,-0.0007295 + 0.601·x₁² + 0.4987·x₂² + 0.7987·x₃²,"FCRRA spent-seed diagnostic; anchor=1,x1^2,x2^2,x3^2; exception=; in_bank=0; in_anchor=0; attempted=0; eligible_discovery=; eligible_selector=; numerator=None; denominator=None; gamma=None; anchor_role_ic=None; augmented_role_ic=None; outside_sse_max_diff=None; outside_prediction_max_diff=None; accepted=0; final=1,x1^2,x2^2,x3^2; wrapper_overhead_unoptimized=1",1.0,1.0,5,2,1.0,32,0,0,0,1;x1^2;x2^2;x3^2,S32,imbalanced,100,121;126;130;135;140;145;150;71;71;71;71;71;71;71;71;71;71;71;74;77;79;82;85;88;91;95;98;102;105;109;113;117,747560.5,1;x1^2;x2^2;x3^2,1;x1^2;x2^2;x3^2,"[0.0028648561102588843,0.5976715955265406,0.49841059112821245,0.7965228101846731]","[-0.000729519518505577,0.6010374047452542,0.4986533702191035,0.7986897392848635]",,0.0,0.0,0.0,,0,,0,,,,,,,,0.0
multi_quadratic,complementary,0.2,100,32,20104,fcrra-spent-diagnostic,1.0,1.0,1.0,4.7588982551210436e-05,0.15227897838491739,0.0,1.0,0.0,frozen-v6-anchor,0.15807668375321937,0.2608118275698969,11.626490505999982,23981985,x1^2;x2^2;x3^2,0.01053 + 0.594·x₁² + 0.5022·x₂² + 0.8016·x₃²,"FCRRA spent-seed diagnostic; anchor=1,x1^2,x2^2,x3^2; exception=; in_bank=0; in_anchor=0; attempted=0; eligible_discovery=; eligible_selector=; numerator=None; denominator=None; gamma=None; anchor_role_ic=None; augmented_role_ic=None; outside_sse_max_diff=None; outside_prediction_max_diff=None; accepted=0; final=1,x1^2,x2^2,x3^2; wrapper_overhead_unoptimized=1",1.0,1.0,7,4,1.0,120,0,0,0,1;x1^2;x2^2;x3^2,S32,imbalanced,100,117;121;126;130;135;140;145;150;71;71;71;71;71;71;71;71;71;71;71;74;77;79;82;85;88;91;95;98;102;105;109;113,749437.03125,1;x1^2;x2^2;x3^2,1;x1^2;x2^2;x3^2,"[0.014210300280707244,0.5908468851190498,0.5048679823315526,0.7999684231338611]","[0.010530657041905162,0.5940318925850042,0.5022248229508087,0.8016175989864243]",,0.0,0.0,0.0,,0,,0,,,,,,,,0.0
multi_quadratic,complementary,0.2,100,32,20105,fcrra-spent-diagnostic,1.0,1.0,1.0,5.759648377728658e-05,0.15033025851337511,0.0,1.0,0.0,frozen-v6-anchor,0.1492037063209914,0.3094810407481063,11.607374781999852,23923801,x1^2;x2^2;x3^2,-0.00377 + 0.5957·x₁² + 0.5012·x₂² + 0.7987·x₃²,"FCRRA spent-seed diagnostic; anchor=1,x1^2,x2^2,x3^2; exception=; in_bank=0; in_anchor=0; attempted=0; eligible_discovery=; eligible_selector=; numerator=None; denominator=None; gamma=None; anchor_role_ic=None; augmented_role_ic=None; outside_sse_max_diff=None; outside_prediction_max_diff=None; accepted=0; final=1,x1^2,x2^2,x3^2; wrapper_overhead_unoptimized=1",1.0,1.0,5,2,1.0,32,0,0,0,1;x1^2;x2^2;x3^2,S32,imbalanced,100,113;117;121;126;130;135;140;145;150;71;71;71;71;71;71;71;71;71;71;71;74;77;79;82;85;88;91;95;98;102;105;109,747618.78125,1;x1^2;x2^2;x3^2,1;x1^2;x2^2;x3^2,"[-0.005106316215828244,0.5961915202155841,0.5030548250240418,0.7940217553808036]","[-0.0037695720874949806,0.595713717102102,0.5012245723545321,0.7986566528840795]",,0.0,0.0,0.0,,0,,0,,,,,,,,0.0
multi_quadratic,exception,0.2,100,32,20101,fcrra-spent-diagnostic,1.0,1.0,1.0,6.200036571996218e-05,0.19833075477279075,0.0,1.0,0.0,frozen-v6-anchor,0.19618089028551772,0.43739937442497684,15.617012486000021,27268254,I(x3>1)*x3^2;x1^2;x2^2;x3^2,-0.02342 + 0.5987·x₁² + 0.508·x₂² + 0.8059·x₃² + 0.7452·𝟙[x₃>1]·x₃²,"FCRRA spent-seed diagnostic; anchor=1,x1^2,x2^2,x3^2,I(x3>1)*x3^2; exception=I(x3>1)*x3^2; in_bank=1; in_anchor=1; attempted=0; eligible_discovery=; eligible_selector=; numerator=None; denominator=None; gamma=None; anchor_role_ic=None; augmented_role_ic=None; outside_sse_max_diff=None; outside_prediction_max_diff=None; accepted=0; final=1,x1^2,x2^2,x3^2,I(x3>1)*x3^2; wrapper_overhead_unoptimized=1",1.0,1.0,7,3,1.0,120,0,0,1,1;x1^2;x2^2;x3^2;I(x3>1)*x3^2,S32,balanced,100,100;100;100;100;100;100;100;100;100;100;100;100;100;100;100;100;100;100;100;100;100;100;100;100;100;100;100;100;100;100;100;100,852132.9375,1;x1^2;x2^2;x3^2;I(x3>1)*x3^2,1;x1^2;x2^2;x3^2;I(x3>1)*x3^2,"[-0.021032053753370607,0.5996264484735548,0.5062456268420743,0.8043004589527115,0.7547756608774838]","[-0.02341831593938213,0.5986747354295202,0.5079965080875811,0.8059046633633835,0.745185652427471]",I(x3>1)*x3^2,1.0,1.0,0.0,,0,,0,,,,,,,,0.0
multi_quadratic,exception,0.2,100,32,20102,fcrra-spent-diagnostic,1.0,1.0,1.0,0.00019986249804276968,0.1877580831503424,0.0,1.0,0.0,frozen-v6-anchor,0.1836697771746633,0.27269026048522466,15.631737234999946,27275475,I(x3>1)*x3^2;x1^2;x2^2;x3^2,-0.003997 + 0.5992·x₁² + 0.501·x₂² + 0.7971·x₃² + 0.7765·𝟙[x₃>1]·x₃²,"FCRRA spent-seed diagnostic; anchor=1,x1^2,x2^2,x3^2,I(x3>1)*x3^2; exception=I(x3>1)*x3^2; in_bank=1; in_anchor=1; attempted=0; eligible_discovery=; eligible_selector=; numerator=None; denominator=None; gamma=None; anchor_role_ic=None; augmented_role_ic=None; outside_sse_max_diff=None; outside_prediction_max_diff=None; accepted=0; final=1,x1^2,x2^2,x3^2,I(x3>1)*x3^2; wrapper_overhead_unoptimized=1",1.0,1.0,7,3,1.0,120,0,0,1,1;x1^2;x2^2;x3^2;I(x3>1)*x3^2,S32,balanced,100,100;100;100;100;100;100;100;100;100;100;100;100;100;100;100;100;100;100;100;100;100;100;100;100;100;100;100;100;100;100;100;100,852358.59375,1;x1^2;x2^2;x3^2;I(x3>1)*x3^2,1;x1^2;x2^2;x3^2;I(x3>1)*x3^2,"[0.003746140298587141,0.6003991989648108,0.5005944407317292,0.7955553018939567,0.7742529927017314]","[-0.003997408648030035,0.599233674055533,0.5010403894601602,0.7971380959114367,0.7764710712603199]",I(x3>1)*x3^2,1.0,1.0,0.0,,0,,0,,,,,,,,0.0
multi_quadratic,exception,0.2,100,32,20103,fcrra-spent-diagnostic,1.0,1.0,1.0,0.0002851674573744105,0.19589517306432142,0.0,1.0,0.0,frozen-v6-anchor,0.18597946491682882,0.3816499906394578,15.6132754690002,27278092,I(x3>1)*x3^2;x1^2;x2^2;x3^2,-0.007824 + 0.5924·x₁² + 0.5062·x₂² + 0.8007·x₃² + 0.7766·𝟙[x₃>1]·x₃²,"FCRRA spent-seed diagnostic; anchor=1,x1^2,x2^2,x3^2,I(x3>1)*x3^2; exception=I(x3>1)*x3^2; in_bank=1; in_anchor=1; attempted=0; eligible_discovery=; eligible_selector=; numerator=None; denominator=None; gamma=None; anchor_role_ic=None; augmented_role_ic=None; outside_sse_max_diff=None; outside_prediction_max_diff=None; accepted=0; final=1,x1^2,x2^2,x3^2,I(x3>1)*x3^2; wrapper_overhead_unoptimized=1",1.0,1.0,7,3,1.0,120,0,0,1,1;x1^2;x2^2;x3^2;I(x3>1)*x3^2,S32,balanced,100,100;100;100;100;100;100;100;100;100;100;100;100;100;100;100;100;100;100;100;100;100;100;100;100;100;100;100;100;100;100;100;100,852440.375,1;x1^2;x2^2;x3^2;I(x3>1)*x3^2,1;x1^2;x2^2;x3^2;I(x3>1)*x3^2,"[-0.0009394688105325627,0.5916969903028493,0.506826410528475,0.7965839189840282,0.7780537081280366]","[-0.007824295070301789,0.5924054643758224,0.5061970388700023,0.8007195624200666,0.776618062792003]",I(x3>1)*x3^2,1.0,1.0,0.0,,0,,0,,,,,,,,0.0
multi_quadratic,exception,0.2,100,32,20104,fcrra-spent-diagnostic,1.0,1.0,1.0,5.484804702817157e-05,0.20000727358630271,0.0,1.0,0.0,frozen-v6-anchor,0.187042185407294,0.4252010842586022,15.603099120000024,27273394,I(x3>1)*x3^2;x1^2;x2^2;x3^2,0.01282 + 0.5918·x₁² + 0.5023·x₂² + 0.7981·x₃² + 0.7517·𝟙[x₃>1]·x₃²,"FCRRA spent-seed diagnostic; anchor=1,x1^2,x2^2,x3^2,I(x3>1)*x3^2; exception=I(x3>1)*x3^2; in_bank=1; in_anchor=1; attempted=0; eligible_discovery=; eligible_selector=; numerator=None; denominator=None; gamma=None; anchor_role_ic=None; augmented_role_ic=None; outside_sse_max_diff=None; outside_prediction_max_diff=None; accepted=0; final=1,x1^2,x2^2,x3^2,I(x3>1)*x3^2; wrapper_overhead_unoptimized=1",1.0,1.0,7,3,1.0,120,0,0,1,1;x1^2;x2^2;x3^2;I(x3>1)*x3^2,S32,balanced,100,100;100;100;100;100;100;100;100;100;100;100;100;100;100;100;100;100;100;100;100;100;100;100;100;100;100;100;100;100;100;100;100,852293.5625,1;x1^2;x2^2;x3^2;I(x3>1)*x3^2,1;x1^2;x2^2;x3^2;I(x3>1)*x3^2,"[0.018720232779547784,0.5879118465288279,0.4997095109839705,0.7950792957219869,0.763790381343201]","[0.01282355128486751,0.5918201906645664,0.5023139324762532,0.7981165928129127,0.7517118892373998]",I(x3>1)*x3^2,1.0,1.0,0.0,,0,,0,,,,,,,,0.0
multi_quadratic,exception,0.2,100,32,20105,fcrra-spent-diagnostic,1.0,1.0,1.0,0.00015462652970428553,0.19132371941571877,0.0,1.0,0.0,frozen-v6-anchor,0.1836072144836425,0.29209232461699725,15.55662587200004,27255864,I(x3>1)*x3^2;x1^2;x2^2;x3^2,-0.01507 + 0.6067·x₁² + 0.4931·x₂² + 0.8012·x₃² + 0.7664·𝟙[x₃>1]·x₃²,"FCRRA spent-seed diagnostic; anchor=1,x1^2,x2^2,x3^2,I(x3>1)*x3^2; exception=I(x3>1)*x3^2; in_bank=1; in_anchor=1; attempted=0; eligible_discovery=; eligible_selector=; numerator=None; denominator=None; gamma=None; anchor_role_ic=None; augmented_role_ic=None; outside_sse_max_diff=None; outside_prediction_max_diff=None; accepted=0; final=1,x1^2,x2^2,x3^2,I(x3>1)*x3^2; wrapper_overhead_unoptimized=1",1.0,1.0,6,2,1.0,63,0,0,1,1;x1^2;x2^2;x3^2;I(x3>1)*x3^2,S32,balanced,100,100;100;100;100;100;100;100;100;100;100;100;100;100;100;100;100;100;100;100;100;100;100;100;100;100;100;100;100;100;100;100;100,851745.75,1;x1^2;x2^2;x3^2;I(x3>1)*x3^2,1;x1^2;x2^2;x3^2;I(x3>1)*x3^2,"[-0.023538847168495868,0.6106015558015712,0.49438629270839507,0.8011678584019117,0.7696216757392871]","[-0.015068916545867204,0.6066955740730428,0.49305679992083534,0.8012064468059986,0.7663737504817238]",I(x3>1)*x3^2,1.0,1.0,0.0,,0,,0,,,,,,,,0.0
multi_quadratic,exception,0.2,100,32,20101,fcrra-spent-diagnostic,1.0,1.0,1.0,6.681845904878519e-05,0.2068053009811036,0.0,1.0,0.0,frozen-v6-anchor,0.1923219157815114,0.3261711718411874,15.621813714999917,27245207,I(x3>1)*x3^2;x1^2;x2^2;x3^2,0.002337 + 0.6002·x₁² + 0.5035·x₂² + 0.7938·x₃² + 0.7641·𝟙[x₃>1]·x₃²,"FCRRA spent-seed diagnostic; anchor=1,x1^2,x2^2,x3^2,I(x3>1)*x3^2; exception=I(x3>1)*x3^2; in_bank=1; in_anchor=1; attempted=0; eligible_discovery=; eligible_selector=; numerator=None; denominator=None; gamma=None; anchor_role_ic=None; augmented_role_ic=None; outside_sse_max_diff=None; outside_prediction_max_diff=None; accepted=0; final=1,x1^2,x2^2,x3^2,I(x3>1)*x3^2; wrapper_overhead_unoptimized=1",1.0,1.0,6,2,1.0,63,0,0,1,1;x1^2;x2^2;x3^2;I(x3>1)*x3^2,S32,imbalanced,100,130;135;140;145;150;71;71;71;71;71;71;71;71;71;71;71;74;77;79;82;85;88;91;95;98;102;105;109;113;117;121;126,851412.71875,1;x1^2;x2^2;x3^2;I(x3>1)*x3^2,1;x1^2;x2^2;x3^2;I(x3>1)*x3^2,"[0.0005343985685226398,0.597423118392368,0.504574978598861,0.8003268756534062,0.764688294844273]","[0.0023372418303370937,0.600208751299488,0.5035382209692248,0.7937877327954064,0.7640534811782691]",I(x3>1)*x3^2,1.0,1.0,0.0,,0,,0,,,,,,,,0.0
multi_quadratic,exception,0.2,100,32,20102,fcrra-spent-diagnostic,1.0,1.0,1.0,0.0004853953731498089,0.19614121098944604,0.0,1.0,0.0,frozen-v6-anchor,0.21347777821628527,0.45849170260163136,15.987695880000047,27523225,I(x3>1)*x3^2;x1^2;x2^2;x3^2,0.01776 + 0.5974·x₁² + 0.4965·x₂² + 0.7973·x₃² + 0.7175·𝟙[x₃>1]·x₃²,"FCRRA spent-seed diagnostic; anchor=1,x1^2,x2^2,x3^2,I(x3>1)*x3^2; exception=I(x3>1)*x3^2; in_bank=1; in_anchor=1; attempted=0; eligible_discovery=; eligible_selector=; numerator=None; denominator=None; gamma=None; anchor_role_ic=None; augmented_role_ic=None; outside_sse_max_diff=None; outside_prediction_max_diff=None; accepted=0; final=1,x1^2,x2^2,x3^2,I(x3>1)*x3^2; wrapper_overhead_unoptimized=1",1.0,1.0,7,3,1.0,120,0,0,1,1;x1^2;x2^2;x3^2;I(x3>1)*x3^2,S32,imbalanced,100,126;130;135;140;145;150;71;71;71;71;71;71;71;71;71;71;71;74;77;79;82;85;88;91;95;98;102;105;109;113;117;121,860100.78125,1;x1^2;x2^2;x3^2;I(x3>1)*x3^2,1;x1^2;x2^2;x3^2;I(x3>1)*x3^2,"[0.0076288333251149695,0.6023600703054328,0.49657739336502493,0.7967185490309097,0.7209566817830546]","[0.017757722196741457,0.5974254814514931,0.4964825211532934,0.7972731103122976,0.7174984401204024]",I(x3>1)*x3^2,1.0,1.0,0.0,,0,,0,,,,,,,,0.0
multi_quadratic,exception,0.2,100,32,20103,fcrra-spent-diagnostic,1.0,1.0,1.0,4.4914673312674194e-05,0.19381076294435715,0.0,1.0,0.0,frozen-v6-anchor,0.19876323907595014,0.39316088721153475,15.593563257000142,27254582,I(x3>1)*x3^2;x1^2;x2^2;x3^2,-0.005462 + 0.6013·x₁² + 0.4985·x₂² + 0.8025·x₃² + 0.7384·𝟙[x₃>1]·x₃²,"FCRRA spent-seed diagnostic; anchor=1,x1^2,x2^2,x3^2,I(x3>1)*x3^2; exception=I(x3>1)*x3^2; in_bank=1; in_anchor=1; attempted=0; eligible_discovery=; eligible_selector=; numerator=None; denominator=None; gamma=None; anchor_role_ic=None; augmented_role_ic=None; outside_sse_max_diff=None; outside_prediction_max_diff=None; accepted=0; final=1,x1^2,x2^2,x3^2,I(x3>1)*x3^2; wrapper_overhead_unoptimized=1",1.0,1.0,6,2,1.0,63,0,0,1,1;x1^2;x2^2;x3^2;I(x3>1)*x3^2,S32,imbalanced,100,121;126;130;135;140;145;150;71;71;71;71;71;71;71;71;71;71;71;74;77;79;82;85;88;91;95;98;102;105;109;113;117,851705.6875,1;x1^2;x2^2;x3^2;I(x3>1)*x3^2,1;x1^2;x2^2;x3^2;I(x3>1)*x3^2,"[0.003859141508107355,0.5973205013231151,0.49824734914409774,0.7972025228095014,0.7340025747196562]","[-0.005461504278167328,0.6013158394860936,0.4984986225818052,0.8024751744413092,0.738382091655496]",I(x3>1)*x3^2,1.0,1.0,0.0,,0,,0,,,,,,,,0.0
multi_quadratic,exception,0.2,100,32,20104,fcrra-spent-diagnostic,1.0,1.0,1.0,9.822393618128051e-05,0.20769247906397023,0.0,1.0,0.0,frozen-v6-anchor,0.21591669814183168,0.3572446693437337,15.639905523999914,27244769,I(x3>1)*x3^2;x1^2;x2^2;x3^2,0.01012 + 0.5934·x₁² + 0.5027·x₂² + 0.8042·x₃² + 0.7333·𝟙[x₃>1]·x₃²,"FCRRA spent-seed diagnostic; anchor=1,x1^2,x2^2,x3^2,I(x3>1)*x3^2; exception=I(x3>1)*x3^2; in_bank=1; in_anchor=1; attempted=0; eligible_discovery=; eligible_selector=; numerator=None; denominator=None; gamma=None; anchor_role_ic=None; augmented_role_ic=None; outside_sse_max_diff=None; outside_prediction_max_diff=None; accepted=0; final=1,x1^2,x2^2,x3^2,I(x3>1)*x3^2; wrapper_overhead_unoptimized=1",1.0,1.0,6,2,1.0,63,0,0,1,1;x1^2;x2^2;x3^2;I(x3>1)*x3^2,S32,imbalanced,100,117;121;126;130;135;140;145;150;71;71;71;71;71;71;71;71;71;71;71;74;77;79;82;85;88;91;95;98;102;105;109;113,851399.03125,1;x1^2;x2^2;x3^2;I(x3>1)*x3^2,1;x1^2;x2^2;x3^2;I(x3>1)*x3^2,"[0.012626291105943061,0.5896606783474827,0.5059060271481858,0.803314430721871,0.7343229950776148]","[0.010123786192343397,0.5933770778421776,0.5027124979513672,0.8041743459999477,0.7332644630792049]",I(x3>1)*x3^2,1.0,1.0,0.0,,0,,0,,,,,,,,0.0
multi_quadratic,exception,0.2,100,32,20105,fcrra-spent-diagnostic,1.0,1.0,1.0,4.945788833321648e-05,0.18886044548023614,0.0,1.0,0.0,frozen-v6-anchor,0.18741973752863725,0.3888594034762377,15.754477878999978,27280890,I(x3>1)*x3^2;x1^2;x2^2;x3^2,0.002014 + 0.5951·x₁² + 0.5014·x₂² + 0.7939·x₃² + 0.7554·𝟙[x₃>1]·x₃²,"FCRRA spent-seed diagnostic; anchor=1,x1^2,x2^2,x3^2,I(x3>1)*x3^2; exception=I(x3>1)*x3^2; in_bank=1; in_anchor=1; attempted=0; eligible_discovery=; eligible_selector=; numerator=None; denominator=None; gamma=None; anchor_role_ic=None; augmented_role_ic=None; outside_sse_max_diff=None; outside_prediction_max_diff=None; accepted=0; final=1,x1^2,x2^2,x3^2,I(x3>1)*x3^2; wrapper_overhead_unoptimized=1",1.0,1.0,7,3,1.0,120,0,0,1,1;x1^2;x2^2;x3^2;I(x3>1)*x3^2,S32,imbalanced,100,113;117;121;126;130;135;140;145;150;71;71;71;71;71;71;71;71;71;71;71;74;77;79;82;85;88;91;95;98;102;105;109,852527.8125,1;x1^2;x2^2;x3^2;I(x3>1)*x3^2,1;x1^2;x2^2;x3^2;I(x3>1)*x3^2,"[-0.007808657095432493,0.5956101493423265,0.5032206346886219,0.7949938948408859,0.7536947422620179]","[0.002014377641121676,0.5951191849480529,0.5013525163444227,0.7938502907614347,0.7554369861006155]",I(x3>1)*x3^2,1.0,1.0,0.0,,0,,0,,,,,,,,0.0
