benchmark,scenario,noise_ratio,samples_per_client,num_clients,seed,method,exact_recovery,term_precision,term_recall,test_nmse,train_mse,spurious_accepted,exception_recovered,runtime_seconds,communication_bytes,search_evaluations,discovered_terms,expression,stop_reason
base,complementary,0.03,300,4,9016,fedfalsify-v05,1.0,1.0,1.0,2.7225248661310707e-06,0.007547908717459523,0.0,1.0,0.5699831609999819,238339,5,sin(x2);x1;x3^2,0.003218 + 1.999·x₁ + 0.4977·x₃² + 0.995·sin(x₂),target federated MSE reached; no replacement passed the federated certificate
base,complementary,0.03,300,4,9016,centralized-tree-gp,0.0,0.25,0.3333333333333333,2.705620298049083e-06,0.007547775260405943,0.0,1.0,2.4187289040000906,0,1618,"expr:add(square(x3),x2);expr:add(x1,x1);sin(x2);x2",0.003254 + 0.4977*((x3)^2+x2) + 0.9996*(x1+x1) + 0.9942*sin(x2) - 0.4973*x2,generation budget reached
base,complementary,0.03,300,4,9016,federated-tree-gp-style,0.0,0.25,0.3333333333333333,2.7056202980490247e-06,0.007547775260405941,0.0,1.0,2.4847424219997265,655104,1618,"expr:add(square(x3),x2);expr:add(x1,x1);sin(x2);x2",0.003254 + 0.4977*((x3)^2+x2) + 0.9996*(x1+x1) + 0.9942*sin(x2) - 0.4973*x2,generation budget reached
base,complementary,0.03,300,4,9016,centralized-residual-counterexample-gp,0.0,0.25,0.3333333333333333,2.705620298049083e-06,0.007547775260405943,0.0,1.0,1.5774866869996913,0,1623,"expr:add(square(x3),x2);expr:add(x1,x1);sin(x2);x2",0.003254 + 0.4977*((x3)^2+x2) + 0.9996*(x1+x1) + 0.9942*sin(x2) - 0.4973*x2,generation budget reached
base,complementary,0.03,300,4,9017,fedfalsify-v05,1.0,1.0,1.0,4.2019006230389286e-06,0.008424069391191249,0.0,1.0,0.48803873999986536,238371,5,sin(x2);x1;x3^2,2.004·x₁ + 0.5001·x₃² + 1·sin(x₂),target federated MSE reached; no replacement passed the federated certificate
base,complementary,0.03,300,4,9017,centralized-tree-gp,0.0,0.0,0.0,0.0087626484341274,0.06008965389522987,0.0,1.0,1.5155331299993122,0,1616,"cos(x3);expr:add(cos(x2),x1);expr:add(sin(x1),x1);expr:add(sin(x2),x1)",1.354 + 0.08552*(cos(x2)+x1) + 0.5414*(sin(x1)+x1) + 1.079*(sin(x2)+x1) - 1.468*cos(x3),generation budget reached
base,complementary,0.03,300,4,9017,federated-tree-gp-style,0.0,0.0,0.0,0.00876264843412743,0.06008965389522987,0.0,1.0,1.7237185060002957,665664,1616,"cos(x3);expr:add(cos(x2),x1);expr:add(sin(x1),x1);expr:add(sin(x2),x1)",1.354 + 0.08552*(cos(x2)+x1) + 0.5414*(sin(x1)+x1) + 1.079*(sin(x2)+x1) - 1.468*cos(x3),generation budget reached
base,complementary,0.03,300,4,9017,centralized-residual-counterexample-gp,0.0,0.0,0.0,0.007333187777076253,0.06629530673441156,0.0,1.0,0.911033555999893,0,1556,"expr:add(sin(x1),x1);expr:add(sin(x2),x1);expr:add(square(x3),x2);expr:sin(add(cos(x3),sin(x1)))",0.9141 + 1.138*(sin(x1)+x1) + 0.7575*(sin(x2)+x1) + 0.1523*((x3)^2+x2) - 1.38*sin((cos(x3)+sin(x1))),generation budget reached
base,complementary,0.03,300,4,9018,fedfalsify-v05,1.0,1.0,1.0,2.7691561565760877e-06,0.008605366321029408,0.0,1.0,0.3008865980000337,238363,5,sin(x2);x1;x3^2,0.001741 + 2.001·x₁ + 0.4983·x₃² + 0.9933·sin(x₂),target federated MSE reached; no replacement passed the federated certificate
base,complementary,0.03,300,4,9018,centralized-tree-gp,0.0,0.3333333333333333,0.3333333333333333,2.769156153540552e-06,0.008605366321029406,0.0,1.0,0.8983840509999936,0,1633,"expr:add(sin(x2),x1);expr:add(square(x3),x1);x1",0.001741 + 0.9933*(sin(x2)+x1) + 0.4983*((x3)^2+x1) + 0.5093*x1,generation budget reached
base,complementary,0.03,300,4,9018,federated-tree-gp-style,0.0,0.3333333333333333,0.3333333333333333,2.76915615353757e-06,0.008605366321029408,0.0,1.0,1.1749947830003293,672896,1633,"expr:add(sin(x2),x1);expr:add(square(x3),x1);x1",0.001741 + 0.9933*(sin(x2)+x1) + 0.4983*((x3)^2+x1) + 0.5093*x1,generation budget reached
base,complementary,0.03,300,4,9018,centralized-residual-counterexample-gp,0.0,0.3333333333333333,0.3333333333333333,2.769156153540552e-06,0.008605366321029406,0.0,1.0,0.9707146190003186,0,1633,"expr:add(sin(x2),x1);expr:add(square(x3),x1);x1",0.001741 + 0.9933*(sin(x2)+x1) + 0.4983*((x3)^2+x1) + 0.5093*x1,generation budget reached
base,complementary,0.03,300,4,9019,fedfalsify-v05,1.0,1.0,1.0,1.9049494737141042e-06,0.008028519671919107,0.0,1.0,0.29838312700030656,238402,5,sin(x2);x1;x3^2,0.002628 + 2.003·x₁ + 0.4988·x₃² + 0.9986·sin(x₂),target federated MSE reached; no replacement passed the federated certificate
base,complementary,0.03,300,4,9019,centralized-tree-gp,0.0,0.3333333333333333,0.3333333333333333,1.904949479666578e-06,0.008028519671919107,0.0,1.0,0.840296044999377,0,1570,"expr:add(sin(x2),x1);expr:add(square(x3),x1);x1",0.002628 + 0.9986*(sin(x2)+x1) + 0.4988*((x3)^2+x1) + 0.5052*x1,generation budget reached
base,complementary,0.03,300,4,9019,federated-tree-gp-style,0.0,0.3333333333333333,0.3333333333333333,1.9049494796651193e-06,0.008028519671919103,0.0,1.0,1.120595332999983,610048,1570,"expr:add(sin(x2),x1);expr:add(square(x3),x1);x1",0.002628 + 0.9986*(sin(x2)+x1) + 0.4988*((x3)^2+x1) + 0.5052*x1,generation budget reached
base,complementary,0.03,300,4,9019,centralized-residual-counterexample-gp,0.0,0.3333333333333333,0.3333333333333333,1.904949479666578e-06,0.008028519671919107,0.0,1.0,0.8867887910000718,0,1565,"expr:add(sin(x2),x1);expr:add(square(x3),x1);x1",0.002628 + 0.9986*(sin(x2)+x1) + 0.4988*((x3)^2+x1) + 0.5052*x1,generation budget reached
base,complementary,0.03,300,4,9020,fedfalsify-v05,1.0,1.0,1.0,9.65024891704363e-07,0.007896855326706994,0.0,1.0,0.3255366559997128,238324,5,sin(x2);x1;x3^2,0.0006451 + 2·x₁ + 0.4989·x₃² + 0.9968·sin(x₂),target federated MSE reached; no replacement passed the federated certificate
base,complementary,0.03,300,4,9020,centralized-tree-gp,0.0,0.25,0.3333333333333333,0.003981533929792104,0.04488654246940136,0.0,1.0,0.8785286929996801,0,1606,"expr:add(sin(x2),x1);expr:cos(mul(square(x3),square(x3)));expr:mul(square(x3),square(x3));x1",0.4629 + 1.01*(sin(x2)+x1) - 0.2391*cos(((x3)^2*(x3)^2)) + 0.08618*((x3)^2*(x3)^2) + 0.9943*x1,generation budget reached
base,complementary,0.03,300,4,9020,federated-tree-gp-style,0.0,0.25,0.3333333333333333,0.003981533929792095,0.04488654246940136,0.0,1.0,1.3215198440002496,648768,1606,"expr:add(sin(x2),x1);expr:cos(mul(square(x3),square(x3)));expr:mul(square(x3),square(x3));x1",0.4629 + 1.01*(sin(x2)+x1) - 0.2391*cos(((x3)^2*(x3)^2)) + 0.08618*((x3)^2*(x3)^2) + 0.9943*x1,generation budget reached
base,complementary,0.03,300,4,9020,centralized-residual-counterexample-gp,0.0,0.0,0.0,0.005326793015839833,0.04825163157891926,0.0,1.0,1.4522416849995352,0,1607,"expr:add(sin(x2),x1);expr:add(x1,x1);expr:square(add(sin(x3),x3));expr:square(mul(cos(x1),x3))",-0.1759 + 0.9871*(sin(x2)+x1) + 0.5019*(x1+x1) + 0.2295*((sin(x3)+x3))^2 + 0.07095*((cos(x1)*x3))^2,generation budget reached
base,complementary,0.1,300,4,9016,fedfalsify-v05,1.0,1.0,1.0,3.0250276196841328e-05,0.08386565241621693,0.0,1.0,0.4685352549995514,237902,5,sin(x2);x1;x3^2,0.01073 + 1.997·x₁ + 0.4924·x₃² + 0.9832·sin(x₂),target federated MSE reached; no replacement passed the federated certificate
base,complementary,0.1,300,4,9016,centralized-tree-gp,0.0,0.0,0.0,3.0062447644048346e-05,0.08386416956006605,0.0,1.0,1.447518138000305,0,1640,"expr:add(sin(x2),x1);expr:add(square(x3),x1);expr:add(square(x3),x2);expr:add(x1,x1)",0.01085 + 0.9807*(sin(x2)+x1) + 0.4909*((x3)^2+x1) + 0.001501*((x3)^2+x2) + 0.2627*(x1+x1),generation budget reached
base,complementary,0.1,300,4,9016,federated-tree-gp-style,0.0,0.0,0.0,3.006244764403892e-05,0.08386416956006607,0.0,1.0,1.627382810999734,678912,1640,"expr:add(sin(x2),x1);expr:add(square(x3),x1);expr:add(square(x3),x2);expr:add(x1,x1)",0.01085 + 0.9807*(sin(x2)+x1) + 0.4909*((x3)^2+x1) + 0.001501*((x3)^2+x2) + 0.2627*(x1+x1),generation budget reached
base,complementary,0.1,300,4,9016,centralized-residual-counterexample-gp,0.0,0.3333333333333333,0.3333333333333333,3.0250276182479887e-05,0.08386565241621695,0.0,1.0,0.927568070000234,0,1604,"expr:add(sin(x2),x1);expr:add(x1,x1);x3^2",0.01073 + 0.9832*(sin(x2)+x1) + 0.507*(x1+x1) + 0.4924*(x3*x3),generation budget reached
base,complementary,0.1,300,4,9017,fedfalsify-v05,1.0,1.0,1.0,4.668778483155939e-05,0.09360077101323609,0.0,1.0,0.30214479500045854,237730,5,sin(x2);x1;x3^2,2.014·x₁ + 0.5005·x₃² + 1.001·sin(x₂),target federated MSE reached; no replacement passed the federated certificate
base,complementary,0.1,300,4,9017,centralized-tree-gp,0.0,0.0,0.0,0.003374573997424511,0.1047140721678213,0.0,1.0,0.9244949130006717,0,1597,"expr:add(cos(x3),sin(x1));expr:add(sin(x1),x1);expr:add(sin(x2),x1);expr:cos(add(x3,x3))",1.413 - 1.557*(cos(x3)+sin(x1)) + 1.228*(sin(x1)+x1) + 0.9609*(sin(x2)+x1) + 0.1535*cos((x3+x3)),generation budget reached
base,complementary,0.1,300,4,9017,federated-tree-gp-style,0.0,0.0,0.0,0.003374573997424399,0.10471407216782128,0.0,1.0,1.159227914999974,639680,1597,"expr:add(cos(x3),sin(x1));expr:add(sin(x1),x1);expr:add(sin(x2),x1);expr:cos(add(x3,x3))",1.413 - 1.557*(cos(x3)+sin(x1)) + 1.228*(sin(x1)+x1) + 0.9609*(sin(x2)+x1) + 0.1535*cos((x3+x3)),generation budget reached
base,complementary,0.1,300,4,9017,centralized-residual-counterexample-gp,0.0,0.0,0.0,0.0037736808858853006,0.11085422184930481,0.0,1.0,0.9456567570005063,0,1588,"expr:add(cos(x3),sin(x1));expr:add(sin(x1),x1);expr:add(sin(x2),x1)",1.338 - 1.422*(cos(x3)+sin(x1)) + 1.172*(sin(x1)+x1) + 0.9729*(sin(x2)+x1),generation budget reached
base,complementary,0.1,300,4,9018,fedfalsify-v05,1.0,1.0,1.0,3.0768401690421656e-05,0.0956151813447712,0.0,1.0,0.3278883909997603,237664,5,sin(x2);x1;x3^2,0.005802 + 2.003·x₁ + 0.4944·x₃² + 0.9776·sin(x₂),target federated MSE reached; no replacement passed the federated certificate
base,complementary,0.1,300,4,9018,centralized-tree-gp,0.0,0.0,0.0,0.0031813713056701716,0.1350394292412298,1.0,1.0,0.9062751899991781,0,1592,"expr:add(sin(x1),sin(x2));expr:add(x1,x1);expr:sin(add(cos(x3),sin(x1)));expr:square(add(cos(x4),square(x3)))",0.7875 + 0.9447*(sin(x1)+sin(x2)) + 0.9654*(x1+x1) - 1.117*sin((cos(x3)+sin(x1))) + 0.0384*((cos(x4)+(x3)^2))^2,generation budget reached
base,complementary,0.1,300,4,9018,federated-tree-gp-style,0.0,0.0,0.0,0.0031813713056702804,0.1350394292412298,1.0,1.0,1.193942048000281,639808,1592,"expr:add(sin(x1),sin(x2));expr:add(x1,x1);expr:sin(add(cos(x3),sin(x1)));expr:square(add(cos(x4),square(x3)))",0.7875 + 0.9447*(sin(x1)+sin(x2)) + 0.9654*(x1+x1) - 1.117*sin((cos(x3)+sin(x1))) + 0.0384*((cos(x4)+(x3)^2))^2,generation budget reached
base,complementary,0.1,300,4,9018,centralized-residual-counterexample-gp,0.0,0.0,0.0,0.0030953881334846874,0.12400239411293981,0.0,1.0,0.9545944120000058,0,1562,"expr:add(sin(x1),sin(x2));expr:add(square(x3),square(x3));expr:add(x1,x1);expr:sin(add(cos(x3),sin(x1)))",0.5205 + 0.9226*(sin(x1)+sin(x2)) + 0.1495*((x3)^2+(x3)^2) + 0.9302*(x1+x1) - 0.8677*sin((cos(x3)+sin(x1))),generation budget reached
base,complementary,0.1,300,4,9019,fedfalsify-v05,1.0,1.0,1.0,2.1166105320412297e-05,0.08920577413243448,0.0,1.0,0.3017928560002474,237875,5,sin(x2);x1;x3^2,0.008759 + 2.009·x₁ + 0.4959·x₃² + 0.9954·sin(x₂),target federated MSE reached; no replacement passed the federated certificate
base,complementary,0.1,300,4,9019,centralized-tree-gp,0.0,0.0,0.0,0.0004194331481264197,0.09620247343926816,0.0,1.0,0.8983657680000761,0,1564,"expr:add(sin(x1),square(x3));expr:add(sin(x2),x1);expr:add(square(x3),x1);expr:sin(add(sin(x1),sin(x1)))",0.0008284 - 0.4679*(sin(x1)+(x3)^2) + 1.022*(sin(x2)+x1) + 0.9697*((x3)^2+x1) + 0.4185*sin((sin(x1)+sin(x1))),generation budget reached
base,complementary,0.1,300,4,9019,federated-tree-gp-style,0.0,0.0,0.0,0.0004194331481264337,0.09620247343926816,0.0,1.0,1.5375176489997102,606208,1564,"expr:add(sin(x1),square(x3));expr:add(sin(x2),x1);expr:add(square(x3),x1);expr:sin(add(sin(x1),sin(x1)))",0.0008284 - 0.4679*(sin(x1)+(x3)^2) + 1.022*(sin(x2)+x1) + 0.9697*((x3)^2+x1) + 0.4185*sin((sin(x1)+sin(x1))),generation budget reached
base,complementary,0.1,300,4,9019,centralized-residual-counterexample-gp,0.0,0.0,0.0,2.1166105324246876e-05,0.08920577413243448,0.0,1.0,1.4938727600001585,0,1577,"expr:add(sin(x2),x1);expr:add(square(x3),x1);expr:square(add(x3,x3))",0.008759 + 0.9954*(sin(x2)+x1) + 1.013*((x3)^2+x1) - 0.1293*((x3+x3))^2,generation budget reached
base,complementary,0.1,300,4,9020,fedfalsify-v05,1.0,1.0,1.0,1.0722498769179829e-05,0.08774283696341105,0.0,1.0,0.707653548000053,563533,5,sin(x2);x1;x3^2,0.00215 + 2.002·x₁ + 0.4963·x₃² + 0.9893·sin(x₂),target federated MSE reached; no replacement passed the federated certificate
base,complementary,0.1,300,4,9020,centralized-tree-gp,0.0,0.0,0.0,0.003922278722386611,0.12410986500197799,0.0,1.0,1.4812444720000713,0,1606,"expr:add(sin(x2),x1);expr:add(x1,x1);expr:cos(mul(square(x3),square(x3)));expr:mul(square(x3),square(x3))",0.4656 + 1.003*(sin(x2)+x1) + 0.5015*(x1+x1) - 0.2435*cos(((x3)^2*(x3)^2)) + 0.08545*((x3)^2*(x3)^2),generation budget reached
base,complementary,0.1,300,4,9020,federated-tree-gp-style,0.0,0.0,0.0,0.0039222787223866015,0.12410986500197796,0.0,1.0,1.3355441210005665,648064,1606,"expr:add(sin(x2),x1);expr:add(x1,x1);expr:cos(mul(square(x3),square(x3)));expr:mul(square(x3),square(x3))",0.4656 + 1.003*(sin(x2)+x1) + 0.5015*(x1+x1) - 0.2435*cos(((x3)^2*(x3)^2)) + 0.08545*((x3)^2*(x3)^2),generation budget reached
base,complementary,0.1,300,4,9020,centralized-residual-counterexample-gp,0.0,0.0,0.0,0.014854909820835531,0.14851788392160126,0.0,1.0,0.8835579930000677,0,1555,"expr:add(square(x3),x2);expr:add(x1,x1);expr:sin(add(sin(x2),x1));expr:sin(add(x2,x2))",0.01919 + 0.4766*((x3)^2+x2) + 0.9862*(x1+x1) + 0.04743*sin((sin(x2)+x1)) + 0.361*sin((x2+x2)),generation budget reached
base,spurious,0.03,300,4,9016,fedfalsify-v05,1.0,1.0,1.0,8.186961974219918e-06,0.007949209965036862,0.0,1.0,0.3142963919999602,238535,5,sin(x2);x1;x3^2,0.003441 + 2.006·x₁ + 0.4993·x₃² + 0.9992·sin(x₂),target federated MSE reached; no replacement passed the federated certificate
base,spurious,0.03,300,4,9016,centralized-tree-gp,0.0,0.25,0.3333333333333333,0.000882900370639132,0.012392905425168967,1.0,1.0,0.8852889670006334,0,1570,"expr:add(cos(x3),x1);expr:add(square(x3),x1);expr:square(add(square(x3),x4));sin(x2)",-1.018 + 1.089*(cos(x3)+x1) + 0.9184*((x3)^2+x1) + 0.9993*sin(x2) - 0.009888*(((x3)^2+x4))^2,generation budget reached
base,spurious,0.03,300,4,9016,federated-tree-gp-style,0.0,0.25,0.3333333333333333,0.0008829003706391337,0.012392905425168965,1.0,1.0,1.1082789409992984,616960,1570,"expr:add(cos(x3),x1);expr:add(square(x3),x1);expr:square(add(square(x3),x4));sin(x2)",-1.018 + 1.089*(cos(x3)+x1) + 0.9184*((x3)^2+x1) + 0.9993*sin(x2) - 0.009888*(((x3)^2+x4))^2,generation budget reached
base,spurious,0.03,300,4,9016,centralized-residual-counterexample-gp,0.0,0.25,0.3333333333333333,0.000882900370639132,0.012392905425168967,1.0,1.0,0.9054561040002227,0,1571,"expr:add(cos(x3),x1);expr:add(square(x3),x1);expr:square(add(square(x3),x4));sin(x2)",-1.018 + 1.089*(cos(x3)+x1) + 0.9184*((x3)^2+x1) + 0.9993*sin(x2) - 0.009888*(((x3)^2+x4))^2,generation budget reached
base,spurious,0.03,300,4,9017,fedfalsify-v05,1.0,1.0,1.0,2.510973600125106e-06,0.008392874670315973,0.0,1.0,0.2974026009997033,238219,5,sin(x2);x1;x3^2,-0.002663 + 1.999·x₁ + 0.4995·x₃² + 0.994·sin(x₂),target federated MSE reached; no replacement passed the federated certificate
base,spurious,0.03,300,4,9017,centralized-tree-gp,0.0,0.0,0.0,7.612274756125469e-06,0.008364421735458203,0.0,1.0,0.877988625999933,0,1596,"expr:add(sin(x1),square(x3));expr:add(sin(x1),x1);expr:add(sin(x2),x1);expr:add(x1,x1)",-0.002337 + 0.4996*(sin(x1)+(x3)^2) - 0.4831*(sin(x1)+x1) + 0.9943*(sin(x2)+x1) + 0.7399*(x1+x1),generation budget reached
base,spurious,0.03,300,4,9017,federated-tree-gp-style,0.0,0.0,0.0,7.6122747561388485e-06,0.008364421735458205,0.0,1.0,1.114493611999933,631488,1596,"expr:add(sin(x1),square(x3));expr:add(sin(x1),x1);expr:add(sin(x2),x1);expr:add(x1,x1)",-0.002337 + 0.4996*(sin(x1)+(x3)^2) - 0.4831*(sin(x1)+x1) + 0.9943*(sin(x2)+x1) + 0.7399*(x1+x1),generation budget reached
base,spurious,0.03,300,4,9017,centralized-residual-counterexample-gp,0.0,0.0,0.0,7.612274756125469e-06,0.008364421735458203,0.0,1.0,0.9118539760002022,0,1590,"expr:add(sin(x1),square(x3));expr:add(sin(x1),x1);expr:add(sin(x2),x1);expr:add(x1,x1)",-0.002337 + 0.4996*(sin(x1)+(x3)^2) - 0.4831*(sin(x1)+x1) + 0.9943*(sin(x2)+x1) + 0.7399*(x1+x1),generation budget reached
base,spurious,0.03,300,4,9018,fedfalsify-v05,1.0,1.0,1.0,6.958809220920935e-06,0.008631517321624186,0.0,1.0,0.3147132230005809,238304,5,sin(x2);x1;x3^2,-0.01089 + 1.998·x₁ + 0.5047·x₃² + 1.001·sin(x₂),target federated MSE reached; no replacement passed the federated certificate
base,spurious,0.03,300,4,9018,centralized-tree-gp,0.0,0.25,0.3333333333333333,0.0055940148590801686,0.059572216386451694,1.0,1.0,0.8517764850003005,0,1587,"expr:add(sin(x2),x1);expr:cos(mul(cos(x1),square(x3)));expr:square(add(cos(x4),square(x3)));x1",0.4151 + 0.9976*(sin(x2)+x1) - 0.2409*cos((cos(x1)*(x3)^2)) + 0.07067*((cos(x4)+(x3)^2))^2 + 0.9995*x1,generation budget reached
base,spurious,0.03,300,4,9018,federated-tree-gp-style,0.0,0.25,0.3333333333333333,0.005594014859080194,0.059572216386451694,1.0,1.0,1.5114100040000267,611392,1587,"expr:add(sin(x2),x1);expr:cos(mul(cos(x1),square(x3)));expr:square(add(cos(x4),square(x3)));x1",0.4151 + 0.9976*(sin(x2)+x1) - 0.2409*cos((cos(x1)*(x3)^2)) + 0.07067*((cos(x4)+(x3)^2))^2 + 0.9995*x1,generation budget reached
base,spurious,0.03,300,4,9018,centralized-residual-counterexample-gp,0.0,0.6666666666666666,0.6666666666666666,6.958809218542432e-06,0.008631517321624186,0.0,1.0,1.4414075709992176,0,1613,"expr:add(sin(x2),x1);x1;x3^2",-0.01089 + 1.001*(sin(x2)+x1) + 0.5047*(x3)^2 + 0.9966*x1,generation budget reached
base,spurious,0.03,300,4,9019,fedfalsify-v05,1.0,1.0,1.0,4.2337141943203627e-07,0.007945831967746755,0.0,1.0,0.4287758849995953,238507,5,sin(x2);x1;x3^2,0.0008947 + 2·x₁ + 0.4998·x₃² + 1.003·sin(x₂),target federated MSE reached; no replacement passed the federated certificate
base,spurious,0.03,300,4,9019,centralized-tree-gp,0.0,0.3333333333333333,0.3333333333333333,4.233714206622643e-07,0.00794583196774676,0.0,1.0,1.3680951739997909,0,1571,"expr:add(sin(x2),x1);expr:add(square(x3),x1);x1",0.0008947 + 1.003*(sin(x2)+x1) + 0.4998*((x3)^2+x1) + 0.4968*x1,generation budget reached
base,spurious,0.03,300,4,9019,federated-tree-gp-style,0.0,0.3333333333333333,0.3333333333333333,4.233714206604205e-07,0.007945831967746756,0.0,1.0,1.3506827869996414,618112,1571,"expr:add(sin(x2),x1);expr:add(square(x3),x1);x1",0.0008947 + 1.003*(sin(x2)+x1) + 0.4998*((x3)^2+x1) + 0.4968*x1,generation budget reached
base,spurious,0.03,300,4,9019,centralized-residual-counterexample-gp,0.0,0.3333333333333333,0.3333333333333333,4.233714206622643e-07,0.00794583196774676,0.0,1.0,0.8660492409999279,0,1571,"expr:add(sin(x2),x1);expr:add(square(x3),x1);x1",0.0008947 + 1.003*(sin(x2)+x1) + 0.4998*((x3)^2+x1) + 0.4968*x1,generation budget reached
base,spurious,0.03,300,4,9020,fedfalsify-v05,1.0,1.0,1.0,2.595268403238369e-07,0.008373364043158199,0.0,1.0,0.2991981709992615,238057,5,sin(x2);x1;x3^2,-0.0004092 + 2·x₁ + 0.4995·x₃² + 1.001·sin(x₂),target federated MSE reached; no replacement passed the federated certificate
base,spurious,0.03,300,4,9020,centralized-tree-gp,0.0,0.6666666666666666,0.6666666666666666,2.5952684127449736e-07,0.008373364043158195,0.0,1.0,0.8511388269998861,0,1602,"expr:add(sin(x2),x1);x1;x3^2",-0.0004092 + 1.001*(sin(x2)+x1) + 0.4995*(x3*x3) + 0.9992*x1,generation budget reached
base,spurious,0.03,300,4,9020,federated-tree-gp-style,0.0,0.6666666666666666,0.6666666666666666,2.595268412747743e-07,0.008373364043158199,0.0,1.0,1.1113299829994503,655040,1602,"expr:add(sin(x2),x1);x1;x3^2",-0.0004092 + 1.001*(sin(x2)+x1) + 0.4995*(x3*x3) + 0.9992*x1,generation budget reached
base,spurious,0.03,300,4,9020,centralized-residual-counterexample-gp,0.0,0.6666666666666666,0.6666666666666666,2.5952684127449736e-07,0.008373364043158195,0.0,1.0,0.770403881000675,0,1510,"expr:add(sin(x2),x1);x1;x3^2",-0.0004092 + 1.001*(sin(x2)+x1) + 0.4995*(x3*x3) + 0.9992*x1,generation budget reached
base,spurious,0.1,300,4,9016,fedfalsify-v05,1.0,1.0,1.0,9.096624431192786e-05,0.08832455516707624,0.0,1.0,0.3025327469995318,237915,5,sin(x2);x1;x3^2,0.01147 + 2.02·x₁ + 0.4976·x₃² + 0.9974·sin(x₂),target federated MSE reached; no replacement passed the federated certificate
base,spurious,0.1,300,4,9016,centralized-tree-gp,0.0,0.25,0.3333333333333333,0.00012181099501623382,0.08828121895567172,0.0,1.0,0.8066475360001277,0,1589,"expr:add(sin(x1),x1);expr:add(sin(x2),x1);expr:add(square(x3),square(x3));x1",0.0106 - 0.02027*(sin(x1)+x1) + 0.9974*(sin(x2)+x1) + 0.2489*((x3)^2+(x3)^2) + 1.052*x1,generation budget reached
base,spurious,0.1,300,4,9016,federated-tree-gp-style,0.0,0.25,0.3333333333333333,0.00012181099501625934,0.0882812189556717,0.0,1.0,1.0475720960002946,620608,1589,"expr:add(sin(x1),x1);expr:add(sin(x2),x1);expr:add(square(x3),square(x3));x1",0.0106 - 0.02027*(sin(x1)+x1) + 0.9974*(sin(x2)+x1) + 0.2489*((x3)^2+(x3)^2) + 1.052*x1,generation budget reached
base,spurious,0.1,300,4,9016,centralized-residual-counterexample-gp,0.0,0.25,0.3333333333333333,9.744794541522631e-05,0.08818491497907059,0.0,1.0,0.8466760900000736,0,1565,"expr:add(sin(x2),x1);expr:add(square(x3),x3);expr:add(x1,x1);x3^2",0.01091 + 0.9967*(sin(x2)+x1) + 0.01008*((x3)^2+x3) + 0.5109*(x1+x1) + 0.4878*(x3*x3),generation budget reached
base,spurious,0.1,300,4,9017,fedfalsify-v05,1.0,1.0,1.0,2.7899706574015305e-05,0.09325416300351082,0.0,1.0,0.308629072000258,237754,5,sin(x2);x1;x3^2,-0.008877 + 1.997·x₁ + 0.4984·x₃² + 0.9801·sin(x₂),target federated MSE reached; no replacement passed the federated certificate
base,spurious,0.1,300,4,9017,centralized-tree-gp,0.0,0.0,0.0,0.0006675490815170026,0.09539027151559132,0.0,1.0,0.8727938050005832,0,1590,"expr:add(cos(x3),sin(x1));expr:add(sin(x1),x1);expr:add(sin(x2),sin(x2));expr:cos(add(x3,x3))",1.507 - 1.749*(cos(x3)+sin(x1)) + 1.914*(sin(x1)+x1) + 0.492*(sin(x2)+sin(x2)) + 0.2524*cos((x3+x3)),generation budget reached
base,spurious,0.1,300,4,9017,federated-tree-gp-style,0.0,0.0,0.0,0.0006675490815170372,0.09539027151559132,0.0,1.0,1.2221166460003587,632128,1590,"expr:add(cos(x3),sin(x1));expr:add(sin(x1),x1);expr:add(sin(x2),sin(x2));expr:cos(add(x3,x3))",1.507 - 1.749*(cos(x3)+sin(x1)) + 1.914*(sin(x1)+x1) + 0.492*(sin(x2)+sin(x2)) + 0.2524*cos((x3+x3)),generation budget reached
base,spurious,0.1,300,4,9017,centralized-residual-counterexample-gp,0.0,0.0,0.0,0.000291960693018665,0.09598049260038448,0.0,1.0,1.569472825000048,0,1614,"expr:add(cos(x3),cos(x3));expr:add(sin(x2),x1);expr:add(x1,x1);expr:square(mul(cos(x3),x3))",1.229 - 0.6674*(cos(x3)+cos(x3)) + 0.9781*(sin(x2)+x1) + 0.509*(x1+x1) + 0.1957*((cos(x3)*x3))^2,generation budget reached
base,spurious,0.1,300,4,9018,fedfalsify-v05,1.0,1.0,1.0,7.73201024354438e-05,0.09590574801804652,0.0,1.0,0.46542538199992123,237672,5,sin(x2);x1;x3^2,-0.03628 + 1.992·x₁ + 0.5157·x₃² + 1.003·sin(x₂),target federated MSE reached; no replacement passed the federated certificate
base,spurious,0.1,300,4,9018,centralized-tree-gp,0.0,0.0,0.0,0.001387016376939171,0.10473610898112024,0.0,1.0,1.4073504970001522,0,1601,"expr:add(cos(x3),square(x1));expr:add(sin(x1),square(x3));expr:add(sin(x2),x1);expr:add(square(x1),x1)",0.8166 - 0.9041*(cos(x3)+(x1)^2) + 0.1932*(sin(x1)+(x3)^2) + 1*(sin(x2)+x1) + 0.906*((x1)^2+x1),generation budget reached
base,spurious,0.1,300,4,9018,federated-tree-gp-style,0.0,0.0,0.0,0.001387016376939186,0.10473610898112024,0.0,1.0,1.65935601900037,636480,1601,"expr:add(cos(x3),square(x1));expr:add(sin(x1),square(x3));expr:add(sin(x2),x1);expr:add(square(x1),x1)",0.8166 - 0.9041*(cos(x3)+(x1)^2) + 0.1932*(sin(x1)+(x3)^2) + 1*(sin(x2)+x1) + 0.906*((x1)^2+x1),generation budget reached
base,spurious,0.1,300,4,9018,centralized-residual-counterexample-gp,0.0,0.3333333333333333,0.3333333333333333,0.004159682792936417,0.1252581075903689,0.0,1.0,0.8651401930001157,0,1581,"expr:add(sin(x1),square(x3));expr:add(sin(x2),x1);x1",0.01723 + 0.4868*(sin(x1)+(x3)^2) + 1.024*(sin(x2)+x1) + 0.737*x1,generation budget reached
base,spurious,0.1,300,4,9019,fedfalsify-v05,1.0,1.0,1.0,4.704126906553484e-06,0.08828702186385289,0.0,1.0,0.29197588300030475,237949,5,sin(x2);x1;x3^2,0.002982 + 1.999·x₁ + 0.4993·x₃² + 1.011·sin(x₂),target federated MSE reached; no replacement passed the federated certificate
base,spurious,0.1,300,4,9019,centralized-tree-gp,0.0,0.0,0.0,4.704126905058596e-06,0.08828702186385289,0.0,1.0,0.7430378419994668,0,1522,"expr:add(sin(x2),x1);expr:add(square(x3),x1);expr:add(x1,x1)",0.002982 + 1.011*(sin(x2)+x1) + 0.4993*((x3)^2+x1) + 0.2446*(x1+x1),generation budget reached
base,spurious,0.1,300,4,9019,federated-tree-gp-style,0.0,0.0,0.0,4.704126905046555e-06,0.08828702186385289,0.0,1.0,0.9662265280003339,553920,1522,"expr:add(sin(x2),x1);expr:add(square(x3),x1);expr:add(x1,x1)",0.002982 + 1.011*(sin(x2)+x1) + 0.4993*((x3)^2+x1) + 0.2446*(x1+x1),generation budget reached
base,spurious,0.1,300,4,9019,centralized-residual-counterexample-gp,0.0,0.0,0.0,4.704126905058596e-06,0.08828702186385289,0.0,1.0,0.8266890790000616,0,1524,"expr:add(sin(x2),x1);expr:add(square(x3),x1);expr:add(x1,x1)",0.002982 + 1.011*(sin(x2)+x1) + 0.4993*((x3)^2+x1) + 0.2446*(x1+x1),generation budget reached
base,spurious,0.1,300,4,9020,fedfalsify-v05,1.0,1.0,1.0,2.883631564312347e-06,0.09303737825731333,0.0,1.0,0.2916845159998047,237673,5,sin(x2);x1;x3^2,-0.001364 + 2.001·x₁ + 0.4984·x₃² + 1.003·sin(x₂),target federated MSE reached; no replacement passed the federated certificate
base,spurious,0.1,300,4,9020,centralized-tree-gp,0.0,0.3333333333333333,0.3333333333333333,2.883631564943809e-06,0.09303737825731333,0.0,1.0,0.7993181479996565,0,1519,"expr:add(sin(x2),x1);expr:add(square(x3),x1);x1",-0.001364 + 1.003*(sin(x2)+x1) + 0.4984*((x3)^2+x1) + 0.499*x1,generation budget reached
base,spurious,0.1,300,4,9020,federated-tree-gp-style,0.0,0.3333333333333333,0.3333333333333333,2.883631564944035e-06,0.09303737825731333,0.0,1.0,0.9811767359997248,565632,1519,"expr:add(sin(x2),x1);expr:add(square(x3),x1);x1",-0.001364 + 1.003*(sin(x2)+x1) + 0.4984*((x3)^2+x1) + 0.499*x1,generation budget reached
base,spurious,0.1,300,4,9020,centralized-residual-counterexample-gp,0.0,0.3333333333333333,0.3333333333333333,2.883631564943809e-06,0.09303737825731333,0.0,1.0,0.8382299790000616,0,1541,"expr:add(sin(x2),x1);expr:add(square(x3),x1);x1",-0.001364 + 1.003*(sin(x2)+x1) + 0.4984*((x3)^2+x1) + 0.499*x1,generation budget reached
base,exception,0.03,300,4,9016,fedfalsify-v05,1.0,1.0,1.0,2.9619043430381797e-06,0.013189239505126198,0.0,1.0,0.4203319560001546,307743,7,I(x3>1)*x3^2;sin(x2);x1;x3^2,0.0006231 + 1.998·x₁ + 0.7525·𝟙[x₃>1]·x₃² + 0.4984·x₃² + 0.9925·sin(x₂),target federated MSE reached; no replacement passed the federated certificate
base,exception,0.03,300,4,9016,centralized-tree-gp,0.0,0.0,0.0,0.0018402024425669373,0.03822772377409354,0.0,0.0,0.8277932600003624,0,1575,"expr:add(sin(x2),x1);expr:add(sin(x3),sin(x3));expr:add(square(x3),square(x3));expr:add(x1,x3)",-0.09558 + 0.9333*(sin(x2)+x1) - 0.4498*(sin(x3)+sin(x3)) + 0.4464*((x3)^2+(x3)^2) + 1.109*(x1+x3),generation budget reached
base,exception,0.03,300,4,9016,federated-tree-gp-style,0.0,0.0,0.0,0.001840202442566938,0.03822772377409354,0.0,0.0,1.083107182999811,634624,1575,"expr:add(sin(x2),x1);expr:add(sin(x3),sin(x3));expr:add(square(x3),square(x3));expr:add(x1,x3)",-0.09558 + 0.9333*(sin(x2)+x1) - 0.4498*(sin(x3)+sin(x3)) + 0.4464*((x3)^2+(x3)^2) + 1.109*(x1+x3),generation budget reached
base,exception,0.03,300,4,9016,centralized-residual-counterexample-gp,0.0,0.0,0.0,0.001381306393761187,0.029646069163980222,0.0,0.0,1.0368645559992729,0,1586,"expr:add(sin(x2),x1);expr:add(square(x3),x1);expr:mul(cos(x3),sin(x3));x3",-0.1068 + 1.068*(sin(x2)+x1) + 0.9116*((x3)^2+x1) - 0.8708*(cos(x3)*sin(x3)) + 0.6279*x3,generation budget reached
base,exception,0.03,300,4,9017,fedfalsify-v05,1.0,1.0,1.0,5.79100836168476e-06,0.014383030481658829,0.0,1.0,0.6419274869995206,307915,7,I(x3>1)*x3^2;sin(x2);x1;x3^2,-0.001973 + 2.005·x₁ + 0.75·𝟙[x₃>1]·x₃² + 0.5011·x₃² + 1·sin(x₂),target federated MSE reached; no replacement passed the federated certificate
base,exception,0.03,300,4,9017,centralized-tree-gp,0.0,0.25,0.25,0.027873212508074063,0.36325818526832826,0.0,0.0,1.5365644650000831,0,1632,"expr:add(cos(x3),x3);expr:square(add(sin(x2),square(x3)));expr:square(add(sin(x3),sin(x3)));x1",-1.159 + 0.5962*(cos(x3)+x3) + 0.1777*((sin(x2)+(x3)^2))^2 + 0.5164*((sin(x3)+sin(x3)))^2 + 2.057*x1,generation budget reached
base,exception,0.03,300,4,9017,federated-tree-gp-style,0.0,0.25,0.25,0.027873212508074063,0.36325818526832826,0.0,0.0,1.9501314079998338,682496,1632,"expr:add(cos(x3),x3);expr:square(add(sin(x2),square(x3)));expr:square(add(sin(x3),sin(x3)));x1",-1.159 + 0.5962*(cos(x3)+x3) + 0.1777*((sin(x2)+(x3)^2))^2 + 0.5164*((sin(x3)+sin(x3)))^2 + 2.057*x1,generation budget reached
base,exception,0.03,300,4,9017,centralized-residual-counterexample-gp,0.0,0.25,0.25,0.022417074161131187,0.33664430781131166,0.0,0.0,1.1130236560002231,0,1620,"expr:cos(mul(cos(x3),cos(x3)));expr:mul(sin(x3),square(x3));expr:square(add(sin(x2),square(x3)));x1",-2.341 + 3.184*cos((cos(x3)*cos(x3))) + 0.4115*(sin(x3)*(x3)^2) + 0.1502*((sin(x2)+(x3)^2))^2 + 2.057*x1,generation budget reached
base,exception,0.03,300,4,9018,fedfalsify-v05,1.0,1.0,1.0,3.805587781613911e-06,0.014430588328472356,0.0,1.0,0.4198470579995046,307956,7,I(x3>1)*x3^2;sin(x2);x1;x3^2,0.001375 + 2.002·x₁ + 0.7475·𝟙[x₃>1]·x₃² + 0.5·x₃² + 0.9922·sin(x₂),target federated MSE reached; no replacement passed the federated certificate
base,exception,0.03,300,4,9018,centralized-tree-gp,0.0,0.0,0.0,0.009512949787740744,0.153436399573872,0.0,0.0,0.9186910759999591,0,1633,"expr:add(sin(x2),x1);expr:add(x1,x3);expr:square(add(x3,x3))",-0.0807 + 1.214*(sin(x2)+x1) + 0.7089*(x1+x3) + 0.2273*((x3+x3))^2,generation budget reached
base,exception,0.03,300,4,9018,federated-tree-gp-style,0.0,0.0,0.0,0.009512949787740728,0.15343639957387198,0.0,0.0,1.1613966029999574,680960,1633,"expr:add(sin(x2),x1);expr:add(x1,x3);expr:square(add(x3,x3))",-0.0807 + 1.214*(sin(x2)+x1) + 0.7089*(x1+x3) + 0.2273*((x3+x3))^2,generation budget reached
base,exception,0.03,300,4,9018,centralized-residual-counterexample-gp,0.0,0.25,0.25,0.021523384542486493,0.26732678063444476,0.0,0.0,0.9496768760000123,0,1626,"cos(x3);expr:add(sin(x1),sin(x2));expr:add(x1,x3);x1",2.417 + 0.8373*(sin(x1)+sin(x2)) + 0.711*(x1+x3) - 2.814*cos(x3) + 0.8915*x1,generation budget reached
base,exception,0.03,300,4,9019,fedfalsify-v05,1.0,1.0,1.0,7.787400023960725e-06,0.013574001356328705,0.0,1.0,0.4307421749999776,307929,7,I(x3>1)*x3^2;sin(x2);x1;x3^2,0.008436 + 2.002·x₁ + 0.7558·𝟙[x₃>1]·x₃² + 0.4934·x₃² + 0.9972·sin(x₂),target federated MSE reached; no replacement passed the federated certificate
base,exception,0.03,300,4,9019,centralized-tree-gp,0.0,0.0,0.0,0.0014251744626554675,0.030466606480955036,0.0,0.0,0.9692103930001394,0,1584,"expr:add(sin(x2),x1);expr:add(sin(x3),x3);expr:add(square(x3),x1);x3",-0.08929 + 1.079*(sin(x2)+x1) - 1.17*(sin(x3)+x3) + 0.9001*((x3)^2+x1) + 2.442*x3,generation budget reached
base,exception,0.03,300,4,9019,federated-tree-gp-style,0.0,0.0,0.0,0.001425174462655454,0.030466606480955026,0.0,0.0,1.3796718019993932,636096,1584,"expr:add(sin(x2),x1);expr:add(sin(x3),x3);expr:add(square(x3),x1);x3",-0.08929 + 1.079*(sin(x2)+x1) - 1.17*(sin(x3)+x3) + 0.9001*((x3)^2+x1) + 2.442*x3,generation budget reached
base,exception,0.03,300,4,9019,centralized-residual-counterexample-gp,0.0,0.0,0.0,0.006181700452538842,0.0944507236786941,0.0,0.0,0.9484701990004396,0,1604,"expr:add(cos(x3),square(x3));expr:add(sin(x2),x1);expr:add(sin(x3),x3);expr:add(x1,x3)",-1.244 + 1.302*(cos(x3)+(x3)^2) + 0.928*(sin(x2)+x1) - 0.323*(sin(x3)+x3) + 1.128*(x1+x3),generation budget reached
base,exception,0.03,300,4,9020,fedfalsify-v05,1.0,1.0,1.0,1.0484931309795697e-06,0.013429347955865485,0.0,1.0,0.9244730170003095,950109,7,I(x3>1)*x3^2;sin(x2);x1;x3^2,-0.003703 + 2.001·x₁ + 0.7495·𝟙[x₃>1]·x₃² + 0.9957·sin(x₂) + 0.5014·x₃²,target federated MSE reached; no replacement passed the federated certificate
base,exception,0.03,300,4,9020,centralized-tree-gp,0.0,0.0,0.0,0.0016991255563720902,0.036856837022193646,0.0,0.0,0.8163164799998412,0,1551,"expr:add(sin(x2),x1);expr:add(square(x3),x1);expr:mul(square(x3),x3);x3",-0.09802 + 1.08*(sin(x2)+x1) + 0.9017*((x3)^2+x1) + 0.1334*((x3)^2*x3) + 0.1793*x3,generation budget reached
base,exception,0.03,300,4,9020,federated-tree-gp-style,0.0,0.0,0.0,0.0016991255563720935,0.03685683702219365,0.0,0.0,1.5940251800002443,605824,1551,"expr:add(sin(x2),x1);expr:add(square(x3),x1);expr:mul(square(x3),x3);x3",-0.09802 + 1.08*(sin(x2)+x1) + 0.9017*((x3)^2+x1) + 0.1334*((x3)^2*x3) + 0.1793*x3,generation budget reached
base,exception,0.03,300,4,9020,centralized-residual-counterexample-gp,0.0,0.5,0.5,0.018652037371030692,0.20679317005948425,0.0,1.0,1.482468176999646,0,1621,"I(x3>1)*x3^2;expr:add(cos(x3),x1);expr:add(x2,x3);x3^2",-1.868 + 2.003*(cos(x3)+x1) + 0.3986*(x2+x3) + 0.3199*I(x3>1)*((x3)^2) + 1.354*(x3*x3),generation budget reached
base,exception,0.1,300,4,9016,fedfalsify-v05,1.0,1.0,1.0,3.2910048156743474e-05,0.14654710561251336,0.0,1.0,0.7673284949996741,458469,7,I(x3>1)*x3^2;sin(x2);x1;x3^2,0.002077 + 1.995·x₁ + 0.7584·𝟙[x₃>1]·x₃² + 0.4947·x₃² + 0.9751·sin(x₂),target federated MSE reached; no replacement passed the federated certificate
base,exception,0.1,300,4,9016,centralized-tree-gp,0.0,0.0,0.0,0.0020309160675580917,0.17909501745598294,0.0,0.0,1.397553458999937,0,1619,"expr:add(cos(x3),sin(x2));expr:add(sin(x2),x1);expr:add(square(x3),x3);expr:square(add(square(x3),x3))",0.9704 - 1.007*(cos(x3)+sin(x2)) + 2.014*(sin(x2)+x1) + 0.2363*((x3)^2+x3) + 0.0562*(((x3)^2+x3))^2,generation budget reached
base,exception,0.1,300,4,9016,federated-tree-gp-style,0.0,0.0,0.0,0.0020309160675581065,0.17909501745598297,0.0,0.0,1.1326630129997284,658880,1619,"expr:add(cos(x3),sin(x2));expr:add(sin(x2),x1);expr:add(square(x3),x3);expr:square(add(square(x3),x3))",0.9704 - 1.007*(cos(x3)+sin(x2)) + 2.014*(sin(x2)+x1) + 0.2363*((x3)^2+x3) + 0.0562*(((x3)^2+x3))^2,generation budget reached
base,exception,0.1,300,4,9016,centralized-residual-counterexample-gp,0.0,0.0,0.0,0.003041864845159099,0.1928962436773206,0.0,0.0,0.9277532890000657,0,1628,"expr:add(sin(x2),x1);expr:add(sin(x3),sin(x3));expr:add(square(x3),x3);expr:add(x1,x1)",-0.1291 + 0.994*(sin(x2)+x1) - 0.2814*(sin(x3)+sin(x3)) + 0.9178*((x3)^2+x3) + 0.5092*(x1+x1),generation budget reached
base,exception,0.1,300,4,9017,fedfalsify-v05,1.0,1.0,1.0,6.434453749139974e-05,0.1598114497962092,0.0,1.0,0.8398205980001876,860074,7,I(x3>1)*x3^2;sin(x2);x1;x3^2,-0.006576 + 2.018·x₁ + 0.7501·𝟙[x₃>1]·x₃² + 0.5038·x₃² + 1·sin(x₂),target federated MSE reached; no replacement passed the federated certificate
base,exception,0.1,300,4,9017,centralized-tree-gp,0.0,0.25,0.25,0.018145316859497104,0.4006429576968195,0.0,0.0,0.896943332999399,0,1622,"expr:add(square(x3),x1);expr:mul(sin(x2),square(x3));expr:mul(sin(x3),square(x3));x3^2",-0.3159 + 2.055*((x3)^2+x1) + 0.2933*(sin(x2)*(x3)^2) + 0.4203*(sin(x3)*(x3)^2) - 1.095*(x3*x3),generation budget reached
base,exception,0.1,300,4,9017,federated-tree-gp-style,0.0,0.25,0.25,0.018145316859497027,0.4006429576968195,0.0,0.0,1.1581184070000745,674304,1622,"expr:add(square(x3),x1);expr:mul(sin(x2),square(x3));expr:mul(sin(x3),square(x3));x3^2",-0.3159 + 2.055*((x3)^2+x1) + 0.2933*(sin(x2)*(x3)^2) + 0.4203*(sin(x3)*(x3)^2) - 1.095*(x3*x3),generation budget reached
base,exception,0.1,300,4,9017,centralized-residual-counterexample-gp,0.0,0.0,0.0,0.0434446349187258,0.5703415925229,0.0,0.0,0.939054823999868,0,1606,"expr:add(sin(x3),x1);expr:add(square(x3),x1);expr:add(x1,x2);expr:mul(sin(x2),square(x3))",-0.118 + 0.8427*(sin(x3)+x1) + 0.901*((x3)^2+x1) + 0.3247*(x1+x2) + 0.2123*(sin(x2)*(x3)^2),generation budget reached
base,exception,0.1,300,4,9018,fedfalsify-v05,1.0,1.0,1.0,4.2284308684507565e-05,0.1603398703163596,0.0,1.0,2.1880455900000015,2583097,8,I(x3>1)*x3^2;sin(x2);x1;x3^2,0.004582 + 2.007·x₁ + 0.7415·𝟙[x₃>1]·x₃² + 0.9739·sin(x₂) + 0.5·x₃²,target federated MSE reached; no replacement passed the federated certificate
base,exception,0.1,300,4,9018,centralized-tree-gp,0.0,0.25,0.25,0.0034735820246982324,0.19390548280828568,0.0,1.0,0.8647134250004456,0,1618,"I(x3>1)*x3^2;expr:add(cos(x3),sin(x2));expr:add(sin(x2),x1);expr:square(mul(cos(x3),sin(x3)))",1.125 - 1.214*(cos(x3)+sin(x2)) + 2.047*(sin(x2)+x1) + 0.8174*I(x3>1)*((x3)^2) + 0.7947*((cos(x3)*sin(x3)))^2,generation budget reached
base,exception,0.1,300,4,9018,federated-tree-gp-style,0.0,0.25,0.25,0.0034735820246982393,0.19390548280828565,0.0,1.0,1.450969686999997,664704,1618,"I(x3>1)*x3^2;expr:add(cos(x3),sin(x2));expr:add(sin(x2),x1);expr:square(mul(cos(x3),sin(x3)))",1.125 - 1.214*(cos(x3)+sin(x2)) + 2.047*(sin(x2)+x1) + 0.8174*I(x3>1)*((x3)^2) + 0.7947*((cos(x3)*sin(x3)))^2,generation budget reached
base,exception,0.1,300,4,9018,centralized-residual-counterexample-gp,0.0,0.25,0.25,0.023245651381433106,0.4027793325470923,0.0,0.0,1.3885664089993952,0,1555,"expr:add(sin(x2),sin(x3));expr:add(x2,x3);expr:square(add(x3,x3));x1",-0.05966 + 0.3868*(sin(x2)+sin(x3)) + 0.3326*(x2+x3) + 0.2214*((x3+x3))^2 + 2.016*x1,generation budget reached
base,exception,0.1,300,4,9019,fedfalsify-v05,1.0,1.0,1.0,8.652666695324935e-05,0.15082223729254116,0.0,1.0,0.9634057800003575,640298,7,I(x3>1)*x3^2;sin(x2);x1;x3^2,0.02812 + 2.008·x₁ + 0.7694·𝟙[x₃>1]·x₃² + 0.4779·x₃² + 0.9906·sin(x₂),target federated MSE reached; no replacement passed the federated certificate
base,exception,0.1,300,4,9019,centralized-tree-gp,0.0,0.0,0.0,0.020644683503906643,0.3603420228785673,0.0,0.0,1.2725927100000263,0,1561,"expr:add(sin(x1),sin(x3));expr:add(square(x3),x1);expr:add(x1,x2);expr:add(x1,x3)",-0.05 - 0.4093*(sin(x1)+sin(x3)) + 0.8651*((x3)^2+x1) + 0.4414*(x1+x2) + 0.8738*(x1+x3),generation budget reached
base,exception,0.1,300,4,9019,federated-tree-gp-style,0.0,0.0,0.0,0.020644683503906674,0.36034202287856726,0.0,0.0,1.2633539660000679,600768,1561,"expr:add(sin(x1),sin(x3));expr:add(square(x3),x1);expr:add(x1,x2);expr:add(x1,x3)",-0.05 - 0.4093*(sin(x1)+sin(x3)) + 0.8651*((x3)^2+x1) + 0.4414*(x1+x2) + 0.8738*(x1+x3),generation budget reached
base,exception,0.1,300,4,9019,centralized-residual-counterexample-gp,0.0,0.0,0.0,0.020644683503906643,0.3603420228785673,0.0,0.0,0.858368440999584,0,1568,"expr:add(sin(x1),sin(x3));expr:add(square(x3),x1);expr:add(x1,x2);expr:add(x1,x3)",-0.05 - 0.4093*(sin(x1)+sin(x3)) + 0.8651*((x3)^2+x1) + 0.4414*(x1+x2) + 0.8738*(x1+x3),generation budget reached
base,exception,0.1,300,4,9020,fedfalsify-v05,1.0,1.0,1.0,1.1649923660308867e-05,0.14921497728739436,0.0,1.0,1.1424290539998765,1315707,7,I(x3>1)*x3^2;sin(x2);x1;x3^2,-0.01234 + 2.002·x₁ + 0.7483·𝟙[x₃>1]·x₃² + 0.9857·sin(x₂) + 0.5045·x₃²,target federated MSE reached; no replacement passed the federated certificate
base,exception,0.1,300,4,9020,centralized-tree-gp,0.0,0.0,0.0,0.019611267782494963,0.357818904575491,0.0,0.0,0.917103028999918,0,1624,"expr:add(sin(x3),x1);expr:add(square(x3),x1);expr:add(square(x3),x2);expr:sin(add(x3,x3))",-0.198 + 1.333*(sin(x3)+x1) + 0.5824*((x3)^2+x1) + 0.3608*((x3)^2+x2) - 0.8785*sin((x3+x3)),generation budget reached
base,exception,0.1,300,4,9020,federated-tree-gp-style,0.0,0.0,0.0,0.019611267782494876,0.357818904575491,0.0,0.0,1.1757426879994455,680896,1624,"expr:add(sin(x3),x1);expr:add(square(x3),x1);expr:add(square(x3),x2);expr:sin(add(x3,x3))",-0.198 + 1.333*(sin(x3)+x1) + 0.5824*((x3)^2+x1) + 0.3608*((x3)^2+x2) - 0.8785*sin((x3+x3)),generation budget reached
base,exception,0.1,300,4,9020,centralized-residual-counterexample-gp,0.0,0.0,0.0,0.01567003833251217,0.31875492329204147,0.0,0.0,0.966994282000087,0,1625,"expr:add(cos(x3),x1);expr:add(sin(x2),x1);expr:square(add(sin(x3),square(x3)));expr:square(add(sin(x3),x3))",-0.9746 + 1.044*(cos(x3)+x1) + 1.047*(sin(x2)+x1) + 0.1505*((sin(x3)+(x3)^2))^2 + 0.258*((sin(x3)+x3))^2,generation budget reached
poly3,complementary,0.03,300,4,9016,fedfalsify-v05,1.0,1.0,1.0,1.2629158784570346e-06,0.049262098640615655,0.0,1.0,0.3159657309997783,237912,5,x1;x1^2;x1^3,0.006006 + 0.9862·x₁ + 0.9972·x₁² + 1.003·x₁³,target federated MSE reached; no replacement passed the federated certificate
poly3,complementary,0.03,300,4,9016,centralized-tree-gp,0.0,0.75,1.0,2.2998463853855796e-06,0.04918602624114304,0.0,1.0,0.8863282109996362,0,1597,"expr:add(square(x1),square(x3));x1;x1^2;x1^3",0.01476 - 0.005919*((x1)^2+(x3)^2) + 1.003*((x1)^2*x1) + 1.003*(x1*x1) + 0.9863*x1,generation budget reached
poly3,complementary,0.03,300,4,9016,federated-tree-gp-style,0.0,0.75,1.0,2.2998463853894395e-06,0.04918602624114305,0.0,1.0,1.127773196999442,654400,1597,"expr:add(square(x1),square(x3));x1;x1^2;x1^3",0.01476 - 0.005919*((x1)^2+(x3)^2) + 1.003*((x1)^2*x1) + 1.003*(x1*x1) + 0.9863*x1,generation budget reached
poly3,complementary,0.03,300,4,9016,centralized-residual-counterexample-gp,0.0,0.6666666666666666,0.6666666666666666,0.0003581571975249302,0.08792117882730656,0.0,1.0,0.9167634819996238,0,1570,"expr:sin(add(sin(x1),sin(x1)));x1^2;x1^3",-0.003819 + 1.12*((x1)^2*x1) + 0.9917*(x1*x1) + 0.881*sin((sin(x1)+sin(x1))),generation budget reached
poly3,complementary,0.03,300,4,9017,fedfalsify-v05,1.0,1.0,1.0,9.876478322541767e-06,0.05407384524194664,0.0,1.0,0.37090538700067555,267807,6,x1;x1^2;x1^3,0.007752 + 0.9932·x₁ + 1.005·x₁³ + 0.9958·x₁²,target federated MSE reached; no replacement passed the federated certificate
poly3,complementary,0.03,300,4,9017,centralized-tree-gp,0.0,0.5,0.3333333333333333,0.00013668023943322623,0.058897476162721035,0.0,1.0,1.1546321280002303,0,1607,"expr:add(sin(x1),square(x1));x1^3",-0.003784 + 1*(sin(x1)+(x1)^2) + 1.127*((x1)^2*x1),generation budget reached
poly3,complementary,0.03,300,4,9017,federated-tree-gp-style,0.0,0.5,0.3333333333333333,0.0001366802394332228,0.05889747616272101,0.0,1.0,1.9144796109994786,652928,1607,"expr:add(sin(x1),square(x1));x1^3",-0.003784 + 1*(sin(x1)+(x1)^2) + 1.127*((x1)^2*x1),generation budget reached
poly3,complementary,0.03,300,4,9017,centralized-residual-counterexample-gp,0.0,0.0,0.0,0.0011245706375663685,0.13146206748980135,0.0,1.0,1.434216822000053,0,1600,"expr:add(sin(x1),square(x1));expr:mul(square(x1),square(x1));expr:square(add(sin(x2),x1));expr:square(add(square(x1),x1))",-0.1761 + 0.7496*(sin(x1)+(x1)^2) - 0.6108*((x1)^2*(x1)^2) - 0.05038*((sin(x2)+x1))^2 + 0.5714*(((x1)^2+x1))^2,generation budget reached
poly3,complementary,0.03,300,4,9018,fedfalsify-v05,1.0,1.0,1.0,2.418446211644495e-06,0.05406066850152288,0.0,1.0,1.3672479409997322,1274999,7,x1;x1^2;x1^3,0.005438 + 0.9963·x₁³ + 0.9976·x₁² + 1.015·x₁,no sufficiently supported counterexample repair; no replacement passed the federated certificate
poly3,complementary,0.03,300,4,9018,centralized-tree-gp,0.0,0.5,0.3333333333333333,4.1640463967594075e-07,0.05418484334684879,0.0,1.0,0.9105685060003452,0,1616,"expr:add(square(x1),x1);x1^3",0.002382 + 0.999*((x1)^2+x1) + 0.9994*((x1)^2*x1),generation budget reached
poly3,complementary,0.03,300,4,9018,federated-tree-gp-style,0.0,0.5,0.3333333333333333,4.164046396754883e-07,0.0541848433468488,0.0,1.0,1.16703684300046,653760,1616,"expr:add(square(x1),x1);x1^3",0.002382 + 0.999*((x1)^2+x1) + 0.9994*((x1)^2*x1),generation budget reached
poly3,complementary,0.03,300,4,9018,centralized-residual-counterexample-gp,0.0,0.6666666666666666,0.6666666666666666,2.4184462141814088e-06,0.054060668501522906,0.0,1.0,0.935574742999961,0,1597,"expr:add(x1,x1);x1^2;x1^3",0.005438 + 0.5076*(x1+x1) + 0.9963*((x1)^2*x1) + 0.9976*(x1)^2,generation budget reached
poly3,complementary,0.03,300,4,9019,fedfalsify-v05,1.0,1.0,1.0,2.5196577429162195e-06,0.050106302708509014,0.0,1.0,0.37071761199968023,267621,6,x1;x1^2;x1^3,-0.0001211 + 1.023·x₁ + 0.9958·x₁³ + 1.002·x₁²,target federated MSE reached; no replacement passed the federated certificate
poly3,complementary,0.03,300,4,9019,centralized-tree-gp,0.0,0.5,0.3333333333333333,1.1978609040157102e-06,0.050276770551732894,0.0,1.0,0.7571291989997917,0,1517,"expr:add(square(x1),x1);x1^3",-0.00447 + 1.004*((x1)^2+x1) + 0.9994*((x1)^2*x1),generation budget reached
poly3,complementary,0.03,300,4,9019,federated-tree-gp-style,0.0,0.5,0.3333333333333333,1.1978609040150033e-06,0.05027677055173289,0.0,1.0,0.9942529789996115,526144,1517,"expr:add(square(x1),x1);x1^3",-0.00447 + 1.004*((x1)^2+x1) + 0.9994*((x1)^2*x1),generation budget reached
poly3,complementary,0.03,300,4,9019,centralized-residual-counterexample-gp,0.0,0.5,0.3333333333333333,1.1978609040157102e-06,0.050276770551732894,0.0,1.0,0.8229778240001906,0,1535,"expr:add(square(x1),x1);x1^3",-0.00447 + 1.004*((x1)^2+x1) + 0.9994*((x1)^2*x1),generation budget reached
poly3,complementary,0.03,300,4,9020,fedfalsify-v05,1.0,1.0,1.0,1.1354076805557102e-06,0.05300489971559704,0.0,1.0,0.3819543720001093,267892,6,x1;x1^2;x1^3,0.00139 + 1.011·x₁ + 0.9974·x₁³ + 0.9984·x₁²,target federated MSE reached; no replacement passed the federated certificate
poly3,complementary,0.03,300,4,9020,centralized-tree-gp,0.0,0.25,0.3333333333333333,1.195824687996962e-06,0.053002203406767555,0.0,1.0,0.8746339950002948,0,1597,"expr:add(x1,x1);expr:mul(square(x1),square(x1));expr:square(add(square(x1),x1));x1^3",-0.0001953 + 0.5054*(x1+x1) - 1.001*((x1)^2*(x1)^2) - 1.004*((x1)^2*x1) + 1.001*(((x1)^2+x1))^2,generation budget reached
poly3,complementary,0.03,300,4,9020,federated-tree-gp-style,0.0,0.25,0.3333333333333333,1.1958246880191315e-06,0.05300220340676758,0.0,1.0,1.1446593969994865,652224,1597,"expr:add(x1,x1);expr:mul(square(x1),square(x1));expr:square(add(square(x1),x1));x1^3",-0.0001953 + 0.5054*(x1+x1) - 1.001*((x1)^2*(x1)^2) - 1.004*((x1)^2*x1) + 1.001*(((x1)^2+x1))^2,generation budget reached
poly3,complementary,0.03,300,4,9020,centralized-residual-counterexample-gp,0.0,0.25,0.3333333333333333,0.00028797402328078087,0.07378815085357421,0.0,1.0,0.897694758000398,0,1578,"expr:add(sin(x3),square(x1));expr:add(sin(x3),x3);expr:add(x1,x1);x1^3",0.00775 + 0.9926*(sin(x3)+(x1)^2) - 0.3759*(sin(x3)+x3) + 0.5062*(x1+x1) + 1.002*((x1)^2*x1),generation budget reached
poly3,complementary,0.1,300,4,9016,fedfalsify-v05,0.0,0.6666666666666666,0.6666666666666666,7.72782277970738e-05,0.5482655715205901,0.0,1.0,1.4682213999994929,1244129,6,sin(x1);x1^2;x1^3,0.02372 + 1.036·sin(x₁) + 1.122·x₁³ + 0.9864·x₁²,target federated MSE reached; no replacement passed the federated certificate
poly3,complementary,0.1,300,4,9016,centralized-tree-gp,0.0,0.25,0.3333333333333333,0.00028798660633386387,0.5521189394047328,0.0,1.0,1.3619253349997962,0,1578,"expr:add(cos(x1),square(x1));expr:add(cos(x1),x1);sin(x1);x1^3",0.2014 + 0.9234*(cos(x1)+(x1)^2) - 1.12*(cos(x1)+x1) + 1.255*((x1)^2*x1) + 2.249*sin(x1),generation budget reached
poly3,complementary,0.1,300,4,9016,federated-tree-gp-style,0.0,0.25,0.3333333333333333,0.000287986606333604,0.5521189394047328,0.0,1.0,1.839122920000591,624448,1578,"expr:add(cos(x1),square(x1));expr:add(cos(x1),x1);sin(x1);x1^3",0.2014 + 0.9234*(cos(x1)+(x1)^2) - 1.12*(cos(x1)+x1) + 1.255*((x1)^2*x1) + 2.249*sin(x1),generation budget reached
poly3,complementary,0.1,300,4,9016,centralized-residual-counterexample-gp,0.0,0.25,0.3333333333333333,1.999926734600704e-05,0.54734024543469,0.0,1.0,0.9200315079997381,0,1529,"expr:add(cos(x1),square(x1));expr:add(cos(x1),x1);expr:mul(sin(x1),x1);x1^3",-2.482 + 1.508*(cos(x1)+(x1)^2) + 0.9578*(cos(x1)+x1) + 0.8032*(sin(x1)*x1) + 1.008*((x1)^2*x1),generation budget reached
poly3,complementary,0.1,300,4,9017,fedfalsify-v05,1.0,1.0,1.0,0.00010973864799679672,0.6008205026882962,0.0,1.0,1.336516022000069,1573582,6,x1;x1^2;x1^3,0.02584 + 0.9775·x₁ + 0.9859·x₁² + 1.015·x₁³,target federated MSE reached; no replacement passed the federated certificate
poly3,complementary,0.1,300,4,9017,centralized-tree-gp,0.0,0.5,0.3333333333333333,0.0003051977343490123,0.6060548327029405,0.0,1.0,0.8934560389998296,0,1600,"expr:add(sin(x1),square(x1));x1^3",0.01557 + 0.9896*(sin(x1)+(x1)^2) + 1.136*((x1)^2*x1),generation budget reached
poly3,complementary,0.1,300,4,9017,federated-tree-gp-style,0.0,0.5,0.3333333333333333,0.00030519773434902126,0.6060548327029405,0.0,1.0,1.1631945999997697,633600,1600,"expr:add(sin(x1),square(x1));x1^3",0.01557 + 0.9896*(sin(x1)+(x1)^2) + 1.136*((x1)^2*x1),generation budget reached
poly3,complementary,0.1,300,4,9017,centralized-residual-counterexample-gp,0.0,0.5,0.3333333333333333,0.0003051977343490123,0.6060548327029405,0.0,1.0,0.9005536000004213,0,1573,"expr:add(sin(x1),square(x1));x1^3",0.01557 + 0.9896*(sin(x1)+(x1)^2) + 1.136*((x1)^2*x1),generation budget reached
poly3,complementary,0.1,300,4,9018,fedfalsify-v05,0.0,0.6666666666666666,0.6666666666666666,0.004203321141876022,0.799650345125048,0.0,1.0,0.771267828999953,860136,5,cos(x1);x1;x1^3,2.937 + 1.031·x₁ - 3.244·cos(x₁) + 0.9996·x₁³,target federated MSE reached; no replacement passed the federated certificate
poly3,complementary,0.1,300,4,9018,centralized-tree-gp,0.0,0.5,0.3333333333333333,4.626718215897344e-06,0.6020538149649866,0.0,1.0,0.8530162070001097,0,1604,"expr:add(square(x1),x1);x1^3",0.007941 + 0.9968*((x1)^2+x1) + 0.9981*((x1)^2*x1),generation budget reached
poly3,complementary,0.1,300,4,9018,federated-tree-gp-style,0.0,0.5,0.3333333333333333,4.626718215895291e-06,0.6020538149649866,0.0,1.0,1.0954820690003544,642304,1604,"expr:add(square(x1),x1);x1^3",0.007941 + 0.9968*((x1)^2+x1) + 0.9981*((x1)^2*x1),generation budget reached
poly3,complementary,0.1,300,4,9018,centralized-residual-counterexample-gp,0.0,0.25,0.3333333333333333,0.001690558806095927,0.8210555463955496,1.0,1.0,0.8673581689999992,0,1588,"expr:add(square(x1),x2);expr:sin(add(sin(x4),x1));expr:square(add(x1,x1));x1^3",0.02563 - 0.02645*((x1)^2+x2) + 1.152*((x1)^2*x1) + 0.7781*sin((sin(x4)+x1)) + 0.2508*((x1+x1))^2,generation budget reached
poly3,complementary,0.1,300,4,9019,fedfalsify-v05,1.0,1.0,1.0,2.7996197171682706e-05,0.5567366967612113,0.0,1.0,0.5464570630001617,562151,5,x1;x1^2;x1^3,-0.0004037 + 1.076·x₁ + 1.007·x₁² + 0.986·x₁³,target federated MSE reached; no replacement passed the federated certificate
poly3,complementary,0.1,300,4,9019,centralized-tree-gp,0.0,0.5,0.3333333333333333,1.3309565607236048e-05,0.5586307839081431,0.0,1.0,0.7967293509991578,0,1500,"expr:add(square(x1),x1);x1^3",-0.0149 + 1.013*((x1)^2+x1) + 0.9979*((x1)^2*x1),generation budget reached
poly3,complementary,0.1,300,4,9019,federated-tree-gp-style,0.0,0.5,0.3333333333333333,1.3309565607237769e-05,0.5586307839081432,0.0,1.0,1.5431446519996825,511488,1500,"expr:add(square(x1),x1);x1^3",-0.0149 + 1.013*((x1)^2+x1) + 0.9979*((x1)^2*x1),generation budget reached
poly3,complementary,0.1,300,4,9019,centralized-residual-counterexample-gp,0.0,0.5,0.3333333333333333,1.3309565607236048e-05,0.5586307839081431,0.0,1.0,1.3837236370000028,0,1510,"expr:add(square(x1),x1);x1^3",-0.0149 + 1.013*((x1)^2+x1) + 0.9979*((x1)^2*x1),generation budget reached
poly3,complementary,0.1,300,4,9020,fedfalsify-v05,0.0,0.3333333333333333,0.3333333333333333,0.004424035661736415,0.7544495549005759,0.0,1.0,1.1280519199999617,888531,5,cos(x1);sin(x1);x1^3,2.927 + 1.076·sin(x₁) - 3.27·cos(x₁) + 1.132·x₁³,target federated MSE reached; no replacement passed the federated certificate
poly3,complementary,0.1,300,4,9020,centralized-tree-gp,0.0,0.3333333333333333,0.3333333333333333,0.002121969809570474,0.8401833431095376,1.0,1.0,1.1878030879997823,0,1602,"expr:sin(mul(cos(x4),x1));expr:square(add(x1,x1));x1^3",0.01817 + 1.14*((x1)^2*x1) + 0.8632*sin((cos(x4)*x1)) + 0.2435*((x1+x1))^2,generation budget reached
poly3,complementary,0.1,300,4,9020,federated-tree-gp-style,0.0,0.3333333333333333,0.3333333333333333,0.0021219698095704662,0.8401833431095376,1.0,1.0,1.175885943999674,640768,1602,"expr:sin(mul(cos(x4),x1));expr:square(add(x1,x1));x1^3",0.01817 + 1.14*((x1)^2*x1) + 0.8632*sin((cos(x4)*x1)) + 0.2435*((x1+x1))^2,generation budget reached
poly3,complementary,0.1,300,4,9020,centralized-residual-counterexample-gp,0.0,0.3333333333333333,0.3333333333333333,0.004012793268362115,0.9392316679093388,0.0,1.0,0.9241470679999111,0,1583,"expr:cos(add(cos(x3),x1));expr:square(add(x1,x1));x1^3",0.5553 - 0.7788*cos((cos(x3)+x1)) + 1.177*((x1)^2*x1) + 0.1965*((x1+x1))^2,generation budget reached
poly3,spurious,0.03,300,4,9016,fedfalsify-v05,1.0,1.0,1.0,8.918147408025014e-06,0.053782248787894095,0.0,1.0,0.3710355040002469,267937,6,x1;x1^2;x1^3,0.01577 + 1.007·x₁ + 1.002·x₁³ + 0.9947·x₁²,target federated MSE reached; no replacement passed the federated certificate
poly3,spurious,0.03,300,4,9016,centralized-tree-gp,0.0,0.25,0.3333333333333333,0.00017703976468491468,0.05854580348821112,0.0,1.0,0.8374656939995475,0,1553,"expr:add(cos(x1),sin(x1));expr:add(x1,x1);expr:square(add(square(x1),x1));x1^3",1.901 - 1.874*(cos(x1)+sin(x1)) + 1.367*(x1+x1) + 0.669*((x1)^2*x1) + 0.06349*(((x1)^2+x1))^2,generation budget reached
poly3,spurious,0.03,300,4,9016,federated-tree-gp-style,0.0,0.25,0.3333333333333333,0.00017703976468489907,0.058545803488211125,0.0,1.0,1.0411228270004358,596672,1553,"expr:add(cos(x1),sin(x1));expr:add(x1,x1);expr:square(add(square(x1),x1));x1^3",1.901 - 1.874*(cos(x1)+sin(x1)) + 1.367*(x1+x1) + 0.669*((x1)^2*x1) + 0.06349*(((x1)^2+x1))^2,generation budget reached
poly3,spurious,0.03,300,4,9016,centralized-residual-counterexample-gp,0.0,0.5,0.6666666666666666,0.002604898441871737,0.25642313659878535,0.0,1.0,0.8764483089998976,0,1593,"expr:add(sin(x3),square(x1));expr:square(add(square(x1),x1));x1;x1^3",0.4294 + 0.3741*(sin(x3)+(x1)^2) + 0.8239*((x1)^2*x1) + 0.07986*(((x1)^2+x1))^2 + 1.02*x1,generation budget reached
poly3,spurious,0.03,300,4,9017,fedfalsify-v05,1.0,1.0,1.0,5.27039960006487e-06,0.057866961965897704,0.0,1.0,0.3982860280002569,267763,6,x1;x1^2;x1^3,-0.006405 + 1.017·x₁ + 0.995·x₁³ + 1.001·x₁²,target federated MSE reached; no replacement passed the federated certificate
poly3,spurious,0.03,300,4,9017,centralized-tree-gp,0.0,0.25,0.3333333333333333,0.0008437929999056789,0.15301791045305327,1.0,1.0,0.8662195420001808,0,1594,"expr:add(cos(x4),square(x1));expr:add(x1,x1);expr:sin(add(cos(x4),square(x4)));x1^3",0.01149 + 1.007*(cos(x4)+(x1)^2) + 0.5639*(x1+x1) + 0.9668*((x1)^2*x1) - 0.8258*sin((cos(x4)+(x4)^2)),generation budget reached
poly3,spurious,0.03,300,4,9017,federated-tree-gp-style,0.0,0.25,0.3333333333333333,0.0008437929999056753,0.15301791045305327,1.0,1.0,1.0927716449996296,637440,1594,"expr:add(cos(x4),square(x1));expr:add(x1,x1);expr:sin(add(cos(x4),square(x4)));x1^3",0.01149 + 1.007*(cos(x4)+(x1)^2) + 0.5639*(x1+x1) + 0.9668*((x1)^2*x1) - 0.8258*sin((cos(x4)+(x4)^2)),generation budget reached
poly3,spurious,0.03,300,4,9017,centralized-residual-counterexample-gp,0.0,0.5,0.6666666666666666,5.5328759986934265e-06,0.057865348696272,1.0,1.0,0.900648750000073,0,1608,"expr:add(cos(x4),cos(x4));expr:add(cos(x4),square(x1));x1;x1^3",-0.00866 - 0.4989*(cos(x4)+cos(x4)) + 1.001*(cos(x4)+(x1)^2) + 0.9949*((x1)^2*x1) + 1.017*x1,generation budget reached
poly3,spurious,0.03,300,4,9018,fedfalsify-v05,1.0,1.0,1.0,1.544780506549083e-06,0.061751812695620696,0.0,1.0,0.3586036460001196,267232,6,x1;x1^2;x1^3,-0.01018 + 0.9901·x₁ + 1.001·x₁³ + 0.9993·x₁²,target federated MSE reached; no replacement passed the federated certificate
poly3,spurious,0.03,300,4,9018,centralized-tree-gp,0.0,0.5,0.3333333333333333,1.6016155630169816e-06,0.0617878213514446,0.0,1.0,1.0842580369999268,0,1582,"expr:add(square(x1),x1);x1^3",-0.00858 + 0.9987*((x1)^2+x1) + 0.9994*((x1)^2*x1),generation budget reached
poly3,spurious,0.03,300,4,9018,federated-tree-gp-style,0.0,0.5,0.3333333333333333,1.6016155630162089e-06,0.06178782135144463,0.0,1.0,1.7922745610003403,607360,1582,"expr:add(square(x1),x1);x1^3",-0.00858 + 0.9987*((x1)^2+x1) + 0.9994*((x1)^2*x1),generation budget reached
poly3,spurious,0.03,300,4,9018,centralized-residual-counterexample-gp,0.0,0.25,0.3333333333333333,0.0030364210591400155,0.21415501787603972,1.0,1.0,1.479946041000403,0,1624,"expr:add(cos(x4),square(x1));expr:add(sin(x1),sin(x1));expr:cos(x4);x1",-0.1477 + 1.055*(cos(x4)+(x1)^2) - 4.623*(sin(x1)+sin(x1)) - 0.9395*cos(x4) + 9.487*x1,generation budget reached
poly3,spurious,0.03,300,4,9019,fedfalsify-v05,1.0,1.0,1.0,4.0573604982658795e-07,0.05770941233690936,0.0,1.0,0.477092920999894,238059,5,x1;x1^2;x1^3,0.004818 + 1.004·x₁ + 0.9976·x₁² + 0.9991·x₁³,target federated MSE reached; no replacement passed the federated certificate
poly3,spurious,0.03,300,4,9019,centralized-tree-gp,0.0,0.25,0.3333333333333333,0.00307160995827723,0.21894109165750023,1.0,1.0,1.061330683000051,0,1557,"expr:mul(square(x4),x1);expr:square(add(cos(x4),x1));expr:square(add(sin(x3),square(x1)));x1^3",-0.1236 + 0.9331*((x1)^2*x1) + 0.4311*((x4)^2*x1) + 0.6729*((cos(x4)+x1))^2 + 0.04639*((sin(x3)+(x1)^2))^2,generation budget reached
poly3,spurious,0.03,300,4,9019,federated-tree-gp-style,0.0,0.25,0.3333333333333333,0.003071609958277376,0.21894109165750023,1.0,1.0,1.0829961780000303,599744,1557,"expr:mul(square(x4),x1);expr:square(add(cos(x4),x1));expr:square(add(sin(x3),square(x1)));x1^3",-0.1236 + 0.9331*((x1)^2*x1) + 0.4311*((x4)^2*x1) + 0.6729*((cos(x4)+x1))^2 + 0.04639*((sin(x3)+(x1)^2))^2,generation budget reached
poly3,spurious,0.03,300,4,9019,centralized-residual-counterexample-gp,0.0,0.25,0.3333333333333333,0.002348182326934495,0.16852010314463944,1.0,1.0,0.8751508000004833,0,1571,"expr:mul(square(x4),x1);expr:square(add(cos(x4),x1));expr:square(add(square(x1),x1));x1^3",-0.08744 + 0.8496*((x1)^2*x1) + 0.4073*((x4)^2*x1) + 0.603*((cos(x4)+x1))^2 + 0.05341*(((x1)^2+x1))^2,generation budget reached
poly3,spurious,0.03,300,4,9020,fedfalsify-v05,1.0,1.0,1.0,6.280879934505533e-07,0.06038103532410953,0.0,1.0,0.8365392920004524,834733,6,x1;x1^2;x1^3,-0.002944 + 1.009·x₁ + 0.998·x₁³ + 0.9999·x₁²,no sufficiently supported counterexample repair; no replacement passed the federated certificate
poly3,spurious,0.03,300,4,9020,centralized-tree-gp,0.0,0.25,0.3333333333333333,3.163200889934395e-05,0.06107335260597914,0.0,1.0,0.859304126999632,0,1598,"expr:add(sin(x1),x1);expr:add(square(x1),x3);expr:add(x1,x3);x1^3",0.0007766 + 1.042*(sin(x1)+x1) + 0.9962*((x1)^2+x3) - 0.9854*(x1+x3) + 1.109*((x1)^2*x1),generation budget reached
poly3,spurious,0.03,300,4,9020,federated-tree-gp-style,0.0,0.25,0.3333333333333333,3.163200889933733e-05,0.06107335260597916,0.0,1.0,1.115652245000092,650368,1598,"expr:add(sin(x1),x1);expr:add(square(x1),x3);expr:add(x1,x3);x1^3",0.0007766 + 1.042*(sin(x1)+x1) + 0.9962*((x1)^2+x3) - 0.9854*(x1+x3) + 1.109*((x1)^2*x1),generation budget reached
poly3,spurious,0.03,300,4,9020,centralized-residual-counterexample-gp,0.0,0.25,0.3333333333333333,3.163200889934395e-05,0.06107335260597914,0.0,1.0,0.882142429999476,0,1581,"expr:add(sin(x1),x1);expr:add(square(x1),x3);expr:add(x1,x3);x1^3",0.0007766 + 1.042*(sin(x1)+x1) + 0.9962*((x1)^2+x3) - 0.9854*(x1+x3) + 1.109*((x1)^2*x1),generation budget reached
poly3,spurious,0.1,300,4,9016,fedfalsify-v05,0.0,0.6666666666666666,0.6666666666666666,0.00019918308620324324,0.5994481824895623,0.0,1.0,1.0030071099999986,1243427,6,sin(x1);x1^2;x1^3,0.05889 + 1.114·sin(x₁) + 1.128·x₁³ + 0.9773·x₁²,target federated MSE reached; no replacement passed the federated certificate
poly3,spurious,0.1,300,4,9016,centralized-tree-gp,0.0,0.25,0.3333333333333333,0.0005657403215215695,0.6239294001413032,0.0,1.0,0.8551206550000643,0,1590,"expr:add(x1,x1);expr:sin(add(cos(x1),sin(x1)));expr:square(add(square(x1),x1));x1^3",1.755 + 1.296*(x1+x1) + 0.6658*((x1)^2*x1) - 2.126*sin((cos(x1)+sin(x1))) + 0.07198*(((x1)^2+x1))^2,generation budget reached
poly3,spurious,0.1,300,4,9016,federated-tree-gp-style,0.0,0.25,0.3333333333333333,0.000565740321521615,0.6239294001413032,0.0,1.0,1.108131869999852,631808,1590,"expr:add(x1,x1);expr:sin(add(cos(x1),sin(x1)));expr:square(add(square(x1),x1));x1^3",1.755 + 1.296*(x1+x1) + 0.6658*((x1)^2*x1) - 2.126*sin((cos(x1)+sin(x1))) + 0.07198*(((x1)^2+x1))^2,generation budget reached
poly3,spurious,0.1,300,4,9016,centralized-residual-counterexample-gp,0.0,0.25,0.3333333333333333,0.0013470437552363904,0.6751095844019649,0.0,1.0,0.976421794000089,0,1574,"expr:add(x1,x1);expr:square(add(square(x1),x1));expr:square(mul(square(x1),square(x1)));x1^3",0.4657 + 0.4656*(x1+x1) + 0.6444*((x1)^2*x1) + 0.1927*(((x1)^2+x1))^2 - 0.001637*(((x1)^2*(x1)^2))^2,generation budget reached
poly3,spurious,0.1,300,4,9017,fedfalsify-v05,0.0,0.6666666666666666,0.6666666666666666,0.003969690250308474,0.8229546987043165,0.0,1.0,0.7591842680003538,562278,5,cos(x1);x1;x1^3,2.947 + 1.034·x₁ - 3.301·cos(x₁) + 0.9997·x₁³,target federated MSE reached; no replacement passed the federated certificate
poly3,spurious,0.1,300,4,9017,centralized-tree-gp,0.0,0.5,0.6666666666666666,5.73994907591859e-05,0.6428719714432628,0.0,1.0,1.3257233610002004,0,1579,"expr:add(x1,x1);expr:square(add(square(x1),x1));x1^2;x1^3",-0.03018 + 0.5275*(x1+x1) + 0.9881*((x1)^2*x1) - 0.002197*(((x1)^2+x1))^2 + 1.018*(x1)^2,generation budget reached
poly3,spurious,0.1,300,4,9017,federated-tree-gp-style,0.0,0.5,0.6666666666666666,5.7399490759191264e-05,0.6428719714432628,0.0,1.0,1.7707218949999515,624640,1579,"expr:add(x1,x1);expr:square(add(square(x1),x1));x1^2;x1^3",-0.03018 + 0.5275*(x1+x1) + 0.9881*((x1)^2*x1) - 0.002197*(((x1)^2+x1))^2 + 1.018*(x1)^2,generation budget reached
poly3,spurious,0.1,300,4,9017,centralized-residual-counterexample-gp,0.0,0.0,0.0,0.0042070901794376845,0.9335575616850845,1.0,1.0,1.1449964319999708,0,1570,"expr:add(x1,x4);expr:square(add(cos(x1),square(x1)));expr:square(add(cos(x4),x1));expr:square(add(square(x1),x1))",0.9594 + 0.1852*(x1+x4) - 0.7265*((cos(x1)+(x1)^2))^2 + 0.2463*((cos(x4)+x1))^2 + 0.5568*(((x1)^2+x1))^2,generation budget reached
poly3,spurious,0.1,300,4,9018,fedfalsify-v05,1.0,1.0,1.0,1.7164227839531994e-05,0.6861312521735635,0.0,1.0,1.0626195609993374,1240828,6,x1;x1^2;x1^3,-0.03393 + 0.9668·x₁ + 1.003·x₁³ + 0.9976·x₁²,target federated MSE reached; no replacement passed the federated certificate
poly3,spurious,0.1,300,4,9018,centralized-tree-gp,0.0,0.5,0.3333333333333333,1.7795728473178845e-05,0.6865313483493848,0.0,1.0,0.7368260169996574,0,1489,"expr:add(square(x1),x1);x1^3",-0.0286 + 0.9955*((x1)^2+x1) + 0.9981*((x1)^2*x1),generation budget reached
poly3,spurious,0.1,300,4,9018,federated-tree-gp-style,0.0,0.5,0.3333333333333333,1.7795728473175762e-05,0.6865313483493847,0.0,1.0,0.9752506240001821,519872,1489,"expr:add(square(x1),x1);x1^3",-0.0286 + 0.9955*((x1)^2+x1) + 0.9981*((x1)^2*x1),generation budget reached
poly3,spurious,0.1,300,4,9018,centralized-residual-counterexample-gp,0.0,0.25,0.3333333333333333,0.000931604429363533,0.7226673354545625,0.0,1.0,0.8961389389996839,0,1575,"expr:add(cos(x1),x1);expr:add(x1,x1);expr:cos(mul(cos(x1),cos(x1)));x1^3",5.269 - 3.698*(cos(x1)+x1) + 2.308*(x1+x1) - 2.633*cos((cos(x1)*cos(x1))) + 1.022*((x1)^2*x1),generation budget reached
poly3,spurious,0.1,300,4,9019,fedfalsify-v05,1.0,1.0,1.0,4.508178330067933e-06,0.6412156926323265,0.0,1.0,0.7746845360006773,888937,5,x1;x1^2;x1^3,0.01606 + 1.014·x₁ + 0.9921·x₁² + 0.997·x₁³,target federated MSE reached; no replacement passed the federated certificate
poly3,spurious,0.1,300,4,9019,centralized-tree-gp,0.0,0.5,0.3333333333333333,2.5330952858124804e-06,0.6414107880289289,0.0,1.0,0.7692179699997723,0,1528,"expr:add(square(x1),x1);x1^3",0.01156 + 0.9937*((x1)^2+x1) + 1.001*((x1)^2*x1),generation budget reached
poly3,spurious,0.1,300,4,9019,federated-tree-gp-style,0.0,0.5,0.3333333333333333,2.5330952858114996e-06,0.6414107880289288,0.0,1.0,1.0561602629995832,550720,1528,"expr:add(square(x1),x1);x1^3",0.01156 + 0.9937*((x1)^2+x1) + 1.001*((x1)^2*x1),generation budget reached
poly3,spurious,0.1,300,4,9019,centralized-residual-counterexample-gp,0.0,0.5,0.3333333333333333,2.5330952858124804e-06,0.6414107880289289,0.0,1.0,0.8451745120000851,0,1513,"expr:add(square(x1),x1);x1^3",0.01156 + 0.9937*((x1)^2+x1) + 1.001*((x1)^2*x1),generation budget reached
poly3,spurious,0.1,300,4,9020,fedfalsify-v05,1.0,1.0,1.0,6.978755492451343e-06,0.6709003924901057,0.0,1.0,1.2926537040002586,1567018,6,x1;x1^2;x1^3,-0.009814 + 1.03·x₁ + 0.9995·x₁² + 0.9932·x₁³,target federated MSE reached; no replacement passed the federated certificate
poly3,spurious,0.1,300,4,9020,centralized-tree-gp,0.0,0.25,0.3333333333333333,3.9254415255219425e-05,0.6679589605171959,0.0,1.0,0.9028821299998526,0,1626,"expr:add(sin(x1),x1);expr:add(square(x1),x3);expr:add(x1,x3);x1^3",-0.006273 + 1.044*(sin(x1)+x1) + 0.9962*((x1)^2+x3) - 0.9668*(x1+x3) + 1.104*((x1)^2*x1),generation budget reached
poly3,spurious,0.1,300,4,9020,federated-tree-gp-style,0.0,0.25,0.3333333333333333,3.9254415255212303e-05,0.6679589605171958,0.0,1.0,1.901315679999243,681024,1626,"expr:add(sin(x1),x1);expr:add(square(x1),x3);expr:add(x1,x3);x1^3",-0.006273 + 1.044*(sin(x1)+x1) + 0.9962*((x1)^2+x3) - 0.9668*(x1+x3) + 1.104*((x1)^2*x1),generation budget reached
poly3,spurious,0.1,300,4,9020,centralized-residual-counterexample-gp,0.0,0.25,0.3333333333333333,3.9254415255219425e-05,0.6679589605171959,0.0,1.0,1.5769498330000715,0,1626,"expr:add(sin(x1),x1);expr:add(square(x1),x3);expr:add(x1,x3);x1^3",-0.006273 + 1.044*(sin(x1)+x1) + 0.9962*((x1)^2+x3) - 0.9668*(x1+x3) + 1.104*((x1)^2*x1),generation budget reached
poly3,exception,0.03,300,4,9016,fedfalsify-v05,1.0,1.0,1.0,1.393739533060122e-06,0.056403220871032216,0.0,1.0,0.654900391999945,307904,7,I(x3>1)*x3^2;x1;x1^2;x1^3,0.005553 + 0.9851·x₁ + 0.7512·𝟙[x₃>1]·x₃² + 1.003·x₁³ + 0.9969·x₁²,target federated MSE reached; no replacement passed the federated certificate
poly3,exception,0.03,300,4,9016,centralized-tree-gp,0.0,0.25,0.25,0.009295691546648293,0.8424062891587276,1.0,0.0,1.1648154040003647,0,1620,"expr:add(cos(x1),square(x1));expr:add(sin(x1),x1);expr:add(sin(x4),x3);x1",-0.7443 + 1.51*(cos(x1)+(x1)^2) - 9.291*(sin(x1)+x1) + 0.5113*(sin(x4)+x3) + 18.93*x1,generation budget reached
poly3,exception,0.03,300,4,9016,federated-tree-gp-style,0.0,0.25,0.25,0.009295691546648912,0.8424062891587276,1.0,0.0,1.1352252079996106,662400,1620,"expr:add(cos(x1),square(x1));expr:add(sin(x1),x1);expr:add(sin(x4),x3);x1",-0.7443 + 1.51*(cos(x1)+(x1)^2) - 9.291*(sin(x1)+x1) + 0.5113*(sin(x4)+x3) + 18.93*x1,generation budget reached
poly3,exception,0.03,300,4,9016,centralized-residual-counterexample-gp,0.0,0.0,0.0,0.012862937301825323,1.1034387628649074,1.0,0.0,0.9558413760005351,0,1614,"expr:add(cos(x4),square(x1));expr:add(sin(x1),x2);expr:add(x1,x2);expr:square(add(square(x1),square(x3)))",0.1763 + 0.6706*(cos(x4)+(x1)^2) - 9.49*(sin(x1)+x2) + 9.702*(x1+x2) + 0.03462*(((x1)^2+(x3)^2))^2,generation budget reached
poly3,exception,0.03,300,4,9017,fedfalsify-v05,1.0,1.0,1.0,1.0727248995612492e-05,0.06124807096240305,0.0,1.0,0.4628129809998427,308271,7,I(x3>1)*x3^2;x1;x1^2;x1^3,0.007648 + 0.9927·x₁ + 0.7508·𝟙[x₃>1]·x₃² + 1.005·x₁³ + 0.9955·x₁²,target federated MSE reached; no replacement passed the federated certificate
poly3,exception,0.03,300,4,9017,centralized-tree-gp,0.0,0.0,0.0,0.011945781970376861,1.1335993859634284,0.0,0.0,0.9752376430005825,0,1618,"expr:add(sin(x1),sin(x2));expr:add(sin(x1),square(x1));expr:add(sin(x2),x1);expr:square(add(square(x1),square(x3)))",0.526 - 9.483*(sin(x1)+sin(x2)) + 0.6451*(sin(x1)+(x1)^2) + 9.531*(sin(x2)+x1) + 0.0358*(((x1)^2+(x3)^2))^2,generation budget reached
poly3,exception,0.03,300,4,9017,federated-tree-gp-style,0.0,0.0,0.0,0.011945781970376913,1.1335993859634281,0.0,0.0,1.2008175729997674,668928,1618,"expr:add(sin(x1),sin(x2));expr:add(sin(x1),square(x1));expr:add(sin(x2),x1);expr:square(add(square(x1),square(x3)))",0.526 - 9.483*(sin(x1)+sin(x2)) + 0.6451*(sin(x1)+(x1)^2) + 9.531*(sin(x2)+x1) + 0.0358*(((x1)^2+(x3)^2))^2,generation budget reached
poly3,exception,0.03,300,4,9017,centralized-residual-counterexample-gp,0.0,0.0,0.0,0.016171193356691177,1.1956291642329242,0.0,0.0,0.9693410240006415,0,1620,"expr:add(sin(x1),sin(x3));expr:add(sin(x3),x1);expr:square(add(cos(x2),square(x3)));expr:square(add(square(x1),square(x3)))",1.184 - 8.378*(sin(x1)+sin(x3)) + 9.113*(sin(x3)+x1) - 0.05724*((cos(x2)+(x3)^2))^2 + 0.08327*(((x1)^2+(x3)^2))^2,generation budget reached
poly3,exception,0.03,300,4,9018,fedfalsify-v05,1.0,1.0,1.0,2.3921255962240114e-06,0.061932921827433346,0.0,1.0,1.2278717999997752,1320298,8,I(x3>1)*x3^2;x1;x1^2;x1^3,0.00925 + 0.745·𝟙[x₃>1]·x₃² + 0.9964·x₁³ + 0.9978·x₁² + 1.017·x₁,no sufficiently supported counterexample repair; no replacement passed the federated certificate
poly3,exception,0.03,300,4,9018,centralized-tree-gp,0.0,0.0,0.0,0.005577223288238252,0.47253266612062694,0.0,0.0,0.8397074309996242,0,1577,"expr:add(sin(x1),sin(x2));expr:add(sin(x2),x1);expr:add(square(x1),x3);expr:add(square(x3),square(x3))",0.1081 - 9.327*(sin(x1)+sin(x2)) + 9.401*(sin(x2)+x1) + 0.9069*((x1)^2+x3) + 0.205*((x3)^2+(x3)^2),generation budget reached
poly3,exception,0.03,300,4,9018,federated-tree-gp-style,0.0,0.0,0.0,0.005577223288238161,0.47253266612062705,0.0,0.0,1.0796171570000297,620928,1577,"expr:add(sin(x1),sin(x2));expr:add(sin(x2),x1);expr:add(square(x1),x3);expr:add(square(x3),square(x3))",0.1081 - 9.327*(sin(x1)+sin(x2)) + 9.401*(sin(x2)+x1) + 0.9069*((x1)^2+x3) + 0.205*((x3)^2+(x3)^2),generation budget reached
poly3,exception,0.03,300,4,9018,centralized-residual-counterexample-gp,0.0,0.0,0.0,0.005577223288238252,0.47253266612062694,0.0,0.0,1.0876374460003717,0,1619,"expr:add(sin(x1),sin(x2));expr:add(sin(x2),x1);expr:add(square(x1),x3);expr:add(square(x3),square(x3))",0.1081 - 9.327*(sin(x1)+sin(x2)) + 9.401*(sin(x2)+x1) + 0.9069*((x1)^2+x3) + 0.205*((x3)^2+(x3)^2),generation budget reached
poly3,exception,0.03,300,4,9019,fedfalsify-v05,1.0,1.0,1.0,3.4958350028317433e-06,0.05743002374938564,0.0,1.0,0.6513011150000239,307802,7,I(x3>1)*x3^2;x1;x1^2;x1^3,-0.002775 + 1.024·x₁ + 0.7535·𝟙[x₃>1]·x₃² + 0.9952·x₁³ + 1.002·x₁²,target federated MSE reached; no replacement passed the federated certificate
poly3,exception,0.03,300,4,9019,centralized-tree-gp,0.0,0.25,0.25,0.006061019912478704,0.5859401020207723,0.0,0.0,1.3577292279996982,0,1593,"expr:add(square(x1),x1);expr:sin(add(cos(x3),sin(x3)));expr:square(add(cos(x1),square(x3)));x1^3",-0.5537 + 1.132*((x1)^2+x1) + 1.017*((x1)^2*x1) + 0.9371*sin((cos(x3)+sin(x3))) + 0.09186*((cos(x1)+(x3)^2))^2,generation budget reached
poly3,exception,0.03,300,4,9019,federated-tree-gp-style,0.0,0.25,0.25,0.006061019912478683,0.5859401020207723,0.0,0.0,1.7746052419997795,617344,1593,"expr:add(square(x1),x1);expr:sin(add(cos(x3),sin(x3)));expr:square(add(cos(x1),square(x3)));x1^3",-0.5537 + 1.132*((x1)^2+x1) + 1.017*((x1)^2*x1) + 0.9371*sin((cos(x3)+sin(x3))) + 0.09186*((cos(x1)+(x3)^2))^2,generation budget reached
poly3,exception,0.03,300,4,9019,centralized-residual-counterexample-gp,0.0,0.25,0.25,0.006061019912478704,0.5859401020207723,0.0,0.0,1.0529192770000009,0,1560,"expr:add(square(x1),x1);expr:sin(add(cos(x3),sin(x3)));expr:square(add(cos(x1),square(x3)));x1^3",-0.5537 + 1.132*((x1)^2+x1) + 1.017*((x1)^2*x1) + 0.9371*sin((cos(x3)+sin(x3))) + 0.09186*((cos(x1)+(x3)^2))^2,generation budget reached
poly3,exception,0.03,300,4,9020,fedfalsify-v05,1.0,1.0,1.0,1.5581076494839127e-06,0.060592331122018096,0.0,1.0,0.46505536299991945,308256,7,I(x3>1)*x3^2;x1;x1^2;x1^3,0.0003822 + 1.012·x₁ + 0.7516·𝟙[x₃>1]·x₃² + 0.997·x₁³ + 0.9982·x₁²,target federated MSE reached; no replacement passed the federated certificate
poly3,exception,0.03,300,4,9020,centralized-tree-gp,0.0,0.25,0.25,0.003568169929341246,0.47952514311485783,0.0,0.0,0.9046222940005464,0,1593,"expr:add(cos(x3),sin(x1));expr:add(sin(x1),sin(x1));expr:add(sin(x3),square(x1));x1^3",1.014 - 1.178*(cos(x3)+sin(x1)) + 1.131*(sin(x1)+sin(x1)) + 1.004*(sin(x3)+(x1)^2) + 1.137*((x1)^2*x1),generation budget reached
poly3,exception,0.03,300,4,9020,federated-tree-gp-style,0.0,0.25,0.25,0.0035681699293411717,0.47952514311485783,0.0,0.0,1.1899964750000436,652160,1593,"expr:add(cos(x3),sin(x1));expr:add(sin(x1),sin(x1));expr:add(sin(x3),square(x1));x1^3",1.014 - 1.178*(cos(x3)+sin(x1)) + 1.131*(sin(x1)+sin(x1)) + 1.004*(sin(x3)+(x1)^2) + 1.137*((x1)^2*x1),generation budget reached
poly3,exception,0.03,300,4,9020,centralized-residual-counterexample-gp,0.0,0.25,0.25,0.0029653828917643116,0.4369834338170625,0.0,0.0,0.947040134999952,0,1607,"expr:add(square(x1),x3);expr:add(x1,x1);expr:mul(cos(x3),square(x3));x1^3",0.6676 + 0.8889*((x1)^2+x3) + 0.5117*(x1+x1) - 0.48*(cos(x3)*(x3)^2) + 0.9924*((x1)^2*x1),generation budget reached
poly3,exception,0.1,300,4,9016,fedfalsify-v05,0.0,0.5,0.5,0.0043404875765951974,0.7724636070545476,0.0,1.0,0.9258200000003853,948069,6,I(x3>1)*x3^2;cos(x1);sin(x1);x1^3,2.911 + 0.9994·sin(x₁) + 0.7763·𝟙[x₃>1]·x₃² - 3.238·cos(x₁) + 1.137·x₁³,target federated MSE reached; no replacement passed the federated certificate
poly3,exception,0.1,300,4,9016,centralized-tree-gp,0.0,0.5,0.5,0.0042759349523342,1.0125616101383408,1.0,1.0,0.8719083799996952,0,1585,"I(x3>1)*x3^2;expr:add(cos(x4),square(x1));expr:cos(x4);x1^3",0.05454 + 0.9559*(cos(x4)+(x1)^2) - 1.016*cos(x4) + 0.7663*I(x3>1)*((x3)^2) + 1.192*((x1)^2*x1),generation budget reached
poly3,exception,0.1,300,4,9016,federated-tree-gp-style,0.0,0.5,0.5,0.004275934952334183,1.0125616101383412,1.0,1.0,1.0970215369998186,646080,1585,"I(x3>1)*x3^2;expr:add(cos(x4),square(x1));expr:cos(x4);x1^3",0.05454 + 0.9559*(cos(x4)+(x1)^2) - 1.016*cos(x4) + 0.7663*I(x3>1)*((x3)^2) + 1.192*((x1)^2*x1),generation budget reached
poly3,exception,0.1,300,4,9016,centralized-residual-counterexample-gp,0.0,0.5,0.5,0.004309419316941504,1.0190065515495317,1.0,1.0,0.9215865289997964,0,1594,"I(x3>1)*x3^2;expr:add(cos(x4),square(x1));expr:add(square(x1),square(x4));x1^3",-0.6514 + 0.7145*(cos(x4)+(x1)^2) + 0.2381*((x1)^2+(x4)^2) + 0.7673*I(x3>1)*((x3)^2) + 1.191*((x1)^2*x1),generation budget reached
poly3,exception,0.1,300,4,9017,fedfalsify-v05,1.0,1.0,1.0,0.00011919165546832621,0.6805341218044784,0.0,1.0,1.4509886879995975,1630070,7,I(x3>1)*x3^2;x1;x1^2;x1^3,0.02549 + 0.9757·x₁ + 0.7527·𝟙[x₃>1]·x₃² + 0.9849·x₁² + 1.016·x₁³,target federated MSE reached; no replacement passed the federated certificate
poly3,exception,0.1,300,4,9017,centralized-tree-gp,0.0,0.25,0.25,0.008332162860205009,1.5300109829909387,0.0,0.0,1.022492852999676,0,1609,"expr:add(sin(x1),sin(x3));expr:add(sin(x2),square(x1));expr:mul(cos(x3),square(x3));x1^3",0.7963 + 0.8495*(sin(x1)+sin(x3)) + 0.8985*(sin(x2)+(x1)^2) - 0.426*(cos(x3)*(x3)^2) + 1.163*((x1)^2*x1),generation budget reached
poly3,exception,0.1,300,4,9017,federated-tree-gp-style,0.0,0.25,0.25,0.00833216286020496,1.530010982990939,0.0,0.0,1.838280558000406,647488,1609,"expr:add(sin(x1),sin(x3));expr:add(sin(x2),square(x1));expr:mul(cos(x3),square(x3));x1^3",0.7963 + 0.8495*(sin(x1)+sin(x3)) + 0.8985*(sin(x2)+(x1)^2) - 0.426*(cos(x3)*(x3)^2) + 1.163*((x1)^2*x1),generation budget reached
poly3,exception,0.1,300,4,9017,centralized-residual-counterexample-gp,0.0,0.25,0.25,0.006536846359712669,1.307093984483341,0.0,0.0,1.4139884899996105,0,1604,"expr:add(sin(x1),square(x3));expr:square(add(square(x1),x1));x1^3;x3",0.4822 + 0.4665*(sin(x1)+(x3)^2) + 0.9212*((x1)^2*x1) + 0.1225*(((x1)^2+x1))^2 + 0.6411*x3,generation budget reached
poly3,exception,0.1,300,4,9018,fedfalsify-v05,0.0,0.75,0.75,0.0041657590555853686,0.8884562263898954,0.0,1.0,1.3131308339998213,919539,6,I(x3>1)*x3^2;cos(x1);x1;x1^3,2.922 + 1.034·x₁ + 0.7659·𝟙[x₃>1]·x₃² - 3.238·cos(x₁) + 0.9974·x₁³,target federated MSE reached; no replacement passed the federated certificate
poly3,exception,0.1,300,4,9018,centralized-tree-gp,0.0,0.25,0.25,0.01137216012967956,1.3920591058280758,0.0,0.0,0.8949491659996056,0,1621,"expr:add(sin(x1),x3);expr:square(add(cos(x1),cos(x1)));expr:square(add(square(x1),square(x3)));x1^3",1.617 + 0.7716*(sin(x1)+x3) + 1.085*((x1)^2*x1) - 0.3208*((cos(x1)+cos(x1)))^2 + 0.06989*(((x1)^2+(x3)^2))^2,generation budget reached
poly3,exception,0.1,300,4,9018,federated-tree-gp-style,0.0,0.25,0.25,0.011372160129679489,1.3920591058280753,0.0,0.0,1.1666484670004138,660160,1621,"expr:add(sin(x1),x3);expr:square(add(cos(x1),cos(x1)));expr:square(add(square(x1),square(x3)));x1^3",1.617 + 0.7716*(sin(x1)+x3) + 1.085*((x1)^2*x1) - 0.3208*((cos(x1)+cos(x1)))^2 + 0.06989*(((x1)^2+(x3)^2))^2,generation budget reached
poly3,exception,0.1,300,4,9018,centralized-residual-counterexample-gp,0.0,0.25,0.25,0.009511710668656042,1.5621112218423183,0.0,0.0,0.8948135900000125,0,1598,"expr:mul(sin(x1),x1);expr:square(add(square(x1),x3));expr:square(add(square(x3),x3));x1^3",-0.0426 + 1.358*(sin(x1)*x1) + 1.147*((x1)^2*x1) + 0.0864*(((x1)^2+x3))^2 + 0.05238*(((x3)^2+x3))^2,generation budget reached
poly3,exception,0.1,300,4,9019,fedfalsify-v05,1.0,1.0,1.0,3.8842611177851504e-05,0.6381113749931739,0.0,1.0,0.635478697000508,611382,6,I(x3>1)*x3^2;x1;x1^2;x1^3,-0.009249 + 1.081·x₁ + 0.7615·𝟙[x₃>1]·x₃² + 1.007·x₁² + 0.9839·x₁³,target federated MSE reached; no replacement passed the federated certificate
poly3,exception,0.1,300,4,9019,centralized-tree-gp,0.0,0.25,0.25,0.006243166065603795,1.4137536100714339,1.0,0.0,0.8440568920004807,0,1586,"expr:add(cos(x4),square(x1));expr:add(x1,x3);expr:square(add(sin(x3),square(x1)));x1^3",0.3919 + 0.7925*(cos(x4)+(x1)^2) + 0.7561*(x1+x3) + 1.049*((x1)^2*x1) + 0.02546*((sin(x3)+(x1)^2))^2,generation budget reached
poly3,exception,0.1,300,4,9019,federated-tree-gp-style,0.0,0.25,0.25,0.00624316606560377,1.4137536100714339,1.0,0.0,1.0789501230001406,622144,1586,"expr:add(cos(x4),square(x1));expr:add(x1,x3);expr:square(add(sin(x3),square(x1)));x1^3",0.3919 + 0.7925*(cos(x4)+(x1)^2) + 0.7561*(x1+x3) + 1.049*((x1)^2*x1) + 0.02546*((sin(x3)+(x1)^2))^2,generation budget reached
poly3,exception,0.1,300,4,9019,centralized-residual-counterexample-gp,0.0,0.5,0.5,0.0011880699153278085,0.78216995625517,0.0,0.0,0.8743187780000881,0,1595,"expr:add(cos(x1),square(x3));expr:add(x1,x3);x1^2;x1^3",-0.3284 + 0.3681*(cos(x1)+(x3)^2) + 0.789*(x1+x3) + 1.034*((x1)^2*x1) + 1.106*(x1*x1),generation budget reached
poly3,exception,0.1,300,4,9020,fedfalsify-v05,0.0,0.5,0.5,0.004317722394789019,0.835387404111111,0.0,1.0,0.9216045780003697,948605,6,I(x3>1)*x3^2;cos(x1);sin(x1);x1^3,2.895 + 1.081·sin(x₁) + 0.7849·𝟙[x₃>1]·x₃² - 3.262·cos(x₁) + 1.128·x₁³,target federated MSE reached; no replacement passed the federated certificate
poly3,exception,0.1,300,4,9020,centralized-tree-gp,0.0,0.75,0.75,0.0023912315176854407,0.8921333933959302,0.0,1.0,0.8613514460002989,0,1608,"I(x3>1)*x3^2;expr:sin(add(sin(x2),x1));x1^2;x1^3",0.1257 + 0.7096*I(x3>1)*((x3)^2) + 1.163*((x1)^2*x1) + 0.7904*sin((sin(x2)+x1)) + 0.9549*(x1)^2,generation budget reached
poly3,exception,0.1,300,4,9020,federated-tree-gp-style,0.0,0.75,0.75,0.002391231517685372,0.8921333933959302,0.0,1.0,1.0984153430008519,664832,1608,"I(x3>1)*x3^2;expr:sin(add(sin(x2),x1));x1^2;x1^3",0.1257 + 0.7096*I(x3>1)*((x3)^2) + 1.163*((x1)^2*x1) + 0.7904*sin((sin(x2)+x1)) + 0.9549*(x1)^2,generation budget reached
poly3,exception,0.1,300,4,9020,centralized-residual-counterexample-gp,0.0,0.5,0.5,0.0026243568716903796,1.0229724676023386,0.0,1.0,1.1235694810002315,0,1574,"I(x3>1)*x3^2;expr:add(sin(x3),square(x1));expr:add(x1,x1);x1^3",0.4086 + 0.9138*(sin(x3)+(x1)^2) + 0.5098*(x1+x1) + 0.5192*I(x3>1)*((x3)^2) + 0.9857*((x1)^2*x1),generation budget reached
nested_sine,complementary,0.03,300,4,9016,fedfalsify-v05,1.0,1.0,1.0,8.463898105282951e-07,0.0007036545959654741,0.0,1.0,0.35573459299939714,210159,4,sin(x1);sin(x1+x1^2),0.0002342 + 0.9989·sin(x₁) + 0.9997·sin(x₁+x₁²),target federated MSE reached; no replacement passed the federated certificate
nested_sine,complementary,0.03,300,4,9016,centralized-tree-gp,0.0,0.0,0.0,0.18424755666366188,0.07870439568963183,0.0,1.0,1.4870736160000888,0,1586,"expr:sin(add(sin(x1),sin(x1)));expr:sin(add(sin(x1),x1));expr:sin(mul(cos(x1),sin(x1)));expr:square(mul(sin(x3),square(x1)))",0.2382 + 6.62*sin((sin(x1)+sin(x1))) - 10.35*sin((sin(x1)+x1)) + 10.29*sin((cos(x1)*sin(x1))) - 0.01337*((sin(x3)*(x1)^2))^2,generation budget reached
nested_sine,complementary,0.03,300,4,9016,federated-tree-gp-style,0.0,0.0,0.0,0.18424755666366618,0.07870439568963183,0.0,1.0,1.9307977219996246,623552,1586,"expr:sin(add(sin(x1),sin(x1)));expr:sin(add(sin(x1),x1));expr:sin(mul(cos(x1),sin(x1)));expr:square(mul(sin(x3),square(x1)))",0.2382 + 6.62*sin((sin(x1)+sin(x1))) - 10.35*sin((sin(x1)+x1)) + 10.29*sin((cos(x1)*sin(x1))) - 0.01337*((sin(x3)*(x1)^2))^2,generation budget reached
nested_sine,complementary,0.03,300,4,9016,centralized-residual-counterexample-gp,0.0,0.25,0.5,0.18252035278854756,0.09304079646593873,0.0,1.0,1.168341199999304,0,1569,"expr:sin(add(sin(x1),sin(x1)));expr:sin(add(sin(x1),x1));expr:square(add(cos(x3),square(x1)));sin(x1)",0.2619 + 1.501*sin((sin(x1)+sin(x1))) + 0.584*sin((sin(x1)+x1)) - 1.222*sin(x1) - 0.009078*((cos(x3)+(x1)^2))^2,generation budget reached
nested_sine,complementary,0.03,300,4,9017,fedfalsify-v05,0.0,0.6666666666666666,1.0,2.1050814169560336e-05,0.0008106592097876079,0.0,1.0,0.25488026499988337,209687,4,sin(x1);sin(x1+x1^2);x1,0.0001077 + 0.003876·x₁ + 0.9997·sin(x₁+x₁²) + 0.9949·sin(x₁),target federated MSE reached; no replacement passed the federated certificate
nested_sine,complementary,0.03,300,4,9017,centralized-tree-gp,0.0,0.0,0.0,0.2846560048620221,0.11816576236370067,0.0,1.0,0.8598895009999978,0,1493,"expr:add(sin(x1),sin(x1));expr:sin(add(sin(x1),sin(x1)));expr:sin(add(sin(x1),x1))",0.215 - 0.6692*(sin(x1)+sin(x1)) + 1.716*sin((sin(x1)+sin(x1))) + 0.4677*sin((sin(x1)+x1)),generation budget reached
nested_sine,complementary,0.03,300,4,9017,federated-tree-gp-style,0.0,0.0,0.0,0.2846560048620217,0.11816576236370067,0.0,1.0,1.0424825840000267,528960,1493,"expr:add(sin(x1),sin(x1));expr:sin(add(sin(x1),sin(x1)));expr:sin(add(sin(x1),x1))",0.215 - 0.6692*(sin(x1)+sin(x1)) + 1.716*sin((sin(x1)+sin(x1))) + 0.4677*sin((sin(x1)+x1)),generation budget reached
nested_sine,complementary,0.03,300,4,9017,centralized-residual-counterexample-gp,0.0,0.0,0.0,0.38191117057043433,0.1580916026269492,0.0,1.0,0.8011134600001242,0,1474,"expr:sin(add(sin(x1),sin(x1)));x1",0.2262 + 1.364*sin((sin(x1)+sin(x1))) - 0.3151*x1,generation budget reached
nested_sine,complementary,0.03,300,4,9018,fedfalsify-v05,1.0,1.0,1.0,2.9636880874729554e-06,0.0007645524321514271,0.0,1.0,0.26049474400042527,210191,4,sin(x1);sin(x1+x1^2),-0.0003994 + 1.002·sin(x₁+x₁²) + 1.001·sin(x₁),target federated MSE reached; no replacement passed the federated certificate
nested_sine,complementary,0.03,300,4,9018,centralized-tree-gp,1.0,1.0,1.0,2.9636880874700366e-06,0.000764552432151427,0.0,1.0,0.8408928040007595,0,1544,sin(x1);sin(x1+x1^2),-0.0003994 + 1.002*sin(((x1)^2+x1)) + 1.001*sin(x1),generation budget reached
nested_sine,complementary,0.03,300,4,9018,federated-tree-gp-style,1.0,1.0,1.0,2.963688087472943e-06,0.000764552432151427,0.0,1.0,1.071866848999889,565696,1544,sin(x1);sin(x1+x1^2),-0.0003994 + 1.002*sin(((x1)^2+x1)) + 1.001*sin(x1),generation budget reached
nested_sine,complementary,0.03,300,4,9018,centralized-residual-counterexample-gp,0.0,0.0,0.0,0.19240813709007057,0.08544268036646888,0.0,1.0,0.965339567999763,0,1580,"expr:mul(cos(x1),square(x1));expr:sin(add(sin(x1),sin(x1)));expr:sin(add(sin(x1),x1));expr:square(add(cos(x1),sin(x1)))",-5.448 + 0.07339*(cos(x1)*(x1)^2) + 7.583*sin((sin(x1)+sin(x1))) - 11.99*sin((sin(x1)+x1)) + 5.685*((cos(x1)+sin(x1)))^2,generation budget reached
nested_sine,complementary,0.03,300,4,9019,fedfalsify-v05,1.0,1.0,1.0,5.681135941218275e-06,0.0007362521632268117,0.0,1.0,0.253097574000094,210264,4,sin(x1);sin(x1+x1^2),0.0008783 + 1.002·sin(x₁) + 0.9977·sin(x₁+x₁²),target federated MSE reached; no replacement passed the federated certificate
nested_sine,complementary,0.03,300,4,9019,centralized-tree-gp,0.0,0.5,0.5,5.681135970646448e-06,0.0007362521632268117,0.0,1.0,0.9251109950000682,0,1583,"expr:add(sin(x1),sin(x1));sin(x1+x1^2)",0.0008783 + 0.501*(sin(x1)+sin(x1)) + 0.9977*sin(((x1)^2+x1)),generation budget reached
nested_sine,complementary,0.03,300,4,9019,federated-tree-gp-style,0.0,0.5,0.5,5.681135970646794e-06,0.0007362521632268116,0.0,1.0,1.1286408939995454,596928,1583,"expr:add(sin(x1),sin(x1));sin(x1+x1^2)",0.0008783 + 0.501*(sin(x1)+sin(x1)) + 0.9977*sin(((x1)^2+x1)),generation budget reached
nested_sine,complementary,0.03,300,4,9019,centralized-residual-counterexample-gp,0.0,0.0,0.0,0.15861292615980907,0.062431987282819144,0.0,1.0,1.111433111000224,0,1593,"expr:sin(add(sin(x1),sin(x1)));expr:sin(add(sin(x1),x1));expr:sin(mul(cos(x1),sin(x1)))",0.2477 + 7.309*sin((sin(x1)+sin(x1))) - 11.52*sin((sin(x1)+x1)) + 11.3*sin((cos(x1)*sin(x1))) - 0.0002606*(((x1)^2*(x1)^2))^2,generation budget reached
nested_sine,complementary,0.03,300,4,9020,fedfalsify-v05,1.0,1.0,1.0,3.5994797149018277e-07,0.0007411767455628291,0.0,1.0,0.35948059800011833,210736,4,sin(x1);sin(x1+x1^2),-0.0001779 + 0.9999·sin(x₁+x₁²) + 1.001·sin(x₁),target federated MSE reached; no replacement passed the federated certificate
nested_sine,complementary,0.03,300,4,9020,centralized-tree-gp,0.0,0.3333333333333333,0.5,0.012419853919848567,0.010855197023954289,0.0,1.0,1.4394468979999147,0,1561,"expr:sin(add(sin(x1),sin(x1)));expr:square(add(square(x1),x1));sin(x1+x1^2)",0.06343 + 0.8722*sin((sin(x1)+sin(x1))) + 0.7768*sin(((x1)^2+x1)) - 0.00209*(((x1)^2+x1))^2,generation budget reached
nested_sine,complementary,0.03,300,4,9020,federated-tree-gp-style,0.0,0.3333333333333333,0.5,0.012419853919848556,0.010855197023954289,0.0,1.0,1.9008706190006706,603328,1561,"expr:sin(add(sin(x1),sin(x1)));expr:square(add(square(x1),x1));sin(x1+x1^2)",0.06343 + 0.8722*sin((sin(x1)+sin(x1))) + 0.7768*sin(((x1)^2+x1)) - 0.00209*(((x1)^2+x1))^2,generation budget reached
nested_sine,complementary,0.03,300,4,9020,centralized-residual-counterexample-gp,1.0,1.0,1.0,3.5994797149071386e-07,0.0007411767455628291,0.0,1.0,1.1324773209998966,0,1505,sin(x1);sin(x1+x1^2),-0.0001779 + 0.9999*sin(((x1)^2+x1)) + 1.001*sin(x1),generation budget reached
nested_sine,complementary,0.1,300,4,9016,fedfalsify-v05,1.0,1.0,1.0,9.404331000190093e-06,0.00781838439961638,0.0,1.0,0.25899117500011926,209533,4,sin(x1);sin(x1+x1^2),0.0007808 + 0.9962·sin(x₁) + 0.999·sin(x₁+x₁²),target federated MSE reached; no replacement passed the federated certificate
nested_sine,complementary,0.1,300,4,9016,centralized-tree-gp,0.0,0.0,0.0,0.1929308444034546,0.0771360487385946,0.0,1.0,0.832166201000291,0,1528,"expr:sin(add(sin(x1),sin(x1)));expr:sin(add(sin(x1),x1));expr:sin(mul(cos(x1),sin(x1)));expr:square(add(square(x1),x2))",0.2696 + 7.536*sin((sin(x1)+sin(x1))) - 11.9*sin((sin(x1)+x1)) + 11.63*sin((cos(x1)*sin(x1))) - 0.01037*(((x1)^2+x2))^2,generation budget reached
nested_sine,complementary,0.1,300,4,9016,federated-tree-gp-style,0.0,0.0,0.0,0.19293084440347394,0.07713604873859461,0.0,1.0,1.0868738569997731,557824,1528,"expr:sin(add(sin(x1),sin(x1)));expr:sin(add(sin(x1),x1));expr:sin(mul(cos(x1),sin(x1)));expr:square(add(square(x1),x2))",0.2696 + 7.536*sin((sin(x1)+sin(x1))) - 11.9*sin((sin(x1)+x1)) + 11.63*sin((cos(x1)*sin(x1))) - 0.01037*(((x1)^2+x2))^2,generation budget reached
nested_sine,complementary,0.1,300,4,9016,centralized-residual-counterexample-gp,0.0,0.0,0.0,0.14509815521405223,0.06392748945774909,0.0,1.0,0.960293578999881,0,1566,"expr:sin(add(sin(x1),sin(x1)));expr:sin(add(sin(x1),x1));expr:sin(mul(cos(x1),sin(x1)))",0.245 + 7.139*sin((sin(x1)+sin(x1))) - 11.25*sin((sin(x1)+x1)) + 11.1*sin((cos(x1)*sin(x1))) - 0.0002748*(((x1)^2*(x1)^2))^2,generation budget reached
nested_sine,complementary,0.1,300,4,9017,fedfalsify-v05,0.0,0.6666666666666666,1.0,0.0002338979326869762,0.009007324553195644,0.0,1.0,0.2852560289993562,209094,4,sin(x1);sin(x1+x1^2);x1,0.0003591 + 0.01292·x₁ + 0.9991·sin(x₁+x₁²) + 0.983·sin(x₁),target federated MSE reached; no replacement passed the federated certificate
nested_sine,complementary,0.1,300,4,9017,centralized-tree-gp,0.0,0.0,0.0,0.20766676447498092,0.0884959996970837,0.0,1.0,0.8738542030005192,0,1548,"expr:mul(cos(x1),sin(x1));expr:sin(add(sin(x1),sin(x1)));expr:sin(add(sin(x1),x1));expr:square(add(cos(x2),square(x1)))",0.2777 + 11.98*(cos(x1)*sin(x1)) + 8.032*sin((sin(x1)+sin(x1))) - 12.74*sin((sin(x1)+x1)) - 0.008039*((cos(x2)+(x1)^2))^2,generation budget reached
nested_sine,complementary,0.1,300,4,9017,federated-tree-gp-style,0.0,0.0,0.0,0.20766676447499655,0.08849599969708372,0.0,1.0,1.1646323320001102,577280,1548,"expr:mul(cos(x1),sin(x1));expr:sin(add(sin(x1),sin(x1)));expr:sin(add(sin(x1),x1));expr:square(add(cos(x2),square(x1)))",0.2777 + 11.98*(cos(x1)*sin(x1)) + 8.032*sin((sin(x1)+sin(x1))) - 12.74*sin((sin(x1)+x1)) - 0.008039*((cos(x2)+(x1)^2))^2,generation budget reached
nested_sine,complementary,0.1,300,4,9017,centralized-residual-counterexample-gp,0.0,0.3333333333333333,0.5,0.3288096892283068,0.11164360625085791,0.0,1.0,0.9433613100000002,0,1563,"expr:mul(cos(x1),sin(x1));expr:mul(sin(x1),square(x1));sin(x1)",0.2126 + 6.098*(cos(x1)*sin(x1)) + 1.634*(sin(x1)*(x1)^2) - 3.58*sin(x1),generation budget reached
nested_sine,complementary,0.1,300,4,9018,fedfalsify-v05,1.0,1.0,1.0,3.2929868234329324e-05,0.008495027023904745,0.0,1.0,0.2618961899997885,209637,4,sin(x1);sin(x1+x1^2),-0.001331 + 1.008·sin(x₁+x₁²) + 1.003·sin(x₁),target federated MSE reached; no replacement passed the federated certificate
nested_sine,complementary,0.1,300,4,9018,centralized-tree-gp,0.0,0.0,0.0,0.15844294686638294,0.11127844350460103,0.0,1.0,0.9008856160007781,0,1573,"expr:add(sin(x1),sin(x1));expr:mul(cos(x1),sin(x1));expr:sin(add(sin(x1),sin(x1)));expr:square(mul(cos(x1),x1))",0.2662 - 0.654*(sin(x1)+sin(x1)) + 0.4679*(cos(x1)*sin(x1)) + 1.944*sin((sin(x1)+sin(x1))) - 0.1021*((cos(x1)*x1))^2,generation budget reached
nested_sine,complementary,0.1,300,4,9018,federated-tree-gp-style,0.0,0.0,0.0,0.1584429468663832,0.11127844350460102,0.0,1.0,1.149265818999993,599936,1573,"expr:add(sin(x1),sin(x1));expr:mul(cos(x1),sin(x1));expr:sin(add(sin(x1),sin(x1)));expr:square(mul(cos(x1),x1))",0.2662 - 0.654*(sin(x1)+sin(x1)) + 0.4679*(cos(x1)*sin(x1)) + 1.944*sin((sin(x1)+sin(x1))) - 0.1021*((cos(x1)*x1))^2,generation budget reached
nested_sine,complementary,0.1,300,4,9018,centralized-residual-counterexample-gp,0.0,0.0,0.0,0.2709268207180582,0.133244912190339,0.0,1.0,0.8683502120002231,0,1530,"expr:add(sin(x1),sin(x1));expr:sin(add(sin(x1),sin(x1)));x1",0.2066 - 0.6667*(sin(x1)+sin(x1)) + 2.362*sin((sin(x1)+sin(x1))) - 0.231*x1,generation budget reached
nested_sine,complementary,0.1,300,4,9019,fedfalsify-v05,1.0,1.0,1.0,6.312373248200315e-05,0.00818057959140902,0.0,1.0,0.3741953580001791,209719,4,sin(x1);sin(x1+x1^2),0.002928 + 1.007·sin(x₁) + 0.9922·sin(x₁+x₁²),target federated MSE reached; no replacement passed the federated certificate
nested_sine,complementary,0.1,300,4,9019,centralized-tree-gp,1.0,1.0,1.0,6.31237324820042e-05,0.008180579591409021,0.0,1.0,1.2687838699994245,0,1524,sin(x1);sin(x1+x1^2),0.002928 + 0.9922*sin(((x1)^2+x1)) + 1.007*sin(x1),generation budget reached
nested_sine,complementary,0.1,300,4,9019,federated-tree-gp-style,1.0,1.0,1.0,6.312373248200322e-05,0.008180579591409023,0.0,1.0,1.6883383310005229,545216,1524,sin(x1);sin(x1+x1^2),0.002928 + 0.9922*sin(((x1)^2+x1)) + 1.007*sin(x1),generation budget reached
nested_sine,complementary,0.1,300,4,9019,centralized-residual-counterexample-gp,1.0,1.0,1.0,6.31237324820042e-05,0.008180579591409021,0.0,1.0,1.3867500330006806,0,1573,sin(x1);sin(x1+x1^2),0.002928 + 0.9922*sin(((x1)^2+x1)) + 1.007*sin(x1),generation budget reached
nested_sine,complementary,0.1,300,4,9020,fedfalsify-v05,1.0,1.0,1.0,3.999421989660451e-06,0.008235297172920326,0.0,1.0,0.24885122400064574,210070,4,sin(x1);sin(x1+x1^2),-0.0005931 + 0.9997·sin(x₁+x₁²) + 1.002·sin(x₁),target federated MSE reached; no replacement passed the federated certificate
nested_sine,complementary,0.1,300,4,9020,centralized-tree-gp,0.0,0.5,0.5,0.019336844206481088,0.02013634023002669,0.0,1.0,0.8947744639999655,0,1564,"expr:sin(add(sin(x1),sin(x1)));sin(x1+x1^2)",0.03833 + 0.8542*sin((sin(x1)+sin(x1))) + 0.7977*sin(((x1)^2+x1)),generation budget reached
nested_sine,complementary,0.1,300,4,9020,federated-tree-gp-style,0.0,0.5,0.5,0.01933684420648111,0.020136340230026688,0.0,1.0,1.1296252999991339,597568,1564,"expr:sin(add(sin(x1),sin(x1)));sin(x1+x1^2)",0.03833 + 0.8542*sin((sin(x1)+sin(x1))) + 0.7977*sin(((x1)^2+x1)),generation budget reached
nested_sine,complementary,0.1,300,4,9020,centralized-residual-counterexample-gp,1.0,1.0,1.0,3.999421989659337e-06,0.008235297172920326,0.0,1.0,0.8800113120005335,0,1543,sin(x1);sin(x1+x1^2),-0.0005931 + 0.9997*sin(((x1)^2+x1)) + 1.002*sin(x1),generation budget reached
nested_sine,spurious,0.03,300,4,9016,fedfalsify-v05,1.0,1.0,1.0,5.233953372644512e-06,0.0006916422215548646,0.0,1.0,0.24768055200001982,210304,4,sin(x1);sin(x1+x1^2),0.0009713 + 0.9991·sin(x₁+x₁²) + 1.002·sin(x₁),target federated MSE reached; no replacement passed the federated certificate
nested_sine,spurious,0.03,300,4,9016,centralized-tree-gp,0.0,0.3333333333333333,0.5,0.17344556865561805,0.1093553379722205,0.0,1.0,0.8287897399995927,0,1552,"expr:sin(add(sin(x1),sin(x1)));expr:sin(add(sin(x1),square(x1)));sin(x1)",0.1983 + 1.79*sin((sin(x1)+sin(x1))) + 0.2185*sin((sin(x1)+(x1)^2)) - 1.066*sin(x1) - 0.0002513*(((x1)^2*(x1)^2))^2,generation budget reached
nested_sine,spurious,0.03,300,4,9016,federated-tree-gp-style,0.0,0.3333333333333333,0.5,0.17344556865561778,0.1093553379722205,0.0,1.0,1.0848902449997695,563968,1552,"expr:sin(add(sin(x1),sin(x1)));expr:sin(add(sin(x1),square(x1)));sin(x1)",0.1983 + 1.79*sin((sin(x1)+sin(x1))) + 0.2185*sin((sin(x1)+(x1)^2)) - 1.066*sin(x1) - 0.0002513*(((x1)^2*(x1)^2))^2,generation budget reached
nested_sine,spurious,0.03,300,4,9016,centralized-residual-counterexample-gp,0.0,0.0,0.0,0.3534231896760217,0.14586914157658806,0.0,1.0,0.7835692419994302,0,1458,"expr:add(sin(x1),x1);expr:sin(add(sin(x1),sin(x1)))",0.2041 - 0.3705*(sin(x1)+x1) + 1.731*sin((sin(x1)+sin(x1))),generation budget reached
nested_sine,spurious,0.03,300,4,9017,fedfalsify-v05,1.0,1.0,1.0,1.3397898799357464e-06,0.0007695952235189237,0.0,1.0,0.2566515940006866,210469,4,sin(x1);sin(x1+x1^2),-0.0009114 + 1.001·sin(x₁+x₁²) + 1·sin(x₁),target federated MSE reached; no replacement passed the federated certificate
nested_sine,spurious,0.03,300,4,9017,centralized-tree-gp,0.0,0.5,0.5,1.3397898843539056e-06,0.0007695952235189238,0.0,1.0,0.8291638110003987,0,1532,"expr:add(sin(x1),sin(x1));sin(x1+x1^2)",-0.0009114 + 0.5002*(sin(x1)+sin(x1)) + 1.001*sin(((x1)^2+x1)),generation budget reached
nested_sine,spurious,0.03,300,4,9017,federated-tree-gp-style,0.0,0.5,0.5,1.3397898843532773e-06,0.0007695952235189238,0.0,1.0,1.0510318189999452,557952,1532,"expr:add(sin(x1),sin(x1));sin(x1+x1^2)",-0.0009114 + 0.5002*(sin(x1)+sin(x1)) + 1.001*sin(((x1)^2+x1)),generation budget reached
nested_sine,spurious,0.03,300,4,9017,centralized-residual-counterexample-gp,0.0,0.5,0.5,1.3397898843539056e-06,0.0007695952235189238,0.0,1.0,0.9189194489999863,0,1564,"expr:add(sin(x1),sin(x1));sin(x1+x1^2)",-0.0009114 + 0.5002*(sin(x1)+sin(x1)) + 1.001*sin(((x1)^2+x1)),generation budget reached
nested_sine,spurious,0.03,300,4,9018,fedfalsify-v05,1.0,1.0,1.0,3.321488515610227e-06,0.0007200307610006272,0.0,1.0,0.24995596699955058,210267,4,sin(x1);sin(x1+x1^2),-0.00139 + 1.001·sin(x₁+x₁²) + 0.9987·sin(x₁),target federated MSE reached; no replacement passed the federated certificate
nested_sine,spurious,0.03,300,4,9018,centralized-tree-gp,1.0,1.0,1.0,3.321488515609072e-06,0.0007200307610006273,0.0,1.0,0.9497735089998969,0,1479,sin(x1);sin(x1+x1^2),-0.00139 + 1.001*sin(((x1)^2+x1)) + 0.9987*sin(x1),generation budget reached
nested_sine,spurious,0.03,300,4,9018,federated-tree-gp-style,1.0,1.0,1.0,3.3214885156101105e-06,0.0007200307610006272,0.0,1.0,1.5090022969998245,496256,1479,sin(x1);sin(x1+x1^2),-0.00139 + 1.001*sin(((x1)^2+x1)) + 0.9987*sin(x1),generation budget reached
nested_sine,spurious,0.03,300,4,9018,centralized-residual-counterexample-gp,1.0,1.0,1.0,3.321488515609072e-06,0.0007200307610006273,0.0,1.0,1.299263769999925,0,1487,sin(x1);sin(x1+x1^2),-0.00139 + 1.001*sin(((x1)^2+x1)) + 0.9987*sin(x1),generation budget reached
nested_sine,spurious,0.03,300,4,9019,fedfalsify-v05,1.0,1.0,1.0,6.578074911390319e-07,0.000700178060048589,0.0,1.0,0.34769103300004645,210443,4,sin(x1);sin(x1+x1^2),-0.0001473 + 1·sin(x₁) + 1.001·sin(x₁+x₁²),target federated MSE reached; no replacement passed the federated certificate
nested_sine,spurious,0.03,300,4,9019,centralized-tree-gp,0.0,0.5,0.5,6.578074965775005e-07,0.000700178060048589,0.0,1.0,1.234978016000241,0,1555,"expr:add(sin(x1),sin(x1));sin(x1+x1^2)",-0.0001473 + 0.5002*(sin(x1)+sin(x1)) + 1.001*sin(((x1)^2+x1)),generation budget reached
nested_sine,spurious,0.03,300,4,9019,federated-tree-gp-style,0.0,0.5,0.5,6.578074965766099e-07,0.0007001780600485889,0.0,1.0,1.058695902999716,585216,1555,"expr:add(sin(x1),sin(x1));sin(x1+x1^2)",-0.0001473 + 0.5002*(sin(x1)+sin(x1)) + 1.001*sin(((x1)^2+x1)),generation budget reached
nested_sine,spurious,0.03,300,4,9019,centralized-residual-counterexample-gp,0.0,0.5,0.5,6.578074965775005e-07,0.000700178060048589,0.0,1.0,0.8506464760002928,0,1523,"expr:add(sin(x1),sin(x1));sin(x1+x1^2)",-0.0001473 + 0.5002*(sin(x1)+sin(x1)) + 1.001*sin(((x1)^2+x1)),generation budget reached
nested_sine,spurious,0.03,300,4,9020,fedfalsify-v05,1.0,1.0,1.0,7.977667681029084e-07,0.0007472311418861002,0.0,1.0,0.2673665639995306,210262,4,sin(x1);sin(x1+x1^2),-0.000546 + 1.001·sin(x₁+x₁²) + 1.001·sin(x₁),target federated MSE reached; no replacement passed the federated certificate
nested_sine,spurious,0.03,300,4,9020,centralized-tree-gp,0.0,0.25,0.5,0.014468307235455564,0.0102565452650893,1.0,1.0,0.9484641799999736,0,1559,"expr:add(cos(x4),sin(x1));expr:sin(add(sin(x1),sin(x1)));expr:square(mul(cos(x1),square(x1)));sin(x1+x1^2)",0.02428 + 0.04491*(cos(x4)+sin(x1)) + 0.8181*sin((sin(x1)+sin(x1))) + 0.7813*sin(((x1)^2+x1)) - 0.003881*((cos(x1)*(x1)^2))^2,generation budget reached
nested_sine,spurious,0.03,300,4,9020,federated-tree-gp-style,0.0,0.25,0.5,0.014468307235455603,0.010256545265089298,1.0,1.0,1.1562869010003851,608640,1559,"expr:add(cos(x4),sin(x1));expr:sin(add(sin(x1),sin(x1)));expr:square(mul(cos(x1),square(x1)));sin(x1+x1^2)",0.02428 + 0.04491*(cos(x4)+sin(x1)) + 0.8181*sin((sin(x1)+sin(x1))) + 0.7813*sin(((x1)^2+x1)) - 0.003881*((cos(x1)*(x1)^2))^2,generation budget reached
nested_sine,spurious,0.03,300,4,9020,centralized-residual-counterexample-gp,0.0,0.3333333333333333,0.5,0.018104808438659477,0.0117977313823437,1.0,1.0,0.9468712610005241,0,1550,"expr:add(cos(x4),sin(x1));expr:sin(add(sin(x1),sin(x1)));sin(x1+x1^2)",-0.002313 + 0.05841*(cos(x4)+sin(x1)) + 0.8044*sin((sin(x1)+sin(x1))) + 0.8056*sin(((x1)^2+x1)),generation budget reached
nested_sine,spurious,0.1,300,4,9016,fedfalsify-v05,1.0,1.0,1.0,5.815503761093873e-05,0.00768491357283183,0.0,1.0,0.2485759199998938,209556,4,sin(x1);sin(x1+x1^2),0.003238 + 0.997·sin(x₁+x₁²) + 1.008·sin(x₁),target federated MSE reached; no replacement passed the federated certificate
nested_sine,spurious,0.1,300,4,9016,centralized-tree-gp,0.0,0.0,0.0,0.2076397146012994,0.12784465957806573,0.0,1.0,0.8560811199995442,0,1547,"expr:add(cos(x1),square(x1));expr:add(sin(x1),sin(x1));expr:add(sin(x1),x1);expr:sin(add(sin(x1),sin(x1)))",0.3181 - 0.05829*(cos(x1)+(x1)^2) - 0.5321*(sin(x1)+sin(x1)) - 0.2331*(sin(x1)+x1) + 2.321*sin((sin(x1)+sin(x1))),generation budget reached
nested_sine,spurious,0.1,300,4,9016,federated-tree-gp-style,0.0,0.0,0.0,0.20763971460129707,0.12784465957806573,0.0,1.0,1.1300748210005622,581504,1547,"expr:add(cos(x1),square(x1));expr:add(sin(x1),sin(x1));expr:add(sin(x1),x1);expr:sin(add(sin(x1),sin(x1)))",0.3181 - 0.05829*(cos(x1)+(x1)^2) - 0.5321*(sin(x1)+sin(x1)) - 0.2331*(sin(x1)+x1) + 2.321*sin((sin(x1)+sin(x1))),generation budget reached
nested_sine,spurious,0.1,300,4,9016,centralized-residual-counterexample-gp,0.0,0.0,0.0,0.35145384297088067,0.15311674318090923,0.0,1.0,0.7799217080000744,0,1461,"expr:add(sin(x1),x1);expr:sin(add(sin(x1),sin(x1)))",0.2058 - 0.3649*(sin(x1)+x1) + 1.723*sin((sin(x1)+sin(x1))),generation budget reached
nested_sine,spurious,0.1,300,4,9017,fedfalsify-v05,1.0,1.0,1.0,1.4886554508690998e-05,0.008551058039099156,0.0,1.0,0.24955905899969366,209834,4,sin(x1);sin(x1+x1^2),-0.003038 + 1.003·sin(x₁+x₁²) + 1.001·sin(x₁),target federated MSE reached; no replacement passed the federated certificate
nested_sine,spurious,0.1,300,4,9017,centralized-tree-gp,1.0,1.0,1.0,1.4886554508692987e-05,0.008551058039099155,0.0,1.0,0.7615070499996364,0,1501,sin(x1);sin(x1+x1^2),-0.003038 + 1.003*sin(((x1)^2+x1)) + 1.001*sin(x1),generation budget reached
nested_sine,spurious,0.1,300,4,9017,federated-tree-gp-style,1.0,1.0,1.0,1.488655450869095e-05,0.008551058039099156,0.0,1.0,1.324525265000375,534016,1501,sin(x1);sin(x1+x1^2),-0.003038 + 1.003*sin(((x1)^2+x1)) + 1.001*sin(x1),generation budget reached
nested_sine,spurious,0.1,300,4,9017,centralized-residual-counterexample-gp,1.0,1.0,1.0,1.4886554508692987e-05,0.008551058039099155,0.0,1.0,1.3150831550001385,0,1509,sin(x1);sin(x1+x1^2),-0.003038 + 1.003*sin(((x1)^2+x1)) + 1.001*sin(x1),generation budget reached
nested_sine,spurious,0.1,300,4,9018,fedfalsify-v05,1.0,1.0,1.0,3.6905427967846864e-05,0.00800034178889586,0.0,1.0,0.36467652800001815,209649,4,sin(x1);sin(x1+x1^2),-0.004634 + 1.002·sin(x₁+x₁²) + 0.9958·sin(x₁),target federated MSE reached; no replacement passed the federated certificate
nested_sine,spurious,0.1,300,4,9018,centralized-tree-gp,1.0,1.0,1.0,3.6905427967846986e-05,0.00800034178889586,0.0,1.0,1.2642829819997132,0,1511,sin(x1);sin(x1+x1^2),-0.004634 + 1.002*sin(((x1)^2+x1)) + 0.9958*sin(x1),generation budget reached
nested_sine,spurious,0.1,300,4,9018,federated-tree-gp-style,1.0,1.0,1.0,3.6905427967846776e-05,0.00800034178889586,0.0,1.0,1.3433031760005179,518016,1511,sin(x1);sin(x1+x1^2),-0.004634 + 1.002*sin(((x1)^2+x1)) + 0.9958*sin(x1),generation budget reached
nested_sine,spurious,0.1,300,4,9018,centralized-residual-counterexample-gp,1.0,1.0,1.0,3.6905427967846986e-05,0.00800034178889586,0.0,1.0,0.8221344410003439,0,1495,sin(x1);sin(x1+x1^2),-0.004634 + 1.002*sin(((x1)^2+x1)) + 0.9958*sin(x1),generation budget reached
nested_sine,spurious,0.1,300,4,9019,fedfalsify-v05,1.0,1.0,1.0,7.3089724036378215e-06,0.007779756222762102,0.0,1.0,0.27119336200030375,209917,4,sin(x1);sin(x1+x1^2),-0.000491 + 1.001·sin(x₁) + 1.004·sin(x₁+x₁²),target federated MSE reached; no replacement passed the federated certificate
nested_sine,spurious,0.1,300,4,9019,centralized-tree-gp,0.0,0.5,0.5,7.308972421779114e-06,0.0077797562227621036,0.0,1.0,0.8807026590002351,0,1553,"expr:add(sin(x1),sin(x1));sin(x1+x1^2)",-0.000491 + 0.5006*(sin(x1)+sin(x1)) + 1.004*sin(((x1)^2+x1)),generation budget reached
nested_sine,spurious,0.1,300,4,9019,federated-tree-gp-style,0.0,0.5,0.5,7.3089724217782145e-06,0.0077797562227621036,0.0,1.0,1.1130822129998705,584960,1553,"expr:add(sin(x1),sin(x1));sin(x1+x1^2)",-0.000491 + 0.5006*(sin(x1)+sin(x1)) + 1.004*sin(((x1)^2+x1)),generation budget reached
nested_sine,spurious,0.1,300,4,9019,centralized-residual-counterexample-gp,0.0,0.5,0.5,7.308972421779114e-06,0.0077797562227621036,0.0,1.0,0.906359412000711,0,1577,"expr:add(sin(x1),sin(x1));sin(x1+x1^2)",-0.000491 + 0.5006*(sin(x1)+sin(x1)) + 1.004*sin(((x1)^2+x1)),generation budget reached
nested_sine,spurious,0.1,300,4,9020,fedfalsify-v05,1.0,1.0,1.0,8.864075470614528e-06,0.008302568243178892,0.0,1.0,0.2635674939992896,209749,4,sin(x1);sin(x1+x1^2),-0.00182 + 1.002·sin(x₁+x₁²) + 1.002·sin(x₁),target federated MSE reached; no replacement passed the federated certificate
nested_sine,spurious,0.1,300,4,9020,centralized-tree-gp,0.0,0.5,0.5,0.019266049657955926,0.01982686580470339,0.0,1.0,0.9236256870008219,0,1540,"expr:sin(add(sin(x1),sin(x1)));sin(x1+x1^2)",0.03347 + 0.8522*sin((sin(x1)+sin(x1))) + 0.7939*sin(((x1)^2+x1)),generation budget reached
nested_sine,spurious,0.1,300,4,9020,federated-tree-gp-style,0.0,0.5,0.5,0.019266049657955902,0.01982686580470339,0.0,1.0,1.1024068060005447,571840,1540,"expr:sin(add(sin(x1),sin(x1)));sin(x1+x1^2)",0.03347 + 0.8522*sin((sin(x1)+sin(x1))) + 0.7939*sin(((x1)^2+x1)),generation budget reached
nested_sine,spurious,0.1,300,4,9020,centralized-residual-counterexample-gp,0.0,0.5,0.5,0.019266049657955926,0.01982686580470339,0.0,1.0,0.9093568250000317,0,1547,"expr:sin(add(sin(x1),sin(x1)));sin(x1+x1^2)",0.03347 + 0.8522*sin((sin(x1)+sin(x1))) + 0.7939*sin(((x1)^2+x1)),generation budget reached
nested_sine,exception,0.03,300,4,9016,fedfalsify-v05,1.0,1.0,1.0,1.1230732378315014e-06,0.002164545940910308,0.0,1.0,0.33239084199976787,247703,5,I(x3>1)*x3^2;sin(x1);sin(x1+x1^2),0.0001093 + 0.7503·𝟙[x₃>1]·x₃² + 0.9979·sin(x₁) + 0.9996·sin(x₁+x₁²),target federated MSE reached; no replacement passed the federated certificate
nested_sine,exception,0.03,300,4,9016,centralized-tree-gp,0.0,0.3333333333333333,0.3333333333333333,0.08328306530652288,0.11861773413988141,0.0,1.0,0.9701635290002741,0,1636,"I(x3>1)*x3^2;expr:sin(add(sin(x1),x1));x1",0.2527 + 0.7509*I(x3>1)*((x3)^2) + 0.9989*sin((sin(x1)+x1)) - 0.00026*(((x1)^2*(x1)^2))^2 + 0.1366*x1,generation budget reached
nested_sine,exception,0.03,300,4,9016,federated-tree-gp-style,0.0,0.3333333333333333,0.3333333333333333,0.08328306530652274,0.11861773413988141,0.0,1.0,1.435927735000405,691968,1636,"I(x3>1)*x3^2;expr:sin(add(sin(x1),x1));x1",0.2527 + 0.7509*I(x3>1)*((x3)^2) + 0.9989*sin((sin(x1)+x1)) - 0.00026*(((x1)^2*(x1)^2))^2 + 0.1366*x1,generation budget reached
nested_sine,exception,0.03,300,4,9016,centralized-residual-counterexample-gp,0.0,0.3333333333333333,0.3333333333333333,0.13798803186990605,0.1530622503044526,1.0,1.0,1.471369384999889,0,1596,"I(x3>1)*x3^2;expr:sin(add(sin(x1),x1));expr:square(add(sin(x4),x1))",0.2533 + 0.7685*I(x3>1)*((x3)^2) + 1.156*sin((sin(x1)+x1)) - 0.03512*((sin(x4)+x1))^2,generation budget reached
nested_sine,exception,0.03,300,4,9017,fedfalsify-v05,0.0,0.75,1.0,2.1334480418330537e-05,0.0024146693117409698,0.0,1.0,0.48448767900026724,247399,5,I(x3>1)*x3^2;sin(x1);sin(x1+x1^2);x1,0.0001367 + 0.7501·𝟙[x₃>1]·x₃² + 0.006654·x₁ + 0.9995·sin(x₁+x₁²) + 0.9912·sin(x₁),target federated MSE reached; no replacement passed the federated certificate
nested_sine,exception,0.03,300,4,9017,centralized-tree-gp,0.0,0.3333333333333333,0.3333333333333333,0.1348000484501433,0.17007182761557782,0.0,1.0,1.335516961000394,0,1562,"I(x3>1)*x3^2;expr:add(sin(x1),x1);expr:sin(add(sin(x1),x1))",0.2365 + 0.1079*(sin(x1)+x1) + 0.7333*I(x3>1)*((x3)^2) + 0.95*sin((sin(x1)+x1)),generation budget reached
nested_sine,exception,0.03,300,4,9017,federated-tree-gp-style,0.0,0.3333333333333333,0.3333333333333333,0.13480004845014323,0.1700718276155778,0.0,1.0,1.4568839439998555,596608,1562,"I(x3>1)*x3^2;expr:add(sin(x1),x1);expr:sin(add(sin(x1),x1))",0.2365 + 0.1079*(sin(x1)+x1) + 0.7333*I(x3>1)*((x3)^2) + 0.95*sin((sin(x1)+x1)),generation budget reached
nested_sine,exception,0.03,300,4,9017,centralized-residual-counterexample-gp,0.0,0.5,0.3333333333333333,0.21288289231079988,0.36347477703439957,0.0,1.0,0.846135398000115,0,1518,"I(x3>1)*x3^2;expr:add(sin(x1),x1)",0.292 + 0.3483*(sin(x1)+x1) + 0.6839*I(x3>1)*((x3)^2),generation budget reached
nested_sine,exception,0.03,300,4,9018,fedfalsify-v05,1.0,1.0,1.0,4.803585794414171e-06,0.0023558131834483134,0.0,1.0,0.3198786220000329,247827,5,I(x3>1)*x3^2;sin(x1);sin(x1+x1^2),0.0003699 + 0.7488·𝟙[x₃>1]·x₃² + 1.004·sin(x₁+x₁²) + 1.002·sin(x₁),target federated MSE reached; no replacement passed the federated certificate
nested_sine,exception,0.03,300,4,9018,centralized-tree-gp,0.0,0.0,0.0,0.13227540001942367,0.20441342217138092,0.0,0.0,0.8470599669999501,0,1576,"expr:add(square(x3),square(x3));expr:mul(square(x3),x3);expr:sin(add(sin(x1),x1));expr:square(add(cos(x1),sin(x1)))",0.5042 + 0.1962*((x3)^2+(x3)^2) + 0.1752*((x3)^2*x3) + 1.515*sin((sin(x1)+x1)) - 0.3919*((cos(x1)+sin(x1)))^2,generation budget reached
nested_sine,exception,0.03,300,4,9018,federated-tree-gp-style,0.0,0.0,0.0,0.13227540001942367,0.2044134221713809,0.0,0.0,1.0842235489999439,615552,1576,"expr:add(square(x3),square(x3));expr:mul(square(x3),x3);expr:sin(add(sin(x1),x1));expr:square(add(cos(x1),sin(x1)))",0.5042 + 0.1962*((x3)^2+(x3)^2) + 0.1752*((x3)^2*x3) + 1.515*sin((sin(x1)+x1)) - 0.3919*((cos(x1)+sin(x1)))^2,generation budget reached
nested_sine,exception,0.03,300,4,9018,centralized-residual-counterexample-gp,0.0,0.3333333333333333,0.3333333333333333,0.12144144093308233,0.17546033916223075,0.0,1.0,0.8839926079999714,0,1580,"I(x3>1)*x3^2;expr:sin(add(sin(x1),x1));x1",0.2152 + 0.7443*I(x3>1)*((x3)^2) + 0.9881*sin((sin(x1)+x1)) + 0.1535*x1,generation budget reached
nested_sine,exception,0.03,300,4,9019,fedfalsify-v05,1.0,1.0,1.0,6.019876856238699e-06,0.002274123000386385,0.0,1.0,0.3214974209995489,247745,5,I(x3>1)*x3^2;sin(x1);sin(x1+x1^2),0.00136 + 0.7502·𝟙[x₃>1]·x₃² + 1.003·sin(x₁) + 0.996·sin(x₁+x₁²),target federated MSE reached; no replacement passed the federated certificate
nested_sine,exception,0.03,300,4,9019,centralized-tree-gp,0.0,0.0,0.0,0.2038896576354816,0.3440091049322862,0.0,0.0,0.8000410969998484,0,1541,"expr:add(sin(x1),square(x3));expr:add(x3,x3);expr:cos(add(square(x3),x3));x3^2",-0.1783 + 1.006*(sin(x1)+(x3)^2) + 0.3102*(x3+x3) + 0.426*cos(((x3)^2+x3)) - 0.5286*(x3)^2,generation budget reached
nested_sine,exception,0.03,300,4,9019,federated-tree-gp-style,0.0,0.0,0.0,0.2038896576354816,0.3440091049322862,0.0,0.0,1.0385054620001029,582208,1541,"expr:add(sin(x1),square(x3));expr:add(x3,x3);expr:cos(add(square(x3),x3));x3^2",-0.1783 + 1.006*(sin(x1)+(x3)^2) + 0.3102*(x3+x3) + 0.426*cos(((x3)^2+x3)) - 0.5286*(x3)^2,generation budget reached
nested_sine,exception,0.03,300,4,9019,centralized-residual-counterexample-gp,0.0,0.25,0.3333333333333333,0.05022272880144844,0.11101885088603036,0.0,0.0,0.8823454570001559,0,1585,"expr:add(sin(x1),square(x3));expr:add(x3,x3);sin(x1+x1^2);x3^2",-0.06073 + 1.011*(sin(x1)+(x3)^2) + 0.3354*(x3+x3) + 0.9846*sin(((x1)^2+x1)) - 0.6143*(x3)^2,generation budget reached
nested_sine,exception,0.03,300,4,9020,fedfalsify-v05,1.0,1.0,1.0,3.892582151443643e-07,0.0022539265304492863,0.0,1.0,0.3223410119999244,248050,5,I(x3>1)*x3^2;sin(x1);sin(x1+x1^2),-0.0002578 + 0.7499·𝟙[x₃>1]·x₃² + 0.9998·sin(x₁+x₁²) + 1.001·sin(x₁),target federated MSE reached; no replacement passed the federated certificate
nested_sine,exception,0.03,300,4,9020,centralized-tree-gp,0.0,0.25,0.3333333333333333,0.1518620573914899,0.2180492486181409,0.0,1.0,0.8844351259995165,0,1544,"I(x3>1)*x3^2;expr:add(sin(x1),sin(x1));expr:sin(add(x1,x1));expr:square(mul(cos(x1),cos(x1)))",0.3275 + 0.4284*(sin(x1)+sin(x1)) + 0.766*I(x3>1)*((x3)^2) + 0.4254*sin((x1+x1)) - 0.3696*((cos(x1)*cos(x1)))^2,generation budget reached
nested_sine,exception,0.03,300,4,9020,federated-tree-gp-style,0.0,0.25,0.3333333333333333,0.15186205739148992,0.2180492486181409,0.0,1.0,1.0766165080003702,597312,1544,"I(x3>1)*x3^2;expr:add(sin(x1),sin(x1));expr:sin(add(x1,x1));expr:square(mul(cos(x1),cos(x1)))",0.3275 + 0.4284*(sin(x1)+sin(x1)) + 0.766*I(x3>1)*((x3)^2) + 0.4254*sin((x1+x1)) - 0.3696*((cos(x1)*cos(x1)))^2,generation budget reached
nested_sine,exception,0.03,300,4,9020,centralized-residual-counterexample-gp,0.0,0.3333333333333333,0.3333333333333333,0.1681462606244847,0.23367932347948936,0.0,1.0,1.3476930979995814,0,1534,"I(x3>1)*x3^2;expr:add(sin(x1),sin(x1));expr:sin(add(x1,x1))",0.2132 + 0.4242*(sin(x1)+sin(x1)) + 0.7619*I(x3>1)*((x3)^2) + 0.4285*sin((x1+x1)),generation budget reached
nested_sine,exception,0.1,300,4,9016,fedfalsify-v05,1.0,1.0,1.0,1.2478591418359215e-05,0.024050510454558995,0.0,1.0,0.4820871530000659,247049,5,I(x3>1)*x3^2;sin(x1);sin(x1+x1^2),0.0003644 + 0.7511·𝟙[x₃>1]·x₃² + 0.9929·sin(x₁) + 0.9987·sin(x₁+x₁²),target federated MSE reached; no replacement passed the federated certificate
nested_sine,exception,0.1,300,4,9016,centralized-tree-gp,0.0,0.0,0.0,0.12825333587391574,0.20615019957054367,0.0,0.0,1.4916829070007225,0,1606,"expr:add(square(x3),x3);expr:mul(sin(x3),square(x3));expr:sin(add(sin(x1),sin(x1)));expr:sin(add(sin(x1),sin(x3)))",0.1405 + 0.3759*((x3)^2+x3) + 0.3352*(sin(x3)*(x3)^2) + 1.359*sin((sin(x1)+sin(x1))) - 0.8135*sin((sin(x1)+sin(x3))),generation budget reached
nested_sine,exception,0.1,300,4,9016,federated-tree-gp-style,0.0,0.0,0.0,0.1282533358739157,0.20615019957054367,0.0,0.0,1.788569796000047,657536,1606,"expr:add(square(x3),x3);expr:mul(sin(x3),square(x3));expr:sin(add(sin(x1),sin(x1)));expr:sin(add(sin(x1),sin(x3)))",0.1405 + 0.3759*((x3)^2+x3) + 0.3352*(sin(x3)*(x3)^2) + 1.359*sin((sin(x1)+sin(x1))) - 0.8135*sin((sin(x1)+sin(x3))),generation budget reached
nested_sine,exception,0.1,300,4,9016,centralized-residual-counterexample-gp,0.0,0.0,0.0,0.14119494288000703,0.22935773694746633,0.0,0.0,0.9812656799995239,0,1629,"expr:add(square(x3),x3);expr:mul(cos(x3),x3);expr:sin(add(sin(x1),sin(x1)))",0.08746 + 0.403*((x3)^2+x3) - 0.6049*(cos(x3)*x3) + 0.9387*sin((sin(x1)+sin(x1))),generation budget reached
nested_sine,exception,0.1,300,4,9017,fedfalsify-v05,0.0,0.75,1.0,0.00023704978072521205,0.026829659019344115,0.0,1.0,0.34134634299971367,246896,5,I(x3>1)*x3^2;sin(x1);sin(x1+x1^2);x1,0.0004557 + 0.7502·𝟙[x₃>1]·x₃² + 0.02218·x₁ + 0.9984·sin(x₁+x₁²) + 0.9707·sin(x₁),target federated MSE reached; no replacement passed the federated certificate
nested_sine,exception,0.1,300,4,9017,centralized-tree-gp,0.0,0.25,0.3333333333333333,0.142929147308205,0.16218864205517464,0.0,1.0,0.8470127910004521,0,1599,"I(x3>1)*x3^2;expr:add(sin(x1),x1);expr:sin(add(sin(x1),x1));x1",0.2347 - 1.091*(sin(x1)+x1) + 0.7242*I(x3>1)*((x3)^2) + 1.54*sin((sin(x1)+x1)) + 1.628*x1,generation budget reached
nested_sine,exception,0.1,300,4,9017,federated-tree-gp-style,0.0,0.25,0.3333333333333333,0.1429291473081973,0.16218864205517466,0.0,1.0,1.1206587409997155,643264,1599,"I(x3>1)*x3^2;expr:add(sin(x1),x1);expr:sin(add(sin(x1),x1));x1",0.2347 - 1.091*(sin(x1)+x1) + 0.7242*I(x3>1)*((x3)^2) + 1.54*sin((sin(x1)+x1)) + 1.628*x1,generation budget reached
nested_sine,exception,0.1,300,4,9017,centralized-residual-counterexample-gp,0.0,0.25,0.3333333333333333,0.142929147308205,0.16218864205517464,0.0,1.0,0.8908135760002551,0,1582,"I(x3>1)*x3^2;expr:add(sin(x1),x1);expr:sin(add(sin(x1),x1));x1",0.2347 - 1.091*(sin(x1)+x1) + 0.7242*I(x3>1)*((x3)^2) + 1.54*sin((sin(x1)+x1)) + 1.628*x1,generation budget reached
nested_sine,exception,0.1,300,4,9018,fedfalsify-v05,1.0,1.0,1.0,5.337317580558163e-05,0.026175702038314586,0.0,1.0,0.31727749400033645,247098,5,I(x3>1)*x3^2;sin(x1);sin(x1+x1^2),0.001233 + 0.746·𝟙[x₃>1]·x₃² + 1.012·sin(x₁+x₁²) + 1.008·sin(x₁),target federated MSE reached; no replacement passed the federated certificate
nested_sine,exception,0.1,300,4,9018,centralized-tree-gp,0.0,0.5,0.3333333333333333,0.16158019003787258,0.339204951544572,0.0,1.0,0.8109108099997684,0,1549,"I(x3>1)*x3^2;expr:add(sin(x1),sin(x1))",0.2604 + 0.4961*(sin(x1)+sin(x1)) + 0.7129*I(x3>1)*((x3)^2),generation budget reached
nested_sine,exception,0.1,300,4,9018,federated-tree-gp-style,0.0,0.5,0.3333333333333333,0.16158019003787247,0.339204951544572,0.0,1.0,1.0306708890002483,582592,1549,"I(x3>1)*x3^2;expr:add(sin(x1),sin(x1))",0.2604 + 0.4961*(sin(x1)+sin(x1)) + 0.7129*I(x3>1)*((x3)^2),generation budget reached
nested_sine,exception,0.1,300,4,9018,centralized-residual-counterexample-gp,0.0,0.0,0.0,0.21744468952008428,0.4924193703717515,0.0,0.0,0.7676710209998419,0,1488,"expr:add(sin(x1),x3);x3^2",0.1266 + 0.7216*(sin(x1)+x3) + 0.4012*(x3)^2,generation budget reached
nested_sine,exception,0.1,300,4,9019,fedfalsify-v05,1.0,1.0,1.0,6.688752048674569e-05,0.025268033337626505,0.0,1.0,0.31381128700013505,247068,5,I(x3>1)*x3^2;sin(x1);sin(x1+x1^2),0.004534 + 0.7506·𝟙[x₃>1]·x₃² + 1.011·sin(x₁) + 0.9866·sin(x₁+x₁²),target federated MSE reached; no replacement passed the federated certificate
nested_sine,exception,0.1,300,4,9019,centralized-tree-gp,0.0,0.3333333333333333,0.3333333333333333,0.1257295755478493,0.1903503151665632,0.0,1.0,0.8656601200000296,0,1599,"I(x3>1)*x3^2;expr:add(sin(x3),x1);expr:sin(add(sin(x1),sin(x1)))",0.1911 - 0.1574*(sin(x3)+x1) + 0.759*I(x3>1)*((x3)^2) + 1.159*sin((sin(x1)+sin(x1))),generation budget reached
nested_sine,exception,0.1,300,4,9019,federated-tree-gp-style,0.0,0.3333333333333333,0.3333333333333333,0.1257295755478494,0.1903503151665632,0.0,1.0,1.1199647579996963,626816,1599,"I(x3>1)*x3^2;expr:add(sin(x3),x1);expr:sin(add(sin(x1),sin(x1)))",0.1911 - 0.1574*(sin(x3)+x1) + 0.759*I(x3>1)*((x3)^2) + 1.159*sin((sin(x1)+sin(x1))),generation budget reached
nested_sine,exception,0.1,300,4,9019,centralized-residual-counterexample-gp,0.0,0.0,0.0,0.18116187729168715,0.3311528945697144,0.0,0.0,1.419627493999542,0,1604,"expr:add(cos(x3),x3);expr:add(sin(x1),x3);expr:square(add(square(x3),x3));expr:square(mul(x3,x3))",0.9235 - 0.8192*(cos(x3)+x3) + 0.9818*(sin(x1)+x3) + 0.06392*(((x3)^2+x3))^2 - 0.05418*((x3*x3))^2,generation budget reached
nested_sine,exception,0.1,300,4,9020,fedfalsify-v05,1.0,1.0,1.0,4.32509132326861e-06,0.02504362811610318,0.0,1.0,0.5020677319998867,247431,5,I(x3>1)*x3^2;sin(x1);sin(x1+x1^2),-0.0008594 + 0.7498·𝟙[x₃>1]·x₃² + 0.9994·sin(x₁+x₁²) + 1.004·sin(x₁),target federated MSE reached; no replacement passed the federated certificate
nested_sine,exception,0.1,300,4,9020,centralized-tree-gp,0.0,0.3333333333333333,0.3333333333333333,0.1266666021139791,0.1762256137403842,0.0,1.0,1.4347312569998394,0,1594,"I(x3>1)*x3^2;expr:sin(add(sin(x1),sin(x1)));expr:sin(add(sin(x1),square(x1)))",0.1622 + 0.7149*I(x3>1)*((x3)^2) + 0.8923*sin((sin(x1)+sin(x1))) + 0.4137*sin((sin(x1)+(x1)^2)),generation budget reached
nested_sine,exception,0.1,300,4,9020,federated-tree-gp-style,0.0,0.3333333333333333,0.3333333333333333,0.12666660211397912,0.1762256137403842,0.0,1.0,1.8281604180001523,626752,1594,"I(x3>1)*x3^2;expr:sin(add(sin(x1),sin(x1)));expr:sin(add(sin(x1),square(x1)))",0.1622 + 0.7149*I(x3>1)*((x3)^2) + 0.8923*sin((sin(x1)+sin(x1))) + 0.4137*sin((sin(x1)+(x1)^2)),generation budget reached
nested_sine,exception,0.1,300,4,9020,centralized-residual-counterexample-gp,0.0,0.5,0.3333333333333333,0.1309186834393242,0.23014556374533565,0.0,1.0,0.8754838569993808,0,1568,"I(x3>1)*x3^2;expr:sin(add(sin(x1),sin(x1)))",0.265 + 0.706*I(x3>1)*((x3)^2) + 0.94*sin((sin(x1)+sin(x1))),generation budget reached
trig_product,complementary,0.03,300,4,9016,fedfalsify-v05,1.0,1.0,1.0,2.603440897797887e-06,0.000870599045127356,0.0,1.0,0.17309630199997628,152138,2,sin(x1)*cos(x2),0.0003119 + 1.997·sin(x₁)cos(x₂),target federated MSE reached; no replacement passed the federated certificate
trig_product,complementary,0.03,300,4,9016,centralized-tree-gp,1.0,1.0,1.0,2.6034408977964815e-06,0.0008705990451273557,0.0,1.0,0.6694720650002637,0,1449,sin(x1)*cos(x2),0.0003119 + 1.997*(cos(x2)*sin(x1)),generation budget reached
trig_product,complementary,0.03,300,4,9016,federated-tree-gp-style,1.0,1.0,1.0,2.603440897797887e-06,0.000870599045127356,0.0,1.0,0.8606485439995595,425664,1449,sin(x1)*cos(x2),0.0003119 + 1.997*(cos(x2)*sin(x1)),generation budget reached
trig_product,complementary,0.03,300,4,9016,centralized-residual-counterexample-gp,1.0,1.0,1.0,2.6034408977964815e-06,0.0008705990451273557,0.0,1.0,0.7221860009994998,0,1445,sin(x1)*cos(x2),0.0003119 + 1.997*(cos(x2)*sin(x1)),generation budget reached
trig_product,complementary,0.03,300,4,9017,fedfalsify-v05,1.0,1.0,1.0,1.5425997826564058e-07,0.0009781747837658713,0.0,1.0,0.20697810700039554,211687,2,sin(x1)*cos(x2),2.001·sin(x₁)cos(x₂),target federated MSE reached; no replacement passed the federated certificate
trig_product,complementary,0.03,300,4,9017,centralized-tree-gp,1.0,1.0,1.0,1.5425997826564113e-07,0.0009781747837658713,0.0,1.0,0.6941183970002385,0,1458,sin(x1)*cos(x2),-4.477e-06 + 2.001*(cos(x2)*sin(x1)),generation budget reached
trig_product,complementary,0.03,300,4,9017,federated-tree-gp-style,1.0,1.0,1.0,1.5425997826564058e-07,0.0009781747837658713,0.0,1.0,0.8990533919995869,436224,1458,sin(x1)*cos(x2),-4.477e-06 + 2.001*(cos(x2)*sin(x1)),generation budget reached
trig_product,complementary,0.03,300,4,9017,centralized-residual-counterexample-gp,1.0,1.0,1.0,1.5425997826564113e-07,0.0009781747837658713,0.0,1.0,0.7153480470005888,0,1458,sin(x1)*cos(x2),-4.477e-06 + 2.001*(cos(x2)*sin(x1)),generation budget reached
trig_product,complementary,0.03,300,4,9018,fedfalsify-v05,1.0,1.0,1.0,2.811948400703815e-06,0.0009355374031104813,0.0,1.0,0.16155546699974366,152067,2,sin(x1)*cos(x2),0.0001526 + 2.003·sin(x₁)cos(x₂),target federated MSE reached; no replacement passed the federated certificate
trig_product,complementary,0.03,300,4,9018,centralized-tree-gp,1.0,1.0,1.0,2.8119484007037543e-06,0.0009355374031104817,0.0,1.0,0.7067951190001622,0,1468,sin(x1)*cos(x2),0.0001526 + 2.003*(cos(x2)*sin(x1)),generation budget reached
trig_product,complementary,0.03,300,4,9018,federated-tree-gp-style,1.0,1.0,1.0,2.811948400703815e-06,0.0009355374031104813,0.0,1.0,0.8975207880002927,445760,1468,sin(x1)*cos(x2),0.0001526 + 2.003*(cos(x2)*sin(x1)),generation budget reached
trig_product,complementary,0.03,300,4,9018,centralized-residual-counterexample-gp,1.0,1.0,1.0,2.8119484007037543e-06,0.0009355374031104817,0.0,1.0,0.7759661580003012,0,1469,sin(x1)*cos(x2),0.0001526 + 2.003*(cos(x2)*sin(x1)),generation budget reached
trig_product,complementary,0.03,300,4,9019,fedfalsify-v05,1.0,1.0,1.0,1.845707421893142e-06,0.0009415017510985648,0.0,1.0,0.17577686799995718,152060,2,sin(x1)*cos(x2),0.0003111 + 2.003·sin(x₁)cos(x₂),target federated MSE reached; no replacement passed the federated certificate
trig_product,complementary,0.03,300,4,9019,centralized-tree-gp,1.0,1.0,1.0,1.8457074218926007e-06,0.0009415017510985649,0.0,1.0,0.685924380999495,0,1451,sin(x1)*cos(x2),0.0003111 + 2.003*(cos(x2)*sin(x1)),generation budget reached
trig_product,complementary,0.03,300,4,9019,federated-tree-gp-style,1.0,1.0,1.0,1.845707421893142e-06,0.0009415017510985648,0.0,1.0,1.1543831320004756,423552,1451,sin(x1)*cos(x2),0.0003111 + 2.003*(cos(x2)*sin(x1)),generation budget reached
trig_product,complementary,0.03,300,4,9019,centralized-residual-counterexample-gp,1.0,1.0,1.0,1.8457074218926007e-06,0.0009415017510985649,0.0,1.0,1.129323810000642,0,1453,sin(x1)*cos(x2),0.0003111 + 2.003*(cos(x2)*sin(x1)),generation budget reached
trig_product,complementary,0.03,300,4,9020,fedfalsify-v05,1.0,1.0,1.0,6.692559591041898e-08,0.0008802343426777221,0.0,1.0,0.24791275400002633,152309,2,sin(x1)*cos(x2),-0.0002412 + 2·sin(x₁)cos(x₂),target federated MSE reached; no replacement passed the federated certificate
trig_product,complementary,0.03,300,4,9020,centralized-tree-gp,1.0,1.0,1.0,6.692559591030832e-08,0.0008802343426777218,0.0,1.0,1.1089629070002047,0,1450,sin(x1)*cos(x2),-0.0002412 + 2*(cos(x2)*sin(x1)),generation budget reached
trig_product,complementary,0.03,300,4,9020,federated-tree-gp-style,1.0,1.0,1.0,6.692559591041898e-08,0.0008802343426777221,0.0,1.0,1.4078977250001117,426688,1450,sin(x1)*cos(x2),-0.0002412 + 2*(cos(x2)*sin(x1)),generation budget reached
trig_product,complementary,0.03,300,4,9020,centralized-residual-counterexample-gp,1.0,1.0,1.0,6.692559591030832e-08,0.0008802343426777218,0.0,1.0,0.7255027279998103,0,1450,sin(x1)*cos(x2),-0.0002412 + 2*(cos(x2)*sin(x1)),generation budget reached
trig_product,complementary,0.1,300,4,9016,fedfalsify-v05,1.0,1.0,1.0,2.892712024499932e-05,0.00967332272363729,0.0,1.0,0.171224704999986,151504,2,sin(x1)*cos(x2),0.00104 + 1.989·sin(x₁)cos(x₂),target federated MSE reached; no replacement passed the federated certificate
trig_product,complementary,0.1,300,4,9016,centralized-tree-gp,1.0,1.0,1.0,2.8927120244987293e-05,0.00967332272363729,0.0,1.0,0.7009449589995711,0,1464,sin(x1)*cos(x2),0.00104 + 1.989*(cos(x2)*sin(x1)),generation budget reached
trig_product,complementary,0.1,300,4,9016,federated-tree-gp-style,1.0,1.0,1.0,2.892712024499932e-05,0.00967332272363729,0.0,1.0,0.868088840999917,433792,1464,sin(x1)*cos(x2),0.00104 + 1.989*(cos(x2)*sin(x1)),generation budget reached
trig_product,complementary,0.1,300,4,9016,centralized-residual-counterexample-gp,1.0,1.0,1.0,2.8927120244987293e-05,0.00967332272363729,0.0,1.0,0.6982275840000511,0,1464,sin(x1)*cos(x2),0.00104 + 1.989*(cos(x2)*sin(x1)),generation budget reached
trig_product,complementary,0.1,300,4,9017,fedfalsify-v05,1.0,1.0,1.0,1.7139999644535433e-06,0.010868608708509682,0.0,1.0,0.20016131899956235,211076,2,sin(x1)*cos(x2),-1.492e-05 + 2.003·sin(x₁)cos(x₂),target federated MSE reached; no replacement passed the federated certificate
trig_product,complementary,0.1,300,4,9017,centralized-tree-gp,1.0,1.0,1.0,1.7139999644541218e-06,0.010868608708509682,0.0,1.0,0.7051124330000675,0,1447,sin(x1)*cos(x2),-1.492e-05 + 2.003*(cos(x2)*sin(x1)),generation budget reached
trig_product,complementary,0.1,300,4,9017,federated-tree-gp-style,1.0,1.0,1.0,1.7139999644535433e-06,0.010868608708509682,0.0,1.0,0.886623297999904,426176,1447,sin(x1)*cos(x2),-1.492e-05 + 2.003*(cos(x2)*sin(x1)),generation budget reached
trig_product,complementary,0.1,300,4,9017,centralized-residual-counterexample-gp,1.0,1.0,1.0,1.7139999644541218e-06,0.010868608708509682,0.0,1.0,0.7515944149999996,0,1448,sin(x1)*cos(x2),-1.492e-05 + 2.003*(cos(x2)*sin(x1)),generation budget reached
trig_product,complementary,0.1,300,4,9018,fedfalsify-v05,1.0,1.0,1.0,3.1243871991979036e-05,0.010394860034560907,0.0,1.0,0.16426213999966421,151524,2,sin(x1)*cos(x2),0.0005088 + 2.011·sin(x₁)cos(x₂),target federated MSE reached; no replacement passed the federated certificate
trig_product,complementary,0.1,300,4,9018,centralized-tree-gp,1.0,1.0,1.0,3.124387199197162e-05,0.010394860034560905,0.0,1.0,0.7386676739997711,0,1477,sin(x1)*cos(x2),0.0005088 + 2.011*(cos(x2)*sin(x1)),generation budget reached
trig_product,complementary,0.1,300,4,9018,federated-tree-gp-style,1.0,1.0,1.0,3.1243871991979036e-05,0.010394860034560907,0.0,1.0,0.8842697690006389,446656,1477,sin(x1)*cos(x2),0.0005088 + 2.011*(cos(x2)*sin(x1)),generation budget reached
trig_product,complementary,0.1,300,4,9018,centralized-residual-counterexample-gp,1.0,1.0,1.0,3.124387199197162e-05,0.010394860034560905,0.0,1.0,0.7731601750001573,0,1476,sin(x1)*cos(x2),0.0005088 + 2.011*(cos(x2)*sin(x1)),generation budget reached
trig_product,complementary,0.1,300,4,9019,fedfalsify-v05,1.0,1.0,1.0,2.0507860916344936e-05,0.010461130567761833,0.0,1.0,0.16366421600014291,151415,2,sin(x1)*cos(x2),0.001037 + 2.009·sin(x₁)cos(x₂),target federated MSE reached; no replacement passed the federated certificate
trig_product,complementary,0.1,300,4,9019,centralized-tree-gp,1.0,1.0,1.0,2.050786091634106e-05,0.010461130567761833,0.0,1.0,0.7033893560001161,0,1452,sin(x1)*cos(x2),0.001037 + 2.009*(cos(x2)*sin(x1)),generation budget reached
trig_product,complementary,0.1,300,4,9019,federated-tree-gp-style,1.0,1.0,1.0,2.0507860916344936e-05,0.010461130567761833,0.0,1.0,0.9614204570007132,424960,1452,sin(x1)*cos(x2),0.001037 + 2.009*(cos(x2)*sin(x1)),generation budget reached
trig_product,complementary,0.1,300,4,9019,centralized-residual-counterexample-gp,1.0,1.0,1.0,2.050786091634106e-05,0.010461130567761833,0.0,1.0,1.1652960829997028,0,1452,sin(x1)*cos(x2),0.001037 + 2.009*(cos(x2)*sin(x1)),generation budget reached
trig_product,complementary,0.1,300,4,9020,fedfalsify-v05,1.0,1.0,1.0,7.436177809466084e-07,0.009780381585308027,0.0,1.0,0.22504825499981962,151681,2,sin(x1)*cos(x2),-0.000804 + 2.001·sin(x₁)cos(x₂),target federated MSE reached; no replacement passed the federated certificate
trig_product,complementary,0.1,300,4,9020,centralized-tree-gp,1.0,1.0,1.0,7.436177809468759e-07,0.009780381585308027,0.0,1.0,1.1002179689994591,0,1448,sin(x1)*cos(x2),-0.000804 + 2.001*(cos(x2)*sin(x1)),generation budget reached
trig_product,complementary,0.1,300,4,9020,federated-tree-gp-style,1.0,1.0,1.0,7.436177809466084e-07,0.009780381585308027,0.0,1.0,1.391226634999839,426624,1448,sin(x1)*cos(x2),-0.000804 + 2.001*(cos(x2)*sin(x1)),generation budget reached
trig_product,complementary,0.1,300,4,9020,centralized-residual-counterexample-gp,1.0,1.0,1.0,7.436177809468759e-07,0.009780381585308027,0.0,1.0,0.9163688259995979,0,1448,sin(x1)*cos(x2),-0.000804 + 2.001*(cos(x2)*sin(x1)),generation budget reached
trig_product,spurious,0.03,300,4,9016,fedfalsify-v05,1.0,1.0,1.0,2.245314573205931e-06,0.0008567360665242562,0.0,1.0,0.18630531999951927,152003,2,sin(x1)*cos(x2),0.0007449 + 2.003·sin(x₁)cos(x₂),target federated MSE reached; no replacement passed the federated certificate
trig_product,spurious,0.03,300,4,9016,centralized-tree-gp,1.0,1.0,1.0,2.2453145732043363e-06,0.0008567360665242562,0.0,1.0,0.6702733410002111,0,1453,sin(x1)*cos(x2),0.0007449 + 2.003*(cos(x2)*sin(x1)),generation budget reached
trig_product,spurious,0.03,300,4,9016,federated-tree-gp-style,1.0,1.0,1.0,2.245314573205931e-06,0.0008567360665242562,0.0,1.0,0.8759833739995884,426496,1453,sin(x1)*cos(x2),0.0007449 + 2.003*(cos(x2)*sin(x1)),generation budget reached
trig_product,spurious,0.03,300,4,9016,centralized-residual-counterexample-gp,1.0,1.0,1.0,2.2453145732043363e-06,0.0008567360665242562,0.0,1.0,0.7364934180004639,0,1454,sin(x1)*cos(x2),0.0007449 + 2.003*(cos(x2)*sin(x1)),generation budget reached
trig_product,spurious,0.03,300,4,9017,fedfalsify-v05,1.0,1.0,1.0,6.565136337954108e-07,0.0009725975058043508,0.0,1.0,0.1653539869994347,152315,2,sin(x1)*cos(x2),-0.0008245 + 2·sin(x₁)cos(x₂),target federated MSE reached; no replacement passed the federated certificate
trig_product,spurious,0.03,300,4,9017,centralized-tree-gp,1.0,1.0,1.0,6.565136337953398e-07,0.0009725975058043508,0.0,1.0,0.6961236779998217,0,1458,sin(x1)*cos(x2),-0.0008245 + 2*(cos(x2)*sin(x1)),generation budget reached
trig_product,spurious,0.03,300,4,9017,federated-tree-gp-style,1.0,1.0,1.0,6.565136337954108e-07,0.0009725975058043508,0.0,1.0,0.9106249159995059,435200,1458,sin(x1)*cos(x2),-0.0008245 + 2*(cos(x2)*sin(x1)),generation budget reached
trig_product,spurious,0.03,300,4,9017,centralized-residual-counterexample-gp,1.0,1.0,1.0,6.565136337953398e-07,0.0009725975058043508,0.0,1.0,0.7374090269995577,0,1460,sin(x1)*cos(x2),-0.0008245 + 2*(cos(x2)*sin(x1)),generation budget reached
trig_product,spurious,0.03,300,4,9018,fedfalsify-v05,1.0,1.0,1.0,2.1396444925340008e-06,0.0008833189490155187,0.0,1.0,0.1716055540000525,151884,2,sin(x1)*cos(x2),-0.001312 + 2.001·sin(x₁)cos(x₂),target federated MSE reached; no replacement passed the federated certificate
trig_product,spurious,0.03,300,4,9018,centralized-tree-gp,1.0,1.0,1.0,2.139644492534634e-06,0.0008833189490155187,0.0,1.0,0.707130664000033,0,1457,sin(x1)*cos(x2),-0.001312 + 2.001*(cos(x2)*sin(x1)),generation budget reached
trig_product,spurious,0.03,300,4,9018,federated-tree-gp-style,1.0,1.0,1.0,2.1396444925340008e-06,0.0008833189490155187,0.0,1.0,0.8851674510005978,436736,1457,sin(x1)*cos(x2),-0.001312 + 2.001*(cos(x2)*sin(x1)),generation budget reached
trig_product,spurious,0.03,300,4,9018,centralized-residual-counterexample-gp,1.0,1.0,1.0,2.139644492534634e-06,0.0008833189490155187,0.0,1.0,0.7523272250000446,0,1457,sin(x1)*cos(x2),-0.001312 + 2.001*(cos(x2)*sin(x1)),generation budget reached
trig_product,spurious,0.03,300,4,9019,fedfalsify-v05,1.0,1.0,1.0,9.443011439402134e-07,0.0008577140010304096,0.0,1.0,0.1667717990003439,152506,2,sin(x1)*cos(x2),6.671e-05 + 2.002·sin(x₁)cos(x₂),target federated MSE reached; no replacement passed the federated certificate
trig_product,spurious,0.03,300,4,9019,centralized-tree-gp,1.0,1.0,1.0,9.443011439376163e-07,0.0008577140010304096,0.0,1.0,0.676575782999862,0,1447,sin(x1)*cos(x2),6.671e-05 + 2.002*(cos(x2)*sin(x1)),generation budget reached
trig_product,spurious,0.03,300,4,9019,federated-tree-gp-style,1.0,1.0,1.0,9.443011439402134e-07,0.0008577140010304096,0.0,1.0,0.841492431000006,422464,1447,sin(x1)*cos(x2),6.671e-05 + 2.002*(cos(x2)*sin(x1)),generation budget reached
trig_product,spurious,0.03,300,4,9019,centralized-residual-counterexample-gp,1.0,1.0,1.0,9.443011439376163e-07,0.0008577140010304096,0.0,1.0,1.0061534559999927,0,1446,sin(x1)*cos(x2),6.671e-05 + 2.002*(cos(x2)*sin(x1)),generation budget reached
trig_product,spurious,0.03,300,4,9020,fedfalsify-v05,1.0,1.0,1.0,9.217959555385403e-07,0.0009119881499228381,0.0,1.0,0.2214005369996812,152040,2,sin(x1)*cos(x2),-0.0004137 + 2.002·sin(x₁)cos(x₂),target federated MSE reached; no replacement passed the federated certificate
trig_product,spurious,0.03,300,4,9020,centralized-tree-gp,1.0,1.0,1.0,9.217959555377603e-07,0.0009119881499228381,0.0,1.0,1.185793888000262,0,1452,sin(x1)*cos(x2),-0.0004137 + 2.002*(cos(x2)*sin(x1)),generation budget reached
trig_product,spurious,0.03,300,4,9020,federated-tree-gp-style,1.0,1.0,1.0,9.217959555385403e-07,0.0009119881499228381,0.0,1.0,1.4029029109997282,425664,1452,sin(x1)*cos(x2),-0.0004137 + 2.002*(cos(x2)*sin(x1)),generation budget reached
trig_product,spurious,0.03,300,4,9020,centralized-residual-counterexample-gp,1.0,1.0,1.0,9.217959555377603e-07,0.0009119881499228381,0.0,1.0,1.206766663000053,0,1451,sin(x1)*cos(x2),-0.0004137 + 2.002*(cos(x2)*sin(x1)),generation budget reached
trig_product,spurious,0.1,300,4,9016,fedfalsify-v05,1.0,1.0,1.0,2.4947940406309404e-05,0.009519289628047295,0.0,1.0,0.1603810450005767,151439,2,sin(x1)*cos(x2),0.002483 + 2.009·sin(x₁)cos(x₂),target federated MSE reached; no replacement passed the federated certificate
trig_product,spurious,0.1,300,4,9016,centralized-tree-gp,1.0,1.0,1.0,2.4947940406298938e-05,0.009519289628047295,0.0,1.0,0.699121032000221,0,1462,sin(x1)*cos(x2),0.002483 + 2.009*(cos(x2)*sin(x1)),generation budget reached
trig_product,spurious,0.1,300,4,9016,federated-tree-gp-style,1.0,1.0,1.0,2.4947940406309404e-05,0.009519289628047295,0.0,1.0,0.9031460700007301,431808,1462,sin(x1)*cos(x2),0.002483 + 2.009*(cos(x2)*sin(x1)),generation budget reached
trig_product,spurious,0.1,300,4,9016,centralized-residual-counterexample-gp,1.0,1.0,1.0,2.4947940406298938e-05,0.009519289628047295,0.0,1.0,0.7440756750002038,0,1460,sin(x1)*cos(x2),0.002483 + 2.009*(cos(x2)*sin(x1)),generation budget reached
trig_product,spurious,0.1,300,4,9017,fedfalsify-v05,1.0,1.0,1.0,7.2945959499243036e-06,0.010806638953381681,0.0,1.0,0.18007725000006758,151745,2,sin(x1)*cos(x2),-0.002748 + 2.001·sin(x₁)cos(x₂),target federated MSE reached; no replacement passed the federated certificate
trig_product,spurious,0.1,300,4,9017,centralized-tree-gp,1.0,1.0,1.0,7.294595949923936e-06,0.010806638953381681,0.0,1.0,0.6987089989997912,0,1444,sin(x1)*cos(x2),-0.002748 + 2.001*(cos(x2)*sin(x1)),generation budget reached
trig_product,spurious,0.1,300,4,9017,federated-tree-gp-style,1.0,1.0,1.0,7.2945959499243036e-06,0.010806638953381681,0.0,1.0,0.857136258000537,421696,1444,sin(x1)*cos(x2),-0.002748 + 2.001*(cos(x2)*sin(x1)),generation budget reached
trig_product,spurious,0.1,300,4,9017,centralized-residual-counterexample-gp,1.0,1.0,1.0,7.294595949923936e-06,0.010806638953381681,0.0,1.0,0.716914079000162,0,1444,sin(x1)*cos(x2),-0.002748 + 2.001*(cos(x2)*sin(x1)),generation budget reached
trig_product,spurious,0.1,300,4,9018,fedfalsify-v05,1.0,1.0,1.0,2.377382803391859e-05,0.00981465498906132,0.0,1.0,0.15973073700024543,151203,2,sin(x1)*cos(x2),-0.004373 + 2.005·sin(x₁)cos(x₂),target federated MSE reached; no replacement passed the federated certificate
trig_product,spurious,0.1,300,4,9018,centralized-tree-gp,1.0,1.0,1.0,2.377382803391859e-05,0.00981465498906132,0.0,1.0,0.7042355009998573,0,1463,sin(x1)*cos(x2),-0.004373 + 2.005*(cos(x2)*sin(x1)),generation budget reached
trig_product,spurious,0.1,300,4,9018,federated-tree-gp-style,1.0,1.0,1.0,2.377382803391859e-05,0.00981465498906132,0.0,1.0,0.8582410789995265,439616,1463,sin(x1)*cos(x2),-0.004373 + 2.005*(cos(x2)*sin(x1)),generation budget reached
trig_product,spurious,0.1,300,4,9018,centralized-residual-counterexample-gp,1.0,1.0,1.0,2.377382803391859e-05,0.00981465498906132,0.0,1.0,0.7241588910001155,0,1465,sin(x1)*cos(x2),-0.004373 + 2.005*(cos(x2)*sin(x1)),generation budget reached
trig_product,spurious,0.1,300,4,9019,fedfalsify-v05,1.0,1.0,1.0,1.0492235469136203e-05,0.009530155567004556,0.0,1.0,0.1600648760004333,151918,2,sin(x1)*cos(x2),0.0002224 + 2.006·sin(x₁)cos(x₂),target federated MSE reached; no replacement passed the federated certificate
trig_product,spurious,0.1,300,4,9019,centralized-tree-gp,1.0,1.0,1.0,1.0492235469136211e-05,0.009530155567004555,0.0,1.0,0.6609432229997765,0,1447,sin(x1)*cos(x2),0.0002224 + 2.006*(cos(x2)*sin(x1)),generation budget reached
trig_product,spurious,0.1,300,4,9019,federated-tree-gp-style,1.0,1.0,1.0,1.0492235469136203e-05,0.009530155567004556,0.0,1.0,0.8651882929998465,422464,1447,sin(x1)*cos(x2),0.0002224 + 2.006*(cos(x2)*sin(x1)),generation budget reached
trig_product,spurious,0.1,300,4,9019,centralized-residual-counterexample-gp,1.0,1.0,1.0,1.0492235469136211e-05,0.009530155567004555,0.0,1.0,0.7091273129999536,0,1446,sin(x1)*cos(x2),0.0002224 + 2.006*(cos(x2)*sin(x1)),generation budget reached
trig_product,spurious,0.1,300,4,9020,fedfalsify-v05,1.0,1.0,1.0,1.0242177739536987e-05,0.010133201665809314,0.0,1.0,0.23620940100045118,151370,2,sin(x1)*cos(x2),-0.001379 + 2.006·sin(x₁)cos(x₂),target federated MSE reached; no replacement passed the federated certificate
trig_product,spurious,0.1,300,4,9020,centralized-tree-gp,1.0,1.0,1.0,1.0242177739539566e-05,0.010133201665809315,0.0,1.0,1.0858337300005587,0,1451,sin(x1)*cos(x2),-0.001379 + 2.006*(cos(x2)*sin(x1)),generation budget reached
trig_product,spurious,0.1,300,4,9020,federated-tree-gp-style,1.0,1.0,1.0,1.0242177739536987e-05,0.010133201665809314,0.0,1.0,1.4184182750004766,426368,1451,sin(x1)*cos(x2),-0.001379 + 2.006*(cos(x2)*sin(x1)),generation budget reached
trig_product,spurious,0.1,300,4,9020,centralized-residual-counterexample-gp,1.0,1.0,1.0,1.0242177739539566e-05,0.010133201665809315,0.0,1.0,1.134285820000514,0,1451,sin(x1)*cos(x2),-0.001379 + 2.006*(cos(x2)*sin(x1)),generation budget reached
trig_product,exception,0.03,300,4,9016,fedfalsify-v05,1.0,1.0,1.0,3.044233387201796e-06,0.002386159247742364,0.0,1.0,0.31088653700044233,187620,3,I(x3>1)*x3^2;sin(x1)*cos(x2),0.0002595 + 0.7503·𝟙[x₃>1]·x₃² + 1.995·sin(x₁)cos(x₂),target federated MSE reached; no replacement passed the federated certificate
trig_product,exception,0.03,300,4,9016,centralized-tree-gp,0.0,0.5,0.5,0.058666696121920915,0.055572767138901934,0.0,1.0,1.0252834700004314,0,1556,"I(x3>1)*x3^2;expr:sin(mul(cos(x2),x1))",-0.01101 + 0.7496*I(x3>1)*((x3)^2) + 1.644*sin((cos(x2)*x1)),generation budget reached
trig_product,exception,0.03,300,4,9016,federated-tree-gp-style,0.0,0.5,0.5,0.058666696121921,0.055572767138901934,0.0,1.0,1.072896937999758,590656,1556,"I(x3>1)*x3^2;expr:sin(mul(cos(x2),x1))",-0.01101 + 0.7496*I(x3>1)*((x3)^2) + 1.644*sin((cos(x2)*x1)),generation budget reached
trig_product,exception,0.03,300,4,9016,centralized-residual-counterexample-gp,0.0,0.5,0.5,0.058666696121920915,0.055572767138901934,0.0,1.0,0.8359661069998765,0,1541,"I(x3>1)*x3^2;expr:sin(mul(cos(x2),x1))",-0.01101 + 0.7496*I(x3>1)*((x3)^2) + 1.644*sin((cos(x2)*x1)),generation budget reached
trig_product,exception,0.03,300,4,9017,fedfalsify-v05,1.0,1.0,1.0,9.965575920037424e-07,0.002471833996657805,0.0,1.0,0.2639956800003347,248882,3,I(x3>1)*x3^2;sin(x1)*cos(x2),-0.0007243 + 0.7509·𝟙[x₃>1]·x₃² + 2.001·sin(x₁)cos(x₂),target federated MSE reached; no replacement passed the federated certificate
trig_product,exception,0.03,300,4,9017,centralized-tree-gp,1.0,1.0,1.0,9.96557592003888e-07,0.002471833996657805,0.0,1.0,0.8360290560003705,0,1555,I(x3>1)*x3^2;sin(x1)*cos(x2),-0.0007243 + 0.7509*I(x3>1)*((x3)^2) + 2.001*(cos(x2)*sin(x1)),generation budget reached
trig_product,exception,0.03,300,4,9017,federated-tree-gp-style,1.0,1.0,1.0,9.965575920037458e-07,0.0024718339966578054,0.0,1.0,1.0505905269992581,595776,1555,I(x3>1)*x3^2;sin(x1)*cos(x2),-0.0007243 + 0.7509*I(x3>1)*((x3)^2) + 2.001*(cos(x2)*sin(x1)),generation budget reached
trig_product,exception,0.03,300,4,9017,centralized-residual-counterexample-gp,1.0,1.0,1.0,9.96557592003888e-07,0.002471833996657805,0.0,1.0,0.9361567559999457,0,1582,I(x3>1)*x3^2;sin(x1)*cos(x2),-0.0007243 + 0.7509*I(x3>1)*((x3)^2) + 2.001*(cos(x2)*sin(x1)),generation budget reached
trig_product,exception,0.03,300,4,9018,fedfalsify-v05,1.0,1.0,1.0,4.57350107976305e-06,0.002411956690238575,0.0,1.0,0.2218262019996473,187562,3,I(x3>1)*x3^2;sin(x1)*cos(x2),0.00123 + 0.7488·𝟙[x₃>1]·x₃² + 2.006·sin(x₁)cos(x₂),target federated MSE reached; no replacement passed the federated certificate
trig_product,exception,0.03,300,4,9018,centralized-tree-gp,1.0,1.0,1.0,4.5735010797584355e-06,0.0024119566902385753,0.0,1.0,0.8499800279996634,0,1548,I(x3>1)*x3^2;sin(x1)*cos(x2),0.00123 + 0.7488*I(x3>1)*((x3)^2) + 2.006*(cos(x2)*sin(x1)),generation budget reached
trig_product,exception,0.03,300,4,9018,federated-tree-gp-style,1.0,1.0,1.0,4.573501079763028e-06,0.002411956690238576,0.0,1.0,1.0482137190001595,566400,1548,I(x3>1)*x3^2;sin(x1)*cos(x2),0.00123 + 0.7488*I(x3>1)*((x3)^2) + 2.006*(cos(x2)*sin(x1)),generation budget reached
trig_product,exception,0.03,300,4,9018,centralized-residual-counterexample-gp,1.0,1.0,1.0,4.5735010797584355e-06,0.0024119566902385753,0.0,1.0,0.8419880159999593,0,1520,I(x3>1)*x3^2;sin(x1)*cos(x2),0.00123 + 0.7488*I(x3>1)*((x3)^2) + 2.006*(cos(x2)*sin(x1)),generation budget reached
trig_product,exception,0.03,300,4,9019,fedfalsify-v05,1.0,1.0,1.0,2.3317822560346782e-06,0.002427782478829409,0.0,1.0,0.21749547399940639,187451,3,I(x3>1)*x3^2;sin(x1)*cos(x2),-6.56e-05 + 0.7507·𝟙[x₃>1]·x₃² + 2.004·sin(x₁)cos(x₂),target federated MSE reached; no replacement passed the federated certificate
trig_product,exception,0.03,300,4,9019,centralized-tree-gp,0.0,0.5,0.5,0.0009048732577354151,0.004669197786776501,0.0,1.0,0.8176447090008878,0,1551,"I(x3>1)*x3^2;expr:sin(mul(cos(x2),sin(x1)))",-0.0009297 + 0.7511*I(x3>1)*((x3)^2) + 2.199*sin((cos(x2)*sin(x1))),generation budget reached
trig_product,exception,0.03,300,4,9019,federated-tree-gp-style,0.0,0.5,0.5,0.0009048732577354129,0.004669197786776501,0.0,1.0,1.4947633900001165,565184,1551,"I(x3>1)*x3^2;expr:sin(mul(cos(x2),sin(x1)))",-0.0009297 + 0.7511*I(x3>1)*((x3)^2) + 2.199*sin((cos(x2)*sin(x1))),generation budget reached
trig_product,exception,0.03,300,4,9019,centralized-residual-counterexample-gp,0.0,0.5,0.5,0.0009048732577354151,0.004669197786776501,0.0,1.0,1.4442265459992996,0,1553,"I(x3>1)*x3^2;expr:sin(mul(cos(x2),sin(x1)))",-0.0009297 + 0.7511*I(x3>1)*((x3)^2) + 2.199*sin((cos(x2)*sin(x1))),generation budget reached
trig_product,exception,0.03,300,4,9020,fedfalsify-v05,1.0,1.0,1.0,7.187968813361072e-08,0.0023678873385488035,0.0,1.0,0.29124460900038684,187885,3,I(x3>1)*x3^2;sin(x1)*cos(x2),-0.0004374 + 0.75·𝟙[x₃>1]·x₃² + 2·sin(x₁)cos(x₂),target federated MSE reached; no replacement passed the federated certificate
trig_product,exception,0.03,300,4,9020,centralized-tree-gp,0.0,0.3333333333333333,0.5,0.03934092376026265,0.05237082632687348,0.0,1.0,1.4033015670001987,0,1578,"I(x3>1)*x3^2;expr:sin(mul(cos(x2),x1));expr:square(add(cos(x2),sin(x1)))",-0.2341 + 0.7534*I(x3>1)*((x3)^2) + 1.252*sin((cos(x2)*x1)) + 0.2278*((cos(x2)+sin(x1)))^2,generation budget reached
trig_product,exception,0.03,300,4,9020,federated-tree-gp-style,0.0,0.3333333333333333,0.5,0.03934092376026267,0.05237082632687348,0.0,1.0,1.3182236570000896,616832,1578,"I(x3>1)*x3^2;expr:sin(mul(cos(x2),x1));expr:square(add(cos(x2),sin(x1)))",-0.2341 + 0.7534*I(x3>1)*((x3)^2) + 1.252*sin((cos(x2)*x1)) + 0.2278*((cos(x2)+sin(x1)))^2,generation budget reached
trig_product,exception,0.03,300,4,9020,centralized-residual-counterexample-gp,0.0,0.3333333333333333,0.5,0.03934092376026265,0.05237082632687348,0.0,1.0,0.8797569999996995,0,1569,"I(x3>1)*x3^2;expr:sin(mul(cos(x2),x1));expr:square(add(cos(x2),sin(x1)))",-0.2341 + 0.7534*I(x3>1)*((x3)^2) + 1.252*sin((cos(x2)*x1)) + 0.2278*((cos(x2)+sin(x1)))^2,generation budget reached
trig_product,exception,0.1,300,4,9016,fedfalsify-v05,1.0,1.0,1.0,3.382481486054557e-05,0.02651288053047072,0.0,1.0,0.23524506600006134,187035,3,I(x3>1)*x3^2;sin(x1)*cos(x2),0.0008651 + 0.751·𝟙[x₃>1]·x₃² + 1.982·sin(x₁)cos(x₂),target federated MSE reached; no replacement passed the federated certificate
trig_product,exception,0.1,300,4,9016,centralized-tree-gp,0.0,0.25,0.5,0.03859319540940774,0.06548556274861464,0.0,1.0,0.8781434680004168,0,1567,"I(x3>1)*x3^2;expr:cos(mul(x2,x2));expr:sin(mul(cos(x2),x1));expr:square(add(cos(x2),sin(x1)))",-0.2269 - 0.08827*cos((x2*x2)) + 0.7509*I(x3>1)*((x3)^2) + 1.238*sin((cos(x2)*x1)) + 0.2407*((cos(x2)+sin(x1)))^2,generation budget reached
trig_product,exception,0.1,300,4,9016,federated-tree-gp-style,0.0,0.25,0.5,0.03859319540940776,0.06548556274861461,0.0,1.0,1.1556703959995502,616064,1567,"I(x3>1)*x3^2;expr:cos(mul(x2,x2));expr:sin(mul(cos(x2),x1));expr:square(add(cos(x2),sin(x1)))",-0.2269 - 0.08827*cos((x2*x2)) + 0.7509*I(x3>1)*((x3)^2) + 1.238*sin((cos(x2)*x1)) + 0.2407*((cos(x2)+sin(x1)))^2,generation budget reached
trig_product,exception,0.1,300,4,9016,centralized-residual-counterexample-gp,0.0,0.25,0.5,0.03788283313784582,0.06458926918071924,0.0,1.0,0.8913663769999403,0,1564,"I(x3>1)*x3^2;expr:sin(mul(cos(x2),x1));expr:square(add(cos(x2),sin(x1)));expr:square(mul(sin(x1),x1))",-0.1812 + 0.7511*I(x3>1)*((x3)^2) + 1.241*sin((cos(x2)*x1)) + 0.2426*((cos(x2)+sin(x1)))^2 - 0.06118*((sin(x1)*x1))^2,generation budget reached
trig_product,exception,0.1,300,4,9017,fedfalsify-v05,1.0,1.0,1.0,1.1072862269021499e-05,0.027464822185086734,0.0,1.0,0.2659450649998689,248293,3,I(x3>1)*x3^2;sin(x1)*cos(x2),-0.002414 + 0.753·𝟙[x₃>1]·x₃² + 2.004·sin(x₁)cos(x₂),target federated MSE reached; no replacement passed the federated certificate
trig_product,exception,0.1,300,4,9017,centralized-tree-gp,0.0,0.25,0.5,0.016388766729555554,0.058248492808787376,0.0,0.0,0.9574470950001341,0,1597,"expr:add(sin(x1),sin(x3));expr:mul(square(x3),x3);expr:sin(add(cos(x3),cos(x3)));sin(x1)*cos(x2)",0.9522 + 0.07732*(sin(x1)+sin(x3)) + 1.967*(cos(x2)*sin(x1)) + 0.1688*((x3)^2*x3) - 0.9433*sin((cos(x3)+cos(x3))),generation budget reached
trig_product,exception,0.1,300,4,9017,federated-tree-gp-style,0.0,0.25,0.5,0.01638876672955555,0.058248492808787376,0.0,0.0,1.1451837370004796,644928,1597,"expr:add(sin(x1),sin(x3));expr:mul(square(x3),x3);expr:sin(add(cos(x3),cos(x3)));sin(x1)*cos(x2)",0.9522 + 0.07732*(sin(x1)+sin(x3)) + 1.967*(cos(x2)*sin(x1)) + 0.1688*((x3)^2*x3) - 0.9433*sin((cos(x3)+cos(x3))),generation budget reached
trig_product,exception,0.1,300,4,9017,centralized-residual-counterexample-gp,0.0,0.0,0.0,0.019621775741332514,0.06568155177528079,0.0,0.0,0.9253583509998862,0,1572,"expr:mul(square(x3),x3);expr:sin(add(cos(x3),cos(x3)));expr:sin(mul(cos(x2),sin(x1)));expr:sin(mul(cos(x2),x1))",0.9488 + 0.1784*((x3)^2*x3) - 0.9541*sin((cos(x3)+cos(x3))) + 2.075*sin((cos(x2)*sin(x1))) + 0.0928*sin((cos(x2)*x1)),generation budget reached
trig_product,exception,0.1,300,4,9018,fedfalsify-v05,1.0,1.0,1.0,5.0816679190143244e-05,0.026799518780428636,0.0,1.0,0.22245526700044138,186946,3,I(x3>1)*x3^2;sin(x1)*cos(x2),0.004101 + 0.746·𝟙[x₃>1]·x₃² + 2.019·sin(x₁)cos(x₂),target federated MSE reached; no replacement passed the federated certificate
trig_product,exception,0.1,300,4,9018,centralized-tree-gp,0.0,0.25,0.5,0.015018692780377757,0.05753773811950422,0.0,0.0,0.9031234679996487,0,1603,"expr:add(sin(x3),x2);expr:cos(mul(cos(x3),x3));expr:square(add(square(x3),x3));sin(x1)*cos(x2)",-1.006 + 0.03533*(sin(x3)+x2) + 1.151*cos((cos(x3)*x3)) + 2.065*(cos(x2)*sin(x1)) + 0.08609*(((x3)^2+x3))^2,generation budget reached
trig_product,exception,0.1,300,4,9018,federated-tree-gp-style,0.0,0.25,0.5,0.015018692780377664,0.05753773811950422,0.0,0.0,1.5196921100005056,641856,1603,"expr:add(sin(x3),x2);expr:cos(mul(cos(x3),x3));expr:square(add(square(x3),x3));sin(x1)*cos(x2)",-1.006 + 0.03533*(sin(x3)+x2) + 1.151*cos((cos(x3)*x3)) + 2.065*(cos(x2)*sin(x1)) + 0.08609*(((x3)^2+x3))^2,generation budget reached
trig_product,exception,0.1,300,4,9018,centralized-residual-counterexample-gp,1.0,1.0,1.0,5.081667919013492e-05,0.02679951878042863,0.0,1.0,1.3901397419995192,0,1541,I(x3>1)*x3^2;sin(x1)*cos(x2),0.004101 + 0.746*I(x3>1)*((x3)^2) + 2.019*(cos(x2)*sin(x1)),generation budget reached
trig_product,exception,0.1,300,4,9019,fedfalsify-v05,1.0,1.0,1.0,2.5908692176360943e-05,0.026975360875882325,0.0,1.0,0.3091951110000082,186963,3,I(x3>1)*x3^2;sin(x1)*cos(x2),-0.0002187 + 0.7522·𝟙[x₃>1]·x₃² + 2.014·sin(x₁)cos(x₂),target federated MSE reached; no replacement passed the federated certificate
trig_product,exception,0.1,300,4,9019,centralized-tree-gp,1.0,1.0,1.0,2.590869217636461e-05,0.02697536087588232,0.0,1.0,1.3091765850003867,0,1553,I(x3>1)*x3^2;sin(x1)*cos(x2),-0.0002187 + 0.7522*I(x3>1)*((x3)^2) + 2.014*(cos(x2)*sin(x1)),generation budget reached
trig_product,exception,0.1,300,4,9019,federated-tree-gp-style,1.0,1.0,1.0,2.590869217636103e-05,0.02697536087588232,0.0,1.0,1.3982731870000862,568384,1553,I(x3>1)*x3^2;sin(x1)*cos(x2),-0.0002187 + 0.7522*I(x3>1)*((x3)^2) + 2.014*(cos(x2)*sin(x1)),generation budget reached
trig_product,exception,0.1,300,4,9019,centralized-residual-counterexample-gp,0.0,0.5,0.5,0.0009333788402819472,0.02950203532596607,0.0,1.0,0.8448191179995774,0,1539,"I(x3>1)*x3^2;expr:sin(mul(cos(x2),sin(x1)))",-0.00109 + 0.7526*I(x3>1)*((x3)^2) + 2.209*sin((cos(x2)*sin(x1))),generation budget reached
trig_product,exception,0.1,300,4,9020,fedfalsify-v05,1.0,1.0,1.0,7.986632321645768e-07,0.026309859317208938,0.0,1.0,0.21629342599953816,187132,3,I(x3>1)*x3^2;sin(x1)*cos(x2),-0.001458 + 0.7502·𝟙[x₃>1]·x₃² + 2.001·sin(x₁)cos(x₂),target federated MSE reached; no replacement passed the federated certificate
trig_product,exception,0.1,300,4,9020,centralized-tree-gp,0.0,0.5,0.5,0.05509197550623832,0.09352686320427016,0.0,1.0,0.7883093899999949,0,1505,"I(x3>1)*x3^2;expr:sin(mul(cos(x2),x1))",-0.002163 + 0.7521*I(x3>1)*((x3)^2) + 1.609*sin((cos(x2)*x1)),generation budget reached
trig_product,exception,0.1,300,4,9020,federated-tree-gp-style,0.0,0.5,0.5,0.05509197550623828,0.09352686320427016,0.0,1.0,0.9977186790001724,540544,1505,"I(x3>1)*x3^2;expr:sin(mul(cos(x2),x1))",-0.002163 + 0.7521*I(x3>1)*((x3)^2) + 1.609*sin((cos(x2)*x1)),generation budget reached
trig_product,exception,0.1,300,4,9020,centralized-residual-counterexample-gp,0.0,0.5,0.5,0.05509197550623832,0.09352686320427016,0.0,1.0,0.8186799079994671,0,1491,"I(x3>1)*x3^2;expr:sin(mul(cos(x2),x1))",-0.002163 + 0.7521*I(x3>1)*((x3)^2) + 1.609*sin((cos(x2)*x1)),generation budget reached
interaction,complementary,0.03,300,4,9016,fedfalsify-v05,1.0,1.0,1.0,2.2839676606338996e-06,0.004113436088208029,0.0,1.0,0.1936873539998487,180465,3,x1*x2;x3^2,0.003604 + 0.9988·x₁x₂ + 0.4983·x₃²,target federated MSE reached; no replacement passed the federated certificate
interaction,complementary,0.03,300,4,9016,centralized-tree-gp,1.0,1.0,1.0,2.2839676606348703e-06,0.004113436088208029,0.0,1.0,0.8327823239997088,0,1585,x1*x2;x3^2,0.003604 + 0.9988*(x1*x2) + 0.4983*(x3)^2,generation budget reached
interaction,complementary,0.03,300,4,9016,federated-tree-gp-style,1.0,1.0,1.0,2.2839676606338975e-06,0.00411343608820803,0.0,1.0,1.0704031790000954,611392,1585,x1*x2;x3^2,0.003604 + 0.9988*(x1*x2) + 0.4983*(x3)^2,generation budget reached
interaction,complementary,0.03,300,4,9016,centralized-residual-counterexample-gp,1.0,1.0,1.0,2.2839676606348703e-06,0.004113436088208029,0.0,1.0,0.8864703319995897,0,1572,x1*x2;x3^2,0.003604 + 0.9988*(x1*x2) + 0.4983*(x3)^2,generation budget reached
interaction,complementary,0.03,300,4,9017,fedfalsify-v05,1.0,1.0,1.0,8.343944539161468e-08,0.004543219345197206,0.0,1.0,0.192439381999975,180192,3,x1*x2;x3^2,-9.652e-05 + 1·x₁x₂ + 0.5·x₃²,target federated MSE reached; no replacement passed the federated certificate
interaction,complementary,0.03,300,4,9017,centralized-tree-gp,1.0,1.0,1.0,8.343944539190999e-08,0.004543219345197204,0.0,1.0,0.8459327350001331,0,1596,x1*x2;x3^2,-9.652e-05 + 1*(x1*x2) + 0.5*(x3)^2,generation budget reached
interaction,complementary,0.03,300,4,9017,federated-tree-gp-style,1.0,1.0,1.0,8.343944539162106e-08,0.004543219345197204,0.0,1.0,1.1397517189998325,624384,1596,x1*x2;x3^2,-9.652e-05 + 1*(x1*x2) + 0.5*(x3)^2,generation budget reached
interaction,complementary,0.03,300,4,9017,centralized-residual-counterexample-gp,0.0,0.25,0.5,3.0487067276390877e-05,0.004661706072494571,0.0,1.0,1.0331997109997246,0,1570,"cos(x3);expr:mul(cos(x2),square(x3));expr:mul(cos(x3),square(x3));x1*x2",1.243 - 1.233*cos(x3) - 0.00273*(cos(x2)*(x3)^2) - 0.1618*(cos(x3)*(x3)^2) + 1*(x1*x2),generation budget reached
interaction,complementary,0.03,300,4,9018,fedfalsify-v05,1.0,1.0,1.0,6.251428783841436e-07,0.00434861559978862,0.0,1.0,0.2719948909998493,180157,3,x1*x2;x3^2,0.002149 + 0.9996·x₁x₂ + 0.4988·x₃²,target federated MSE reached; no replacement passed the federated certificate
interaction,complementary,0.03,300,4,9018,centralized-tree-gp,0.0,0.5,0.5,6.251428768356108e-07,0.00434861559978862,0.0,1.0,1.3505306499992003,0,1580,"expr:square(add(x3,x3));x1*x2",0.002149 + 0.9996*(x1*x2) + 0.1247*((x3+x3))^2,generation budget reached
interaction,complementary,0.03,300,4,9018,federated-tree-gp-style,0.0,0.5,0.5,6.251428768377657e-07,0.004348615599788619,0.0,1.0,1.6837306819998048,597952,1580,"expr:square(add(x3,x3));x1*x2",0.002149 + 0.9996*(x1*x2) + 0.1247*((x3+x3))^2,generation budget reached
interaction,complementary,0.03,300,4,9018,centralized-residual-counterexample-gp,0.0,0.5,0.5,6.251428768356108e-07,0.00434861559978862,0.0,1.0,1.1601339549997647,0,1509,"expr:square(add(x3,x3));x1*x2",0.002149 + 0.9996*(x1*x2) + 0.1247*((x3+x3))^2,generation budget reached
interaction,complementary,0.03,300,4,9019,fedfalsify-v05,1.0,1.0,1.0,3.928034867033463e-06,0.0038966571283624435,0.0,1.0,0.1991006219996052,180403,3,x1*x2;x3^2,0.00286 + 0.998·x₁x₂ + 0.4991·x₃²,target federated MSE reached; no replacement passed the federated certificate
interaction,complementary,0.03,300,4,9019,centralized-tree-gp,0.0,0.5,0.5,4.294147434975788e-06,0.003895633209410593,0.0,1.0,0.8008435900001132,0,1560,"expr:square(add(x3,x3));x1*x2",0.001852 + 0.9979*(x1*x2) + 0.1248*((x3+x3))^2 + 0.0008352*((sin(x2)*x2))^2,generation budget reached
interaction,complementary,0.03,300,4,9019,federated-tree-gp-style,0.0,0.5,0.5,4.294147434976502e-06,0.0038956332094105925,0.0,1.0,1.0414442990004318,572736,1560,"expr:square(add(x3,x3));x1*x2",0.001852 + 0.9979*(x1*x2) + 0.1248*((x3+x3))^2 + 0.0008352*((sin(x2)*x2))^2,generation budget reached
interaction,complementary,0.03,300,4,9019,centralized-residual-counterexample-gp,0.0,0.3333333333333333,0.5,0.004598330841274889,0.031860431632629985,1.0,1.0,0.8900539300002492,0,1575,"expr:add(sin(x4),square(x3));expr:square(add(sin(x3),x3));x1*x2",-0.1194 + 0.1269*(sin(x4)+(x3)^2) + 0.9974*(x1*x2) + 0.1803*((sin(x3)+x3))^2,generation budget reached
interaction,complementary,0.03,300,4,9020,fedfalsify-v05,1.0,1.0,1.0,6.266248586501782e-07,0.004074411130954226,0.0,1.0,0.20837630999994872,180428,3,x1*x2;x3^2,0.0009781 + 0.9994·x₁x₂ + 0.4992·x₃²,target federated MSE reached; no replacement passed the federated certificate
interaction,complementary,0.03,300,4,9020,centralized-tree-gp,0.0,0.3333333333333333,0.5,1.5519250840672977e-06,0.004067607436331489,1.0,1.0,0.8335663389998444,0,1565,"expr:add(square(x3),square(x3));expr:mul(square(x4),x3);x1*x2",0.001017 + 0.2496*((x3)^2+(x3)^2) - 0.001168*((x4)^2*x3) + 0.9992*(x1*x2),generation budget reached
interaction,complementary,0.03,300,4,9020,federated-tree-gp-style,0.0,0.3333333333333333,0.5,1.5519250840680477e-06,0.004067607436331489,1.0,1.0,1.1030379200001335,615680,1565,"expr:add(square(x3),square(x3));expr:mul(square(x4),x3);x1*x2",0.001017 + 0.2496*((x3)^2+(x3)^2) - 0.001168*((x4)^2*x3) + 0.9992*(x1*x2),generation budget reached
interaction,complementary,0.03,300,4,9020,centralized-residual-counterexample-gp,0.0,0.25,0.5,1.1744275250857315e-06,0.004059422892967952,0.0,1.0,0.8886648190000415,0,1565,"expr:mul(sin(x3),sin(x3));expr:square(add(cos(x3),square(x3)));expr:square(add(sin(x3),x3));x1*x2",-0.03875 - 0.4367*(sin(x3)*sin(x3)) + 0.9994*(x1*x2) + 0.04037*((cos(x3)+(x3)^2))^2 + 0.2217*((sin(x3)+x3))^2,generation budget reached
interaction,complementary,0.1,300,4,9016,fedfalsify-v05,1.0,1.0,1.0,2.537741840028057e-05,0.04570484542453365,0.0,1.0,0.20821667500058538,179893,3,x1*x2;x3^2,0.01201 + 0.996·x₁x₂ + 0.4944·x₃²,target federated MSE reached; no replacement passed the federated certificate
interaction,complementary,0.1,300,4,9016,centralized-tree-gp,1.0,1.0,1.0,2.537741840026782e-05,0.04570484542453365,0.0,1.0,0.7852173040000707,0,1501,x1*x2;x3^2,0.01201 + 0.996*(x1*x2) + 0.4944*(x3*x3),generation budget reached
interaction,complementary,0.1,300,4,9016,federated-tree-gp-style,1.0,1.0,1.0,2.5377418400280487e-05,0.04570484542453365,0.0,1.0,0.9746673069994358,503296,1501,x1*x2;x3^2,0.01201 + 0.996*(x1*x2) + 0.4944*(x3*x3),generation budget reached
interaction,complementary,0.1,300,4,9016,centralized-residual-counterexample-gp,1.0,1.0,1.0,2.537741840026782e-05,0.04570484542453365,0.0,1.0,0.7648092790004739,0,1501,x1*x2;x3^2,0.01201 + 0.996*(x1*x2) + 0.4944*(x3*x3),generation budget reached
interaction,complementary,0.1,300,4,9017,fedfalsify-v05,1.0,1.0,1.0,9.271049572560222e-07,0.05048021494663561,0.0,1.0,0.2068966190008723,179652,3,x1*x2;x3^2,-0.0003217 + 1.001·x₁x₂ + 0.4999·x₃²,target federated MSE reached; no replacement passed the federated certificate
interaction,complementary,0.1,300,4,9017,centralized-tree-gp,0.0,0.25,0.5,2.782579341018329e-05,0.0504073936112439,0.0,1.0,0.8594084380001732,0,1567,"cos(x3);expr:sin(add(cos(x3),cos(x3)));expr:square(add(sin(x3),sin(x3)));x1*x2",1.828 - 2.044*cos(x3) + 1.001*(x1*x2) + 0.2284*sin((cos(x3)+cos(x3))) - 0.1489*((sin(x3)+sin(x3)))^2,generation budget reached
interaction,complementary,0.1,300,4,9017,federated-tree-gp-style,0.0,0.25,0.5,2.782579341022505e-05,0.0504073936112439,0.0,1.0,1.7463304409993725,587136,1567,"cos(x3);expr:sin(add(cos(x3),cos(x3)));expr:square(add(sin(x3),sin(x3)));x1*x2",1.828 - 2.044*cos(x3) + 1.001*(x1*x2) + 0.2284*sin((cos(x3)+cos(x3))) - 0.1489*((sin(x3)+sin(x3)))^2,generation budget reached
interaction,complementary,0.1,300,4,9017,centralized-residual-counterexample-gp,0.0,0.3333333333333333,0.5,0.0017397347174357646,0.058246005537105246,0.0,1.0,1.315346048999345,0,1519,"cos(x3);expr:sin(add(cos(x3),cos(x3)));x1*x2",1.354 - 1.013*cos(x3) + 1.005*(x1*x2) - 0.3788*sin((cos(x3)+cos(x3))),generation budget reached
interaction,complementary,0.1,300,4,9018,fedfalsify-v05,1.0,1.0,1.0,6.9460319572097515e-06,0.04831795110876243,0.0,1.0,0.27157846199952473,179588,3,x1*x2;x3^2,0.007164 + 0.9985·x₁x₂ + 0.4961·x₃²,target federated MSE reached; no replacement passed the federated certificate
interaction,complementary,0.1,300,4,9018,centralized-tree-gp,0.0,0.5,0.5,6.946031953102419e-06,0.04831795110876242,0.0,1.0,1.3672036530006153,0,1594,"expr:add(square(x3),square(x3));x1*x2",0.007164 + 0.2481*((x3)^2+(x3)^2) + 0.9985*(x1*x2),generation budget reached
interaction,complementary,0.1,300,4,9018,federated-tree-gp-style,0.0,0.5,0.5,6.946031953108465e-06,0.04831795110876243,0.0,1.0,1.0865469680002207,621504,1594,"expr:add(square(x3),square(x3));x1*x2",0.007164 + 0.2481*((x3)^2+(x3)^2) + 0.9985*(x1*x2),generation budget reached
interaction,complementary,0.1,300,4,9018,centralized-residual-counterexample-gp,0.0,0.25,0.5,0.0006440402727470571,0.04980833058200057,0.0,1.0,0.8814077300003191,0,1587,"expr:add(cos(x1),square(x3));expr:add(sin(x3),x2);expr:add(square(x1),square(x3));x1*x2",-0.3215 + 0.3823*(cos(x1)+(x3)^2) - 0.008131*(sin(x3)+x2) + 0.1103*((x1)^2+(x3)^2) + 0.9981*(x1*x2),generation budget reached
interaction,complementary,0.1,300,4,9019,fedfalsify-v05,1.0,1.0,1.0,4.364483178356124e-05,0.04329619031513827,0.0,1.0,0.21361084999989544,179899,3,x1*x2;x3^2,0.009535 + 0.9934·x₁x₂ + 0.497·x₃²,target federated MSE reached; no replacement passed the federated certificate
interaction,complementary,0.1,300,4,9019,centralized-tree-gp,0.0,0.5,0.5,4.364483178042565e-05,0.04329619031513827,0.0,1.0,0.8672446769996895,0,1562,"expr:square(add(x3,x3));x1*x2",0.009535 + 0.9934*(x1*x2) + 0.1243*((x3+x3))^2,generation budget reached
interaction,complementary,0.1,300,4,9019,federated-tree-gp-style,0.0,0.5,0.5,4.364483178041685e-05,0.04329619031513827,0.0,1.0,1.0568491799995172,577792,1562,"expr:square(add(x3,x3));x1*x2",0.009535 + 0.9934*(x1*x2) + 0.1243*((x3+x3))^2,generation budget reached
interaction,complementary,0.1,300,4,9019,centralized-residual-counterexample-gp,0.0,0.5,0.5,4.364483178105729e-05,0.04329619031513827,0.0,1.0,0.8548379019994172,0,1571,"expr:add(square(x3),square(x3));x1*x2",0.009535 + 0.2485*((x3)^2+(x3)^2) + 0.9934*(x1*x2),generation budget reached
interaction,complementary,0.1,300,4,9020,fedfalsify-v05,1.0,1.0,1.0,6.962498403972105e-06,0.045271234788380306,0.0,1.0,0.21469351899941103,179945,3,x1*x2;x3^2,0.00326 + 0.9979·x₁x₂ + 0.4973·x₃²,target federated MSE reached; no replacement passed the federated certificate
interaction,complementary,0.1,300,4,9020,centralized-tree-gp,0.0,0.25,0.5,1.2887357783872252e-05,0.04522694140198813,1.0,1.0,0.8703003150003497,0,1604,"expr:add(sin(x4),sin(x4));expr:add(sin(x4),square(x3));expr:sin(mul(sin(x3),x2));x1*x2",0.003613 - 0.245*(sin(x4)+sin(x4)) + 0.4969*(sin(x4)+(x3)^2) + 0.9978*(x1*x2) + 0.007297*sin((sin(x3)*x2)),generation budget reached
interaction,complementary,0.1,300,4,9020,federated-tree-gp-style,0.0,0.25,0.5,1.2887357783868793e-05,0.04522694140198812,1.0,1.0,1.1312404889995378,644352,1604,"expr:add(sin(x4),sin(x4));expr:add(sin(x4),square(x3));expr:sin(mul(sin(x3),x2));x1*x2",0.003613 - 0.245*(sin(x4)+sin(x4)) + 0.4969*(sin(x4)+(x3)^2) + 0.9978*(x1*x2) + 0.007297*sin((sin(x3)*x2)),generation budget reached
interaction,complementary,0.1,300,4,9020,centralized-residual-counterexample-gp,0.0,0.25,0.5,0.0004383163367905703,0.05008634862512434,1.0,1.0,0.8805603939999855,0,1586,"expr:add(cos(x4),square(x3));expr:square(add(sin(x2),x3));expr:square(add(x4,x4));x1*x2",-0.4342 + 0.4868*(cos(x4)+(x3)^2) + 0.997*(x1*x2) + 0.005133*((sin(x2)+x3))^2 + 0.03624*((x4+x4))^2,generation budget reached
interaction,spurious,0.03,300,4,9016,fedfalsify-v05,1.0,1.0,1.0,3.0586725985606855e-07,0.004162626942073843,0.0,1.0,0.30598704799922416,328931,3,x1*x2;x3^2,0.002044 + 1·x₁x₂ + 0.4995·x₃²,target federated MSE reached; no replacement passed the federated certificate
interaction,spurious,0.03,300,4,9016,centralized-tree-gp,0.0,0.25,0.5,2.337498572582262e-05,0.004404180040755015,0.0,1.0,0.7923340170000301,0,1564,"cos(x3);expr:sin(mul(x3,x3));expr:square(add(cos(x3),cos(x3)));x1*x2",1.185 - 1.853*cos(x3) + 1.001*(x1*x2) + 0.1145*sin((x3*x3)) + 0.1736*((cos(x3)+cos(x3)))^2,generation budget reached
interaction,spurious,0.03,300,4,9016,federated-tree-gp-style,0.0,0.25,0.5,2.337498572581682e-05,0.0044041800407550145,0.0,1.0,1.269325156999912,580544,1564,"cos(x3);expr:sin(mul(x3,x3));expr:square(add(cos(x3),cos(x3)));x1*x2",1.185 - 1.853*cos(x3) + 1.001*(x1*x2) + 0.1145*sin((x3*x3)) + 0.1736*((cos(x3)+cos(x3)))^2,generation budget reached
interaction,spurious,0.03,300,4,9016,centralized-residual-counterexample-gp,1.0,1.0,1.0,3.0586725985658905e-07,0.004162626942073843,0.0,1.0,1.402786011999524,0,1586,x1*x2;x3^2,0.002044 + 1*(x1*x2) + 0.4995*(x3)^2,generation budget reached
interaction,spurious,0.03,300,4,9017,fedfalsify-v05,1.0,1.0,1.0,4.4445671942133325e-07,0.004819838968980702,0.0,1.0,0.2786810269999478,180340,3,x1*x2;x3^2,-0.001437 + 1·x₁x₂ + 0.4997·x₃²,target federated MSE reached; no replacement passed the federated certificate
interaction,spurious,0.03,300,4,9017,centralized-tree-gp,1.0,1.0,1.0,4.444567194218107e-07,0.004819838968980702,0.0,1.0,1.15064465299929,0,1483,x1*x2;x3^2,-0.001437 + 1*(x1*x2) + 0.4997*(x3*x3),generation budget reached
interaction,spurious,0.03,300,4,9017,federated-tree-gp-style,1.0,1.0,1.0,4.4445671942133553e-07,0.004819838968980702,0.0,1.0,1.4826507019997734,495104,1483,x1*x2;x3^2,-0.001437 + 1*(x1*x2) + 0.4997*(x3*x3),generation budget reached
interaction,spurious,0.03,300,4,9017,centralized-residual-counterexample-gp,1.0,1.0,1.0,4.444567194218107e-07,0.004819838968980702,0.0,1.0,0.743360378000034,0,1483,x1*x2;x3^2,-0.001437 + 1*(x1*x2) + 0.4997*(x3*x3),generation budget reached
interaction,spurious,0.03,300,4,9018,fedfalsify-v05,1.0,1.0,1.0,3.940919612582572e-06,0.0043772646959427475,0.0,1.0,0.21490389500013407,180289,3,x1*x2;x3^2,-0.007967 + 1.001·x₁x₂ + 0.5033·x₃²,target federated MSE reached; no replacement passed the federated certificate
interaction,spurious,0.03,300,4,9018,centralized-tree-gp,1.0,1.0,1.0,3.940919612586988e-06,0.0043772646959427475,0.0,1.0,0.7641749670001445,0,1547,x1*x2;x3^2,-0.007967 + 1.001*(x1*x2) + 0.5033*(x3)^2,generation budget reached
interaction,spurious,0.03,300,4,9018,federated-tree-gp-style,1.0,1.0,1.0,3.940919612582554e-06,0.004377264695942747,0.0,1.0,0.991127026999493,555136,1547,x1*x2;x3^2,-0.007967 + 1.001*(x1*x2) + 0.5033*(x3)^2,generation budget reached
interaction,spurious,0.03,300,4,9018,centralized-residual-counterexample-gp,1.0,1.0,1.0,3.940919612586988e-06,0.0043772646959427475,0.0,1.0,0.8007173650003097,0,1522,x1*x2;x3^2,-0.007967 + 1.001*(x1*x2) + 0.5033*(x3)^2,generation budget reached
interaction,spurious,0.03,300,4,9019,fedfalsify-v05,1.0,1.0,1.0,4.4586514440948714e-07,0.004001960518899509,0.0,1.0,0.20582440399994084,180516,3,x1*x2;x3^2,0.0005127 + 0.9993·x₁x₂ + 0.4999·x₃²,target federated MSE reached; no replacement passed the federated certificate
interaction,spurious,0.03,300,4,9019,centralized-tree-gp,0.0,0.3333333333333333,0.5,1.5019557675358753e-06,0.003993466089680439,0.0,1.0,0.8113169199996264,0,1527,"expr:add(square(x3),square(x3));expr:cos(mul(cos(x3),x2));x1*x2",-0.002731 + 0.0004884*(sin(x4)+(x3)^2) + 0.2493*((x3)^2+(x3)^2) + 0.006535*cos((cos(x3)*x2)) + 0.9996*(x1*x2),generation budget reached
interaction,spurious,0.03,300,4,9019,federated-tree-gp-style,0.0,0.3333333333333333,0.5,1.5019557675360104e-06,0.003993466089680439,0.0,1.0,1.0316675610001766,548992,1527,"expr:add(square(x3),square(x3));expr:cos(mul(cos(x3),x2));x1*x2",-0.002731 + 0.0004884*(sin(x4)+(x3)^2) + 0.2493*((x3)^2+(x3)^2) + 0.006535*cos((cos(x3)*x2)) + 0.9996*(x1*x2),generation budget reached
interaction,spurious,0.03,300,4,9019,centralized-residual-counterexample-gp,0.0,0.25,0.5,0.004039720638099939,0.023370965976855628,1.0,1.0,0.8226339949997055,0,1511,"expr:add(sin(x4),square(x3));expr:cos(mul(sin(x3),square(x3)));expr:square(add(cos(x1),square(x3)));x1*x2",0.4861 + 0.102*(sin(x4)+(x3)^2) - 0.3894*cos((sin(x3)*(x3)^2)) + 0.9994*(x1*x2) + 0.03508*((cos(x1)+(x3)^2))^2,generation budget reached
interaction,spurious,0.03,300,4,9020,fedfalsify-v05,1.0,1.0,1.0,2.9372266688948613e-06,0.004251771531354043,0.0,1.0,0.20530917800078896,180292,3,x1*x2;x3^2,-0.0009851 + 1.002·x₁x₂ + 0.4996·x₃²,target federated MSE reached; no replacement passed the federated certificate
interaction,spurious,0.03,300,4,9020,centralized-tree-gp,0.0,0.5,0.5,2.8429689544103057e-06,0.004250749960347,0.0,1.0,0.8777526280000529,0,1603,"expr:add(square(x3),square(x3));x1*x2",8.95e-05 + 0.2488*((x3)^2+(x3)^2) + 1.002*(x1*x2) + 0.0004115*((x3*x3))^2,generation budget reached
interaction,spurious,0.03,300,4,9020,federated-tree-gp-style,0.0,0.5,0.5,2.8429689544134897e-06,0.004250749960347,0.0,1.0,1.1060420939993492,651008,1603,"expr:add(square(x3),square(x3));x1*x2",8.95e-05 + 0.2488*((x3)^2+(x3)^2) + 1.002*(x1*x2) + 0.0004115*((x3*x3))^2,generation budget reached
interaction,spurious,0.03,300,4,9020,centralized-residual-counterexample-gp,0.0,0.5,0.5,2.9372266680896857e-06,0.004251771531354043,0.0,1.0,0.9145505699998466,0,1565,"expr:add(square(x3),square(x3));x1*x2",-0.0009851 + 0.2498*((x3)^2+(x3)^2) + 1.002*(x1*x2),generation budget reached
interaction,spurious,0.1,300,4,9016,fedfalsify-v05,1.0,1.0,1.0,3.398525114739991e-06,0.04625141046748714,0.0,1.0,0.31190387300011935,328340,3,x1*x2;x3^2,0.006814 + 1.001·x₁x₂ + 0.4982·x₃²,target federated MSE reached; no replacement passed the federated certificate
interaction,spurious,0.1,300,4,9016,centralized-tree-gp,0.0,0.5,0.5,0.00022779910754770055,0.04787421564437865,0.0,1.0,1.3427073170005315,0,1542,cos(x3);x1*x2,1.216 - 1.249*cos(x3) + 1.002*(x1*x2) + 0.0007243*(((x3)^2*(x3)^2))^2,generation budget reached
interaction,spurious,0.1,300,4,9016,federated-tree-gp-style,0.0,0.5,0.5,0.00022779910754769993,0.04787421564437865,0.0,1.0,1.7260793680006827,567808,1542,cos(x3);x1*x2,1.216 - 1.249*cos(x3) + 1.002*(x1*x2) + 0.0007243*(((x3)^2*(x3)^2))^2,generation budget reached
interaction,spurious,0.1,300,4,9016,centralized-residual-counterexample-gp,1.0,1.0,1.0,3.398525114737985e-06,0.04625141046748714,0.0,1.0,1.2692562100000941,0,1504,x1*x2;x3^2,0.006814 + 1.001*(x1*x2) + 0.4982*(x3*x3),generation budget reached
interaction,spurious,0.1,300,4,9017,fedfalsify-v05,1.0,1.0,1.0,4.938407993787707e-06,0.053553766322007805,0.0,1.0,0.30364586700034124,179779,3,x1*x2;x3^2,-0.00479 + 1·x₁x₂ + 0.4989·x₃²,target federated MSE reached; no replacement passed the federated certificate
interaction,spurious,0.1,300,4,9017,centralized-tree-gp,1.0,1.0,1.0,4.938407993790027e-06,0.053553766322007805,0.0,1.0,0.7505801160004921,0,1495,x1*x2;x3^2,-0.00479 + 1*(x1*x2) + 0.4989*(x3*x3),generation budget reached
interaction,spurious,0.1,300,4,9017,federated-tree-gp-style,1.0,1.0,1.0,4.93840799378768e-06,0.053553766322007805,0.0,1.0,0.9601987830001235,521920,1495,x1*x2;x3^2,-0.00479 + 1*(x1*x2) + 0.4989*(x3*x3),generation budget reached
interaction,spurious,0.1,300,4,9017,centralized-residual-counterexample-gp,1.0,1.0,1.0,4.938407993790027e-06,0.053553766322007805,0.0,1.0,0.7976932569999917,0,1500,x1*x2;x3^2,-0.00479 + 1*(x1*x2) + 0.4989*(x3*x3),generation budget reached
interaction,spurious,0.1,300,4,9018,fedfalsify-v05,1.0,1.0,1.0,4.378799574263072e-05,0.04863627439936387,0.0,1.0,0.19442911600071966,179615,3,x1*x2;x3^2,-0.02656 + 1.002·x₁x₂ + 0.511·x₃²,target federated MSE reached; no replacement passed the federated certificate
interaction,spurious,0.1,300,4,9018,centralized-tree-gp,0.0,0.5,0.5,0.0037894565502744767,0.07468299828747542,0.0,1.0,0.808884598000077,0,1535,"expr:sin(add(cos(x3),cos(x3)));x1*x2",1.288 + 1.002*(x1*x2) - 1.149*sin((cos(x3)+cos(x3))),generation budget reached
interaction,spurious,0.1,300,4,9018,federated-tree-gp-style,0.0,0.5,0.5,0.0037894565502744784,0.07468299828747543,0.0,1.0,1.0291634659997726,559936,1535,"expr:sin(add(cos(x3),cos(x3)));x1*x2",1.288 + 1.002*(x1*x2) - 1.149*sin((cos(x3)+cos(x3))),generation budget reached
interaction,spurious,0.1,300,4,9018,centralized-residual-counterexample-gp,0.0,0.3333333333333333,0.5,0.0028485532004551275,0.06764119853356329,1.0,1.0,0.9188283899993621,0,1580,"expr:add(sin(x4),square(x3));expr:sin(add(cos(x3),cos(x3)));x1*x2",0.9979 + 0.1139*(sin(x4)+(x3)^2) + 0.9938*(x1*x2) - 0.8891*sin((cos(x3)+cos(x3))),generation budget reached
interaction,spurious,0.1,300,4,9019,fedfalsify-v05,1.0,1.0,1.0,4.9540571377622115e-06,0.04446622798777232,0.0,1.0,0.19966725400081486,179974,3,x1*x2;x3^2,0.001709 + 0.9977·x₁x₂ + 0.4996·x₃²,target federated MSE reached; no replacement passed the federated certificate
interaction,spurious,0.1,300,4,9019,centralized-tree-gp,0.0,0.5,0.5,4.9540571375854924e-06,0.04446622798777231,0.0,1.0,0.7875287450005999,0,1511,"expr:square(add(x3,x3));x1*x2",0.001709 + 0.9977*(x1*x2) + 0.1249*((x3+x3))^2,generation budget reached
interaction,spurious,0.1,300,4,9019,federated-tree-gp-style,0.0,0.5,0.5,4.954057137581451e-06,0.04446622798777232,0.0,1.0,0.9811868070000855,519360,1511,"expr:square(add(x3,x3));x1*x2",0.001709 + 0.9977*(x1*x2) + 0.1249*((x3+x3))^2,generation budget reached
interaction,spurious,0.1,300,4,9019,centralized-residual-counterexample-gp,0.0,0.3333333333333333,0.5,0.0008314465350698557,0.04965561909907265,0.0,1.0,0.8521427449995826,0,1572,"expr:add(cos(x1),square(x3));x1*x2;x1^2",-0.4146 + 0.4937*(cos(x1)+(x3)^2) + 0.1369*(x1*x1) + 1.001*(x1*x2),generation budget reached
interaction,spurious,0.1,300,4,9020,fedfalsify-v05,1.0,1.0,1.0,3.263585192212674e-05,0.047241905903933804,0.0,1.0,0.21728255499965599,179801,3,x1*x2;x3^2,-0.003284 + 1.006·x₁x₂ + 0.4985·x₃²,target federated MSE reached; no replacement passed the federated certificate
interaction,spurious,0.1,300,4,9020,centralized-tree-gp,0.0,0.3333333333333333,0.5,8.68963563903262e-05,0.04787672354549323,0.0,1.0,0.7712960090002525,0,1538,"expr:square(add(sin(x3),x3));expr:square(mul(x3,x3));x1*x2",-0.01833 + 1.005*(x1*x2) + 0.1423*((sin(x3)+x3))^2 + 0.04837*((x3*x3))^2,generation budget reached
interaction,spurious,0.1,300,4,9020,federated-tree-gp-style,0.0,0.3333333333333333,0.5,8.689635639031688e-05,0.04787672354549323,0.0,1.0,1.2492450949994236,572032,1538,"expr:square(add(sin(x3),x3));expr:square(mul(x3,x3));x1*x2",-0.01833 + 1.005*(x1*x2) + 0.1423*((sin(x3)+x3))^2 + 0.04837*((x3*x3))^2,generation budget reached
interaction,spurious,0.1,300,4,9020,centralized-residual-counterexample-gp,0.0,0.25,0.5,4.040089937528193e-05,0.04723341576442406,0.0,1.0,1.3360610219997398,0,1553,"expr:square(add(sin(x3),x3));expr:square(mul(cos(x3),square(x3)));expr:square(mul(x3,x3));x1*x2",0.002187 + 1.006*(x1*x2) + 0.1274*((sin(x3)+x3))^2 - 0.02189*((cos(x3)*(x3)^2))^2 + 0.06167*((x3*x3))^2,generation budget reached
interaction,exception,0.03,300,4,9016,fedfalsify-v05,1.0,1.0,1.0,1.996093735915572e-06,0.00668064244902035,0.0,1.0,0.4964267100003781,247561,5,I(x3>1)*x3^2;x1*x2;x3^2,0.002603 + 0.9985·x₁x₂ + 0.7508·𝟙[x₃>1]·x₃² + 0.499·x₃²,target federated MSE reached; no replacement passed the federated certificate
interaction,exception,0.03,300,4,9016,centralized-tree-gp,0.0,0.0,0.0,0.21007425980745129,0.8592474009547277,1.0,0.0,1.4044973309992201,0,1601,"expr:add(sin(x1),x3);expr:add(sin(x4),square(x2));expr:square(add(x1,x2));expr:square(mul(x3,x3))",-0.183 + 0.4371*(sin(x1)+x3) - 0.2648*(sin(x4)+(x2)^2) + 0.3656*((x1+x2))^2 + 0.1564*((x3*x3))^2,generation budget reached
interaction,exception,0.03,300,4,9016,federated-tree-gp-style,0.0,0.0,0.0,0.21007425980745154,0.8592474009547277,1.0,0.0,1.5122332540004209,658624,1601,"expr:add(sin(x1),x3);expr:add(sin(x4),square(x2));expr:square(add(x1,x2));expr:square(mul(x3,x3))",-0.183 + 0.4371*(sin(x1)+x3) - 0.2648*(sin(x4)+(x2)^2) + 0.3656*((x1+x2))^2 + 0.1564*((x3*x3))^2,generation budget reached
interaction,exception,0.03,300,4,9016,centralized-residual-counterexample-gp,0.0,0.25,0.3333333333333333,0.05738144217650222,0.41620660875489063,0.0,0.0,0.9485813199999029,0,1581,"expr:add(cos(x1),cos(x2));expr:add(sin(x1),x3);expr:square(add(x1,x2));x3^2",-2.738 + 1.506*(cos(x1)+cos(x2)) + 0.4759*(sin(x1)+x3) + 0.8488*(x3*x3) + 0.4665*((x1+x2))^2,generation budget reached
interaction,exception,0.03,300,4,9017,fedfalsify-v05,1.0,1.0,1.0,6.32628304649193e-07,0.0076406877998346,0.0,1.0,0.3318599609992816,247667,5,I(x3>1)*x3^2;x1*x2;x3^2,-0.002236 + 1·x₁x₂ + 0.7512·𝟙[x₃>1]·x₃² + 0.5006·x₃²,target federated MSE reached; no replacement passed the federated certificate
interaction,exception,0.03,300,4,9017,centralized-tree-gp,0.0,0.25,0.3333333333333333,0.001553715698489497,0.025921043926433976,0.0,0.0,0.8473309609998978,0,1584,"cos(x3);expr:add(square(x3),x3);expr:sin(mul(cos(x3),sin(x3)));x1*x2",0.6249 + 0.6449*((x3)^2+x3) - 0.7888*cos(x3) + 0.9978*(x1*x2) - 0.8945*sin((cos(x3)*sin(x3))),generation budget reached
interaction,exception,0.03,300,4,9017,federated-tree-gp-style,0.0,0.25,0.3333333333333333,0.001553715698489495,0.02592104392643398,0.0,0.0,1.108510613999897,634176,1584,"cos(x3);expr:add(square(x3),x3);expr:sin(mul(cos(x3),sin(x3)));x1*x2",0.6249 + 0.6449*((x3)^2+x3) - 0.7888*cos(x3) + 0.9978*(x1*x2) - 0.8945*sin((cos(x3)*sin(x3))),generation budget reached
interaction,exception,0.03,300,4,9017,centralized-residual-counterexample-gp,0.0,0.25,0.3333333333333333,0.0012074362905646389,0.021524409124723344,0.0,0.0,0.9164626090005186,0,1596,"expr:add(cos(x3),x3);expr:add(square(x3),x3);expr:sin(add(x3,x3));x1*x2",0.08652 - 0.2021*(cos(x3)+x3) + 0.8359*((x3)^2+x3) + 0.997*(x1*x2) - 0.439*sin((x3+x3)),generation budget reached
interaction,exception,0.03,300,4,9018,fedfalsify-v05,1.0,1.0,1.0,9.929514807303233e-07,0.007226943713776869,0.0,1.0,0.305579160999514,247590,5,I(x3>1)*x3^2;x1*x2;x3^2,0.001984 + 0.9995·x₁x₂ + 0.7481·𝟙[x₃>1]·x₃² + 0.5001·x₃²,target federated MSE reached; no replacement passed the federated certificate
interaction,exception,0.03,300,4,9018,centralized-tree-gp,0.0,0.25,0.3333333333333333,0.012726428680751939,0.09020623305097118,0.0,0.0,0.8340891650004778,0,1546,"expr:add(square(x1),x3);expr:square(add(cos(x3),cos(x3)));expr:square(add(sin(x3),square(x3)));x1*x2",0.8228 + 0.05743*((x1)^2+x3) + 0.9813*(x1*x2) - 0.2792*((cos(x3)+cos(x3)))^2 + 0.1584*((sin(x3)+(x3)^2))^2,generation budget reached
interaction,exception,0.03,300,4,9018,federated-tree-gp-style,0.0,0.25,0.3333333333333333,0.012726428680752005,0.09020623305097117,0.0,0.0,1.060126321000098,590720,1546,"expr:add(square(x1),x3);expr:square(add(cos(x3),cos(x3)));expr:square(add(sin(x3),square(x3)));x1*x2",0.8228 + 0.05743*((x1)^2+x3) + 0.9813*(x1*x2) - 0.2792*((cos(x3)+cos(x3)))^2 + 0.1584*((sin(x3)+(x3)^2))^2,generation budget reached
interaction,exception,0.03,300,4,9018,centralized-residual-counterexample-gp,0.0,0.5,0.6666666666666666,0.00048287438691914836,0.011526918124892876,0.0,1.0,0.8884201750006469,0,1587,"I(x3>1)*x3^2;expr:mul(sin(x3),x3);expr:square(add(sin(x3),square(x3)));x1*x2",-0.06785 + 0.4869*I(x3>1)*((x3)^2) + 0.6871*(sin(x3)*x3) + 0.9999*(x1*x2) + 0.07827*((sin(x3)+(x3)^2))^2,generation budget reached
interaction,exception,0.03,300,4,9019,fedfalsify-v05,1.0,1.0,1.0,9.226038019749522e-06,0.006901612564774446,0.0,1.0,0.3070834560003277,247912,5,I(x3>1)*x3^2;x1*x2;x3^2,0.007287 + 0.9974·x₁x₂ + 0.7544·𝟙[x₃>1]·x₃² + 0.4952·x₃²,target federated MSE reached; no replacement passed the federated certificate
interaction,exception,0.03,300,4,9019,centralized-tree-gp,0.0,0.0,0.0,0.2885546123436076,0.7523958717088123,0.0,0.0,0.9547301749998951,0,1586,"expr:add(cos(x1),square(x3));expr:add(cos(x3),x3);expr:add(square(x1),square(x3));expr:mul(sin(x1),x2)",-1.472 + 0.7097*(cos(x1)+(x3)^2) + 0.6604*(cos(x3)+x3) + 0.3958*((x1)^2+(x3)^2) + 1.575*(sin(x1)*x2),generation budget reached
interaction,exception,0.03,300,4,9019,federated-tree-gp-style,0.0,0.0,0.0,0.2885546123436079,0.7523958717088124,0.0,0.0,1.3133323170004587,638848,1586,"expr:add(cos(x1),square(x3));expr:add(cos(x3),x3);expr:add(square(x1),square(x3));expr:mul(sin(x1),x2)",-1.472 + 0.7097*(cos(x1)+(x3)^2) + 0.6604*(cos(x3)+x3) + 0.3958*((x1)^2+(x3)^2) + 1.575*(sin(x1)*x2),generation budget reached
interaction,exception,0.03,300,4,9019,centralized-residual-counterexample-gp,0.0,0.0,0.0,0.2885546123436076,0.7523958717088123,0.0,0.0,1.4961289499997292,0,1599,"expr:add(cos(x1),square(x3));expr:add(cos(x3),x3);expr:add(square(x1),square(x3));expr:mul(sin(x1),x2)",-1.472 + 0.7097*(cos(x1)+(x3)^2) + 0.6604*(cos(x3)+x3) + 0.3958*((x1)^2+(x3)^2) + 1.575*(sin(x1)*x2),generation budget reached
interaction,exception,0.03,300,4,9020,fedfalsify-v05,1.0,1.0,1.0,7.350980758002307e-07,0.006626546692391225,0.0,1.0,0.47573145600017597,247900,5,I(x3>1)*x3^2;x1*x2;x3^2,-0.001862 + 0.9991·x₁x₂ + 0.7494·𝟙[x₃>1]·x₃² + 0.501·x₃²,target federated MSE reached; no replacement passed the federated certificate
interaction,exception,0.03,300,4,9020,centralized-tree-gp,0.0,0.0,0.0,0.38412448447202985,0.5353421190157004,0.0,0.0,1.4098285769996437,0,1595,"expr:add(square(x3),x3);expr:mul(sin(x1),x2);expr:mul(square(x1),square(x2));expr:sin(add(sin(x3),sin(x3)))",-0.2645 + 0.9117*((x3)^2+x3) + 1.459*(sin(x1)*x2) + 0.07689*((x1)^2*(x2)^2) - 0.4897*sin((sin(x3)+sin(x3))),generation budget reached
interaction,exception,0.03,300,4,9020,federated-tree-gp-style,0.0,0.0,0.0,0.38412448447202946,0.5353421190157004,0.0,0.0,1.4824238230003175,653056,1595,"expr:add(square(x3),x3);expr:mul(sin(x1),x2);expr:mul(square(x1),square(x2));expr:sin(add(sin(x3),sin(x3)))",-0.2645 + 0.9117*((x3)^2+x3) + 1.459*(sin(x1)*x2) + 0.07689*((x1)^2*(x2)^2) - 0.4897*sin((sin(x3)+sin(x3))),generation budget reached
interaction,exception,0.03,300,4,9020,centralized-residual-counterexample-gp,0.0,0.0,0.0,0.3913952663085185,0.6622221032647998,0.0,0.0,0.8328754750000371,0,1515,"expr:add(square(x3),x3);expr:mul(sin(x1),x2);expr:mul(square(x1),square(x2))",-0.044 + 0.8123*((x3)^2+x3) + 1.461*(sin(x1)*x2) + 0.07625*((x1)^2*(x2)^2),generation budget reached
interaction,exception,0.1,300,4,9016,fedfalsify-v05,1.0,1.0,1.0,2.2178819253436023e-05,0.07422936054467057,0.0,1.0,0.29996742100047413,246939,5,I(x3>1)*x3^2;x1*x2;x3^2,0.008678 + 0.9949·x₁x₂ + 0.7528·𝟙[x₃>1]·x₃² + 0.4967·x₃²,target federated MSE reached; no replacement passed the federated certificate
interaction,exception,0.1,300,4,9016,centralized-tree-gp,0.0,0.25,0.3333333333333333,0.0022220087037641257,0.10231575647494068,0.0,0.0,0.8407287190002535,0,1605,"expr:add(sin(x3),sin(x3));expr:add(square(x3),x3);expr:square(add(square(x3),x3));x1*x2",-0.03074 - 0.2698*(sin(x3)+sin(x3)) + 0.7528*((x3)^2+x3) + 0.9939*(x1*x2) + 0.02435*(((x3)^2+x3))^2,generation budget reached
interaction,exception,0.1,300,4,9016,federated-tree-gp-style,0.0,0.25,0.3333333333333333,0.0022220087037641183,0.10231575647494068,0.0,0.0,1.1099814640001568,638528,1605,"expr:add(sin(x3),sin(x3));expr:add(square(x3),x3);expr:square(add(square(x3),x3));x1*x2",-0.03074 - 0.2698*(sin(x3)+sin(x3)) + 0.7528*((x3)^2+x3) + 0.9939*(x1*x2) + 0.02435*(((x3)^2+x3))^2,generation budget reached
interaction,exception,0.1,300,4,9016,centralized-residual-counterexample-gp,0.0,0.25,0.3333333333333333,0.0015015158927567055,0.09189262999736524,0.0,0.0,0.8559694659998058,0,1556,"expr:add(square(x3),x3);expr:square(add(cos(x3),x3));expr:square(add(x3,x3));x1*x2",0.06277 + 0.5541*((x3)^2+x3) + 0.9963*(x1*x2) - 0.2433*((cos(x3)+x3))^2 + 0.1398*((x3+x3))^2,generation budget reached
interaction,exception,0.1,300,4,9017,fedfalsify-v05,1.0,1.0,1.0,7.029203404390908e-06,0.08489653110927332,0.0,1.0,0.3011188680002306,247080,5,I(x3>1)*x3^2;x1*x2;x3^2,-0.007454 + 1.001·x₁x₂ + 0.754·𝟙[x₃>1]·x₃² + 0.5019·x₃²,target federated MSE reached; no replacement passed the federated certificate
interaction,exception,0.1,300,4,9017,centralized-tree-gp,0.0,0.25,0.3333333333333333,0.00246705541401959,0.11942710586974814,0.0,0.0,0.8857321940004113,0,1619,"expr:add(square(x3),x3);expr:sin(add(x3,x3));expr:square(add(cos(x3),square(x3)));x1*x2",-0.01398 + 0.6611*((x3)^2+x3) + 0.9961*(x1*x2) - 0.4401*sin((x3+x3)) + 0.05935*((cos(x3)+(x3)^2))^2,generation budget reached
interaction,exception,0.1,300,4,9017,federated-tree-gp-style,0.0,0.25,0.3333333333333333,0.0024670554140196065,0.11942710586974814,0.0,0.0,1.1249369520000982,662528,1619,"expr:add(square(x3),x3);expr:sin(add(x3,x3));expr:square(add(cos(x3),square(x3)));x1*x2",-0.01398 + 0.6611*((x3)^2+x3) + 0.9961*(x1*x2) - 0.4401*sin((x3+x3)) + 0.05935*((cos(x3)+(x3)^2))^2,generation budget reached
interaction,exception,0.1,300,4,9017,centralized-residual-counterexample-gp,0.0,0.25,0.3333333333333333,0.0012420725183739545,0.1001237271254066,0.0,0.0,0.8891923420005696,0,1581,"expr:add(cos(x3),x3);expr:add(square(x3),x3);expr:sin(mul(cos(x3),sin(x3)));x1*x2",0.08294 - 0.2049*(cos(x3)+x3) + 0.8381*((x3)^2+x3) + 0.9975*(x1*x2) - 0.9305*sin((cos(x3)*sin(x3))),generation budget reached
interaction,exception,0.1,300,4,9018,fedfalsify-v05,1.0,1.0,1.0,1.1032794202617814e-05,0.08029937459752079,0.0,1.0,0.3170601439996972,246943,5,I(x3>1)*x3^2;x1*x2;x3^2,0.006615 + 0.9982·x₁x₂ + 0.7436·𝟙[x₃>1]·x₃² + 0.5003·x₃²,target federated MSE reached; no replacement passed the federated certificate
interaction,exception,0.1,300,4,9018,centralized-tree-gp,0.0,0.5,0.6666666666666666,0.0016714102258200067,0.10092683952745567,0.0,1.0,0.8525717920001625,0,1553,"I(x3>1)*x3^2;expr:sin(add(cos(x3),cos(x3)));expr:square(mul(cos(x3),sin(x3)));x1*x2",1.11 + 0.7683*I(x3>1)*((x3)^2) + 1.001*(x1*x2) - 1.128*sin((cos(x3)+cos(x3))) + 1.331*((cos(x3)*sin(x3)))^2,generation budget reached
interaction,exception,0.1,300,4,9018,federated-tree-gp-style,0.0,0.5,0.6666666666666666,0.001671410225820015,0.10092683952745567,0.0,1.0,1.1288152690003699,598720,1553,"I(x3>1)*x3^2;expr:sin(add(cos(x3),cos(x3)));expr:square(mul(cos(x3),sin(x3)));x1*x2",1.11 + 0.7683*I(x3>1)*((x3)^2) + 1.001*(x1*x2) - 1.128*sin((cos(x3)+cos(x3))) + 1.331*((cos(x3)*sin(x3)))^2,generation budget reached
interaction,exception,0.1,300,4,9018,centralized-residual-counterexample-gp,0.0,0.5,0.6666666666666666,0.0016714102258200067,0.10092683952745567,0.0,1.0,1.4421344869997483,0,1596,"I(x3>1)*x3^2;expr:sin(add(cos(x3),cos(x3)));expr:square(mul(cos(x3),sin(x3)));x1*x2",1.11 + 0.7683*I(x3>1)*((x3)^2) + 1.001*(x1*x2) - 1.128*sin((cos(x3)+cos(x3))) + 1.331*((cos(x3)*sin(x3)))^2,generation budget reached
interaction,exception,0.1,300,4,9019,fedfalsify-v05,1.0,1.0,1.0,0.00010251153349885373,0.07668458405304937,0.0,1.0,0.49488764600027935,247307,5,I(x3>1)*x3^2;x1*x2;x3^2,0.02429 + 0.9914·x₁x₂ + 0.7648·𝟙[x₃>1]·x₃² + 0.4841·x₃²,target federated MSE reached; no replacement passed the federated certificate
interaction,exception,0.1,300,4,9019,centralized-tree-gp,0.0,0.0,0.0,0.27383016741792154,0.8423104204094248,0.0,0.0,1.3581712300001527,0,1593,"cos(x1);expr:add(square(x3),x3);expr:mul(sin(x1),x2);expr:sin(add(cos(x2),x3))",0.3703 + 0.8664*((x3)^2+x3) - 0.5517*cos(x1) + 1.537*(sin(x1)*x2) - 0.4589*sin((cos(x2)+x3)),generation budget reached
interaction,exception,0.1,300,4,9019,federated-tree-gp-style,0.0,0.0,0.0,0.2738301674179212,0.8423104204094246,0.0,0.0,1.6333397050002532,627136,1593,"cos(x1);expr:add(square(x3),x3);expr:mul(sin(x1),x2);expr:sin(add(cos(x2),x3))",0.3703 + 0.8664*((x3)^2+x3) - 0.5517*cos(x1) + 1.537*(sin(x1)*x2) - 0.4589*sin((cos(x2)+x3)),generation budget reached
interaction,exception,0.1,300,4,9019,centralized-residual-counterexample-gp,0.0,0.25,0.3333333333333333,0.28151991687922373,0.7844066107452534,0.0,1.0,0.8456305269992299,0,1578,"I(x3>1)*x3^2;expr:add(cos(x3),x3);expr:mul(sin(x1),x2);x1^2",0.3981 - 0.5007*(cos(x3)+x3) + 1.307*I(x3>1)*((x3)^2) + 1.545*(sin(x1)*x2) + 0.1941*(x1*x1),generation budget reached
interaction,exception,0.1,300,4,9020,fedfalsify-v05,1.0,1.0,1.0,8.16775637724893e-06,0.07362829658212476,0.0,1.0,0.48665513200012356,555600,5,I(x3>1)*x3^2;x1*x2;x3^2,-0.006207 + 0.9971·x₁x₂ + 0.748·𝟙[x₃>1]·x₃² + 0.5035·x₃²,target federated MSE reached; no replacement passed the federated certificate
interaction,exception,0.1,300,4,9020,centralized-tree-gp,0.0,0.0,0.0,0.2755329934030905,0.924632790992294,0.0,0.0,0.9438177550000546,0,1615,"expr:add(square(x1),square(x3));expr:add(square(x3),x3);expr:mul(sin(x1),x2)",-0.2404 + 0.1797*((x1)^2+(x3)^2) + 0.7068*((x3)^2+x3) + 1.571*(sin(x1)*x2),generation budget reached
interaction,exception,0.1,300,4,9020,federated-tree-gp-style,0.0,0.0,0.0,0.2755329934030903,0.9246327909922941,0.0,0.0,1.1989660879999064,667648,1615,"expr:add(square(x1),square(x3));expr:add(square(x3),x3);expr:mul(sin(x1),x2)",-0.2404 + 0.1797*((x1)^2+(x3)^2) + 0.7068*((x3)^2+x3) + 1.571*(sin(x1)*x2),generation budget reached
interaction,exception,0.1,300,4,9020,centralized-residual-counterexample-gp,0.0,0.0,0.0,0.18624946124063252,0.7590317722089588,1.0,0.0,0.9284321340001043,0,1586,"expr:add(sin(x4),square(x3));expr:add(square(x3),x3);expr:mul(sin(x1),x2);expr:mul(sin(x2),x1)",0.04019 + 0.1597*(sin(x4)+(x3)^2) + 0.7412*((x3)^2+x3) + 1.012*(sin(x1)*x2) + 0.8513*(sin(x2)*x1),generation budget reached
