benchmark,scenario,noise_ratio,samples_per_client,num_clients,seed,method,exact_recovery,term_precision,term_recall,test_nmse,train_mse,spurious_accepted,exception_recovered,runtime_seconds,communication_bytes,search_evaluations,discovered_terms,expression,stop_reason
base,complementary,0.03,300,4,9006,fedfalsify-v05,1.0,1.0,1.0,1.911364736511285e-06,0.007816584013229644,0.0,1.0,0.6883392089998779,238264,5,sin(x2);x1;x3^2,0.001731 + 1.999·x₁ + 0.4982·x₃² + 0.9966·sin(x₂),target federated MSE reached; no replacement passed the federated certificate
base,complementary,0.03,300,4,9006,centralized-tree-gp,0.0,0.0,0.0,1.9113647283422894e-06,0.007816584013229641,0.0,1.0,3.360258052000063,0,1572,"expr:add(sin(x2),square(x3));expr:add(sin(x2),x1);expr:add(x1,x1)",0.001731 + 0.4982*(sin(x2)+(x3)^2) + 0.4984*(sin(x2)+x1) + 0.7502*(x1+x1),generation budget reached
base,complementary,0.03,300,4,9006,federated-tree-gp-style,0.0,0.0,0.0,1.9113647283433566e-06,0.007816584013229644,0.0,1.0,2.361676774999978,606528,1572,"expr:add(sin(x2),square(x3));expr:add(sin(x2),x1);expr:add(x1,x1)",0.001731 + 0.4982*(sin(x2)+(x3)^2) + 0.4984*(sin(x2)+x1) + 0.7502*(x1+x1),generation budget reached
base,complementary,0.03,300,4,9006,centralized-residual-counterexample-gp,0.0,0.0,0.0,1.9113647283422894e-06,0.007816584013229641,0.0,1.0,0.8407876269998269,0,1547,"expr:add(sin(x2),square(x3));expr:add(sin(x2),x1);expr:add(x1,x1)",0.001731 + 0.4982*(sin(x2)+(x3)^2) + 0.4984*(sin(x2)+x1) + 0.7502*(x1+x1),generation budget reached
base,complementary,0.03,300,4,9007,fedfalsify-v05,1.0,1.0,1.0,3.5794267156664244e-06,0.007612524602412729,0.0,1.0,0.2808632450000914,238513,5,sin(x2);x1;x3^2,-0.002844 + 2.001·x₁ + 0.503·x₃² + 0.998·sin(x₂),target federated MSE reached; no replacement passed the federated certificate
base,complementary,0.03,300,4,9007,centralized-tree-gp,0.0,0.3333333333333333,0.3333333333333333,3.5794267071906383e-06,0.007612524602412727,0.0,1.0,0.8825072110000747,0,1608,"expr:add(sin(x2),square(x3));expr:add(sin(x2),x1);x1",-0.002844 + 0.503*(sin(x2)+(x3)^2) + 0.4951*(sin(x2)+x1) + 1.506*x1,generation budget reached
base,complementary,0.03,300,4,9007,federated-tree-gp-style,0.0,0.3333333333333333,0.3333333333333333,3.5794267071911126e-06,0.007612524602412729,0.0,1.0,1.122056238000141,657600,1608,"expr:add(sin(x2),square(x3));expr:add(sin(x2),x1);x1",-0.002844 + 0.503*(sin(x2)+(x3)^2) + 0.4951*(sin(x2)+x1) + 1.506*x1,generation budget reached
base,complementary,0.03,300,4,9007,centralized-residual-counterexample-gp,0.0,0.0,0.0,4.464935647303529e-06,0.007597218175076576,0.0,1.0,0.9158287660000042,0,1607,"expr:add(sin(x2),square(x3));expr:add(sin(x2),x1);expr:add(x1,x1)",-0.003272 + 0.5064*(sin(x2)+(x3)^2) + 0.4916*(sin(x2)+x1) + 0.756*(x1+x1) - 0.000769*(((x3)^2+x1))^2,generation budget reached
base,complementary,0.03,300,4,9008,fedfalsify-v05,1.0,1.0,1.0,2.2072916059011736e-06,0.007792168508862531,0.0,1.0,0.4287797029999183,421170,5,sin(x2);x1;x3^2,0.00102 + 1.999·x₁ + 0.4979·x₃² + 1.002·sin(x₂),target federated MSE reached; no replacement passed the federated certificate
base,complementary,0.03,300,4,9008,centralized-tree-gp,0.0,0.0,0.0,0.009576722159866139,0.06516502648286221,0.0,1.0,0.8501843960000315,0,1598,"expr:add(sin(x2),x1);expr:add(x1,x1);expr:sin(add(cos(x3),sin(x1)));expr:square(add(cos(x1),square(x3)))",0.5106 + 1*(sin(x2)+x1) + 0.5857*(x1+x1) - 0.5153*sin((cos(x3)+sin(x1))) + 0.062*((cos(x1)+(x3)^2))^2,generation budget reached
base,complementary,0.03,300,4,9008,federated-tree-gp-style,0.0,0.0,0.0,0.009576722159866102,0.06516502648286222,0.0,1.0,1.1399759319999703,631168,1598,"expr:add(sin(x2),x1);expr:add(x1,x1);expr:sin(add(cos(x3),sin(x1)));expr:square(add(cos(x1),square(x3)))",0.5106 + 1*(sin(x2)+x1) + 0.5857*(x1+x1) - 0.5153*sin((cos(x3)+sin(x1))) + 0.062*((cos(x1)+(x3)^2))^2,generation budget reached
base,complementary,0.03,300,4,9008,centralized-residual-counterexample-gp,0.0,0.25,0.3333333333333333,0.01035114440582195,0.09677566668539361,0.0,1.0,0.9162848099999792,0,1618,"expr:add(sin(x2),x1);expr:sin(add(cos(x3),sin(x1)));expr:square(add(sin(x3),square(x3)));x1",0.6228 + 0.9562*(sin(x2)+x1) - 0.6417*sin((cos(x3)+sin(x1))) + 0.05574*((sin(x3)+(x3)^2))^2 + 1.246*x1,generation budget reached
base,complementary,0.03,300,4,9009,fedfalsify-v05,1.0,1.0,1.0,3.952097609926752e-06,0.007610551751624929,0.0,1.0,0.4959756910000124,238321,5,sin(x2);x1;x3^2,0.003793 + 1.997·x₁ + 0.5001·x₃² + 1.004·sin(x₂),target federated MSE reached; no replacement passed the federated certificate
base,complementary,0.03,300,4,9009,centralized-tree-gp,0.0,0.3333333333333333,0.3333333333333333,0.008520572409576675,0.08542878812755887,0.0,1.0,1.426163679999945,0,1613,"expr:add(sin(x2),x1);expr:square(add(cos(x2),square(x3)));x1",0.2862 + 0.9936*(sin(x2)+x1) + 0.0728*((cos(x2)+(x3)^2))^2 + 0.000956*(((x2)^2*(x3)^2))^2 + 1.009*x1,generation budget reached
base,complementary,0.03,300,4,9009,federated-tree-gp-style,0.0,0.3333333333333333,0.3333333333333333,0.0085205724095767,0.08542878812755884,0.0,1.0,1.8925855299999057,652224,1613,"expr:add(sin(x2),x1);expr:square(add(cos(x2),square(x3)));x1",0.2862 + 0.9936*(sin(x2)+x1) + 0.0728*((cos(x2)+(x3)^2))^2 + 0.000956*(((x2)^2*(x3)^2))^2 + 1.009*x1,generation budget reached
base,complementary,0.03,300,4,9009,centralized-residual-counterexample-gp,0.0,0.0,0.0,0.007958213848166749,0.05619415452872147,0.0,1.0,1.2849602399999185,0,1624,"expr:add(sin(x2),x1);expr:add(x1,x1);expr:cos(add(cos(x3),cos(x3)));expr:square(add(cos(x2),square(x3)))",0.1866 + 0.9815*(sin(x2)+x1) + 0.5076*(x1+x1) + 0.5344*cos((cos(x3)+cos(x3))) + 0.06864*((cos(x2)+(x3)^2))^2,generation budget reached
base,complementary,0.03,300,4,9010,fedfalsify-v05,1.0,1.0,1.0,1.4635983146532082e-06,0.007964440498238223,0.0,1.0,0.3022956120000799,238384,5,sin(x2);x1;x3^2,0.005129 + 2·x₁ + 0.4978·x₃² + 1.002·sin(x₂),target federated MSE reached; no replacement passed the federated certificate
base,complementary,0.03,300,4,9010,centralized-tree-gp,0.0,0.3333333333333333,0.3333333333333333,1.4613194069170692e-06,0.007964361709375069,0.0,1.0,1.0236203970000588,0,1582,"expr:add(sin(x2),x1);expr:add(x1,x1);x3^2",0.00437 + 0.0008557*(cos(x3)+sin(x1)) + 1.002*(sin(x2)+x1) + 0.4989*(x1+x1) + 0.4981*(x3*x3),generation budget reached
base,complementary,0.03,300,4,9010,federated-tree-gp-style,0.0,0.3333333333333333,0.3333333333333333,1.4613194069174997e-06,0.007964361709375065,0.0,1.0,1.2147799379999924,642176,1582,"expr:add(sin(x2),x1);expr:add(x1,x1);x3^2",0.00437 + 0.0008557*(cos(x3)+sin(x1)) + 1.002*(sin(x2)+x1) + 0.4989*(x1+x1) + 0.4981*(x3*x3),generation budget reached
base,complementary,0.03,300,4,9010,centralized-residual-counterexample-gp,0.0,0.3333333333333333,0.3333333333333333,1.4613194069170692e-06,0.007964361709375069,0.0,1.0,0.871827015000008,0,1587,"expr:add(sin(x2),x1);expr:add(x1,x1);x3^2",0.00437 + 0.0008557*(cos(x3)+sin(x1)) + 1.002*(sin(x2)+x1) + 0.4989*(x1+x1) + 0.4981*(x3*x3),generation budget reached
base,complementary,0.1,300,4,9006,fedfalsify-v05,1.0,1.0,1.0,2.1237385873700482e-05,0.08685093348032939,0.0,1.0,0.2740797510000448,237755,5,sin(x2);x1;x3^2,0.005768 + 1.996·x₁ + 0.494·x₃² + 0.9887·sin(x₂),target federated MSE reached; no replacement passed the federated certificate
base,complementary,0.1,300,4,9006,centralized-tree-gp,0.0,0.0,0.0,3.0174530741870936e-05,0.08681302750245298,0.0,1.0,0.8273714459999155,0,1576,"expr:add(sin(x1),square(x3));expr:add(sin(x1),x1);expr:add(sin(x2),x1);expr:add(x1,x1)",0.006486 + 0.494*(sin(x1)+(x3)^2) - 0.4753*(sin(x1)+x1) + 0.9896*(sin(x2)+x1) + 0.7363*(x1+x1),generation budget reached
base,complementary,0.1,300,4,9006,federated-tree-gp-style,0.0,0.0,0.0,3.01745307419625e-05,0.08681302750245298,0.0,1.0,1.0704947199999424,613568,1576,"expr:add(sin(x1),square(x3));expr:add(sin(x1),x1);expr:add(sin(x2),x1);expr:add(x1,x1)",0.006486 + 0.494*(sin(x1)+(x3)^2) - 0.4753*(sin(x1)+x1) + 0.9896*(sin(x2)+x1) + 0.7363*(x1+x1),generation budget reached
base,complementary,0.1,300,4,9006,centralized-residual-counterexample-gp,0.0,0.0,0.0,3.0174530741870936e-05,0.08681302750245298,0.0,1.0,0.8844853129999137,0,1584,"expr:add(sin(x1),square(x3));expr:add(sin(x1),x1);expr:add(sin(x2),x1);expr:add(x1,x1)",0.006486 + 0.494*(sin(x1)+(x3)^2) - 0.4753*(sin(x1)+x1) + 0.9896*(sin(x2)+x1) + 0.7363*(x1+x1),generation budget reached
base,complementary,0.1,300,4,9007,fedfalsify-v05,1.0,1.0,1.0,3.977140800933047e-05,0.08458360669347478,0.0,1.0,0.2967523610000171,237982,5,sin(x2);x1;x3^2,-0.009479 + 2.004·x₁ + 0.5099·x₃² + 0.9934·sin(x₂),target federated MSE reached; no replacement passed the federated certificate
base,complementary,0.1,300,4,9007,centralized-tree-gp,0.0,0.3333333333333333,0.3333333333333333,3.977140798029243e-05,0.08458360669347478,0.0,1.0,0.8759823299999425,0,1611,"expr:add(sin(x2),square(x3));expr:add(sin(x2),x1);x1",-0.009479 + 0.5099*(sin(x2)+(x3)^2) + 0.4835*(sin(x2)+x1) + 1.52*x1,generation budget reached
base,complementary,0.1,300,4,9007,federated-tree-gp-style,0.0,0.3333333333333333,0.3333333333333333,3.977140798028884e-05,0.08458360669347478,0.0,1.0,1.1261120239998945,655936,1611,"expr:add(sin(x2),square(x3));expr:add(sin(x2),x1);x1",-0.009479 + 0.5099*(sin(x2)+(x3)^2) + 0.4835*(sin(x2)+x1) + 1.52*x1,generation budget reached
base,complementary,0.1,300,4,9007,centralized-residual-counterexample-gp,0.0,0.3333333333333333,0.3333333333333333,3.977140798029243e-05,0.08458360669347478,0.0,1.0,1.0729059069999494,0,1636,"expr:add(sin(x2),square(x3));expr:add(sin(x2),x1);x1",-0.009479 + 0.5099*(sin(x2)+(x3)^2) + 0.4835*(sin(x2)+x1) + 1.52*x1,generation budget reached
base,complementary,0.1,300,4,9008,fedfalsify-v05,1.0,1.0,1.0,2.452546224913532e-05,0.08657965009847257,0.0,1.0,0.5934205159999237,420570,5,sin(x2);x1;x3^2,0.003401 + 1.997·x₁ + 0.4932·x₃² + 1.006·sin(x₂),target federated MSE reached; no replacement passed the federated certificate
base,complementary,0.1,300,4,9008,centralized-tree-gp,0.0,0.25,0.3333333333333333,0.02459677780506858,0.21662277985071304,0.0,1.0,1.339571726999793,0,1580,"expr:add(cos(x1),sin(x1));expr:add(cos(x3),sin(x1));expr:add(sin(x2),x1);x1",1.082 + 0.2795*(cos(x1)+sin(x1)) - 1.105*(cos(x3)+sin(x1)) + 0.9881*(sin(x2)+x1) + 1.408*x1,generation budget reached
base,complementary,0.1,300,4,9008,federated-tree-gp-style,0.0,0.25,0.3333333333333333,0.024596777805068547,0.216622779850713,0.0,1.0,1.7355060600000343,629248,1580,"expr:add(cos(x1),sin(x1));expr:add(cos(x3),sin(x1));expr:add(sin(x2),x1);x1",1.082 + 0.2795*(cos(x1)+sin(x1)) - 1.105*(cos(x3)+sin(x1)) + 0.9881*(sin(x2)+x1) + 1.408*x1,generation budget reached
base,complementary,0.1,300,4,9008,centralized-residual-counterexample-gp,0.0,0.3333333333333333,0.3333333333333333,0.005386393988873072,0.12971058084598355,0.0,1.0,1.1434275799999796,0,1566,"expr:add(sin(x2),x1);expr:square(add(cos(x3),square(x3)));x1",0.1207 + 1.016*(sin(x2)+x1) + 0.1323*((cos(x3)+(x3)^2))^2 + 0.9805*x1,generation budget reached
base,complementary,0.1,300,4,9009,fedfalsify-v05,1.0,1.0,1.0,4.391219562543952e-05,0.08456168612916588,0.0,1.0,0.2992271860000528,237787,5,sin(x2);x1;x3^2,0.01264 + 1.989·x₁ + 0.5003·x₃² + 1.013·sin(x₂),target federated MSE reached; no replacement passed the federated certificate
base,complementary,0.1,300,4,9009,centralized-tree-gp,0.0,0.3333333333333333,0.3333333333333333,4.3912195658283706e-05,0.08456168612916587,0.0,1.0,0.8447200620000785,0,1600,"expr:add(sin(x2),square(x3));expr:add(sin(x2),x1);x1",0.01264 + 0.5003*(sin(x2)+(x3)^2) + 0.5128*(sin(x2)+x1) + 1.477*x1,generation budget reached
base,complementary,0.1,300,4,9009,federated-tree-gp-style,0.0,0.3333333333333333,0.3333333333333333,4.391219565830274e-05,0.08456168612916588,0.0,1.0,1.08562833100018,639168,1600,"expr:add(sin(x2),square(x3));expr:add(sin(x2),x1);x1",0.01264 + 0.5003*(sin(x2)+(x3)^2) + 0.5128*(sin(x2)+x1) + 1.477*x1,generation budget reached
base,complementary,0.1,300,4,9009,centralized-residual-counterexample-gp,0.0,0.25,0.3333333333333333,5.992808439108419e-05,0.08450565898812647,0.0,1.0,0.9007075259999056,0,1593,"expr:add(sin(x2),x1);expr:add(square(x2),square(x3));expr:add(square(x2),x1);x1",0.006213 + 1.014*(sin(x2)+x1) + 0.4999*((x2)^2+(x3)^2) - 0.4967*((x2)^2+x1) + 1.472*x1,generation budget reached
base,complementary,0.1,300,4,9010,fedfalsify-v05,1.0,1.0,1.0,1.6262203492785198e-05,0.08849378331375801,0.0,1.0,0.3055318960000477,237732,5,sin(x2);x1;x3^2,0.0171 + 2·x₁ + 0.4927·x₃² + 1.006·sin(x₂),target federated MSE reached; no replacement passed the federated certificate
base,complementary,0.1,300,4,9010,centralized-tree-gp,0.0,0.0,0.0,0.005014158794161785,0.12156278761480195,0.0,1.0,0.8674886080000306,0,1586,"expr:add(cos(x3),cos(x3));expr:add(sin(x1),x1);expr:add(sin(x2),x1);expr:sin(add(cos(x3),sin(x1)))",1.355 - 0.4799*(cos(x3)+cos(x3)) + 0.7774*(sin(x1)+x1) + 1.06*(sin(x2)+x1) - 0.6918*sin((cos(x3)+sin(x1))),generation budget reached
base,complementary,0.1,300,4,9010,federated-tree-gp-style,0.0,0.0,0.0,0.005014158794161754,0.12156278761480195,0.0,1.0,1.1989509939999152,644224,1586,"expr:add(cos(x3),cos(x3));expr:add(sin(x1),x1);expr:add(sin(x2),x1);expr:sin(add(cos(x3),sin(x1)))",1.355 - 0.4799*(cos(x3)+cos(x3)) + 0.7774*(sin(x1)+x1) + 1.06*(sin(x2)+x1) - 0.6918*sin((cos(x3)+sin(x1))),generation budget reached
base,complementary,0.1,300,4,9010,centralized-residual-counterexample-gp,0.0,0.0,0.0,0.005014158794161785,0.12156278761480195,0.0,1.0,0.9288006719998521,0,1582,"expr:add(cos(x3),cos(x3));expr:add(sin(x1),x1);expr:add(sin(x2),x1);expr:sin(add(cos(x3),sin(x1)))",1.355 - 0.4799*(cos(x3)+cos(x3)) + 0.7774*(sin(x1)+x1) + 1.06*(sin(x2)+x1) - 0.6918*sin((cos(x3)+sin(x1))),generation budget reached
base,spurious,0.03,300,4,9006,fedfalsify-v05,1.0,1.0,1.0,3.880674298661868e-06,0.007597557109540195,0.0,1.0,0.2998796570000195,238339,5,sin(x2);x1;x3^2,-0.005414 + 1.999·x₁ + 0.5035·x₃² + 0.9972·sin(x₂),target federated MSE reached; no replacement passed the federated certificate
base,spurious,0.03,300,4,9006,centralized-tree-gp,0.0,0.0,0.0,0.0002579710459622389,0.010241309599861768,0.0,1.0,0.7694213590000345,0,1517,"expr:add(sin(x1),x1);expr:add(sin(x2),x1);expr:add(square(x3),x1);expr:sin(add(sin(x1),sin(x2)))",-0.01202 + 0.259*(sin(x1)+x1) + 1.196*(sin(x2)+x1) + 0.5074*((x3)^2+x1) - 0.2887*sin((sin(x1)+sin(x2))),generation budget reached
base,spurious,0.03,300,4,9006,federated-tree-gp-style,0.0,0.0,0.0,0.00025797104596224975,0.01024130959986177,0.0,1.0,0.9944206999998642,561728,1517,"expr:add(sin(x1),x1);expr:add(sin(x2),x1);expr:add(square(x3),x1);expr:sin(add(sin(x1),sin(x2)))",-0.01202 + 0.259*(sin(x1)+x1) + 1.196*(sin(x2)+x1) + 0.5074*((x3)^2+x1) - 0.2887*sin((sin(x1)+sin(x2))),generation budget reached
base,spurious,0.03,300,4,9006,centralized-residual-counterexample-gp,0.0,0.0,0.0,4.426421276069827e-06,0.007594842386146657,0.0,1.0,0.8923444669999299,0,1563,"expr:add(sin(x1),sin(x2));expr:add(sin(x1),x1);expr:add(sin(x2),x1);expr:add(square(x3),x1)",-0.005312 - 0.2456*(sin(x1)+sin(x2)) + 0.2506*(sin(x1)+x1) + 1.243*(sin(x2)+x1) + 0.5035*((x3)^2+x1),generation budget reached
base,spurious,0.03,300,4,9007,fedfalsify-v05,0.0,0.75,1.0,2.1993242903339943e-05,0.007274884828038722,0.0,1.0,0.44925955200005774,238421,5,sin(x2);x1;x2;x3^2,0.005048 + 1.994·x₁ + 0.01087·x₂ + 0.4989·x₃² + 0.9837·sin(x₂),target federated MSE reached; no replacement passed the federated certificate
base,spurious,0.03,300,4,9007,centralized-tree-gp,0.0,0.3333333333333333,0.3333333333333333,5.607367012379312e-06,0.007352501777773489,0.0,1.0,1.3694449569998142,0,1620,"expr:add(sin(x2),square(x3));expr:add(sin(x2),x1);x1",0.004693 + 0.4987*(sin(x2)+(x3)^2) + 0.5035*(sin(x2)+x1) + 1.492*x1,generation budget reached
base,spurious,0.03,300,4,9007,federated-tree-gp-style,0.0,0.3333333333333333,0.3333333333333333,5.607367012379808e-06,0.007352501777773487,0.0,1.0,1.8007495309998376,669696,1620,"expr:add(sin(x2),square(x3));expr:add(sin(x2),x1);x1",0.004693 + 0.4987*(sin(x2)+(x3)^2) + 0.5035*(sin(x2)+x1) + 1.492*x1,generation budget reached
base,spurious,0.03,300,4,9007,centralized-residual-counterexample-gp,0.0,0.3333333333333333,0.3333333333333333,5.607367012379312e-06,0.007352501777773489,0.0,1.0,1.3588339400000677,0,1586,"expr:add(sin(x2),square(x3));expr:add(sin(x2),x1);x1",0.004693 + 0.4987*(sin(x2)+(x3)^2) + 0.5035*(sin(x2)+x1) + 1.492*x1,generation budget reached
base,spurious,0.03,300,4,9008,fedfalsify-v05,1.0,1.0,1.0,1.0221895106611302e-06,0.007625910772430166,0.0,1.0,0.2832318270000087,238379,5,sin(x2);x1;x3^2,-0.001505 + 1.998·x₁ + 0.5008·x₃² + 1.001·sin(x₂),target federated MSE reached; no replacement passed the federated certificate
base,spurious,0.03,300,4,9008,centralized-tree-gp,0.0,0.6666666666666666,0.6666666666666666,1.0221895089634549e-06,0.007625910772430163,0.0,1.0,0.8612934500001757,0,1619,"expr:add(sin(x2),x1);x1;x3^2",-0.001505 + 1.001*(sin(x2)+x1) + 0.5008*(x3*x3) + 0.997*x1,generation budget reached
base,spurious,0.03,300,4,9008,federated-tree-gp-style,0.0,0.6666666666666666,0.6666666666666666,1.022189508964833e-06,0.007625910772430166,0.0,1.0,1.1743613280000318,649408,1619,"expr:add(sin(x2),x1);x1;x3^2",-0.001505 + 1.001*(sin(x2)+x1) + 0.5008*(x3*x3) + 0.997*x1,generation budget reached
base,spurious,0.03,300,4,9008,centralized-residual-counterexample-gp,0.0,0.0,0.0,0.008031804146755325,0.03896362267680135,0.0,1.0,0.9310031119998712,0,1598,"expr:add(sin(x2),x1);expr:add(x1,x1);expr:cos(add(cos(x3),square(x3)));expr:square(add(cos(x1),square(x3)))",0.3373 + 0.9999*(sin(x2)+x1) + 0.4963*(x1+x1) - 0.5389*cos((cos(x3)+(x3)^2)) + 0.06248*((cos(x1)+(x3)^2))^2,generation budget reached
base,spurious,0.03,300,4,9009,fedfalsify-v05,1.0,1.0,1.0,2.3038585313356395e-06,0.007197385122889557,0.0,1.0,0.29318900100020073,238527,5,sin(x2);x1;x3^2,0.0003451 + 1.999·x₁ + 0.4993·x₃² + 0.9934·sin(x₂),target federated MSE reached; no replacement passed the federated certificate
base,spurious,0.03,300,4,9009,centralized-tree-gp,0.0,0.3333333333333333,0.3333333333333333,2.3038585225921495e-06,0.007197385122889557,0.0,1.0,0.8531510370000888,0,1583,"expr:add(sin(x2),x1);expr:add(square(x3),x1);x1",0.0003451 + 0.9934*(sin(x2)+x1) + 0.4993*((x3)^2+x1) + 0.5059*x1,generation budget reached
base,spurious,0.03,300,4,9009,federated-tree-gp-style,0.0,0.3333333333333333,0.3333333333333333,2.3038585225912766e-06,0.007197385122889555,0.0,1.0,1.1240246819997992,632832,1583,"expr:add(sin(x2),x1);expr:add(square(x3),x1);x1",0.0003451 + 0.9934*(sin(x2)+x1) + 0.4993*((x3)^2+x1) + 0.5059*x1,generation budget reached
base,spurious,0.03,300,4,9009,centralized-residual-counterexample-gp,0.0,0.3333333333333333,0.3333333333333333,2.3038585225921495e-06,0.007197385122889557,0.0,1.0,0.944730644999936,0,1616,"expr:add(sin(x2),x1);expr:add(square(x3),x1);x1",0.0003451 + 0.9934*(sin(x2)+x1) + 0.4993*((x3)^2+x1) + 0.5059*x1,generation budget reached
base,spurious,0.03,300,4,9010,fedfalsify-v05,1.0,1.0,1.0,1.504837124657331e-06,0.008498882849003476,0.0,1.0,0.3123395679999703,238650,5,sin(x2);x1;x3^2,0.004904 + 2.001·x₁ + 0.4993·x₃² + 1.003·sin(x₂),target federated MSE reached; no replacement passed the federated certificate
base,spurious,0.03,300,4,9010,centralized-tree-gp,0.0,0.25,0.3333333333333333,0.0014316282684523906,0.017256316225509147,0.0,1.0,0.8451360679998743,0,1591,"expr:add(cos(x3),cos(x3));expr:add(sin(x1),square(x3));expr:add(x1,x1);sin(x2)",0.9324 - 0.4937*(cos(x3)+cos(x3)) + 0.1575*(sin(x1)+(x3)^2) + 0.9621*(x1+x1) + 1.007*sin(x2),generation budget reached
base,spurious,0.03,300,4,9010,federated-tree-gp-style,0.0,0.25,0.3333333333333333,0.001431628268452387,0.01725631622550915,0.0,1.0,1.0958683920000567,643008,1591,"expr:add(cos(x3),cos(x3));expr:add(sin(x1),square(x3));expr:add(x1,x1);sin(x2)",0.9324 - 0.4937*(cos(x3)+cos(x3)) + 0.1575*(sin(x1)+(x3)^2) + 0.9621*(x1+x1) + 1.007*sin(x2),generation budget reached
base,spurious,0.03,300,4,9010,centralized-residual-counterexample-gp,0.0,0.25,0.3333333333333333,0.0017911376335628996,0.01998247170664176,0.0,1.0,0.8426488590000645,0,1555,"expr:add(cos(x3),cos(x3));expr:add(sin(x2),square(x3));expr:add(square(x3),x2);x1",-1.191 + 0.6368*(cos(x3)+cos(x3)) + 0.9184*(sin(x2)+(x3)^2) + 0.02134*((x3)^2+x2) + 2.006*x1,generation budget reached
base,spurious,0.1,300,4,9006,fedfalsify-v05,1.0,1.0,1.0,4.3118603315729545e-05,0.0844173012171133,0.0,1.0,0.3835720520000905,237748,5,sin(x2);x1;x3^2,-0.01805 + 1.998·x₁ + 0.5116·x₃² + 0.9907·sin(x₂),target federated MSE reached; no replacement passed the federated certificate
base,spurious,0.1,300,4,9006,centralized-tree-gp,0.0,0.3333333333333333,0.3333333333333333,4.311860332047011e-05,0.0844173012171133,0.0,1.0,1.2819671439999638,0,1572,"expr:add(sin(x2),x1);expr:add(square(x3),x1);x1",-0.01805 + 0.9907*(sin(x2)+x1) + 0.5116*((x3)^2+x1) + 0.4959*x1,generation budget reached
base,spurious,0.1,300,4,9006,federated-tree-gp-style,0.0,0.3333333333333333,0.3333333333333333,4.3118603320465557e-05,0.0844173012171133,0.0,1.0,1.6527015229999051,582848,1572,"expr:add(sin(x2),x1);expr:add(square(x3),x1);x1",-0.01805 + 0.9907*(sin(x2)+x1) + 0.5116*((x3)^2+x1) + 0.4959*x1,generation budget reached
base,spurious,0.1,300,4,9006,centralized-residual-counterexample-gp,0.0,0.0,0.0,4.3118603314165644e-05,0.0844173012171133,0.0,1.0,1.3903522820000944,0,1544,"expr:add(sin(x2),x1);expr:add(square(x3),x1);expr:add(x1,x1)",-0.01805 + 0.9907*(sin(x2)+x1) + 0.5116*((x3)^2+x1) + 0.248*(x1+x1),generation budget reached
base,spurious,0.1,300,4,9007,fedfalsify-v05,0.0,0.75,1.0,0.00024436936496226134,0.0808320536448747,0.0,1.0,0.3665642560001743,237755,5,sin(x2);x1;x2;x3^2,0.01683 + 1.981·x₁ + 0.03622·x₂ + 0.4964·x₃² + 0.9456·sin(x₂),target federated MSE reached; no replacement passed the federated certificate
base,spurious,0.1,300,4,9007,centralized-tree-gp,0.0,0.3333333333333333,0.3333333333333333,6.230407763977901e-05,0.0816944641974832,0.0,1.0,0.8212739699999929,0,1531,"expr:add(sin(x2),x1);expr:add(x1,x1);x3^2",0.01564 + 1.007*(sin(x2)+x1) + 0.4888*(x1+x1) + 0.4956*(x3*x3),generation budget reached
base,spurious,0.1,300,4,9007,federated-tree-gp-style,0.0,0.3333333333333333,0.3333333333333333,6.230407763977036e-05,0.0816944641974832,0.0,1.0,1.0502000859999043,577600,1531,"expr:add(sin(x2),x1);expr:add(x1,x1);x3^2",0.01564 + 1.007*(sin(x2)+x1) + 0.4888*(x1+x1) + 0.4956*(x3*x3),generation budget reached
base,spurious,0.1,300,4,9007,centralized-residual-counterexample-gp,0.0,0.3333333333333333,0.3333333333333333,6.230407763977901e-05,0.0816944641974832,0.0,1.0,0.8632549110000127,0,1524,"expr:add(sin(x2),x1);expr:add(x1,x1);x3^2",0.01564 + 1.007*(sin(x2)+x1) + 0.4888*(x1+x1) + 0.4956*(x3*x3),generation budget reached
base,spurious,0.1,300,4,9008,fedfalsify-v05,1.0,1.0,1.0,1.1357661191727232e-05,0.08473234191589071,0.0,1.0,0.31777850399998897,237842,5,sin(x2);x1;x3^2,-0.005018 + 1.994·x₁ + 0.5027·x₃² + 1.004·sin(x₂),target federated MSE reached; no replacement passed the federated certificate
base,spurious,0.1,300,4,9008,centralized-tree-gp,0.0,0.25,0.3333333333333333,0.0022256715950170645,0.0978905491428254,0.0,1.0,0.9058607169999959,0,1588,"expr:add(cos(x3),sin(x1));expr:add(sin(x1),x1);expr:add(x1,x1);sin(x2)",1.352 - 1.459*(cos(x3)+sin(x1)) + 1.512*(sin(x1)+x1) + 0.2277*(x1+x1) + 1.006*sin(x2),generation budget reached
base,spurious,0.1,300,4,9008,federated-tree-gp-style,0.0,0.25,0.3333333333333333,0.0022256715950171486,0.0978905491428254,0.0,1.0,1.1023720369998955,620864,1588,"expr:add(cos(x3),sin(x1));expr:add(sin(x1),x1);expr:add(x1,x1);sin(x2)",1.352 - 1.459*(cos(x3)+sin(x1)) + 1.512*(sin(x1)+x1) + 0.2277*(x1+x1) + 1.006*sin(x2),generation budget reached
base,spurious,0.1,300,4,9008,centralized-residual-counterexample-gp,0.0,0.0,0.0,0.003887076565692405,0.10853237198085011,0.0,1.0,0.9336726330000147,0,1609,"expr:add(cos(x3),sin(x1));expr:add(sin(x1),x1);expr:add(sin(x2),x1)",1.315 - 1.392*(cos(x3)+sin(x1)) + 1.162*(sin(x1)+x1) + 0.9586*(sin(x2)+x1),generation budget reached
base,spurious,0.1,300,4,9009,fedfalsify-v05,1.0,1.0,1.0,2.5598428017028624e-05,0.07997094580988397,0.0,1.0,0.3106527530001131,238009,5,sin(x2);x1;x3^2,0.00115 + 1.995·x₁ + 0.4977·x₃² + 0.9779·sin(x₂),target federated MSE reached; no replacement passed the federated certificate
base,spurious,0.1,300,4,9009,centralized-tree-gp,0.0,0.25,0.3333333333333333,2.5787636006423432e-05,0.07996507959683888,0.0,1.0,0.8714529890000904,0,1635,"expr:add(sin(x2),x1);expr:add(square(x3),x2);expr:add(x1,x2);x1",0.001253 + 0.9726*(sin(x2)+x1) + 0.4977*((x3)^2+x2) - 0.4946*(x1+x2) + 1.517*x1,generation budget reached
base,spurious,0.1,300,4,9009,federated-tree-gp-style,0.0,0.25,0.3333333333333333,2.578763600644358e-05,0.07996507959683886,0.0,1.0,1.1193028259999664,658624,1635,"expr:add(sin(x2),x1);expr:add(square(x3),x2);expr:add(x1,x2);x1",0.001253 + 0.9726*(sin(x2)+x1) + 0.4977*((x3)^2+x2) - 0.4946*(x1+x2) + 1.517*x1,generation budget reached
base,spurious,0.1,300,4,9009,centralized-residual-counterexample-gp,0.0,0.25,0.3333333333333333,2.5787636006423432e-05,0.07996507959683888,0.0,1.0,0.8721274510000967,0,1600,"expr:add(sin(x2),x1);expr:add(square(x3),x2);expr:add(x1,x2);x1",0.001253 + 0.9726*(sin(x2)+x1) + 0.4977*((x3)^2+x2) - 0.4946*(x1+x2) + 1.517*x1,generation budget reached
base,spurious,0.1,300,4,9010,fedfalsify-v05,1.0,1.0,1.0,1.6720412550156362e-05,0.0944320316555942,0.0,1.0,0.29328380700007983,238042,5,sin(x2);x1;x3^2,0.01635 + 2.003·x₁ + 0.4976·x₃² + 1.009·sin(x₂),target federated MSE reached; no replacement passed the federated certificate
base,spurious,0.1,300,4,9010,centralized-tree-gp,0.0,0.3333333333333333,0.3333333333333333,1.6720412550031323e-05,0.0944320316555942,0.0,1.0,1.2368922089999614,0,1587,"expr:add(sin(x2),square(x3));expr:add(x1,x1);x3^2",0.01635 + 1.009*(sin(x2)+(x3)^2) + 1.002*(x1+x1) - 0.5118*(x3*x3),generation budget reached
base,spurious,0.1,300,4,9010,federated-tree-gp-style,0.0,0.3333333333333333,0.3333333333333333,1.6720412550023375e-05,0.0944320316555942,0.0,1.0,1.8267195119999542,649344,1587,"expr:add(sin(x2),square(x3));expr:add(x1,x1);x3^2",0.01635 + 1.009*(sin(x2)+(x3)^2) + 1.002*(x1+x1) - 0.5118*(x3*x3),generation budget reached
base,spurious,0.1,300,4,9010,centralized-residual-counterexample-gp,0.0,0.3333333333333333,0.3333333333333333,1.6720412550031323e-05,0.0944320316555942,0.0,1.0,1.471422523000001,0,1582,"expr:add(sin(x2),square(x3));expr:add(x1,x1);x3^2",0.01635 + 1.009*(sin(x2)+(x3)^2) + 1.002*(x1+x1) - 0.5118*(x3*x3),generation budget reached
base,exception,0.03,300,4,9006,fedfalsify-v05,1.0,1.0,1.0,3.0594228484941825e-06,0.013672301269196652,0.0,1.0,0.6422883949999232,307770,7,I(x3>1)*x3^2;sin(x2);x1;x3^2,0.004237 + 2·x₁ + 0.7474·𝟙[x₃>1]·x₃² + 0.4985·x₃² + 0.9968·sin(x₂),target federated MSE reached; no replacement passed the federated certificate
base,exception,0.03,300,4,9006,centralized-tree-gp,0.0,0.0,0.0,0.001684259531790458,0.03663725243339337,0.0,0.0,0.8269386250001389,0,1571,"expr:add(sin(x2),x1);expr:add(square(x3),square(x3));expr:add(x1,x3);expr:sin(add(sin(x3),sin(x3)))",-0.09193 + 0.9431*(sin(x2)+x1) + 0.4475*((x3)^2+(x3)^2) + 1.087*(x1+x3) - 0.7551*sin((sin(x3)+sin(x3))),generation budget reached
base,exception,0.03,300,4,9006,federated-tree-gp-style,0.0,0.0,0.0,0.0016842595317904567,0.03663725243339337,0.0,0.0,1.1239983890000076,619712,1571,"expr:add(sin(x2),x1);expr:add(square(x3),square(x3));expr:add(x1,x3);expr:sin(add(sin(x3),sin(x3)))",-0.09193 + 0.9431*(sin(x2)+x1) + 0.4475*((x3)^2+(x3)^2) + 1.087*(x1+x3) - 0.7551*sin((sin(x3)+sin(x3))),generation budget reached
base,exception,0.03,300,4,9006,centralized-residual-counterexample-gp,0.0,0.0,0.0,0.009089540823257079,0.12759829478604728,0.0,0.0,0.8640843420000692,0,1557,"expr:add(sin(x1),x1);expr:add(sin(x2),x1);expr:add(square(x3),x1);expr:add(x1,x3)",-0.06865 - 0.3056*(sin(x1)+x1) + 0.9555*(sin(x2)+x1) + 0.8833*((x3)^2+x1) + 0.6496*(x1+x3),generation budget reached
base,exception,0.03,300,4,9007,fedfalsify-v05,1.0,1.0,1.0,4.914255793027072e-06,0.012663011282635264,0.0,1.0,0.462644192000198,307924,7,I(x3>1)*x3^2;sin(x2);x1;x3^2,-0.006236 + 2.001·x₁ + 0.748·𝟙[x₃>1]·x₃² + 0.5051·x₃² + 0.9973·sin(x₂),target federated MSE reached; no replacement passed the federated certificate
base,exception,0.03,300,4,9007,centralized-tree-gp,0.0,0.0,0.0,0.029798938772999,0.3538100178918119,0.0,0.0,0.9250990979999187,0,1609,"expr:add(sin(x1),sin(x3));expr:add(sin(x1),x1);expr:sin(add(sin(x2),sin(x3)));expr:square(add(sin(x3),square(x3)))",0.4427 - 1.103*(sin(x1)+sin(x3)) + 1.715*(sin(x1)+x1) + 1.767*sin((sin(x2)+sin(x3))) + 0.1664*((sin(x3)+(x3)^2))^2,generation budget reached
base,exception,0.03,300,4,9007,federated-tree-gp-style,0.0,0.0,0.0,0.029798938772998967,0.3538100178918118,0.0,0.0,1.1799209640000754,668800,1609,"expr:add(sin(x1),sin(x3));expr:add(sin(x1),x1);expr:sin(add(sin(x2),sin(x3)));expr:square(add(sin(x3),square(x3)))",0.4427 - 1.103*(sin(x1)+sin(x3)) + 1.715*(sin(x1)+x1) + 1.767*sin((sin(x2)+sin(x3))) + 0.1664*((sin(x3)+(x3)^2))^2,generation budget reached
base,exception,0.03,300,4,9007,centralized-residual-counterexample-gp,0.0,0.0,0.0,0.029798938772999,0.3538100178918119,0.0,0.0,1.0061010609999812,0,1624,"expr:add(sin(x1),sin(x3));expr:add(sin(x1),x1);expr:sin(add(sin(x2),sin(x3)));expr:square(add(sin(x3),square(x3)))",0.4427 - 1.103*(sin(x1)+sin(x3)) + 1.715*(sin(x1)+x1) + 1.767*sin((sin(x2)+sin(x3))) + 0.1664*((sin(x3)+(x3)^2))^2,generation budget reached
base,exception,0.03,300,4,9008,fedfalsify-v05,1.0,1.0,1.0,4.440210625391499e-06,0.013411938601034968,0.0,1.0,0.5141225729998951,403004,7,I(x3>1)*x3^2;sin(x2);x1;x3^2,-1.687e-05 + 1.998·x₁ + 0.7548·𝟙[x₃>1]·x₃² + 0.4964·x₃² + 1.001·sin(x₂),target federated MSE reached; no replacement passed the federated certificate
base,exception,0.03,300,4,9008,centralized-tree-gp,0.0,0.0,0.0,0.014234215702442961,0.16854716268940714,0.0,0.0,0.882369510999979,0,1587,"expr:add(sin(x2),sin(x2));expr:add(square(x3),x1);expr:add(x1,x2);expr:add(x1,x3)",-0.0992 + 0.311*(sin(x2)+sin(x2)) + 0.9303*((x3)^2+x1) + 0.2205*(x1+x2) + 0.7326*(x1+x3),generation budget reached
base,exception,0.03,300,4,9008,federated-tree-gp-style,0.0,0.0,0.0,0.01423421570244283,0.1685471626894071,0.0,0.0,1.1287663529999463,647488,1587,"expr:add(sin(x2),sin(x2));expr:add(square(x3),x1);expr:add(x1,x2);expr:add(x1,x3)",-0.0992 + 0.311*(sin(x2)+sin(x2)) + 0.9303*((x3)^2+x1) + 0.2205*(x1+x2) + 0.7326*(x1+x3),generation budget reached
base,exception,0.03,300,4,9008,centralized-residual-counterexample-gp,0.0,0.0,0.0,0.023733457213706257,0.23784570562902918,0.0,0.0,1.0358032139999978,0,1595,"expr:add(sin(x3),x1);expr:add(square(x3),x1);expr:add(x1,x2);expr:sin(add(x3,x3))",-0.04306 + 0.8234*(sin(x3)+x1) + 0.8669*((x3)^2+x1) + 0.4109*(x1+x2) - 0.7297*sin((x3+x3)),generation budget reached
base,exception,0.03,300,4,9009,fedfalsify-v05,1.0,1.0,1.0,6.6592088636389595e-06,0.013260707150210799,0.0,1.0,0.6734088929999871,308037,7,I(x3>1)*x3^2;sin(x2);x1;x3^2,0.002142 + 1.996·x₁ + 0.7497·𝟙[x₃>1]·x₃² + 0.5017·x₃² + 1.005·sin(x₂),target federated MSE reached; no replacement passed the federated certificate
base,exception,0.03,300,4,9009,centralized-tree-gp,0.0,0.0,0.0,0.020497786585024182,0.1800989724325115,0.0,0.0,1.3899901360000513,0,1581,"expr:add(square(x3),x3);expr:add(x1,x1);expr:add(x1,x2);sin(x3)",-0.0971 + 0.8975*((x3)^2+x3) + 0.7703*(x1+x1) + 0.4581*(x1+x2) - 0.6272*sin(x3),generation budget reached
base,exception,0.03,300,4,9009,federated-tree-gp-style,0.0,0.0,0.0,0.020497786585024193,0.1800989724325115,0.0,0.0,1.852810682000154,638976,1581,"expr:add(square(x3),x3);expr:add(x1,x1);expr:add(x1,x2);sin(x3)",-0.0971 + 0.8975*((x3)^2+x3) + 0.7703*(x1+x1) + 0.4581*(x1+x2) - 0.6272*sin(x3),generation budget reached
base,exception,0.03,300,4,9009,centralized-residual-counterexample-gp,0.0,0.3333333333333333,0.25,0.025410455691177926,0.32343013339396065,0.0,0.0,1.2453192289999606,0,1583,"expr:add(square(x3),x3);expr:add(x1,x2);x1",0.1134 + 0.7948*((x3)^2+x3) + 0.4167*(x1+x2) + 1.536*x1,generation budget reached
base,exception,0.03,300,4,9010,fedfalsify-v05,1.0,1.0,1.0,2.319187113992962e-06,0.01386104824096304,0.0,1.0,1.8489616589999969,1919516,8,I(x3>1)*x3^2;sin(x2);x1;x3^2,0.004689 + 2.001·x₁ + 0.7471·𝟙[x₃>1]·x₃² + 1.003·sin(x₂) + 0.5002·x₃²,target federated MSE reached; no replacement passed the federated certificate
base,exception,0.03,300,4,9010,centralized-tree-gp,0.0,0.0,0.0,0.0014384941850136151,0.032465945755941354,0.0,0.0,0.9403224100001353,0,1620,"expr:add(sin(x2),x1);expr:add(square(x3),x1);expr:mul(square(x3),x3);expr:sin(add(square(x3),x3))",-0.06016 + 1.083*(sin(x2)+x1) + 0.9079*((x3)^2+x1) + 0.1701*((x3)^2*x3) - 0.221*sin(((x3)^2+x3)),generation budget reached
base,exception,0.03,300,4,9010,federated-tree-gp-style,0.0,0.0,0.0,0.0014384941850136067,0.03246594575594134,0.0,0.0,1.2180670029999874,681728,1620,"expr:add(sin(x2),x1);expr:add(square(x3),x1);expr:mul(square(x3),x3);expr:sin(add(square(x3),x3))",-0.06016 + 1.083*(sin(x2)+x1) + 0.9079*((x3)^2+x1) + 0.1701*((x3)^2*x3) - 0.221*sin(((x3)^2+x3)),generation budget reached
base,exception,0.03,300,4,9010,centralized-residual-counterexample-gp,0.0,0.0,0.0,0.00982513752511418,0.16125224887174214,0.0,0.0,0.9415590229998543,0,1599,"expr:add(sin(x2),x3);expr:add(square(x3),x1);expr:cos(add(cos(x1),sin(x1)));expr:square(add(x3,x3))",-0.1614 + 0.7506*(sin(x2)+x3) + 2.008*((x3)^2+x1) + 0.0609*cos((cos(x1)+sin(x1))) - 0.2751*((x3+x3))^2,generation budget reached
base,exception,0.1,300,4,9006,fedfalsify-v05,1.0,1.0,1.0,3.3993587183283155e-05,0.1519144585466295,0.0,1.0,0.5270218819998718,458507,7,I(x3>1)*x3^2;sin(x2);x1;x3^2,0.01412 + 1.999·x₁ + 0.7412·𝟙[x₃>1]·x₃² + 0.495·x₃² + 0.9895·sin(x₂),target federated MSE reached; no replacement passed the federated certificate
base,exception,0.1,300,4,9006,centralized-tree-gp,0.0,0.0,0.0,0.014738295898791188,0.3507680846101698,0.0,0.0,0.8675740410001254,0,1536,"expr:add(sin(x2),sin(x3));expr:add(sin(x2),x1);expr:add(x3,x3);expr:square(add(sin(x3),x3))",-0.4769 - 1.034*(sin(x2)+sin(x3)) + 1.97*(sin(x2)+x1) + 0.6174*(x3+x3) + 0.4688*((sin(x3)+x3))^2,generation budget reached
base,exception,0.1,300,4,9006,federated-tree-gp-style,0.0,0.0,0.0,0.01473829589879121,0.3507680846101699,0.0,0.0,1.1033353889999944,597312,1536,"expr:add(sin(x2),sin(x3));expr:add(sin(x2),x1);expr:add(x3,x3);expr:square(add(sin(x3),x3))",-0.4769 - 1.034*(sin(x2)+sin(x3)) + 1.97*(sin(x2)+x1) + 0.6174*(x3+x3) + 0.4688*((sin(x3)+x3))^2,generation budget reached
base,exception,0.1,300,4,9006,centralized-residual-counterexample-gp,0.0,0.0,0.0,0.014738295898791188,0.3507680846101698,0.0,0.0,0.9391083479999907,0,1541,"expr:add(sin(x2),sin(x3));expr:add(sin(x2),x1);expr:add(x3,x3);expr:square(add(sin(x3),x3))",-0.4769 - 1.034*(sin(x2)+sin(x3)) + 1.97*(sin(x2)+x1) + 0.6174*(x3+x3) + 0.4688*((sin(x3)+x3))^2,generation budget reached
base,exception,0.1,300,4,9007,fedfalsify-v05,1.0,1.0,1.0,5.460284217469215e-05,0.14070012536261398,0.0,1.0,0.5562994560000334,460266,7,I(x3>1)*x3^2;sin(x2);x1;x3^2,-0.02079 + 2.005·x₁ + 0.7432·𝟙[x₃>1]·x₃² + 0.5169·x₃² + 0.991·sin(x₂),target federated MSE reached; no replacement passed the federated certificate
base,exception,0.1,300,4,9007,centralized-tree-gp,0.0,0.25,0.25,0.11680414546685242,0.7749576613779053,1.0,0.0,1.2318667550000555,0,1648,"expr:add(square(x3),x2);expr:cos(add(cos(x2),sin(x3)));expr:mul(cos(x4),sin(x3));x1",0.7798 + 0.73*((x3)^2+x2) - 0.8334*cos((cos(x2)+sin(x3))) + 0.6135*(cos(x4)*sin(x3)) + 2.068*x1,generation budget reached
base,exception,0.1,300,4,9007,federated-tree-gp-style,0.0,0.25,0.25,0.11680414546685239,0.7749576613779052,1.0,0.0,2.0799781959999564,694208,1648,"expr:add(square(x3),x2);expr:cos(add(cos(x2),sin(x3)));expr:mul(cos(x4),sin(x3));x1",0.7798 + 0.73*((x3)^2+x2) - 0.8334*cos((cos(x2)+sin(x3))) + 0.6135*(cos(x4)*sin(x3)) + 2.068*x1,generation budget reached
base,exception,0.1,300,4,9007,centralized-residual-counterexample-gp,0.0,0.0,0.0,0.05111795710250032,0.75522252938934,0.0,0.0,1.8018377989999408,0,1615,"expr:add(sin(x2),square(x3));expr:add(square(x3),x1);expr:sin(add(cos(x2),x3));expr:sin(add(sin(x2),sin(x2)))",-0.3583 - 1.078*(sin(x2)+(x3)^2) + 2.062*((x3)^2+x1) + 0.9127*sin((cos(x2)+x3)) + 1.767*sin((sin(x2)+sin(x2))),generation budget reached
base,exception,0.1,300,4,9008,fedfalsify-v05,1.0,1.0,1.0,4.933567354282622e-05,0.14902154001149978,0.0,1.0,1.315339720000111,859703,7,I(x3>1)*x3^2;sin(x2);x1;x3^2,-5.622e-05 + 1.993·x₁ + 0.766·𝟙[x₃>1]·x₃² + 0.4881·x₃² + 1.002·sin(x₂),target federated MSE reached; no replacement passed the federated certificate
base,exception,0.1,300,4,9008,centralized-tree-gp,0.0,0.0,0.0,0.021492480510424208,0.3327656464160143,1.0,0.0,0.8877261479999561,0,1586,"expr:add(cos(x4),square(x3));expr:add(sin(x3),x3);expr:add(square(x3),x2);expr:add(x1,x3)",-0.2336 + 0.3773*(cos(x4)+(x3)^2) - 0.9052*(sin(x3)+x3) + 0.4802*((x3)^2+x2) + 1.991*(x1+x3),generation budget reached
base,exception,0.1,300,4,9008,federated-tree-gp-style,0.0,0.0,0.0,0.02149248051042406,0.33276564641601436,1.0,0.0,1.1706775190000371,646336,1586,"expr:add(cos(x4),square(x3));expr:add(sin(x3),x3);expr:add(square(x3),x2);expr:add(x1,x3)",-0.2336 + 0.3773*(cos(x4)+(x3)^2) - 0.9052*(sin(x3)+x3) + 0.4802*((x3)^2+x2) + 1.991*(x1+x3),generation budget reached
base,exception,0.1,300,4,9008,centralized-residual-counterexample-gp,0.0,0.0,0.0,0.03103589473416259,0.4661343739508904,0.0,0.0,0.953165977000026,0,1629,"expr:add(cos(x3),square(x3));expr:add(sin(x3),x3);expr:add(square(x3),x2);expr:add(x1,x1)",-0.587 + 0.6277*(cos(x3)+(x3)^2) + 0.3892*(sin(x3)+x3) + 0.4577*((x3)^2+x2) + 0.9972*(x1+x1),generation budget reached
base,exception,0.1,300,4,9009,fedfalsify-v05,1.0,1.0,1.0,7.399120953122156e-05,0.14734119055789782,0.0,1.0,0.6617950440002005,611757,7,I(x3>1)*x3^2;sin(x2);x1;x3^2,0.007138 + 1.985·x₁ + 0.749·𝟙[x₃>1]·x₃² + 0.5057·x₃² + 1.017·sin(x₂),target federated MSE reached; no replacement passed the federated certificate
base,exception,0.1,300,4,9009,centralized-tree-gp,0.0,0.0,0.0,0.0051289237678290595,0.23057154068236926,1.0,0.0,0.813460583999813,0,1526,"expr:add(sin(x2),x1);expr:add(square(x3),x3);expr:add(x1,x1);expr:sin(add(cos(x4),x3))",0.1469 + 1.032*(sin(x2)+x1) + 0.8259*((x3)^2+x3) + 0.4822*(x1+x1) - 0.444*sin((cos(x4)+x3)),generation budget reached
base,exception,0.1,300,4,9009,federated-tree-gp-style,0.0,0.0,0.0,0.005128923767829071,0.23057154068236932,1.0,0.0,1.105404591000024,592064,1526,"expr:add(sin(x2),x1);expr:add(square(x3),x3);expr:add(x1,x1);expr:sin(add(cos(x4),x3))",0.1469 + 1.032*(sin(x2)+x1) + 0.8259*((x3)^2+x3) + 0.4822*(x1+x1) - 0.444*sin((cos(x4)+x3)),generation budget reached
base,exception,0.1,300,4,9009,centralized-residual-counterexample-gp,0.0,0.0,0.0,0.0051289237678290595,0.23057154068236926,1.0,0.0,0.9035454419999951,0,1526,"expr:add(sin(x2),x1);expr:add(square(x3),x3);expr:add(x1,x1);expr:sin(add(cos(x4),x3))",0.1469 + 1.032*(sin(x2)+x1) + 0.8259*((x3)^2+x3) + 0.4822*(x1+x1) - 0.444*sin((cos(x4)+x3)),generation budget reached
base,exception,0.1,300,4,9010,fedfalsify-v05,1.0,1.0,1.0,2.576874577803431e-05,0.1540116471218116,0.0,1.0,0.5485807350000869,458410,7,I(x3>1)*x3^2;sin(x2);x1;x3^2,0.01563 + 2.004·x₁ + 0.7405·𝟙[x₃>1]·x₃² + 0.5005·x₃² + 1.011·sin(x₂),target federated MSE reached; no replacement passed the federated certificate
base,exception,0.1,300,4,9010,centralized-tree-gp,0.0,0.25,0.25,0.003325733012380829,0.19854962029398096,0.0,1.0,0.9052974620001351,0,1582,"I(x3>1)*x3^2;expr:add(sin(x1),square(x3));expr:add(sin(x2),x1);expr:add(square(x3),x1)",-0.007625 - 0.4136*(sin(x1)+(x3)^2) + 1.197*(sin(x2)+x1) + 0.9517*((x3)^2+x1) + 0.6986*I(x3>1)*((x3)^2),generation budget reached
base,exception,0.1,300,4,9010,federated-tree-gp-style,0.0,0.25,0.25,0.0033257330123805766,0.19854962029398093,0.0,1.0,1.1330435410000064,624960,1582,"I(x3>1)*x3^2;expr:add(sin(x1),square(x3));expr:add(sin(x2),x1);expr:add(square(x3),x1)",-0.007625 - 0.4136*(sin(x1)+(x3)^2) + 1.197*(sin(x2)+x1) + 0.9517*((x3)^2+x1) + 0.6986*I(x3>1)*((x3)^2),generation budget reached
base,exception,0.1,300,4,9010,centralized-residual-counterexample-gp,0.0,0.25,0.25,0.00030006237123386827,0.15633171183107808,0.0,1.0,1.4168944900000042,0,1578,"I(x3>1)*x3^2;expr:add(cos(x3),sin(x2));expr:add(sin(x2),x1);expr:add(square(x3),x1)",0.6388 - 0.6928*(cos(x3)+sin(x2)) + 1.713*(sin(x2)+x1) + 0.2787*((x3)^2+x1) + 0.7457*I(x3>1)*((x3)^2),generation budget reached
poly3,complementary,0.03,300,4,9006,fedfalsify-v05,1.0,1.0,1.0,1.7019232120792032e-06,0.05680165994010449,0.0,1.0,0.5301419279999209,267809,6,x1;x1^2;x1^3,-0.002015 + 1.007·x₁ + 0.9975·x₁³ + 1.001·x₁²,target federated MSE reached; no replacement passed the federated certificate
poly3,complementary,0.03,300,4,9006,centralized-tree-gp,0.0,0.25,0.3333333333333333,0.004402107323950716,0.2135703726779219,1.0,1.0,1.3846176629999718,0,1599,"expr:add(cos(x1),cos(x1));expr:cos(mul(cos(x1),cos(x4)));expr:mul(cos(x1),x1);x1^3",4.665 - 1.697*(cos(x1)+cos(x1)) - 1.952*cos((cos(x1)*cos(x4))) + 1.383*(cos(x1)*x1) + 1.348*((x1)^2*x1),generation budget reached
poly3,complementary,0.03,300,4,9006,federated-tree-gp-style,0.0,0.25,0.3333333333333333,0.004402107323950691,0.21357037267792178,1.0,1.0,1.700870888999816,628544,1599,"expr:add(cos(x1),cos(x1));expr:cos(mul(cos(x1),cos(x4)));expr:mul(cos(x1),x1);x1^3",4.665 - 1.697*(cos(x1)+cos(x1)) - 1.952*cos((cos(x1)*cos(x4))) + 1.383*(cos(x1)*x1) + 1.348*((x1)^2*x1),generation budget reached
poly3,complementary,0.03,300,4,9006,centralized-residual-counterexample-gp,0.0,0.25,0.3333333333333333,0.0004840941120245533,0.14806906752766494,1.0,1.0,0.9098740280001039,0,1567,"expr:add(cos(x4),square(x1));expr:add(sin(x1),x1);expr:cos(mul(sin(x3),square(x4)));x1^3",-0.06572 + 0.9809*(cos(x4)+(x1)^2) + 0.5204*(sin(x1)+x1) - 0.6949*cos((sin(x3)*(x4)^2)) + 1.058*((x1)^2*x1),generation budget reached
poly3,complementary,0.03,300,4,9007,fedfalsify-v05,1.0,1.0,1.0,3.9127925786861755e-06,0.04823957490889113,0.0,1.0,0.31236203200001,238121,5,x1;x1^2;x1^3,0.01498 + 0.9917·x₁ + 0.9938·x₁² + 1.003·x₁³,target federated MSE reached; no replacement passed the federated certificate
poly3,complementary,0.03,300,4,9007,centralized-tree-gp,0.0,0.5,0.6666666666666666,0.003654013646508071,0.3209420082253741,1.0,1.0,0.9205806090001261,0,1605,"expr:cos(add(cos(x3),x1));expr:square(add(cos(x4),square(x1)));x1;x1^3",1.056 - 0.8189*cos((cos(x3)+x1)) + 1.025*((x1)^2*x1) + 0.09931*((cos(x4)+(x1)^2))^2 + 0.728*x1,generation budget reached
poly3,complementary,0.03,300,4,9007,federated-tree-gp-style,0.0,0.5,0.6666666666666666,0.0036540136465080643,0.32094200822537405,1.0,1.0,1.1489397660000122,660800,1605,"expr:cos(add(cos(x3),x1));expr:square(add(cos(x4),square(x1)));x1;x1^3",1.056 - 0.8189*cos((cos(x3)+x1)) + 1.025*((x1)^2*x1) + 0.09931*((cos(x4)+(x1)^2))^2 + 0.728*x1,generation budget reached
poly3,complementary,0.03,300,4,9007,centralized-residual-counterexample-gp,0.0,0.25,0.3333333333333333,0.0037059045385306874,0.3442120320807568,0.0,1.0,0.9621530009999333,0,1555,"expr:cos(add(cos(x1),cos(x1)));expr:cos(add(cos(x3),x1));expr:mul(cos(x1),square(x1));x1^3",1.302 + 1.181*cos((cos(x1)+cos(x1))) - 0.9437*cos((cos(x3)+x1)) - 0.8333*(cos(x1)*(x1)^2) + 1.173*((x1)^2*x1),generation budget reached
poly3,complementary,0.03,300,4,9008,fedfalsify-v05,1.0,1.0,1.0,1.3755182759385448e-06,0.05185635289698079,0.0,1.0,0.6166205790000276,479224,6,x1;x1^2;x1^3,-0.000887 + 0.9895·x₁ + 1.002·x₁³ + 0.9974·x₁²,target federated MSE reached; no replacement passed the federated certificate
poly3,complementary,0.03,300,4,9008,centralized-tree-gp,0.0,0.5,0.3333333333333333,1.1254976290208258e-06,0.05188178512275132,0.0,1.0,1.0287846690000606,0,1613,"expr:add(square(x1),x1);x1^3",0.0004209 + 0.9968*((x1)^2+x1) + 1.001*((x1)^2*x1),generation budget reached
poly3,complementary,0.03,300,4,9008,federated-tree-gp-style,0.0,0.5,0.3333333333333333,1.1254976290245013e-06,0.05188178512275132,0.0,1.0,1.2522710240000379,637952,1613,"expr:add(square(x1),x1);x1^3",0.0004209 + 0.9968*((x1)^2+x1) + 1.001*((x1)^2*x1),generation budget reached
poly3,complementary,0.03,300,4,9008,centralized-residual-counterexample-gp,0.0,0.5,0.3333333333333333,1.1254976290208258e-06,0.05188178512275132,0.0,1.0,1.0503153369998017,0,1644,"expr:add(square(x1),x1);x1^3",0.0004209 + 0.9968*((x1)^2+x1) + 1.001*((x1)^2*x1),generation budget reached
poly3,complementary,0.03,300,4,9009,fedfalsify-v05,1.0,1.0,1.0,5.632197115014129e-06,0.056116683211278516,0.0,1.0,0.4221025299998473,267874,6,x1;x1^2;x1^3,0.0003798 + 0.9977·x₁ + 0.9984·x₁³ + 1.005·x₁²,target federated MSE reached; no replacement passed the federated certificate
poly3,complementary,0.03,300,4,9009,centralized-tree-gp,0.0,0.6666666666666666,0.6666666666666666,2.429548729337471e-05,0.05791998067182367,0.0,1.0,0.7837134979999973,0,1502,"expr:add(sin(x1),square(x1));x1;x1^3",0.00938 + 0.9986*(sin(x1)+(x1)^2) + 1.105*((x1)^2*x1) + 0.08669*x1,generation budget reached
poly3,complementary,0.03,300,4,9009,federated-tree-gp-style,0.0,0.6666666666666666,0.6666666666666666,2.4295487293375322e-05,0.05791998067182366,0.0,1.0,1.4268595119999645,539200,1502,"expr:add(sin(x1),square(x1));x1;x1^3",0.00938 + 0.9986*(sin(x1)+(x1)^2) + 1.105*((x1)^2*x1) + 0.08669*x1,generation budget reached
poly3,complementary,0.03,300,4,9009,centralized-residual-counterexample-gp,0.0,0.5,0.3333333333333333,7.226072452802288e-05,0.061154868604737754,0.0,1.0,1.2946445709999352,0,1491,"expr:add(sin(x1),square(x1));x1^3",-0.006874 + 1.004*(sin(x1)+(x1)^2) + 1.12*((x1)^2*x1),generation budget reached
poly3,complementary,0.03,300,4,9010,fedfalsify-v05,1.0,1.0,1.0,1.1853088307302727e-07,0.05556441892640594,0.0,1.0,0.5223323539999001,267618,6,x1;x1^2;x1^3,0.004908 + 1.001·x₁ + 1·x₁³ + 0.9995·x₁²,target federated MSE reached; no replacement passed the federated certificate
poly3,complementary,0.03,300,4,9010,centralized-tree-gp,0.0,0.5,0.3333333333333333,1.2461606324041116e-07,0.05556486314375043,0.0,1.0,1.4136490799999137,0,1567,"expr:add(square(x1),x1);x1^3",0.00471 + 0.9996*((x1)^2+x1) + 1*((x1)^2*x1),generation budget reached
poly3,complementary,0.03,300,4,9010,federated-tree-gp-style,0.0,0.5,0.3333333333333333,1.2461606324028985e-07,0.05556486314375044,0.0,1.0,1.3371222670000407,601344,1567,"expr:add(square(x1),x1);x1^3",0.00471 + 0.9996*((x1)^2+x1) + 1*((x1)^2*x1),generation budget reached
poly3,complementary,0.03,300,4,9010,centralized-residual-counterexample-gp,0.0,0.5,0.3333333333333333,1.2461606324041116e-07,0.05556486314375043,0.0,1.0,0.8593704580000576,0,1573,"expr:add(square(x1),x1);x1^3",0.00471 + 0.9996*((x1)^2+x1) + 1*((x1)^2*x1),generation budget reached
poly3,complementary,0.1,300,4,9006,fedfalsify-v05,0.0,0.6666666666666666,0.6666666666666666,0.003979425052792125,0.8405208648994136,0.0,1.0,0.8535166909998679,916512,5,cos(x1);x1;x1^3,2.964 + 0.9542·x₁ - 3.322·cos(x₁) + 1.025·x₁³,target federated MSE reached; no replacement passed the federated certificate
poly3,complementary,0.1,300,4,9006,centralized-tree-gp,0.0,0.5,0.3333333333333333,1.4595785929566581e-05,0.6312932643755772,0.0,1.0,0.9254676840000684,0,1586,"expr:add(square(x1),x1);x1^3",-0.01083 + 1.004*((x1)^2+x1) + 0.995*((x1)^2*x1),generation budget reached
poly3,complementary,0.1,300,4,9006,federated-tree-gp-style,0.0,0.5,0.3333333333333333,1.4595785929561428e-05,0.6312932643755772,0.0,1.0,1.1925051219998295,611392,1586,"expr:add(square(x1),x1);x1^3",-0.01083 + 1.004*((x1)^2+x1) + 0.995*((x1)^2*x1),generation budget reached
poly3,complementary,0.1,300,4,9006,centralized-residual-counterexample-gp,0.0,0.25,0.3333333333333333,0.0002967536770257514,0.6866417756953879,0.0,1.0,0.9642096480001783,0,1625,"expr:sin(add(sin(x1),sin(x1)));expr:square(add(square(x1),square(x1)));expr:square(add(square(x1),x1));x1^3",-0.02388 - 0.9169*((x1)^2*x1) + 0.9174*sin((sin(x1)+sin(x1))) - 0.2545*(((x1)^2+(x1)^2))^2 + 1.015*(((x1)^2+x1))^2,generation budget reached
poly3,complementary,0.1,300,4,9007,fedfalsify-v05,1.0,1.0,1.0,4.347547306621709e-05,0.5359952767654571,0.0,1.0,0.7800649630000862,888671,5,x1;x1^2;x1^3,0.04992 + 0.9725·x₁ + 0.9795·x₁² + 1.01·x₁³,target federated MSE reached; no replacement passed the federated certificate
poly3,complementary,0.1,300,4,9007,centralized-tree-gp,0.0,0.3333333333333333,0.3333333333333333,4.34754730536634e-05,0.5359952767654571,0.0,1.0,0.8057413910000832,0,1515,"expr:add(square(x1),square(x1));expr:add(x1,x1);x1^3",0.04992 + 0.4897*((x1)^2+(x1)^2) + 0.4862*(x1+x1) + 1.01*((x1)^2*x1),generation budget reached
poly3,complementary,0.1,300,4,9007,federated-tree-gp-style,0.0,0.3333333333333333,0.3333333333333333,4.3475473053657233e-05,0.5359952767654571,0.0,1.0,1.1222489910001059,567552,1515,"expr:add(square(x1),square(x1));expr:add(x1,x1);x1^3",0.04992 + 0.4897*((x1)^2+(x1)^2) + 0.4862*(x1+x1) + 1.01*((x1)^2*x1),generation budget reached
poly3,complementary,0.1,300,4,9007,centralized-residual-counterexample-gp,0.0,0.6666666666666666,0.6666666666666666,4.347547306182374e-05,0.535995276765457,0.0,1.0,0.8662263740000071,0,1541,"expr:add(square(x1),square(x1));x1;x1^3",0.04992 + 0.4897*((x1)^2+(x1)^2) + 1.01*((x1)^2*x1) + 0.9725*x1,generation budget reached
poly3,complementary,0.1,300,4,9008,fedfalsify-v05,1.0,1.0,1.0,1.528353637977793e-05,0.5761816988553424,0.0,1.0,1.8671077779999905,1809441,6,x1;x1^2;x1^3,-0.002957 + 0.965·x₁ + 0.9913·x₁² + 1.007·x₁³,target federated MSE reached; no replacement passed the federated certificate
poly3,complementary,0.1,300,4,9008,centralized-tree-gp,0.0,0.5,0.3333333333333333,0.00012267755894930879,0.5807565291116673,0.0,1.0,1.4273408670001118,0,1559,"expr:add(sin(x1),square(x1));x1^3",-0.008451 + 0.991*(sin(x1)+(x1)^2) + 1.125*((x1)^2*x1),generation budget reached
poly3,complementary,0.1,300,4,9008,federated-tree-gp-style,0.0,0.5,0.3333333333333333,0.0001226775589493116,0.5807565291116674,0.0,1.0,1.8514255999998568,608384,1559,"expr:add(sin(x1),square(x1));x1^3",-0.008451 + 0.991*(sin(x1)+(x1)^2) + 1.125*((x1)^2*x1),generation budget reached
poly3,complementary,0.1,300,4,9008,centralized-residual-counterexample-gp,0.0,0.0,0.0,0.003111910084844361,0.7075627562484386,0.0,1.0,1.0771199639998486,0,1537,"expr:add(sin(x1),square(x1));expr:add(sin(x1),x1);expr:add(x1,x1)",-0.03084 + 1.027*(sin(x1)+(x1)^2) - 10.25*(sin(x1)+x1) + 9.862*(x1+x1),generation budget reached
poly3,complementary,0.1,300,4,9009,fedfalsify-v05,0.0,0.3333333333333333,0.3333333333333333,0.004211295996092277,0.778987173918256,0.0,1.0,0.8169459929999903,888165,5,cos(x1);sin(x1);x1^3,2.996 + 0.991·sin(x₁) - 3.341·cos(x₁) + 1.142·x₁³,target federated MSE reached; no replacement passed the federated certificate
poly3,complementary,0.1,300,4,9009,centralized-tree-gp,0.0,0.6666666666666666,0.6666666666666666,6.257996797713302e-05,0.6235187023475393,0.0,1.0,0.9133312799999658,0,1588,"expr:add(square(x1),square(x1));x1;x1^3",0.001266 + 0.5087*((x1)^2+(x1)^2) + 0.9948*((x1)^2*x1) + 0.9924*x1,generation budget reached
poly3,complementary,0.1,300,4,9009,federated-tree-gp-style,0.0,0.6666666666666666,0.6666666666666666,6.257996797712998e-05,0.6235187023475393,0.0,1.0,1.1936502900000505,626496,1588,"expr:add(square(x1),square(x1));x1;x1^3",0.001266 + 0.5087*((x1)^2+(x1)^2) + 0.9948*((x1)^2*x1) + 0.9924*x1,generation budget reached
poly3,complementary,0.1,300,4,9009,centralized-residual-counterexample-gp,0.0,0.3333333333333333,0.3333333333333333,0.0011256901636235662,0.7828859570176276,1.0,1.0,0.9600024320000102,0,1546,"expr:add(square(x1),square(x1));expr:sin(add(cos(x4),x1));x1^3",-0.4499 + 0.573*((x1)^2+(x1)^2) + 1.133*((x1)^2*x1) + 0.9769*sin((cos(x4)+x1)),generation budget reached
poly3,complementary,0.1,300,4,9010,fedfalsify-v05,0.0,0.3333333333333333,0.3333333333333333,0.004573713539911417,0.8215546492289418,0.0,1.0,0.7846897710001031,887573,5,cos(x1);sin(x1);x1^3,2.957 + 1.042·sin(x₁) - 3.256·cos(x₁) + 1.137·x₁³,target federated MSE reached; no replacement passed the federated certificate
poly3,complementary,0.1,300,4,9010,centralized-tree-gp,0.0,0.5,0.3333333333333333,1.3846229253519755e-06,0.6173873682638942,0.0,1.0,0.7734150019998651,0,1522,"expr:add(square(x1),x1);x1^3",0.0157 + 0.9988*((x1)^2+x1) + 1.001*((x1)^2*x1),generation budget reached
poly3,complementary,0.1,300,4,9010,federated-tree-gp-style,0.0,0.5,0.3333333333333333,1.3846229253529486e-06,0.6173873682638942,0.0,1.0,0.9924001730000782,555008,1522,"expr:add(square(x1),x1);x1^3",0.0157 + 0.9988*((x1)^2+x1) + 1.001*((x1)^2*x1),generation budget reached
poly3,complementary,0.1,300,4,9010,centralized-residual-counterexample-gp,0.0,0.5,0.3333333333333333,1.3846229253519755e-06,0.6173873682638942,0.0,1.0,0.7959836119998727,0,1521,"expr:add(square(x1),x1);x1^3",0.0157 + 0.9988*((x1)^2+x1) + 1.001*((x1)^2*x1),generation budget reached
poly3,spurious,0.03,300,4,9006,fedfalsify-v05,1.0,1.0,1.0,1.1854878647122975e-06,0.05353561767266452,0.0,1.0,0.39165389000004325,267445,6,x1;x1^2;x1^3,0.006931 + 1.005·x₁ + 0.9984·x₁³ + 0.9968·x₁²,target federated MSE reached; no replacement passed the federated certificate
poly3,spurious,0.03,300,4,9006,centralized-tree-gp,0.0,0.25,0.3333333333333333,0.00043253460716117614,0.09043376220484603,0.0,1.0,0.9097780770000554,0,1569,"expr:add(x1,x1);expr:cos(mul(sin(x1),square(x1)));expr:square(add(square(x1),x1));x1^3",1.196 + 0.5044*(x1+x1) - 0.9161*cos((sin(x1)*(x1)^2)) + 0.8105*((x1)^2*x1) + 0.09176*(((x1)^2+x1))^2,generation budget reached
poly3,spurious,0.03,300,4,9006,federated-tree-gp-style,0.0,0.25,0.3333333333333333,0.00043253460716122276,0.09043376220484602,0.0,1.0,1.2302687300000343,600128,1569,"expr:add(x1,x1);expr:cos(mul(sin(x1),square(x1)));expr:square(add(square(x1),x1));x1^3",1.196 + 0.5044*(x1+x1) - 0.9161*cos((sin(x1)*(x1)^2)) + 0.8105*((x1)^2*x1) + 0.09176*(((x1)^2+x1))^2,generation budget reached
poly3,spurious,0.03,300,4,9006,centralized-residual-counterexample-gp,0.0,0.0,0.0,0.0023217933536872066,0.20889333111092506,1.0,1.0,1.3626219319999109,0,1582,"expr:cos(add(cos(x4),x1));expr:square(add(square(x1),x1));expr:square(mul(x1,x1))",0.9263 - 1.22*cos((cos(x4)+x1)) + 0.5784*(((x1)^2+x1))^2 - 0.5613*((x1*x1))^2,generation budget reached
poly3,spurious,0.03,300,4,9007,fedfalsify-v05,1.0,1.0,1.0,3.990578117300775e-06,0.05221490788107905,0.0,1.0,0.6216988470000615,267619,6,x1;x1^2;x1^3,0.0009309 + 0.9871·x₁ + 1·x₁³ + 1.003·x₁²,target federated MSE reached; no replacement passed the federated certificate
poly3,spurious,0.03,300,4,9007,centralized-tree-gp,1.0,1.0,1.0,3.990578117300835e-06,0.05221490788107904,0.0,1.0,1.515554136999981,0,1603,x1;x1^2;x1^3,0.0009309 + 1*((x1)^2*x1) + 1.003*(x1*x1) + 0.9871*x1,generation budget reached
poly3,spurious,0.03,300,4,9007,federated-tree-gp-style,1.0,1.0,1.0,3.990578117300841e-06,0.05221490788107904,0.0,1.0,1.5365612900000087,655360,1603,x1;x1^2;x1^3,0.0009309 + 1*((x1)^2*x1) + 1.003*(x1*x1) + 0.9871*x1,generation budget reached
poly3,spurious,0.03,300,4,9007,centralized-residual-counterexample-gp,1.0,1.0,1.0,3.990578117300835e-06,0.05221490788107904,0.0,1.0,0.9496193830000266,0,1587,x1;x1^2;x1^3,0.0009309 + 1*((x1)^2*x1) + 1.003*(x1*x1) + 0.9871*x1,generation budget reached
poly3,spurious,0.03,300,4,9008,fedfalsify-v05,1.0,1.0,1.0,2.668171125766848e-06,0.04952171408767758,0.0,1.0,0.3790849150000213,268085,6,x1;x1^2;x1^3,-4.053e-05 + 1.007·x₁ + 0.9971·x₁³ + 0.9995·x₁²,target federated MSE reached; no replacement passed the federated certificate
poly3,spurious,0.03,300,4,9008,centralized-tree-gp,0.0,0.5,0.3333333333333333,1.8410995226928016e-06,0.0495441750859575,0.0,1.0,0.8283510329999899,0,1584,"expr:add(square(x1),x1);x1^3",-0.001258 + 1*((x1)^2+x1) + 0.9984*((x1)^2*x1),generation budget reached
poly3,spurious,0.03,300,4,9008,federated-tree-gp-style,0.0,0.5,0.3333333333333333,1.841099522697069e-06,0.04954417508595749,0.0,1.0,1.1873455059999287,621376,1584,"expr:add(square(x1),x1);x1^3",-0.001258 + 1*((x1)^2+x1) + 0.9984*((x1)^2*x1),generation budget reached
poly3,spurious,0.03,300,4,9008,centralized-residual-counterexample-gp,0.0,0.5,0.3333333333333333,1.8410995226928016e-06,0.0495441750859575,0.0,1.0,0.9012543139999707,0,1582,"expr:add(square(x1),x1);x1^3",-0.001258 + 1*((x1)^2+x1) + 0.9984*((x1)^2*x1),generation budget reached
poly3,spurious,0.03,300,4,9009,fedfalsify-v05,1.0,1.0,1.0,5.8815998842887e-06,0.049715365622283826,0.0,1.0,0.32954141200002596,238140,5,x1;x1^2;x1^3,-0.001382 + 1.013·x₁ + 1.002·x₁² + 0.9953·x₁³,target federated MSE reached; no replacement passed the federated certificate
poly3,spurious,0.03,300,4,9009,centralized-tree-gp,0.0,0.5,0.3333333333333333,4.3102057689408025e-06,0.04976681328562984,0.0,1.0,0.8114763010000843,0,1558,"expr:add(square(x1),x1);x1^3",-0.00364 + 1.003*((x1)^2+x1) + 0.9973*((x1)^2*x1),generation budget reached
poly3,spurious,0.03,300,4,9009,federated-tree-gp-style,0.0,0.5,0.3333333333333333,4.310205768939928e-06,0.04976681328562983,0.0,1.0,1.0470336780001617,589184,1558,"expr:add(square(x1),x1);x1^3",-0.00364 + 1.003*((x1)^2+x1) + 0.9973*((x1)^2*x1),generation budget reached
poly3,spurious,0.03,300,4,9009,centralized-residual-counterexample-gp,0.0,0.5,0.3333333333333333,4.3102057689408025e-06,0.04976681328562984,0.0,1.0,0.8282888890000777,0,1521,"expr:add(square(x1),x1);x1^3",-0.00364 + 1.003*((x1)^2+x1) + 0.9973*((x1)^2*x1),generation budget reached
poly3,spurious,0.03,300,4,9010,fedfalsify-v05,0.0,0.5,0.6666666666666666,0.004927654589868336,0.24912420121762668,0.0,1.0,0.36694996099981836,237760,5,cos(x1);sin(x1);x1;x1^3,2.951 - 1.398·x₁ + 2.555·sin(x₁) - 3.271·cos(x₁) + 1.302·x₁³,no sufficiently supported counterexample repair; no replacement passed the federated certificate
poly3,spurious,0.03,300,4,9010,centralized-tree-gp,0.0,0.5,0.3333333333333333,1.129845923755628e-06,0.060169376646165444,0.0,1.0,0.7414251209997929,0,1505,"expr:add(square(x1),x1);x1^3",0.01308 + 0.9977*((x1)^2+x1) + 1.001*((x1)^2*x1),generation budget reached
poly3,spurious,0.03,300,4,9010,federated-tree-gp-style,0.0,0.5,0.3333333333333333,1.1298459237558655e-06,0.060169376646165465,0.0,1.0,1.03545096799985,529216,1505,"expr:add(square(x1),x1);x1^3",0.01308 + 0.9977*((x1)^2+x1) + 1.001*((x1)^2*x1),generation budget reached
poly3,spurious,0.03,300,4,9010,centralized-residual-counterexample-gp,0.0,0.5,0.3333333333333333,1.129845923755628e-06,0.060169376646165444,0.0,1.0,1.4424837029998798,0,1519,"expr:add(square(x1),x1);x1^3",0.01308 + 0.9977*((x1)^2+x1) + 1.001*((x1)^2*x1),generation budget reached
poly3,spurious,0.1,300,4,9006,fedfalsify-v05,0.0,0.6666666666666666,0.6666666666666666,0.0040882570487519795,0.8087984763204138,0.0,1.0,1.196217463000039,887284,5,cos(x1);x1;x1^3,2.949 + 0.9555·x₁ - 3.269·cos(x₁) + 1.021·x₁³,target federated MSE reached; no replacement passed the federated certificate
poly3,spurious,0.1,300,4,9006,centralized-tree-gp,0.0,0.5,0.3333333333333333,7.941782112739597e-06,0.5951267963137681,0.0,1.0,1.2082912060000126,0,1501,"expr:add(square(x1),x1);x1^3",0.01812 + 0.9914*((x1)^2+x1) + 0.9991*((x1)^2*x1),generation budget reached
poly3,spurious,0.1,300,4,9006,federated-tree-gp-style,0.0,0.5,0.3333333333333333,7.941782112738132e-06,0.5951267963137681,0.0,1.0,1.359587145999967,515904,1501,"expr:add(square(x1),x1);x1^3",0.01812 + 0.9914*((x1)^2+x1) + 0.9991*((x1)^2*x1),generation budget reached
poly3,spurious,0.1,300,4,9006,centralized-residual-counterexample-gp,0.0,0.5,0.3333333333333333,7.941782112739597e-06,0.5951267963137681,0.0,1.0,0.7877882779998799,0,1502,"expr:add(square(x1),x1);x1^3",0.01812 + 0.9914*((x1)^2+x1) + 0.9991*((x1)^2*x1),generation budget reached
poly3,spurious,0.1,300,4,9007,fedfalsify-v05,1.0,1.0,1.0,4.433975687046129e-05,0.5801656431231006,0.0,1.0,0.7720359690001715,887931,5,x1;x1^2;x1^3,0.003103 + 0.9571·x₁ + 1.01·x₁² + 1.001·x₁³,target federated MSE reached; no replacement passed the federated certificate
poly3,spurious,0.1,300,4,9007,centralized-tree-gp,0.0,0.6666666666666666,0.6666666666666666,4.433975687493717e-05,0.5801656431231006,0.0,1.0,0.9007368090001364,0,1605,"expr:square(add(x1,x1));x1;x1^3",0.003103 + 1.001*((x1)^2*x1) + 0.2526*((x1+x1))^2 + 0.9571*x1,generation budget reached
poly3,spurious,0.1,300,4,9007,federated-tree-gp-style,0.0,0.6666666666666666,0.6666666666666666,4.433975687493406e-05,0.5801656431231006,0.0,1.0,1.1233271060000334,662464,1605,"expr:square(add(x1,x1));x1;x1^3",0.003103 + 1.001*((x1)^2*x1) + 0.2526*((x1+x1))^2 + 0.9571*x1,generation budget reached
poly3,spurious,0.1,300,4,9007,centralized-residual-counterexample-gp,0.0,0.25,0.3333333333333333,0.0015491697980227303,0.684228369241517,1.0,1.0,0.9344596040000397,0,1600,"expr:add(sin(x1),x4);expr:add(x1,x4);expr:square(add(x1,x1));x1^3",-0.07038 - 6.64*(sin(x1)+x4) + 6.771*(x1+x4) + 0.3332*((x1)^2*x1) + 0.2637*((x1+x1))^2,generation budget reached
poly3,spurious,0.1,300,4,9008,fedfalsify-v05,0.0,0.6666666666666666,0.6666666666666666,3.286795411784215e-05,0.5515133316936036,0.0,1.0,1.1266318049999882,1243742,6,sin(x1);x1^2;x1^3,0.002691 + 1.115·sin(x₁) + 1.111·x₁³ + 0.9946·x₁²,target federated MSE reached; no replacement passed the federated certificate
poly3,spurious,0.1,300,4,9008,centralized-tree-gp,0.0,0.5,0.3333333333333333,2.045666136050368e-05,0.5504908342884164,0.0,1.0,0.9068715559999418,0,1606,"expr:add(square(x1),x1);x1^3",-0.004193 + 1*((x1)^2+x1) + 0.9946*((x1)^2*x1),generation budget reached
poly3,spurious,0.1,300,4,9008,federated-tree-gp-style,0.0,0.5,0.3333333333333333,2.0456661360510795e-05,0.5504908342884164,0.0,1.0,1.1840272199999617,639104,1606,"expr:add(square(x1),x1);x1^3",-0.004193 + 1*((x1)^2+x1) + 0.9946*((x1)^2*x1),generation budget reached
poly3,spurious,0.1,300,4,9008,centralized-residual-counterexample-gp,0.0,0.5,0.3333333333333333,2.045666136050368e-05,0.5504908342884164,0.0,1.0,0.9800696699999207,0,1632,"expr:add(square(x1),x1);x1^3",-0.004193 + 1*((x1)^2+x1) + 0.9946*((x1)^2*x1),generation budget reached
poly3,spurious,0.1,300,4,9009,fedfalsify-v05,1.0,1.0,1.0,6.535110985860392e-05,0.5523929513587096,0.0,1.0,0.7901229730000523,888568,5,x1;x1^2;x1^3,-0.004607 + 1.044·x₁ + 1.006·x₁² + 0.9843·x₁³,target federated MSE reached; no replacement passed the federated certificate
poly3,spurious,0.1,300,4,9009,centralized-tree-gp,0.0,0.5,0.3333333333333333,4.789117521316448e-05,0.5529645920625541,0.0,1.0,1.2175978580000901,0,1489,"expr:add(square(x1),x1);x1^3",-0.01213 + 1.01*((x1)^2+x1) + 0.9909*((x1)^2*x1),generation budget reached
poly3,spurious,0.1,300,4,9009,federated-tree-gp-style,0.0,0.5,0.3333333333333333,4.789117521316953e-05,0.5529645920625539,0.0,1.0,1.6003789369999595,504832,1489,"expr:add(square(x1),x1);x1^3",-0.01213 + 1.01*((x1)^2+x1) + 0.9909*((x1)^2*x1),generation budget reached
poly3,spurious,0.1,300,4,9009,centralized-residual-counterexample-gp,0.0,0.5,0.3333333333333333,4.789117521316448e-05,0.5529645920625541,0.0,1.0,1.2388333179999336,0,1497,"expr:add(square(x1),x1);x1^3",-0.01213 + 1.01*((x1)^2+x1) + 0.9909*((x1)^2*x1),generation budget reached
poly3,spurious,0.1,300,4,9010,fedfalsify-v05,1.0,1.0,1.0,1.1681700464057673e-05,0.668427138392529,0.0,1.0,1.0815947809999216,860091,5,x1;x1^2;x1^3,0.04689 + 1.008·x₁ + 0.991·x₁² + 1.001·x₁³,target federated MSE reached; no replacement passed the federated certificate
poly3,spurious,0.1,300,4,9010,centralized-tree-gp,0.0,0.5,0.3333333333333333,1.2553843596224846e-05,0.6685486294018387,0.0,1.0,0.8028996190000726,0,1508,"expr:add(square(x1),x1);x1^3",0.04359 + 0.9923*((x1)^2+x1) + 1.004*((x1)^2*x1),generation budget reached
poly3,spurious,0.1,300,4,9010,federated-tree-gp-style,0.0,0.5,0.3333333333333333,1.2553843596218849e-05,0.6685486294018387,0.0,1.0,0.9934684659999675,536448,1508,"expr:add(square(x1),x1);x1^3",0.04359 + 0.9923*((x1)^2+x1) + 1.004*((x1)^2*x1),generation budget reached
poly3,spurious,0.1,300,4,9010,centralized-residual-counterexample-gp,0.0,0.5,0.3333333333333333,1.2553843596224846e-05,0.6685486294018387,0.0,1.0,0.8296949069999755,0,1509,"expr:add(square(x1),x1);x1^3",0.04359 + 0.9923*((x1)^2+x1) + 1.004*((x1)^2*x1),generation budget reached
poly3,exception,0.03,300,4,9006,fedfalsify-v05,1.0,1.0,1.0,1.997443387730343e-06,0.06448567134676422,0.0,1.0,0.44257150699991143,308017,7,I(x3>1)*x3^2;x1;x1^2;x1^3,0.003952 + 1.007·x₁ + 0.7421·𝟙[x₃>1]·x₃² + 0.998·x₁³ + 1.001·x₁²,target federated MSE reached; no replacement passed the federated certificate
poly3,exception,0.03,300,4,9006,centralized-tree-gp,0.0,0.25,0.25,0.005397540923177907,0.7103596298315854,0.0,0.0,0.8704969400000664,0,1622,"expr:add(x1,x3);expr:mul(sin(x1),x1);expr:square(add(square(x1),x1));x1^3",0.7103 + 0.7049*(x1+x3) + 0.9647*(sin(x1)*x1) + 0.8596*((x1)^2*x1) + 0.1039*(((x1)^2+x1))^2,generation budget reached
poly3,exception,0.03,300,4,9006,federated-tree-gp-style,0.0,0.25,0.25,0.005397540923177913,0.7103596298315855,0.0,0.0,1.2325171380000484,665600,1622,"expr:add(x1,x3);expr:mul(sin(x1),x1);expr:square(add(square(x1),x1));x1^3",0.7103 + 0.7049*(x1+x3) + 0.9647*(sin(x1)*x1) + 0.8596*((x1)^2*x1) + 0.1039*(((x1)^2+x1))^2,generation budget reached
poly3,exception,0.03,300,4,9006,centralized-residual-counterexample-gp,0.0,0.25,0.25,0.004549177138456896,0.5312054221336786,0.0,0.0,0.9333519279998654,0,1607,"expr:add(x1,x3);expr:square(add(square(x1),x1));expr:square(mul(sin(x1),square(x3)));x1^3",1.005 + 0.7202*(x1+x3) + 0.7993*((x1)^2*x1) + 0.1226*(((x1)^2+x1))^2 + 0.1072*((sin(x1)*(x3)^2))^2,generation budget reached
poly3,exception,0.03,300,4,9007,fedfalsify-v05,1.0,1.0,1.0,4.176995298796259e-06,0.05490349294868653,0.0,1.0,0.40673443099990436,277153,6,I(x3>1)*x3^2;x1;x1^2;x1^3,0.01445 + 0.9911·x₁ + 0.7521·𝟙[x₃>1]·x₃² + 0.9933·x₁² + 1.003·x₁³,target federated MSE reached; no replacement passed the federated certificate
poly3,exception,0.03,300,4,9007,centralized-tree-gp,0.0,0.25,0.25,0.0022916001545304557,0.28725739675202117,1.0,0.0,0.8889477489999535,0,1607,"expr:add(cos(x3),x4);expr:add(sin(x1),x4);expr:add(square(x1),x3);x1^3",1.248 - 1.178*(cos(x3)+x4) + 1.154*(sin(x1)+x4) + 0.8832*((x1)^2+x3) + 1.102*((x1)^2*x1),generation budget reached
poly3,exception,0.03,300,4,9007,federated-tree-gp-style,0.0,0.25,0.25,0.0022916001545304683,0.2872573967520211,1.0,0.0,1.2485496199999488,654272,1607,"expr:add(cos(x3),x4);expr:add(sin(x1),x4);expr:add(square(x1),x3);x1^3",1.248 - 1.178*(cos(x3)+x4) + 1.154*(sin(x1)+x4) + 0.8832*((x1)^2+x3) + 1.102*((x1)^2*x1),generation budget reached
poly3,exception,0.03,300,4,9007,centralized-residual-counterexample-gp,0.0,0.25,0.25,0.004243049995163524,0.49883862462322204,1.0,0.0,0.981345575999967,0,1605,"expr:add(cos(x4),sin(x1));expr:add(square(x1),x3);expr:mul(sin(x3),x3);x1^3",-0.5508 + 0.6728*(cos(x4)+sin(x1)) + 0.8806*((x1)^2+x3) + 1.035*(sin(x3)*x3) + 1.137*((x1)^2*x1),generation budget reached
poly3,exception,0.03,300,4,9008,fedfalsify-v05,1.0,1.0,1.0,1.8415473376889143e-06,0.05885037780503533,0.0,1.0,1.0039081299998998,527210,7,I(x3>1)*x3^2;x1;x1^2;x1^3,-0.004581 + 0.9882·x₁ + 0.7548·𝟙[x₃>1]·x₃² + 1.002·x₁³ + 0.997·x₁²,target federated MSE reached; no replacement passed the federated certificate
poly3,exception,0.03,300,4,9008,centralized-tree-gp,0.0,0.25,0.25,0.010495845526785248,0.8704261466885242,0.0,0.0,1.4611676609999904,0,1598,"expr:cos(add(cos(x1),cos(x3)));expr:sin(add(sin(x1),sin(x3)));expr:square(add(square(x1),x1));x1^3",0.6451 + 1.587*cos((cos(x1)+cos(x3))) + 0.9227*((x1)^2*x1) + 1.529*sin((sin(x1)+sin(x3))) + 0.1132*(((x1)^2+x1))^2,generation budget reached
poly3,exception,0.03,300,4,9008,federated-tree-gp-style,0.0,0.25,0.25,0.010495845526785282,0.8704261466885242,0.0,0.0,1.8463113949999297,653568,1598,"expr:cos(add(cos(x1),cos(x3)));expr:sin(add(sin(x1),sin(x3)));expr:square(add(square(x1),x1));x1^3",0.6451 + 1.587*cos((cos(x1)+cos(x3))) + 0.9227*((x1)^2*x1) + 1.529*sin((sin(x1)+sin(x3))) + 0.1132*(((x1)^2+x1))^2,generation budget reached
poly3,exception,0.03,300,4,9008,centralized-residual-counterexample-gp,0.0,0.25,0.25,0.0033784258521947002,0.47844311427922925,1.0,0.0,1.1552246810001634,0,1616,"expr:add(square(x1),x1);expr:add(x1,x3);expr:cos(add(cos(x4),x3));x1^3",0.9776 + 0.971*((x1)^2+x1) + 0.3192*(x1+x3) - 0.9957*cos((cos(x4)+x3)) + 0.9563*((x1)^2*x1),generation budget reached
poly3,exception,0.03,300,4,9009,fedfalsify-v05,1.0,1.0,1.0,7.207629725706295e-06,0.06369768304441102,0.0,1.0,0.43500649899988275,308020,7,I(x3>1)*x3^2;x1;x1^2;x1^3,-0.001556 + 0.9972·x₁ + 0.7527·𝟙[x₃>1]·x₃² + 0.9982·x₁³ + 1.005·x₁²,target federated MSE reached; no replacement passed the federated certificate
poly3,exception,0.03,300,4,9009,centralized-tree-gp,0.0,0.25,0.25,0.0031277954997052,0.39936439852739664,0.0,0.0,0.9308671409999079,0,1623,"expr:add(sin(x1),square(x1));expr:mul(square(x2),square(x3));expr:mul(square(x3),x3);x1^3",0.3761 + 1.017*(sin(x1)+(x1)^2) + 1.142*((x1)^2*x1) + 0.05075*((x2)^2*(x3)^2) + 0.1644*((x3)^2*x3),generation budget reached
poly3,exception,0.03,300,4,9009,federated-tree-gp-style,0.0,0.25,0.25,0.0031277954997051944,0.39936439852739664,0.0,0.0,1.1842536450001262,664128,1623,"expr:add(sin(x1),square(x1));expr:mul(square(x2),square(x3));expr:mul(square(x3),x3);x1^3",0.3761 + 1.017*(sin(x1)+(x1)^2) + 1.142*((x1)^2*x1) + 0.05075*((x2)^2*(x3)^2) + 0.1644*((x3)^2*x3),generation budget reached
poly3,exception,0.03,300,4,9009,centralized-residual-counterexample-gp,0.0,0.5,0.5,0.007081949801541526,0.7914874075174764,0.0,0.0,0.9084449360000235,0,1596,"expr:add(square(x1),square(x3));x1;x1^3;x3",-0.2143 + 0.7322*((x1)^2+(x3)^2) + 1.017*((x1)^2*x1) + 0.8773*x1 + 0.7207*x3,generation budget reached
poly3,exception,0.03,300,4,9010,fedfalsify-v05,1.0,1.0,1.0,1.0078535156622292e-06,0.06318866061490173,0.0,1.0,0.4567312279998532,307816,7,I(x3>1)*x3^2;x1;x1^2;x1^3,0.009203 + 1.001·x₁ + 0.7446·𝟙[x₃>1]·x₃² + 1.001·x₁³ + 0.9998·x₁²,target federated MSE reached; no replacement passed the federated certificate
poly3,exception,0.03,300,4,9010,centralized-tree-gp,0.0,0.25,0.25,0.015266441403983057,1.1652929469842197,0.0,0.0,0.9002465700000357,0,1618,"expr:add(sin(x2),x3);expr:add(x1,x1);expr:sin(add(cos(x1),cos(x1)));x1^3",3.615 + 0.5221*(sin(x2)+x3) + 0.4258*(x1+x1) + 1.07*((x1)^2*x1) - 2.651*sin((cos(x1)+cos(x1))),generation budget reached
poly3,exception,0.03,300,4,9010,federated-tree-gp-style,0.0,0.25,0.25,0.015266441403983134,1.1652929469842195,0.0,0.0,1.140718705999916,654336,1618,"expr:add(sin(x2),x3);expr:add(x1,x1);expr:sin(add(cos(x1),cos(x1)));x1^3",3.615 + 0.5221*(sin(x2)+x3) + 0.4258*(x1+x1) + 1.07*((x1)^2*x1) - 2.651*sin((cos(x1)+cos(x1))),generation budget reached
poly3,exception,0.03,300,4,9010,centralized-residual-counterexample-gp,0.0,0.25,0.25,0.00727876823450237,0.9134247666462143,0.0,0.0,1.0244091770000523,0,1604,"expr:add(sin(x1),x3);expr:mul(square(x1),square(x1));expr:square(mul(square(x3),x1));x1^3",1.408 + 0.7226*(sin(x1)+x3) + 0.1179*((x1)^2*(x1)^2) + 1.126*((x1)^2*x1) + 0.0165*(((x3)^2*x1))^2,generation budget reached
poly3,exception,0.1,300,4,9006,fedfalsify-v05,0.0,0.75,0.75,0.0038876221993923033,0.9272754245566717,0.0,1.0,0.9532974539999941,977089,6,I(x3>1)*x3^2;cos(x1);x1;x1^3,2.954 + 0.9556·x₁ + 0.7606·𝟙[x₃>1]·x₃² - 3.321·cos(x₁) + 1.023·x₁³,target federated MSE reached; no replacement passed the federated certificate
poly3,exception,0.1,300,4,9006,centralized-tree-gp,0.0,0.25,0.25,0.0061190449929232095,1.2025092267285922,0.0,0.0,0.8288514299999861,0,1582,"expr:add(cos(x1),cos(x1));expr:add(x1,x3);expr:square(mul(x1,x3));x1^3",2.879 - 1.184*(cos(x1)+cos(x1)) + 0.7473*(x1+x3) + 1.042*((x1)^2*x1) + 0.12*((x1*x3))^2,generation budget reached
poly3,exception,0.1,300,4,9006,federated-tree-gp-style,0.0,0.25,0.25,0.0061190449929231705,1.2025092267285922,0.0,0.0,1.404556704000015,626880,1582,"expr:add(cos(x1),cos(x1));expr:add(x1,x3);expr:square(mul(x1,x3));x1^3",2.879 - 1.184*(cos(x1)+cos(x1)) + 0.7473*(x1+x3) + 1.042*((x1)^2*x1) + 0.12*((x1*x3))^2,generation budget reached
poly3,exception,0.1,300,4,9006,centralized-residual-counterexample-gp,0.0,0.25,0.25,0.005837850799208698,1.2985612501713555,0.0,0.0,1.399504115000127,0,1559,"expr:add(sin(x2),square(x3));expr:add(x1,x3);expr:square(add(square(x1),x1));x1^3",0.8644 + 0.2872*(sin(x2)+(x3)^2) + 0.6994*(x1+x3) + 0.788*((x1)^2*x1) + 0.1213*(((x1)^2+x1))^2,generation budget reached
poly3,exception,0.1,300,4,9007,fedfalsify-v05,1.0,1.0,1.0,4.641105884292234e-05,0.6100388105409613,0.0,1.0,1.352805885999942,948555,6,I(x3>1)*x3^2;x1;x1^2;x1^3,0.04816 + 0.9703·x₁ + 0.7571·𝟙[x₃>1]·x₃² + 0.9777·x₁² + 1.01·x₁³,target federated MSE reached; no replacement passed the federated certificate
poly3,exception,0.1,300,4,9007,centralized-tree-gp,0.0,0.5,0.5,0.002769038044203804,0.911826659098291,0.0,0.0,1.329356555000004,0,1608,"expr:add(sin(x2),square(x3));expr:add(square(x1),x3);x1;x1^3",0.3085 + 0.3685*(sin(x2)+(x3)^2) + 0.8604*((x1)^2+x3) + 1.012*((x1)^2*x1) + 0.8895*x1,generation budget reached
poly3,exception,0.1,300,4,9007,federated-tree-gp-style,0.0,0.5,0.5,0.0027690380442037974,0.9118266590982907,0.0,0.0,1.1435902390001047,652864,1608,"expr:add(sin(x2),square(x3));expr:add(square(x1),x3);x1;x1^3",0.3085 + 0.3685*(sin(x2)+(x3)^2) + 0.8604*((x1)^2+x3) + 1.012*((x1)^2*x1) + 0.8895*x1,generation budget reached
poly3,exception,0.1,300,4,9007,centralized-residual-counterexample-gp,0.0,0.3333333333333333,0.25,0.0037413280474183643,0.9122440493745578,0.0,0.0,0.9746084529999735,0,1596,"expr:add(sin(x1),square(x3));expr:add(square(x1),x3);x1^3",-0.03506 + 0.4988*(sin(x1)+(x3)^2) + 0.8605*((x1)^2+x3) + 1.152*((x1)^2*x1),generation budget reached
poly3,exception,0.1,300,4,9008,fedfalsify-v05,1.0,1.0,1.0,2.0461637068772206e-05,0.6538930867226149,0.0,1.0,1.6852504090002185,1869791,7,I(x3>1)*x3^2;x1;x1^2;x1^3,-0.01527 + 0.9607·x₁ + 0.7661·𝟙[x₃>1]·x₃² + 0.9899·x₁² + 1.007·x₁³,target federated MSE reached; no replacement passed the federated certificate
poly3,exception,0.1,300,4,9008,centralized-tree-gp,0.0,0.5,0.5,0.003625919595751048,1.091970640453948,1.0,0.0,0.8850504310000815,0,1622,"expr:add(sin(x3),square(x1));expr:add(sin(x4),square(x3));x1;x1^3",0.05081 + 0.9901*(sin(x3)+(x1)^2) + 0.3462*(sin(x4)+(x3)^2) + 1.023*((x1)^2*x1) + 0.9528*x1,generation budget reached
poly3,exception,0.1,300,4,9008,federated-tree-gp-style,0.0,0.5,0.5,0.0036259195957510375,1.091970640453948,1.0,0.0,1.1961698190000334,664832,1622,"expr:add(sin(x3),square(x1));expr:add(sin(x4),square(x3));x1;x1^3",0.05081 + 0.9901*(sin(x3)+(x1)^2) + 0.3462*(sin(x4)+(x3)^2) + 1.023*((x1)^2*x1) + 0.9528*x1,generation budget reached
poly3,exception,0.1,300,4,9008,centralized-residual-counterexample-gp,0.0,0.25,0.25,0.0035447813102716078,1.0383572532047822,0.0,0.0,0.9332829840000159,0,1623,"expr:add(cos(x2),cos(x3));expr:add(square(x1),square(x1));expr:add(x1,x3);x1^3",1.02 - 0.5362*(cos(x2)+cos(x3)) + 0.4862*((x1)^2+(x1)^2) + 0.7451*(x1+x3) + 1.057*((x1)^2*x1),generation budget reached
poly3,exception,0.1,300,4,9009,fedfalsify-v05,0.0,0.75,0.75,0.003930504666766899,0.8689293593094162,0.0,1.0,0.9506023330000062,947853,6,I(x3>1)*x3^2;cos(x1);x1;x1^3,2.975 + 0.8873·x₁ + 0.7865·𝟙[x₃>1]·x₃² - 3.356·cos(x₁) + 1.036·x₁³,target federated MSE reached; no replacement passed the federated certificate
poly3,exception,0.1,300,4,9009,centralized-tree-gp,0.0,0.25,0.25,0.012407303118978872,1.7653536943413553,0.0,0.0,0.8442134869999336,0,1573,"expr:add(sin(x3),x1);expr:cos(add(sin(x1),x3));expr:square(add(cos(x2),square(x1)));x1^3",1.61 + 1.053*(sin(x3)+x1) - 1.052*cos((sin(x1)+x3)) + 0.9845*((x1)^2*x1) + 0.1205*((cos(x2)+(x1)^2))^2,generation budget reached
poly3,exception,0.1,300,4,9009,federated-tree-gp-style,0.0,0.25,0.25,0.012407303118978863,1.765353694341355,0.0,0.0,1.1079848919998767,624512,1573,"expr:add(sin(x3),x1);expr:cos(add(sin(x1),x3));expr:square(add(cos(x2),square(x1)));x1^3",1.61 + 1.053*(sin(x3)+x1) - 1.052*cos((sin(x1)+x3)) + 0.9845*((x1)^2*x1) + 0.1205*((cos(x2)+(x1)^2))^2,generation budget reached
poly3,exception,0.1,300,4,9009,centralized-residual-counterexample-gp,0.0,0.25,0.25,0.008695715294206133,1.608989822538641,0.0,0.0,1.4035085520001758,0,1593,"expr:add(sin(x1),square(x1));expr:add(sin(x3),x1);expr:add(square(x2),x3);x1^3",0.3824 + 1.018*(sin(x1)+(x1)^2) + 0.3748*(sin(x3)+x1) + 0.1323*((x2)^2+x3) + 1.089*((x1)^2*x1),generation budget reached
poly3,exception,0.1,300,4,9010,fedfalsify-v05,0.0,0.5,0.5,0.004490137488112075,0.9073134709224328,0.0,1.0,1.4242252250001002,947731,6,I(x3>1)*x3^2;cos(x1);sin(x1);x1^3,2.941 + 1.041·sin(x₁) + 0.7689·𝟙[x₃>1]·x₃² - 3.253·cos(x₁) + 1.135·x₁³,target federated MSE reached; no replacement passed the federated certificate
poly3,exception,0.1,300,4,9010,centralized-tree-gp,0.0,0.25,0.25,0.009234137265641335,1.5884186057996605,0.0,0.0,1.385969427999953,0,1601,"expr:add(sin(x2),square(x1));expr:add(sin(x3),x1);expr:square(mul(sin(x2),x3));x1^3",0.6071 + 0.9176*(sin(x2)+(x1)^2) + 0.8674*(sin(x3)+x1) + 1.037*((x1)^2*x1) + 0.3575*((sin(x2)*x3))^2,generation budget reached
poly3,exception,0.1,300,4,9010,federated-tree-gp-style,0.0,0.25,0.25,0.00923413726564132,1.5884186057996605,0.0,0.0,1.423614630999964,623872,1601,"expr:add(sin(x2),square(x1));expr:add(sin(x3),x1);expr:square(mul(sin(x2),x3));x1^3",0.6071 + 0.9176*(sin(x2)+(x1)^2) + 0.8674*(sin(x3)+x1) + 1.037*((x1)^2*x1) + 0.3575*((sin(x2)*x3))^2,generation budget reached
poly3,exception,0.1,300,4,9010,centralized-residual-counterexample-gp,0.0,0.5,0.5,0.006449442390940877,1.2797523537145192,0.0,0.0,0.9029426600000079,0,1598,"expr:add(sin(x3),x1);expr:cos(add(sin(x1),x3));x1^2;x1^3",0.8296 + 0.9668*(sin(x3)+x1) - 0.731*cos((sin(x1)+x3)) + 1.036*((x1)^2*x1) + 0.9683*(x1)^2,generation budget reached
nested_sine,complementary,0.03,300,4,9006,fedfalsify-v05,1.0,1.0,1.0,1.0901212510418376e-06,0.000685727884768755,0.0,1.0,0.26353635200007375,210391,4,sin(x1);sin(x1+x1^2),0.0001374 + 0.9996·sin(x₁) + 0.9985·sin(x₁+x₁²),target federated MSE reached; no replacement passed the federated certificate
nested_sine,complementary,0.03,300,4,9006,centralized-tree-gp,0.0,0.0,0.0,0.18152358764495777,0.10181404585828194,0.0,1.0,0.9110039380000217,0,1550,"expr:add(sin(x1),sin(x1));expr:sin(add(sin(x1),sin(x1)));expr:sin(add(x1,x1));expr:square(mul(x1,x1))",0.2536 - 0.6176*(sin(x1)+sin(x1)) + 1.841*sin((sin(x1)+sin(x1))) + 0.2569*sin((x1+x1)) - 0.01115*((x1*x1))^2,generation budget reached
nested_sine,complementary,0.03,300,4,9006,federated-tree-gp-style,0.0,0.0,0.0,0.181523587644958,0.10181404585828194,0.0,1.0,1.1427863820001676,579776,1550,"expr:add(sin(x1),sin(x1));expr:sin(add(sin(x1),sin(x1)));expr:sin(add(x1,x1));expr:square(mul(x1,x1))",0.2536 - 0.6176*(sin(x1)+sin(x1)) + 1.841*sin((sin(x1)+sin(x1))) + 0.2569*sin((x1+x1)) - 0.01115*((x1*x1))^2,generation budget reached
nested_sine,complementary,0.03,300,4,9006,centralized-residual-counterexample-gp,0.0,0.0,0.0,0.18250638321923493,0.10372257926319325,0.0,1.0,0.8979596859999219,0,1502,"expr:add(sin(x1),sin(x1));expr:sin(add(sin(x1),sin(x1)));expr:sin(add(sin(x1),x1));expr:square(mul(x1,x1))",0.2529 - 0.6539*(sin(x1)+sin(x1)) + 1.599*sin((sin(x1)+sin(x1))) + 0.5428*sin((sin(x1)+x1)) - 0.01109*((x1*x1))^2,generation budget reached
nested_sine,complementary,0.03,300,4,9007,fedfalsify-v05,1.0,1.0,1.0,2.311566536205268e-06,0.000703561414069933,0.0,1.0,0.27268277100006344,210405,4,sin(x1);sin(x1+x1^2),0.0009572 + 0.9982·sin(x₁+x₁²) + 0.9999·sin(x₁),target federated MSE reached; no replacement passed the federated certificate
nested_sine,complementary,0.03,300,4,9007,centralized-tree-gp,1.0,1.0,1.0,2.311566536202927e-06,0.000703561414069933,0.0,1.0,0.8566588749999937,0,1537,sin(x1);sin(x1+x1^2),0.0009572 + 0.9982*sin(((x1)^2+x1)) + 0.9999*sin(x1),generation budget reached
nested_sine,complementary,0.03,300,4,9007,federated-tree-gp-style,1.0,1.0,1.0,2.311566536205272e-06,0.0007035614140699331,0.0,1.0,1.0899552339999445,567936,1537,sin(x1);sin(x1+x1^2),0.0009572 + 0.9982*sin(((x1)^2+x1)) + 0.9999*sin(x1),generation budget reached
nested_sine,complementary,0.03,300,4,9007,centralized-residual-counterexample-gp,1.0,1.0,1.0,2.311566536202927e-06,0.000703561414069933,0.0,1.0,0.8983779840000352,0,1524,sin(x1);sin(x1+x1^2),0.0009572 + 0.9982*sin(((x1)^2+x1)) + 0.9999*sin(x1),generation budget reached
nested_sine,complementary,0.03,300,4,9008,fedfalsify-v05,1.0,1.0,1.0,1.3772314693219424e-06,0.0007058563535023171,0.0,1.0,0.31962386800000786,301827,4,sin(x1);sin(x1+x1^2),-0.0003716 + 0.9988·sin(x₁+x₁²) + 0.9991·sin(x₁),target federated MSE reached; no replacement passed the federated certificate
nested_sine,complementary,0.03,300,4,9008,centralized-tree-gp,0.0,0.5,0.5,1.3772314569007968e-06,0.0007058563535023171,0.0,1.0,0.8339329360001102,0,1485,"expr:add(sin(x1),sin(x1));sin(x1+x1^2)",-0.0003716 + 0.4996*(sin(x1)+sin(x1)) + 0.9988*sin(((x1)^2+x1)),generation budget reached
nested_sine,complementary,0.03,300,4,9008,federated-tree-gp-style,0.0,0.5,0.5,1.3772314569000482e-06,0.0007058563535023171,0.0,1.0,1.2344132580001315,515520,1485,"expr:add(sin(x1),sin(x1));sin(x1+x1^2)",-0.0003716 + 0.4996*(sin(x1)+sin(x1)) + 0.9988*sin(((x1)^2+x1)),generation budget reached
nested_sine,complementary,0.03,300,4,9008,centralized-residual-counterexample-gp,0.0,0.0,0.0,0.3366272953450532,0.14883536911603557,0.0,1.0,1.4003767179999613,0,1504,"expr:mul(sin(x1),square(x1));expr:sin(add(sin(x1),sin(x1)))",0.194 - 0.203*(sin(x1)*(x1)^2) + 1.268*sin((sin(x1)+sin(x1))),generation budget reached
nested_sine,complementary,0.03,300,4,9009,fedfalsify-v05,1.0,1.0,1.0,3.711067104077827e-06,0.0007065081886793722,0.0,1.0,0.4066195460000017,210131,4,sin(x1);sin(x1+x1^2),0.0005882 + 0.9988·sin(x₁) + 1.002·sin(x₁+x₁²),target federated MSE reached; no replacement passed the federated certificate
nested_sine,complementary,0.03,300,4,9009,centralized-tree-gp,0.0,0.0,0.0,0.3135357859898237,0.13001490704007812,0.0,1.0,1.294656500999963,0,1485,"expr:sin(add(sin(x1),x1));expr:sin(mul(sin(x1),square(x1)));expr:square(mul(cos(x1),x1))",0.2671 + 1.408*sin((sin(x1)+x1)) - 0.4025*sin((sin(x1)*(x1)^2)) - 0.06583*((cos(x1)*x1))^2,generation budget reached
nested_sine,complementary,0.03,300,4,9009,federated-tree-gp-style,0.0,0.0,0.0,0.3135357859898237,0.13001490704007812,0.0,1.0,1.5148231000000578,502528,1485,"expr:sin(add(sin(x1),x1));expr:sin(mul(sin(x1),square(x1)));expr:square(mul(cos(x1),x1))",0.2671 + 1.408*sin((sin(x1)+x1)) - 0.4025*sin((sin(x1)*(x1)^2)) - 0.06583*((cos(x1)*x1))^2,generation budget reached
nested_sine,complementary,0.03,300,4,9009,centralized-residual-counterexample-gp,0.0,0.0,0.0,0.41391512363762417,0.1385979977865386,0.0,1.0,0.7980732200001057,0,1457,"expr:sin(add(sin(x1),x1));expr:sin(mul(sin(x1),square(x1)))",0.2257 + 1.424*sin((sin(x1)+x1)) - 0.4384*sin((sin(x1)*(x1)^2)),generation budget reached
nested_sine,complementary,0.03,300,4,9010,fedfalsify-v05,1.0,1.0,1.0,1.8264244868890141e-06,0.0007198983507769849,0.0,1.0,0.2494098170000143,210304,4,sin(x1);sin(x1+x1^2),0.0001205 + 1.002·sin(x₁+x₁²) + 1·sin(x₁),target federated MSE reached; no replacement passed the federated certificate
nested_sine,complementary,0.03,300,4,9010,centralized-tree-gp,0.0,0.0,0.0,0.14834613724116058,0.08295415571848636,0.0,1.0,0.8899725830001444,0,1532,"expr:mul(square(x1),square(x1));expr:sin(add(sin(x1),sin(x1)));expr:sin(add(sin(x1),x1));expr:sin(mul(cos(x1),sin(x1)))",0.2617 - 0.01194*((x1)^2*(x1)^2) + 7.255*sin((sin(x1)+sin(x1))) - 11.45*sin((sin(x1)+x1)) + 11.26*sin((cos(x1)*sin(x1))),generation budget reached
nested_sine,complementary,0.03,300,4,9010,federated-tree-gp-style,0.0,0.0,0.0,0.1483461372412131,0.08295415571848638,0.0,1.0,1.1189410689999022,575872,1532,"expr:mul(square(x1),square(x1));expr:sin(add(sin(x1),sin(x1)));expr:sin(add(sin(x1),x1));expr:sin(mul(cos(x1),sin(x1)))",0.2617 - 0.01194*((x1)^2*(x1)^2) + 7.255*sin((sin(x1)+sin(x1))) - 11.45*sin((sin(x1)+x1)) + 11.26*sin((cos(x1)*sin(x1))),generation budget reached
nested_sine,complementary,0.03,300,4,9010,centralized-residual-counterexample-gp,1.0,1.0,1.0,1.82642448688986e-06,0.0007198983507769848,0.0,1.0,0.9603700519999165,0,1599,sin(x1);sin(x1+x1^2),0.0001205 + 1.002*sin(((x1)^2+x1)) + 1*sin(x1),generation budget reached
nested_sine,complementary,0.1,300,4,9006,fedfalsify-v05,1.0,1.0,1.0,1.2112457988312914e-05,0.0076191987196528345,0.0,1.0,0.2583405870000206,209873,4,sin(x1);sin(x1+x1^2),0.0004579 + 0.9988·sin(x₁) + 0.995·sin(x₁+x₁²),target federated MSE reached; no replacement passed the federated certificate
nested_sine,complementary,0.1,300,4,9006,centralized-tree-gp,0.0,0.0,0.0,0.2420701473363107,0.10988114784982624,1.0,1.0,0.9252172239998799,0,1592,"expr:add(cos(x4),x1);expr:sin(add(sin(x1),sin(x1)));expr:sin(add(sin(x1),x1));expr:sin(mul(cos(x1),sin(x1)))",0.2627 - 0.1448*(cos(x4)+x1) + 7.477*sin((sin(x1)+sin(x1))) - 11.44*sin((sin(x1)+x1)) + 10.99*sin((cos(x1)*sin(x1))),generation budget reached
nested_sine,complementary,0.1,300,4,9006,federated-tree-gp-style,0.0,0.0,0.0,0.24207014733631113,0.10988114784982618,1.0,1.0,1.1988106000001153,605888,1592,"expr:add(cos(x4),x1);expr:sin(add(sin(x1),sin(x1)));expr:sin(add(sin(x1),x1));expr:sin(mul(cos(x1),sin(x1)))",0.2627 - 0.1448*(cos(x4)+x1) + 7.477*sin((sin(x1)+sin(x1))) - 11.44*sin((sin(x1)+x1)) + 10.99*sin((cos(x1)*sin(x1))),generation budget reached
nested_sine,complementary,0.1,300,4,9006,centralized-residual-counterexample-gp,0.0,0.0,0.0,0.21963369582128253,0.09551631514214547,0.0,1.0,0.9149338330000774,0,1538,"expr:cos(add(cos(x1),sin(x1)));expr:sin(add(sin(x1),sin(x1)));expr:sin(add(sin(x1),x1));expr:sin(mul(cos(x1),sin(x1)))",-5.585 + 10.3*cos((cos(x1)+sin(x1))) + 6.917*sin((sin(x1)+sin(x1))) - 10.87*sin((sin(x1)+x1)) + 19.69*sin((cos(x1)*sin(x1))),generation budget reached
nested_sine,complementary,0.1,300,4,9007,fedfalsify-v05,1.0,1.0,1.0,2.568407220584779e-05,0.00781734904522148,0.0,1.0,0.2833472790000542,209826,4,sin(x1);sin(x1+x1^2),0.003191 + 0.9938·sin(x₁+x₁²) + 0.9996·sin(x₁),target federated MSE reached; no replacement passed the federated certificate
nested_sine,complementary,0.1,300,4,9007,centralized-tree-gp,1.0,1.0,1.0,2.5684072205844558e-05,0.00781734904522148,0.0,1.0,0.8514185440001256,0,1524,sin(x1);sin(x1+x1^2),0.003191 + 0.9938*sin(((x1)^2+x1)) + 0.9996*sin(x1),generation budget reached
nested_sine,complementary,0.1,300,4,9007,federated-tree-gp-style,1.0,1.0,1.0,2.568407220584779e-05,0.00781734904522148,0.0,1.0,1.097103240000024,557376,1524,sin(x1);sin(x1+x1^2),0.003191 + 0.9938*sin(((x1)^2+x1)) + 0.9996*sin(x1),generation budget reached
nested_sine,complementary,0.1,300,4,9007,centralized-residual-counterexample-gp,1.0,1.0,1.0,2.5684072205844558e-05,0.00781734904522148,0.0,1.0,1.3450022829999853,0,1533,sin(x1);sin(x1+x1^2),0.003191 + 0.9938*sin(((x1)^2+x1)) + 0.9996*sin(x1),generation budget reached
nested_sine,complementary,0.1,300,4,9008,fedfalsify-v05,1.0,1.0,1.0,1.530257155196241e-05,0.00784284837224797,0.0,1.0,0.4244443279999359,301086,4,sin(x1);sin(x1+x1^2),-0.001239 + 0.9959·sin(x₁+x₁²) + 0.9971·sin(x₁),target federated MSE reached; no replacement passed the federated certificate
nested_sine,complementary,0.1,300,4,9008,centralized-tree-gp,0.0,0.0,0.0,0.18461587655699216,0.10964128729468385,0.0,1.0,1.4115065989999493,0,1527,"expr:add(sin(x1),sin(x1));expr:sin(add(sin(x1),sin(x1)));expr:sin(mul(square(x1),x1));expr:square(mul(x1,x1))",0.266 - 0.7367*(sin(x1)+sin(x1)) + 2.045*sin((sin(x1)+sin(x1))) + 0.3157*sin(((x1)^2*x1)) - 0.01116*((x1*x1))^2,generation budget reached
nested_sine,complementary,0.1,300,4,9008,federated-tree-gp-style,0.0,0.0,0.0,0.18461587655699224,0.10964128729468385,0.0,1.0,1.7646488939999472,571264,1527,"expr:add(sin(x1),sin(x1));expr:sin(add(sin(x1),sin(x1)));expr:sin(mul(square(x1),x1));expr:square(mul(x1,x1))",0.266 - 0.7367*(sin(x1)+sin(x1)) + 2.045*sin((sin(x1)+sin(x1))) + 0.3157*sin(((x1)^2*x1)) - 0.01116*((x1*x1))^2,generation budget reached
nested_sine,complementary,0.1,300,4,9008,centralized-residual-counterexample-gp,0.0,0.0,0.0,0.2769714739920177,0.13376777566835218,0.0,1.0,0.8471423649998542,0,1493,"expr:add(sin(x1),sin(x1));expr:sin(add(sin(x1),sin(x1)));expr:sin(add(sin(x1),x1))",0.1817 - 0.6556*(sin(x1)+sin(x1)) + 1.608*sin((sin(x1)+sin(x1))) + 0.5462*sin((sin(x1)+x1)),generation budget reached
nested_sine,complementary,0.1,300,4,9009,fedfalsify-v05,1.0,1.0,1.0,4.123407912812504e-05,0.007850090985326358,0.0,1.0,0.2632184839999354,209597,4,sin(x1);sin(x1+x1^2),0.001961 + 0.9961·sin(x₁) + 1.007·sin(x₁+x₁²),target federated MSE reached; no replacement passed the federated certificate
nested_sine,complementary,0.1,300,4,9009,centralized-tree-gp,0.0,0.25,0.5,0.316675963111694,0.1274420772517352,0.0,1.0,0.8098714879999989,0,1537,"expr:add(cos(x3),x1);expr:cos(add(sin(x3),x3));expr:sin(add(sin(x1),sin(x1)));sin(x1)",0.3743 - 0.291*(cos(x3)+x1) + 0.1975*cos((sin(x3)+x3)) + 2.293*sin((sin(x1)+sin(x1))) - 1.181*sin(x1),generation budget reached
nested_sine,complementary,0.1,300,4,9009,federated-tree-gp-style,0.0,0.25,0.5,0.3166759631116942,0.12744207725173518,0.0,1.0,1.038277139999991,549824,1537,"expr:add(cos(x3),x1);expr:cos(add(sin(x3),x3));expr:sin(add(sin(x1),sin(x1)));sin(x1)",0.3743 - 0.291*(cos(x3)+x1) + 0.1975*cos((sin(x3)+x3)) + 2.293*sin((sin(x1)+sin(x1))) - 1.181*sin(x1),generation budget reached
nested_sine,complementary,0.1,300,4,9009,centralized-residual-counterexample-gp,0.0,0.0,0.0,0.4782567410428754,0.1772860279456708,0.0,1.0,0.744835725999792,0,1487,"expr:sin(add(sin(x1),x1))",0.2223 + 1.178*sin((sin(x1)+x1)),generation budget reached
nested_sine,complementary,0.1,300,4,9010,fedfalsify-v05,1.0,1.0,1.0,2.029360582233572e-05,0.00799887056418872,0.0,1.0,0.2540761749999092,209658,4,sin(x1);sin(x1+x1^2),0.0004018 + 1.006·sin(x₁+x₁²) + 1.001·sin(x₁),target federated MSE reached; no replacement passed the federated certificate
nested_sine,complementary,0.1,300,4,9010,centralized-tree-gp,1.0,1.0,1.0,2.0293605822332655e-05,0.00799887056418872,0.0,1.0,0.9249805839999681,0,1601,sin(x1);sin(x1+x1^2),0.0004018 + 1.006*sin(((x1)^2+x1)) + 1.001*sin(x1),generation budget reached
nested_sine,complementary,0.1,300,4,9010,federated-tree-gp-style,1.0,1.0,1.0,2.0293605822335986e-05,0.00799887056418872,0.0,1.0,1.1768106389999957,637056,1601,sin(x1);sin(x1+x1^2),0.0004018 + 1.006*sin(((x1)^2+x1)) + 1.001*sin(x1),generation budget reached
nested_sine,complementary,0.1,300,4,9010,centralized-residual-counterexample-gp,0.0,0.3333333333333333,0.5,0.16204642395540853,0.11905743209562464,0.0,1.0,0.9993927359998906,0,1560,"expr:sin(add(sin(x1),sin(x1)));expr:square(add(square(x1),x1));sin(x1)",0.267 + 2.352*sin((sin(x1)+sin(x1))) - 1.644*sin(x1) - 0.009609*(((x1)^2+x1))^2,generation budget reached
nested_sine,spurious,0.03,300,4,9006,fedfalsify-v05,1.0,1.0,1.0,2.267817120077229e-07,0.0006927450407004421,0.0,1.0,0.259672061999936,210080,4,sin(x1);sin(x1+x1^2),0.0002077 + 0.9999·sin(x₁) + 0.9993·sin(x₁+x₁²),target federated MSE reached; no replacement passed the federated certificate
nested_sine,spurious,0.03,300,4,9006,centralized-tree-gp,0.0,0.5,0.5,2.2678171108370126e-07,0.0006927450407004419,0.0,1.0,0.8090416970001115,0,1496,"expr:add(sin(x1),sin(x1));sin(x1+x1^2)",0.0002077 + 0.4999*(sin(x1)+sin(x1)) + 0.9993*sin(((x1)^2+x1)),generation budget reached
nested_sine,spurious,0.03,300,4,9006,federated-tree-gp-style,0.0,0.5,0.5,2.2678171108334424e-07,0.0006927450407004423,0.0,1.0,1.0412021339998319,511360,1496,"expr:add(sin(x1),sin(x1));sin(x1+x1^2)",0.0002077 + 0.4999*(sin(x1)+sin(x1)) + 0.9993*sin(((x1)^2+x1)),generation budget reached
nested_sine,spurious,0.03,300,4,9006,centralized-residual-counterexample-gp,0.0,0.5,0.5,2.2678171108370126e-07,0.0006927450407004419,0.0,1.0,0.9053670510002121,0,1501,"expr:add(sin(x1),sin(x1));sin(x1+x1^2)",0.0002077 + 0.4999*(sin(x1)+sin(x1)) + 0.9993*sin(((x1)^2+x1)),generation budget reached
nested_sine,spurious,0.03,300,4,9007,fedfalsify-v05,1.0,1.0,1.0,4.421035846622905e-06,0.0006378437301766584,0.0,1.0,0.3488600509999742,210350,4,sin(x1);sin(x1+x1^2),0.0008787 + 0.9976·sin(x₁) + 0.9989·sin(x₁+x₁²),target federated MSE reached; no replacement passed the federated certificate
nested_sine,spurious,0.03,300,4,9007,centralized-tree-gp,0.0,0.0,0.0,0.214938519018093,0.0958179956960576,0.0,1.0,1.4185597670000334,0,1564,"expr:mul(cos(x1),sin(x1));expr:sin(add(sin(x1),x1));expr:sin(mul(cos(x1),x1));expr:square(add(sin(x2),square(x1)))",0.2356 + 4.2*(cos(x1)*sin(x1)) + 0.6147*sin((sin(x1)+x1)) - 2.768*sin((cos(x1)*x1)) - 0.007022*((sin(x2)+(x1)^2))^2,generation budget reached
nested_sine,spurious,0.03,300,4,9007,federated-tree-gp-style,0.0,0.0,0.0,0.2149385190180936,0.0958179956960576,0.0,1.0,1.7933074519999082,593216,1564,"expr:mul(cos(x1),sin(x1));expr:sin(add(sin(x1),x1));expr:sin(mul(cos(x1),x1));expr:square(add(sin(x2),square(x1)))",0.2356 + 4.2*(cos(x1)*sin(x1)) + 0.6147*sin((sin(x1)+x1)) - 2.768*sin((cos(x1)*x1)) - 0.007022*((sin(x2)+(x1)^2))^2,generation budget reached
nested_sine,spurious,0.03,300,4,9007,centralized-residual-counterexample-gp,0.0,0.0,0.0,0.2314148880263923,0.10021781567033791,1.0,1.0,1.2277916470000036,0,1532,"expr:cos(mul(sin(x4),x1));expr:sin(add(sin(x1),sin(x1)));expr:sin(add(sin(x1),x1));expr:sin(mul(cos(x1),sin(x1)))",0.03108 + 0.2013*cos((sin(x4)*x1)) + 5.615*sin((sin(x1)+sin(x1))) - 8.609*sin((sin(x1)+x1)) + 8.71*sin((cos(x1)*sin(x1))),generation budget reached
nested_sine,spurious,0.03,300,4,9008,fedfalsify-v05,1.0,1.0,1.0,8.855660625851864e-08,0.0006791664752235449,0.0,1.0,0.2652917929999603,210422,4,sin(x1);sin(x1+x1^2),-7.454e-05 + 0.9997·sin(x₁) + 0.9997·sin(x₁+x₁²),target federated MSE reached; no replacement passed the federated certificate
nested_sine,spurious,0.03,300,4,9008,centralized-tree-gp,1.0,1.0,1.0,8.855660625864771e-08,0.0006791664752235449,0.0,1.0,0.8301074379999136,0,1547,sin(x1);sin(x1+x1^2),-7.454e-05 + 0.9997*sin(((x1)^2+x1)) + 0.9997*sin(x1),generation budget reached
nested_sine,spurious,0.03,300,4,9008,federated-tree-gp-style,1.0,1.0,1.0,8.855660625845706e-08,0.000679166475223545,0.0,1.0,1.0418618530000003,558144,1547,sin(x1);sin(x1+x1^2),-7.454e-05 + 0.9997*sin(((x1)^2+x1)) + 0.9997*sin(x1),generation budget reached
nested_sine,spurious,0.03,300,4,9008,centralized-residual-counterexample-gp,0.0,0.5,0.5,8.855660230022473e-08,0.0006791664752235448,0.0,1.0,0.8933480240000335,0,1548,"expr:add(sin(x1),sin(x1));sin(x1+x1^2)",-7.454e-05 + 0.4999*(sin(x1)+sin(x1)) + 0.9997*sin(((x1)^2+x1)),generation budget reached
nested_sine,spurious,0.03,300,4,9009,fedfalsify-v05,1.0,1.0,1.0,4.3791808021593635e-07,0.0006535535977154823,0.0,1.0,0.2579936090000956,210517,4,sin(x1);sin(x1+x1^2),0.0002473 + 0.9991·sin(x₁+x₁²) + 0.9999·sin(x₁),target federated MSE reached; no replacement passed the federated certificate
nested_sine,spurious,0.03,300,4,9009,centralized-tree-gp,0.0,0.0,0.0,0.24633558805433697,0.08426655313402968,0.0,1.0,0.8566227690000687,0,1556,"expr:sin(add(sin(x1),sin(x1)));expr:sin(add(sin(x1),x1));expr:sin(add(x1,x1));x1",0.1959 + 8.888*sin((sin(x1)+sin(x1))) - 12.82*sin((sin(x1)+x1)) + 5.631*sin((x1+x1)) - 0.5242*x1,generation budget reached
nested_sine,spurious,0.03,300,4,9009,federated-tree-gp-style,0.0,0.0,0.0,0.24633558805432937,0.08426655313402966,0.0,1.0,1.1240592030001153,589504,1556,"expr:sin(add(sin(x1),sin(x1)));expr:sin(add(sin(x1),x1));expr:sin(add(x1,x1));x1",0.1959 + 8.888*sin((sin(x1)+sin(x1))) - 12.82*sin((sin(x1)+x1)) + 5.631*sin((x1+x1)) - 0.5242*x1,generation budget reached
nested_sine,spurious,0.03,300,4,9009,centralized-residual-counterexample-gp,0.0,0.0,0.0,0.4745677224454067,0.16512742277654088,0.0,1.0,0.7438771110000744,0,1474,"expr:sin(add(sin(x1),x1))",0.211 + 1.149*sin((sin(x1)+x1)),generation budget reached
nested_sine,spurious,0.03,300,4,9010,fedfalsify-v05,1.0,1.0,1.0,1.5107195311318187e-06,0.000746397115560266,0.0,1.0,0.25431438099985826,210303,4,sin(x1);sin(x1+x1^2),0.001102 + 0.9996·sin(x₁+x₁²) + 1.001·sin(x₁),target federated MSE reached; no replacement passed the federated certificate
nested_sine,spurious,0.03,300,4,9010,centralized-tree-gp,1.0,1.0,1.0,1.510719531133375e-06,0.0007463971155602661,0.0,1.0,0.7848055679999106,0,1495,sin(x1);sin(x1+x1^2),0.001102 + 0.9996*sin(((x1)^2+x1)) + 1.001*sin(x1),generation budget reached
nested_sine,spurious,0.03,300,4,9010,federated-tree-gp-style,1.0,1.0,1.0,1.5107195311317333e-06,0.0007463971155602661,0.0,1.0,1.0476313019998997,507840,1495,sin(x1);sin(x1+x1^2),0.001102 + 0.9996*sin(((x1)^2+x1)) + 1.001*sin(x1),generation budget reached
nested_sine,spurious,0.03,300,4,9010,centralized-residual-counterexample-gp,1.0,1.0,1.0,1.510719531133375e-06,0.0007463971155602661,0.0,1.0,0.8802691139999297,0,1491,sin(x1);sin(x1+x1^2),0.001102 + 0.9996*sin(((x1)^2+x1)) + 1.001*sin(x1),generation budget reached
nested_sine,spurious,0.1,300,4,9006,fedfalsify-v05,1.0,1.0,1.0,2.5197966545899067e-06,0.0076971671188938015,0.0,1.0,0.2725214199999755,209430,4,sin(x1);sin(x1+x1^2),0.0006923 + 0.9997·sin(x₁) + 0.9978·sin(x₁+x₁²),target federated MSE reached; no replacement passed the federated certificate
nested_sine,spurious,0.1,300,4,9006,centralized-tree-gp,0.0,0.0,0.0,0.21732688629372032,0.10974676559863634,1.0,1.0,1.4714794859999074,0,1592,"expr:cos(add(cos(x4),x1));expr:sin(add(cos(x1),x1));expr:sin(add(sin(x1),sin(x1)));expr:sin(add(x1,x1))",0.3233 + 0.2689*cos((cos(x4)+x1)) - 0.5182*sin((cos(x1)+x1)) + 1.31*sin((sin(x1)+sin(x1))) + 0.286*sin((x1+x1)),generation budget reached
nested_sine,spurious,0.1,300,4,9006,federated-tree-gp-style,0.0,0.0,0.0,0.21732688629372116,0.10974676559863634,1.0,1.0,2.150993797999945,628992,1592,"expr:cos(add(cos(x4),x1));expr:sin(add(cos(x1),x1));expr:sin(add(sin(x1),sin(x1)));expr:sin(add(x1,x1))",0.3233 + 0.2689*cos((cos(x4)+x1)) - 0.5182*sin((cos(x1)+x1)) + 1.31*sin((sin(x1)+sin(x1))) + 0.286*sin((x1+x1)),generation budget reached
nested_sine,spurious,0.1,300,4,9006,centralized-residual-counterexample-gp,0.0,0.0,0.0,0.4703520697159017,0.14839245960448386,1.0,1.0,1.2437115940001604,0,1452,"expr:mul(sin(x4),square(x1));expr:sin(add(sin(x1),x1));expr:square(add(sin(x4),x1))",0.3155 + 0.06896*(sin(x4)*(x1)^2) + 1.164*sin((sin(x1)+x1)) - 0.04189*((sin(x4)+x1))^2,generation budget reached
nested_sine,spurious,0.1,300,4,9007,fedfalsify-v05,1.0,1.0,1.0,4.9122619897360164e-05,0.007087152557518432,0.0,1.0,0.40796551399989767,209769,4,sin(x1);sin(x1+x1^2),0.002929 + 0.9921·sin(x₁) + 0.9963·sin(x₁+x₁²),target federated MSE reached; no replacement passed the federated certificate
nested_sine,spurious,0.1,300,4,9007,centralized-tree-gp,0.0,0.5,0.5,4.912261978586106e-05,0.007087152557518432,0.0,1.0,0.9046032710000418,0,1564,"expr:add(sin(x1),sin(x1));sin(x1+x1^2)",0.002929 + 0.496*(sin(x1)+sin(x1)) + 0.9963*sin(((x1)^2+x1)),generation budget reached
nested_sine,spurious,0.1,300,4,9007,federated-tree-gp-style,0.0,0.5,0.5,4.9122619785866274e-05,0.007087152557518432,0.0,1.0,1.146074408000004,607872,1564,"expr:add(sin(x1),sin(x1));sin(x1+x1^2)",0.002929 + 0.496*(sin(x1)+sin(x1)) + 0.9963*sin(((x1)^2+x1)),generation budget reached
nested_sine,spurious,0.1,300,4,9007,centralized-residual-counterexample-gp,0.0,0.5,0.5,4.912261978586106e-05,0.007087152557518432,0.0,1.0,0.9794628429999648,0,1573,"expr:add(sin(x1),sin(x1));sin(x1+x1^2)",0.002929 + 0.496*(sin(x1)+sin(x1)) + 0.9963*sin(((x1)^2+x1)),generation budget reached
nested_sine,spurious,0.1,300,4,9008,fedfalsify-v05,1.0,1.0,1.0,9.83962203122304e-07,0.0075462941691505,0.0,1.0,0.2860506060001171,209901,4,sin(x1);sin(x1+x1^2),-0.0002485 + 0.9991·sin(x₁) + 0.9991·sin(x₁+x₁²),target federated MSE reached; no replacement passed the federated certificate
nested_sine,spurious,0.1,300,4,9008,centralized-tree-gp,0.0,0.25,0.5,0.22529059955961628,0.11572384907892617,0.0,1.0,0.8958587249999255,0,1546,"expr:sin(add(sin(x1),sin(x1)));expr:sin(mul(square(x1),x1));expr:square(mul(sin(x2),square(x1)));sin(x1)",0.2293 + 2.042*sin((sin(x1)+sin(x1))) + 0.2898*sin(((x1)^2*x1)) - 1.447*sin(x1) - 0.01234*((sin(x2)*(x1)^2))^2,generation budget reached
nested_sine,spurious,0.1,300,4,9008,federated-tree-gp-style,0.0,0.25,0.5,0.22529059955961614,0.11572384907892617,0.0,1.0,1.1596584149999671,586176,1546,"expr:sin(add(sin(x1),sin(x1)));expr:sin(mul(square(x1),x1));expr:square(mul(sin(x2),square(x1)));sin(x1)",0.2293 + 2.042*sin((sin(x1)+sin(x1))) + 0.2898*sin(((x1)^2*x1)) - 1.447*sin(x1) - 0.01234*((sin(x2)*(x1)^2))^2,generation budget reached
nested_sine,spurious,0.1,300,4,9008,centralized-residual-counterexample-gp,0.0,0.3333333333333333,0.5,0.28801000082306827,0.1253332833689942,0.0,1.0,0.9013364639999963,0,1537,"expr:sin(add(sin(x1),sin(x1)));expr:sin(mul(square(x1),x1));sin(x1)",0.1866 + 2.041*sin((sin(x1)+sin(x1))) + 0.2939*sin(((x1)^2*x1)) - 1.452*sin(x1),generation budget reached
nested_sine,spurious,0.1,300,4,9009,fedfalsify-v05,1.0,1.0,1.0,4.865756231125412e-06,0.00726170664128314,0.0,1.0,0.257479271999955,209982,4,sin(x1);sin(x1+x1^2),0.0008245 + 0.9969·sin(x₁+x₁²) + 0.9996·sin(x₁),target federated MSE reached; no replacement passed the federated certificate
nested_sine,spurious,0.1,300,4,9009,centralized-tree-gp,0.0,0.0,0.0,0.3809832533508664,0.12221328850359207,0.0,1.0,0.7619154300000446,0,1487,"expr:sin(add(sin(x1),x1));expr:sin(mul(sin(x1),square(x1)));expr:square(mul(cos(x1),sin(x1)))",-0.001082 + 1.382*sin((sin(x1)+x1)) - 0.4031*sin((sin(x1)*(x1)^2)) + 1.631*((cos(x1)*sin(x1)))^2,generation budget reached
nested_sine,spurious,0.1,300,4,9009,federated-tree-gp-style,0.0,0.0,0.0,0.3809832533508665,0.12221328850359207,0.0,1.0,0.9914551639999445,504384,1487,"expr:sin(add(sin(x1),x1));expr:sin(mul(sin(x1),square(x1)));expr:square(mul(cos(x1),sin(x1)))",-0.001082 + 1.382*sin((sin(x1)+x1)) - 0.4031*sin((sin(x1)*(x1)^2)) + 1.631*((cos(x1)*sin(x1)))^2,generation budget reached
nested_sine,spurious,0.1,300,4,9009,centralized-residual-counterexample-gp,0.0,0.0,0.0,0.3546219203560875,0.13680233963109645,0.0,1.0,0.8854966439998861,0,1506,"expr:add(x1,x1);expr:sin(add(sin(x1),x1));expr:sin(mul(sin(x1),square(x1)))",0.2053 + 0.03817*(x1+x1) + 1.267*sin((sin(x1)+x1)) - 0.3769*sin((sin(x1)*(x1)^2)),generation budget reached
nested_sine,spurious,0.1,300,4,9010,fedfalsify-v05,1.0,1.0,1.0,1.678577253842005e-05,0.008293301284002958,0.0,1.0,0.2979395209999893,209668,4,sin(x1);sin(x1+x1^2),0.003673 + 0.9988·sin(x₁+x₁²) + 1.002·sin(x₁),target federated MSE reached; no replacement passed the federated certificate
nested_sine,spurious,0.1,300,4,9010,centralized-tree-gp,1.0,1.0,1.0,1.6785772538421783e-05,0.008293301284002958,0.0,1.0,1.0966568029998598,0,1557,sin(x1);sin(x1+x1^2),0.003673 + 0.9988*sin(((x1)^2+x1)) + 1.002*sin(x1),generation budget reached
nested_sine,spurious,0.1,300,4,9010,federated-tree-gp-style,1.0,1.0,1.0,1.6785772538420082e-05,0.008293301284002958,0.0,1.0,1.7659421430000748,566336,1557,sin(x1);sin(x1+x1^2),0.003673 + 0.9988*sin(((x1)^2+x1)) + 1.002*sin(x1),generation budget reached
nested_sine,spurious,0.1,300,4,9010,centralized-residual-counterexample-gp,1.0,1.0,1.0,1.6785772538421783e-05,0.008293301284002958,0.0,1.0,1.466239837999865,0,1582,sin(x1);sin(x1+x1^2),0.003673 + 0.9988*sin(((x1)^2+x1)) + 1.002*sin(x1),generation budget reached
nested_sine,exception,0.03,300,4,9006,fedfalsify-v05,1.0,1.0,1.0,5.1592577737754586e-06,0.002226963424625153,0.0,1.0,0.49895886700005576,247859,5,I(x3>1)*x3^2;sin(x1);sin(x1+x1^2),0.001891 + 0.7483·𝟙[x₃>1]·x₃² + 1·sin(x₁) + 0.9968·sin(x₁+x₁²),target federated MSE reached; no replacement passed the federated certificate
nested_sine,exception,0.03,300,4,9006,centralized-tree-gp,0.0,0.0,0.0,0.13294944651432072,0.1942510648167491,0.0,0.0,1.0365604829999029,0,1588,"expr:add(square(x3),x1);expr:mul(sin(x3),square(x3));expr:sin(add(sin(x1),x1));expr:square(add(square(x3),x3))",0.2415 + 0.1612*((x3)^2+x1) + 0.2594*(sin(x3)*(x3)^2) + 0.957*sin((sin(x1)+x1)) + 0.03439*(((x3)^2+x3))^2,generation budget reached
nested_sine,exception,0.03,300,4,9006,federated-tree-gp-style,0.0,0.0,0.0,0.13294944651432064,0.1942510648167491,0.0,0.0,1.1356474530000469,636736,1588,"expr:add(square(x3),x1);expr:mul(sin(x3),square(x3));expr:sin(add(sin(x1),x1));expr:square(add(square(x3),x3))",0.2415 + 0.1612*((x3)^2+x1) + 0.2594*(sin(x3)*(x3)^2) + 0.957*sin((sin(x1)+x1)) + 0.03439*(((x3)^2+x3))^2,generation budget reached
nested_sine,exception,0.03,300,4,9006,centralized-residual-counterexample-gp,0.0,0.0,0.0,0.13902413504816452,0.1988423274469685,0.0,0.0,0.9160873629998605,0,1584,"expr:add(sin(x1),x1);expr:add(square(x3),x1);expr:mul(sin(x3),square(x3));expr:sin(add(sin(x1),x1))",0.1088 - 0.2132*(sin(x1)+x1) + 0.3909*((x3)^2+x1) + 0.4336*(sin(x3)*(x3)^2) + 1.12*sin((sin(x1)+x1)),generation budget reached
nested_sine,exception,0.03,300,4,9007,fedfalsify-v05,1.0,1.0,1.0,2.729841131089108e-06,0.0021643038767043352,0.0,1.0,0.317646724000042,247879,5,I(x3>1)*x3^2;sin(x1);sin(x1+x1^2),0.001267 + 0.7505·𝟙[x₃>1]·x₃² + 0.9969·sin(x₁+x₁²) + 0.9996·sin(x₁),target federated MSE reached; no replacement passed the federated certificate
nested_sine,exception,0.03,300,4,9007,centralized-tree-gp,0.0,0.5,0.6666666666666666,0.10633801096375514,0.12801818576563523,0.0,1.0,0.890543550999837,0,1608,"I(x3>1)*x3^2;expr:sin(add(sin(x1),x1));expr:square(add(cos(x1),sin(x1)));sin(x1)",1.604 + 0.7483*I(x3>1)*((x3)^2) + 3.654*sin((sin(x1)+x1)) - 1.497*sin(x1) - 1.401*((cos(x1)+sin(x1)))^2,generation budget reached
nested_sine,exception,0.03,300,4,9007,federated-tree-gp-style,0.0,0.5,0.6666666666666666,0.10633801096375622,0.12801818576563523,0.0,1.0,1.169502704000024,656768,1608,"I(x3>1)*x3^2;expr:sin(add(sin(x1),x1));expr:square(add(cos(x1),sin(x1)));sin(x1)",1.604 + 0.7483*I(x3>1)*((x3)^2) + 3.654*sin((sin(x1)+x1)) - 1.497*sin(x1) - 1.401*((cos(x1)+sin(x1)))^2,generation budget reached
nested_sine,exception,0.03,300,4,9007,centralized-residual-counterexample-gp,0.0,0.5,0.3333333333333333,0.16204715012958668,0.1742858448525534,0.0,1.0,0.8384471740000663,0,1531,"I(x3>1)*x3^2;expr:sin(add(sin(x1),x1))",0.1867 + 0.7734*I(x3>1)*((x3)^2) + 1.15*sin((sin(x1)+x1)),generation budget reached
nested_sine,exception,0.03,300,4,9008,fedfalsify-v05,1.0,1.0,1.0,2.3772521592538328e-06,0.002171607198941004,0.0,1.0,0.37906256200017197,342600,5,I(x3>1)*x3^2;sin(x1);sin(x1+x1^2),-0.001477 + 0.7509·𝟙[x₃>1]·x₃² + 0.9982·sin(x₁+x₁²) + 0.998·sin(x₁),target federated MSE reached; no replacement passed the federated certificate
nested_sine,exception,0.03,300,4,9008,centralized-tree-gp,0.0,0.0,0.0,0.19606960682865632,0.33148334386734407,0.0,0.0,0.8865232949999609,0,1592,"expr:add(cos(x3),sin(x3));expr:add(sin(x1),x3)",1.201 - 1.088*(cos(x3)+sin(x3)) + 1.128*(sin(x1)+x3),generation budget reached
nested_sine,exception,0.03,300,4,9008,federated-tree-gp-style,0.0,0.0,0.0,0.19606960682865635,0.33148334386734407,0.0,0.0,1.1386768760000905,627136,1592,"expr:add(cos(x3),sin(x3));expr:add(sin(x1),x3)",1.201 - 1.088*(cos(x3)+sin(x3)) + 1.128*(sin(x1)+x3),generation budget reached
nested_sine,exception,0.03,300,4,9008,centralized-residual-counterexample-gp,0.0,0.0,0.0,0.19525205569413712,0.3745199213226276,1.0,0.0,0.9199605069998142,0,1579,"expr:add(sin(x1),sin(x3));expr:mul(cos(x3),x3);expr:square(add(cos(x4),square(x3)))",0.3524 + 0.875*(sin(x1)+sin(x3)) - 0.832*(cos(x3)*x3) + 0.054*((cos(x4)+(x3)^2))^2,generation budget reached
nested_sine,exception,0.03,300,4,9009,fedfalsify-v05,1.0,1.0,1.0,4.407086989538051e-06,0.002193993089546266,0.0,1.0,0.3311942740001541,247740,5,I(x3>1)*x3^2;sin(x1);sin(x1+x1^2),0.0006493 + 0.7504·𝟙[x₃>1]·x₃² + 0.9977·sin(x₁) + 1.004·sin(x₁+x₁²),target federated MSE reached; no replacement passed the federated certificate
nested_sine,exception,0.03,300,4,9009,centralized-tree-gp,0.0,1.0,0.6666666666666666,0.16689197552594648,0.3073405051389193,0.0,1.0,1.042144492000034,0,1514,I(x3>1)*x3^2;sin(x1),0.2524 + 0.7086*I(x3>1)*((x3)^2) + 0.9918*sin(x1),generation budget reached
nested_sine,exception,0.03,300,4,9009,federated-tree-gp-style,0.0,1.0,0.6666666666666666,0.16689197552594637,0.3073405051389193,0.0,1.0,1.5486795530000563,538688,1514,I(x3>1)*x3^2;sin(x1),0.2524 + 0.7086*I(x3>1)*((x3)^2) + 0.9918*sin(x1),generation budget reached
nested_sine,exception,0.03,300,4,9009,centralized-residual-counterexample-gp,0.0,0.3333333333333333,0.3333333333333333,0.14415948853288343,0.18459592233503364,0.0,1.0,1.480773015000068,0,1610,"I(x3>1)*x3^2;expr:sin(add(x1,x1));x1",0.2189 + 0.733*I(x3>1)*((x3)^2) + 0.7674*sin((x1+x1)) + 0.4391*x1,generation budget reached
nested_sine,exception,0.03,300,4,9010,fedfalsify-v05,1.0,1.0,1.0,2.694187458582215e-06,0.002334050693506755,0.0,1.0,0.5002439140000661,247754,5,I(x3>1)*x3^2;sin(x1);sin(x1+x1^2),0.0009892 + 0.7491·𝟙[x₃>1]·x₃² + 1.003·sin(x₁+x₁²) + 1.001·sin(x₁),target federated MSE reached; no replacement passed the federated certificate
nested_sine,exception,0.03,300,4,9010,centralized-tree-gp,0.0,0.25,0.3333333333333333,0.039398748783545066,0.07983840718238103,0.0,0.0,1.0548946480000723,0,1591,"expr:sin(add(sin(x1),sin(x1)));expr:sin(add(sin(x1),sin(x3)));expr:square(add(square(x3),x3));sin(x1+x1^2)",0.1275 + 0.6966*sin((sin(x1)+sin(x1))) + 0.3923*sin((sin(x1)+sin(x3))) + 0.7824*sin(((x1)^2+x1)) + 0.06529*(((x3)^2+x3))^2,generation budget reached
nested_sine,exception,0.03,300,4,9010,federated-tree-gp-style,0.0,0.25,0.3333333333333333,0.03939874878354505,0.07983840718238104,0.0,0.0,1.1617748900000606,640896,1591,"expr:sin(add(sin(x1),sin(x1)));expr:sin(add(sin(x1),sin(x3)));expr:square(add(square(x3),x3));sin(x1+x1^2)",0.1275 + 0.6966*sin((sin(x1)+sin(x1))) + 0.3923*sin((sin(x1)+sin(x3))) + 0.7824*sin(((x1)^2+x1)) + 0.06529*(((x3)^2+x3))^2,generation budget reached
nested_sine,exception,0.03,300,4,9010,centralized-residual-counterexample-gp,0.0,0.25,0.3333333333333333,0.050040424757253725,0.07964865167669051,0.0,0.0,0.9696892580000167,0,1609,"expr:sin(add(sin(x1),sin(x1)));expr:sin(add(square(x3),x3));expr:square(add(square(x3),x3));sin(x1+x1^2)",0.1484 + 0.9265*sin((sin(x1)+sin(x1))) + 0.7342*sin(((x1)^2+x1)) - 0.3126*sin(((x3)^2+x3)) + 0.07092*(((x3)^2+x3))^2,generation budget reached
nested_sine,exception,0.1,300,4,9006,fedfalsify-v05,1.0,1.0,1.0,5.732508609295443e-05,0.024744038051390606,0.0,1.0,0.3334643769999275,247293,5,I(x3>1)*x3^2;sin(x1);sin(x1+x1^2),0.006304 + 0.7442·𝟙[x₃>1]·x₃² + 1·sin(x₁) + 0.9893·sin(x₁+x₁²),target federated MSE reached; no replacement passed the federated certificate
nested_sine,exception,0.1,300,4,9006,centralized-tree-gp,0.0,0.25,0.3333333333333333,0.08538243974516008,0.16164749612701382,0.0,1.0,0.8377232880000065,0,1553,"I(x3>1)*x3^2;expr:add(sin(x1),sin(x1));expr:add(square(x1),x3);expr:sin(add(sin(x1),sin(x1)))",0.2508 - 0.7604*(sin(x1)+sin(x1)) - 0.03608*((x1)^2+x3) + 0.728*I(x3>1)*((x3)^2) + 2.178*sin((sin(x1)+sin(x1))),generation budget reached
nested_sine,exception,0.1,300,4,9006,federated-tree-gp-style,0.0,0.25,0.3333333333333333,0.08538243974516022,0.16164749612701382,0.0,1.0,1.0840633059999618,594240,1553,"I(x3>1)*x3^2;expr:add(sin(x1),sin(x1));expr:add(square(x1),x3);expr:sin(add(sin(x1),sin(x1)))",0.2508 - 0.7604*(sin(x1)+sin(x1)) - 0.03608*((x1)^2+x3) + 0.728*I(x3>1)*((x3)^2) + 2.178*sin((sin(x1)+sin(x1))),generation budget reached
nested_sine,exception,0.1,300,4,9006,centralized-residual-counterexample-gp,0.0,0.3333333333333333,0.3333333333333333,0.09980117341341281,0.1680720746013679,0.0,1.0,0.9266967800001567,0,1582,"I(x3>1)*x3^2;expr:add(sin(x1),sin(x1));expr:sin(add(sin(x1),sin(x1)))",0.2124 - 0.7514*(sin(x1)+sin(x1)) + 0.7004*I(x3>1)*((x3)^2) + 2.162*sin((sin(x1)+sin(x1))),generation budget reached
nested_sine,exception,0.1,300,4,9007,fedfalsify-v05,1.0,1.0,1.0,3.0331567873907266e-05,0.024047820852270405,0.0,1.0,0.3269737199998417,247354,5,I(x3>1)*x3^2;sin(x1);sin(x1+x1^2),0.004223 + 0.7515·𝟙[x₃>1]·x₃² + 0.9896·sin(x₁+x₁²) + 0.9986·sin(x₁),target federated MSE reached; no replacement passed the federated certificate
nested_sine,exception,0.1,300,4,9007,centralized-tree-gp,0.0,0.0,0.0,0.1856577492352259,0.33074843611633153,0.0,0.0,0.8945925340001395,0,1627,"expr:add(cos(x3),square(x3));expr:add(sin(x1),x3);expr:add(x3,x3);expr:sin(mul(cos(x3),x3))",-0.3626 + 0.5649*(cos(x3)+(x3)^2) + 0.9793*(sin(x1)+x3) - 0.2262*(x3+x3) - 0.6714*sin((cos(x3)*x3)),generation budget reached
nested_sine,exception,0.1,300,4,9007,federated-tree-gp-style,0.0,0.0,0.0,0.1856577492352257,0.33074843611633153,0.0,0.0,1.1586415169999782,668608,1627,"expr:add(cos(x3),square(x3));expr:add(sin(x1),x3);expr:add(x3,x3);expr:sin(mul(cos(x3),x3))",-0.3626 + 0.5649*(cos(x3)+(x3)^2) + 0.9793*(sin(x1)+x3) - 0.2262*(x3+x3) - 0.6714*sin((cos(x3)*x3)),generation budget reached
nested_sine,exception,0.1,300,4,9007,centralized-residual-counterexample-gp,0.0,0.25,0.3333333333333333,0.17051877769530344,0.2412904377864977,0.0,1.0,0.9407604420000553,0,1623,"I(x3>1)*x3^2;expr:add(sin(x3),x2);expr:add(x1,x2);expr:square(add(cos(x1),sin(x1)))",-0.6063 - 0.3173*(sin(x3)+x2) + 0.3869*(x1+x2) + 0.8354*I(x3>1)*((x3)^2) + 0.7371*((cos(x1)+sin(x1)))^2,generation budget reached
nested_sine,exception,0.1,300,4,9008,fedfalsify-v05,1.0,1.0,1.0,2.6413912726454867e-05,0.02412896887712229,0.0,1.0,0.3978822490000766,341877,5,I(x3>1)*x3^2;sin(x1);sin(x1+x1^2),-0.004925 + 0.7529·𝟙[x₃>1]·x₃² + 0.9941·sin(x₁+x₁²) + 0.9934·sin(x₁),target federated MSE reached; no replacement passed the federated certificate
nested_sine,exception,0.1,300,4,9008,centralized-tree-gp,0.0,0.5,0.3333333333333333,0.16821285433168687,0.328074379465795,0.0,1.0,1.2840226230000553,0,1582,"I(x3>1)*x3^2;expr:add(sin(x1),sin(x1))",0.2608 + 0.4936*(sin(x1)+sin(x1)) + 0.6992*I(x3>1)*((x3)^2),generation budget reached
nested_sine,exception,0.1,300,4,9008,federated-tree-gp-style,0.0,0.5,0.3333333333333333,0.1682128543316868,0.328074379465795,0.0,1.0,1.7845566410001084,619968,1582,"I(x3>1)*x3^2;expr:add(sin(x1),sin(x1))",0.2608 + 0.4936*(sin(x1)+sin(x1)) + 0.6992*I(x3>1)*((x3)^2),generation budget reached
nested_sine,exception,0.1,300,4,9008,centralized-residual-counterexample-gp,0.0,0.3333333333333333,0.3333333333333333,0.17657910538406765,0.320931496769108,0.0,1.0,1.3917108750001717,0,1536,"I(x3>1)*x3^2;expr:add(sin(x1),sin(x1));x1",0.2491 + 0.6108*(sin(x1)+sin(x1)) + 0.7139*I(x3>1)*((x3)^2) - 0.1466*x1,generation budget reached
nested_sine,exception,0.1,300,4,9009,fedfalsify-v05,1.0,1.0,1.0,4.896763335965705e-05,0.024377700994958527,0.0,1.0,0.48459374499998376,247232,5,I(x3>1)*x3^2;sin(x1);sin(x1+x1^2),0.002164 + 0.7514·𝟙[x₃>1]·x₃² + 0.9924·sin(x₁) + 1.012·sin(x₁+x₁²),target federated MSE reached; no replacement passed the federated certificate
nested_sine,exception,0.1,300,4,9009,centralized-tree-gp,0.0,0.3333333333333333,0.3333333333333333,0.1631315385545708,0.2478590773032687,0.0,1.0,0.9270247400002063,0,1626,"I(x3>1)*x3^2;expr:add(cos(x3),x1);expr:mul(cos(x1),sin(x1))",0.0265 + 0.3758*(cos(x3)+x1) + 0.83*I(x3>1)*((x3)^2) + 1.547*(cos(x1)*sin(x1)),generation budget reached
nested_sine,exception,0.1,300,4,9009,federated-tree-gp-style,0.0,0.3333333333333333,0.3333333333333333,0.16313153855457085,0.2478590773032687,0.0,1.0,1.158125494999922,646208,1626,"I(x3>1)*x3^2;expr:add(cos(x3),x1);expr:mul(cos(x1),sin(x1))",0.0265 + 0.3758*(cos(x3)+x1) + 0.83*I(x3>1)*((x3)^2) + 1.547*(cos(x1)*sin(x1)),generation budget reached
nested_sine,exception,0.1,300,4,9009,centralized-residual-counterexample-gp,0.0,0.0,0.0,0.22386780131880707,0.5123330850663164,0.0,0.0,0.8673087320000832,0,1546,"expr:add(sin(x1),x3);expr:sin(add(cos(x3),cos(x3)))",1.172 + 0.7167*(sin(x1)+x3) - 0.9221*sin((cos(x3)+cos(x3))),generation budget reached
nested_sine,exception,0.1,300,4,9010,fedfalsify-v05,1.0,1.0,1.0,2.9935416435234502e-05,0.02593389659451949,0.0,1.0,0.32809181299990087,247159,5,I(x3>1)*x3^2;sin(x1);sin(x1+x1^2),0.003297 + 0.7471·𝟙[x₃>1]·x₃² + 1.011·sin(x₁+x₁²) + 1.004·sin(x₁),target federated MSE reached; no replacement passed the federated certificate
nested_sine,exception,0.1,300,4,9010,centralized-tree-gp,0.0,0.25,0.3333333333333333,0.08334469421466735,0.13256288062260888,0.0,1.0,0.8302636960002019,0,1531,"I(x3>1)*x3^2;expr:sin(add(sin(x1),sin(x1)));expr:sin(add(sin(x1),x1));expr:sin(add(x1,x1))",0.2082 + 0.717*I(x3>1)*((x3)^2) + 7.275*sin((sin(x1)+sin(x1))) - 11.47*sin((sin(x1)+x1)) + 5.458*sin((x1+x1)),generation budget reached
nested_sine,exception,0.1,300,4,9010,federated-tree-gp-style,0.0,0.25,0.3333333333333333,0.08334469421467053,0.13256288062260888,0.0,1.0,1.0749552479999238,571776,1531,"I(x3>1)*x3^2;expr:sin(add(sin(x1),sin(x1)));expr:sin(add(sin(x1),x1));expr:sin(add(x1,x1))",0.2082 + 0.717*I(x3>1)*((x3)^2) + 7.275*sin((sin(x1)+sin(x1))) - 11.47*sin((sin(x1)+x1)) + 5.458*sin((x1+x1)),generation budget reached
nested_sine,exception,0.1,300,4,9010,centralized-residual-counterexample-gp,0.0,0.3333333333333333,0.3333333333333333,0.11265102616396121,0.19430055962090256,0.0,1.0,0.8586389189999863,0,1524,"I(x3>1)*x3^2;expr:sin(add(sin(x1),sin(x1)));expr:sin(add(sin(x1),x1))",0.203 + 0.7368*I(x3>1)*((x3)^2) + 0.3819*sin((sin(x1)+sin(x1))) + 0.7221*sin((sin(x1)+x1)),generation budget reached
trig_product,complementary,0.03,300,4,9006,fedfalsify-v05,1.0,1.0,1.0,6.138553786317753e-08,0.0009010410218673059,0.0,1.0,0.17243734699991364,152265,2,sin(x1)*cos(x2),-0.0001407 + 2·sin(x₁)cos(x₂),target federated MSE reached; no replacement passed the federated certificate
trig_product,complementary,0.03,300,4,9006,centralized-tree-gp,1.0,1.0,1.0,6.13855378632411e-08,0.0009010410218673056,0.0,1.0,0.6807612069999323,0,1445,sin(x1)*cos(x2),-0.0001407 + 2*(cos(x2)*sin(x1)),generation budget reached
trig_product,complementary,0.03,300,4,9006,federated-tree-gp-style,1.0,1.0,1.0,6.138553786317753e-08,0.0009010410218673059,0.0,1.0,0.8647193589999915,427136,1445,sin(x1)*cos(x2),-0.0001407 + 2*(cos(x2)*sin(x1)),generation budget reached
trig_product,complementary,0.03,300,4,9006,centralized-residual-counterexample-gp,1.0,1.0,1.0,6.13855378632411e-08,0.0009010410218673056,0.0,1.0,0.7037226919999284,0,1449,sin(x1)*cos(x2),-0.0001407 + 2*(cos(x2)*sin(x1)),generation budget reached
trig_product,complementary,0.03,300,4,9007,fedfalsify-v05,1.0,1.0,1.0,1.3826618451055376e-06,0.0009061977093982552,0.0,1.0,0.16151329500007705,152154,2,sin(x1)*cos(x2),0.0006346 + 2.002·sin(x₁)cos(x₂),target federated MSE reached; no replacement passed the federated certificate
trig_product,complementary,0.03,300,4,9007,centralized-tree-gp,1.0,1.0,1.0,1.3826618451068046e-06,0.0009061977093982552,0.0,1.0,0.7177657340000678,0,1478,sin(x1)*cos(x2),0.0006346 + 2.002*(cos(x2)*sin(x1)),generation budget reached
trig_product,complementary,0.03,300,4,9007,federated-tree-gp-style,1.0,1.0,1.0,1.3826618451055376e-06,0.0009061977093982552,0.0,1.0,1.1256324820001282,438016,1478,sin(x1)*cos(x2),0.0006346 + 2.002*(cos(x2)*sin(x1)),generation budget reached
trig_product,complementary,0.03,300,4,9007,centralized-residual-counterexample-gp,1.0,1.0,1.0,1.3826618451068046e-06,0.0009061977093982552,0.0,1.0,1.172559819000071,0,1478,sin(x1)*cos(x2),0.0006346 + 2.002*(cos(x2)*sin(x1)),generation budget reached
trig_product,complementary,0.03,300,4,9008,fedfalsify-v05,1.0,1.0,1.0,1.3863800826720166e-06,0.0008770635711360745,0.0,1.0,0.3000390239999433,212078,2,sin(x1)*cos(x2),-0.0006624 + 1.998·sin(x₁)cos(x₂),target federated MSE reached; no replacement passed the federated certificate
trig_product,complementary,0.03,300,4,9008,centralized-tree-gp,1.0,1.0,1.0,1.3863800826735317e-06,0.0008770635711360745,0.0,1.0,1.0512088250000033,0,1449,sin(x1)*cos(x2),-0.0006624 + 1.998*(cos(x2)*sin(x1)),generation budget reached
trig_product,complementary,0.03,300,4,9008,federated-tree-gp-style,1.0,1.0,1.0,1.3863800826720166e-06,0.0008770635711360745,0.0,1.0,1.3825441520000368,422528,1449,sin(x1)*cos(x2),-0.0006624 + 1.998*(cos(x2)*sin(x1)),generation budget reached
trig_product,complementary,0.03,300,4,9008,centralized-residual-counterexample-gp,1.0,1.0,1.0,1.3863800826735317e-06,0.0008770635711360745,0.0,1.0,0.717506627000148,0,1449,sin(x1)*cos(x2),-0.0006624 + 1.998*(cos(x2)*sin(x1)),generation budget reached
trig_product,complementary,0.03,300,4,9009,fedfalsify-v05,1.0,1.0,1.0,4.085344285310368e-06,0.0008678282409877421,0.0,1.0,0.18229862400016827,182242,2,sin(x1)*cos(x2),0.001341 + 2.003·sin(x₁)cos(x₂),target federated MSE reached; no replacement passed the federated certificate
trig_product,complementary,0.03,300,4,9009,centralized-tree-gp,1.0,1.0,1.0,4.085344285311004e-06,0.0008678282409877419,0.0,1.0,0.6799656179998692,0,1472,sin(x1)*cos(x2),0.001341 + 2.003*(cos(x2)*sin(x1)),generation budget reached
trig_product,complementary,0.03,300,4,9009,federated-tree-gp-style,1.0,1.0,1.0,4.085344285310368e-06,0.0008678282409877421,0.0,1.0,0.8827491220001775,436096,1472,sin(x1)*cos(x2),0.001341 + 2.003*(cos(x2)*sin(x1)),generation budget reached
trig_product,complementary,0.03,300,4,9009,centralized-residual-counterexample-gp,1.0,1.0,1.0,4.085344285311004e-06,0.0008678282409877419,0.0,1.0,0.7399527679999665,0,1472,sin(x1)*cos(x2),0.001341 + 2.003*(cos(x2)*sin(x1)),generation budget reached
trig_product,complementary,0.03,300,4,9010,fedfalsify-v05,1.0,1.0,1.0,6.156451532218425e-07,0.0009066258990831711,0.0,1.0,0.1629835119999825,151921,2,sin(x1)*cos(x2),0.0005499 + 2.001·sin(x₁)cos(x₂),target federated MSE reached; no replacement passed the federated certificate
trig_product,complementary,0.03,300,4,9010,centralized-tree-gp,1.0,1.0,1.0,6.156451532221068e-07,0.0009066258990831711,0.0,1.0,0.7258636430001388,0,1477,sin(x1)*cos(x2),0.0005499 + 2.001*(cos(x2)*sin(x1)),generation budget reached
trig_product,complementary,0.03,300,4,9010,federated-tree-gp-style,1.0,1.0,1.0,6.156451532218425e-07,0.0009066258990831711,0.0,1.0,0.9687628369999857,442880,1477,sin(x1)*cos(x2),0.0005499 + 2.001*(cos(x2)*sin(x1)),generation budget reached
trig_product,complementary,0.03,300,4,9010,centralized-residual-counterexample-gp,1.0,1.0,1.0,6.156451532221068e-07,0.0009066258990831711,0.0,1.0,0.803710983999963,0,1483,sin(x1)*cos(x2),0.0005499 + 2.001*(cos(x2)*sin(x1)),generation budget reached
trig_product,complementary,0.1,300,4,9006,fedfalsify-v05,1.0,1.0,1.0,6.820616374493631e-07,0.010011566909636732,0.0,1.0,0.18362183999988702,151712,2,sin(x1)*cos(x2),-0.0004691 + 2.001·sin(x₁)cos(x₂),target federated MSE reached; no replacement passed the federated certificate
trig_product,complementary,0.1,300,4,9006,centralized-tree-gp,1.0,1.0,1.0,6.820616374500706e-07,0.010011566909636732,0.0,1.0,0.7018421179998313,0,1456,sin(x1)*cos(x2),-0.0004691 + 2.001*(cos(x2)*sin(x1)),generation budget reached
trig_product,complementary,0.1,300,4,9006,federated-tree-gp-style,1.0,1.0,1.0,6.820616374493631e-07,0.010011566909636732,0.0,1.0,0.9273638089998713,429824,1456,sin(x1)*cos(x2),-0.0004691 + 2.001*(cos(x2)*sin(x1)),generation budget reached
trig_product,complementary,0.1,300,4,9006,centralized-residual-counterexample-gp,1.0,1.0,1.0,6.820616374500706e-07,0.010011566909636732,0.0,1.0,0.7987047049998637,0,1456,sin(x1)*cos(x2),-0.0004691 + 2.001*(cos(x2)*sin(x1)),generation budget reached
trig_product,complementary,0.1,300,4,9007,fedfalsify-v05,1.0,1.0,1.0,1.536290989555209e-05,0.010068863437758395,0.0,1.0,0.1797866189999695,151556,2,sin(x1)*cos(x2),0.002115 + 2.007·sin(x₁)cos(x₂),target federated MSE reached; no replacement passed the federated certificate
trig_product,complementary,0.1,300,4,9007,centralized-tree-gp,1.0,1.0,1.0,1.5362909895548934e-05,0.010068863437758395,0.0,1.0,0.7674253570000928,0,1481,sin(x1)*cos(x2),0.002115 + 2.007*(cos(x2)*sin(x1)),generation budget reached
trig_product,complementary,0.1,300,4,9007,federated-tree-gp-style,1.0,1.0,1.0,1.536290989555209e-05,0.010068863437758395,0.0,1.0,1.2090701069998886,439296,1481,sin(x1)*cos(x2),0.002115 + 2.007*(cos(x2)*sin(x1)),generation budget reached
trig_product,complementary,0.1,300,4,9007,centralized-residual-counterexample-gp,1.0,1.0,1.0,1.5362909895548934e-05,0.010068863437758395,0.0,1.0,1.2072646629999326,0,1481,sin(x1)*cos(x2),0.002115 + 2.007*(cos(x2)*sin(x1)),generation budget reached
trig_product,complementary,0.1,300,4,9008,fedfalsify-v05,1.0,1.0,1.0,1.540422264514395e-05,0.00974515079040083,0.0,1.0,0.2867718170000444,211572,2,sin(x1)*cos(x2),-0.002208 + 1.993·sin(x₁)cos(x₂),target federated MSE reached; no replacement passed the federated certificate
trig_product,complementary,0.1,300,4,9008,centralized-tree-gp,1.0,1.0,1.0,1.540422264514399e-05,0.00974515079040083,0.0,1.0,1.1115785750000668,0,1451,sin(x1)*cos(x2),-0.002208 + 1.993*(cos(x2)*sin(x1)),generation budget reached
trig_product,complementary,0.1,300,4,9008,federated-tree-gp-style,1.0,1.0,1.0,1.540422264514395e-05,0.00974515079040083,0.0,1.0,1.4208399139999983,422656,1451,sin(x1)*cos(x2),-0.002208 + 1.993*(cos(x2)*sin(x1)),generation budget reached
trig_product,complementary,0.1,300,4,9008,centralized-residual-counterexample-gp,1.0,1.0,1.0,1.540422264514399e-05,0.00974515079040083,0.0,1.0,0.7213031979999869,0,1452,sin(x1)*cos(x2),-0.002208 + 1.993*(cos(x2)*sin(x1)),generation budget reached
trig_product,complementary,0.1,300,4,9009,fedfalsify-v05,1.0,1.0,1.0,4.539271513290384e-05,0.009642536010974914,0.0,1.0,0.21626299799982007,211058,2,sin(x1)*cos(x2),0.004471 + 2.01·sin(x₁)cos(x₂),target federated MSE reached; no replacement passed the federated certificate
trig_product,complementary,0.1,300,4,9009,centralized-tree-gp,1.0,1.0,1.0,4.539271513290434e-05,0.009642536010974914,0.0,1.0,0.7263897170000746,0,1467,sin(x1)*cos(x2),0.004471 + 2.01*(cos(x2)*sin(x1)),generation budget reached
trig_product,complementary,0.1,300,4,9009,federated-tree-gp-style,1.0,1.0,1.0,4.539271513290384e-05,0.009642536010974914,0.0,1.0,0.9367203849999441,431680,1467,sin(x1)*cos(x2),0.004471 + 2.01*(cos(x2)*sin(x1)),generation budget reached
trig_product,complementary,0.1,300,4,9009,centralized-residual-counterexample-gp,1.0,1.0,1.0,4.539271513290434e-05,0.009642536010974914,0.0,1.0,0.7686573189998853,0,1467,sin(x1)*cos(x2),0.004471 + 2.01*(cos(x2)*sin(x1)),generation budget reached
trig_product,complementary,0.1,300,4,9010,fedfalsify-v05,1.0,1.0,1.0,6.840502020286936e-06,0.010073621100924125,0.0,1.0,0.16356591499993556,151399,2,sin(x1)*cos(x2),0.001833 + 2.004·sin(x₁)cos(x₂),target federated MSE reached; no replacement passed the federated certificate
trig_product,complementary,0.1,300,4,9010,centralized-tree-gp,1.0,1.0,1.0,6.8405020202867606e-06,0.010073621100924125,0.0,1.0,0.6963680429998931,0,1473,sin(x1)*cos(x2),0.001833 + 2.004*(cos(x2)*sin(x1)),generation budget reached
trig_product,complementary,0.1,300,4,9010,federated-tree-gp-style,1.0,1.0,1.0,6.840502020286936e-06,0.010073621100924125,0.0,1.0,0.8848913580000044,443584,1473,sin(x1)*cos(x2),0.001833 + 2.004*(cos(x2)*sin(x1)),generation budget reached
trig_product,complementary,0.1,300,4,9010,centralized-residual-counterexample-gp,1.0,1.0,1.0,6.8405020202867606e-06,0.010073621100924125,0.0,1.0,0.7303372360001958,0,1473,sin(x1)*cos(x2),0.001833 + 2.004*(cos(x2)*sin(x1)),generation budget reached
trig_product,spurious,0.03,300,4,9006,fedfalsify-v05,1.0,1.0,1.0,1.6490648081678096e-06,0.0008483159973199835,0.0,1.0,0.1788976459999958,152016,2,sin(x1)*cos(x2),7.256e-05 + 2.003·sin(x₁)cos(x₂),target federated MSE reached; no replacement passed the federated certificate
trig_product,spurious,0.03,300,4,9006,centralized-tree-gp,1.0,1.0,1.0,1.6490648081700868e-06,0.0008483159973199839,0.0,1.0,0.6911441160000322,0,1455,sin(x1)*cos(x2),7.256e-05 + 2.003*(cos(x2)*sin(x1)),generation budget reached
trig_product,spurious,0.03,300,4,9006,federated-tree-gp-style,1.0,1.0,1.0,1.6490648081678096e-06,0.0008483159973199835,0.0,1.0,0.8732261549998839,428800,1455,sin(x1)*cos(x2),7.256e-05 + 2.003*(cos(x2)*sin(x1)),generation budget reached
trig_product,spurious,0.03,300,4,9006,centralized-residual-counterexample-gp,1.0,1.0,1.0,1.6490648081700868e-06,0.0008483159973199839,0.0,1.0,0.7132848399999148,0,1455,sin(x1)*cos(x2),7.256e-05 + 2.003*(cos(x2)*sin(x1)),generation budget reached
trig_product,spurious,0.03,300,4,9007,fedfalsify-v05,1.0,1.0,1.0,7.769862247948329e-06,0.0008297260422735371,0.0,1.0,0.1629123290001644,152267,2,sin(x1)*cos(x2),0.0007816 + 1.995·sin(x₁)cos(x₂),target federated MSE reached; no replacement passed the federated certificate
trig_product,spurious,0.03,300,4,9007,centralized-tree-gp,1.0,1.0,1.0,7.769862247951325e-06,0.000829726042273537,0.0,1.0,0.6910047149999627,0,1478,sin(x1)*cos(x2),0.0007816 + 1.995*(cos(x2)*sin(x1)),generation budget reached
trig_product,spurious,0.03,300,4,9007,federated-tree-gp-style,1.0,1.0,1.0,7.769862247948329e-06,0.0008297260422735371,0.0,1.0,1.0550565640000968,438144,1478,sin(x1)*cos(x2),0.0007816 + 1.995*(cos(x2)*sin(x1)),generation budget reached
trig_product,spurious,0.03,300,4,9007,centralized-residual-counterexample-gp,1.0,1.0,1.0,7.769862247951325e-06,0.000829726042273537,0.0,1.0,1.1530569219999052,0,1479,sin(x1)*cos(x2),0.0007816 + 1.995*(cos(x2)*sin(x1)),generation budget reached
trig_product,spurious,0.03,300,4,9008,fedfalsify-v05,1.0,1.0,1.0,2.66931405766794e-08,0.0009006782774018385,0.0,1.0,0.23593501899995317,152260,2,sin(x1)*cos(x2),-0.0001455 + 2·sin(x₁)cos(x₂),target federated MSE reached; no replacement passed the federated certificate
trig_product,spurious,0.03,300,4,9008,centralized-tree-gp,1.0,1.0,1.0,2.6693140576709798e-08,0.0009006782774018385,0.0,1.0,1.1185599130001265,0,1460,sin(x1)*cos(x2),-0.0001455 + 2*(cos(x2)*sin(x1)),generation budget reached
trig_product,spurious,0.03,300,4,9008,federated-tree-gp-style,1.0,1.0,1.0,2.66931405766794e-08,0.0009006782774018385,0.0,1.0,1.4377739210001437,433216,1460,sin(x1)*cos(x2),-0.0001455 + 2*(cos(x2)*sin(x1)),generation budget reached
trig_product,spurious,0.03,300,4,9008,centralized-residual-counterexample-gp,1.0,1.0,1.0,2.6693140576709798e-08,0.0009006782774018385,0.0,1.0,0.7314061199999742,0,1455,sin(x1)*cos(x2),-0.0001455 + 2*(cos(x2)*sin(x1)),generation budget reached
trig_product,spurious,0.03,300,4,9009,fedfalsify-v05,1.0,1.0,1.0,1.609373509703334e-06,0.0008391036487768199,0.0,1.0,0.1638845869999841,152345,2,sin(x1)*cos(x2),0.00014 + 2.003·sin(x₁)cos(x₂),target federated MSE reached; no replacement passed the federated certificate
trig_product,spurious,0.03,300,4,9009,centralized-tree-gp,1.0,1.0,1.0,1.60937350970169e-06,0.0008391036487768199,0.0,1.0,0.6872792730000583,0,1467,sin(x1)*cos(x2),0.00014 + 2.003*(cos(x2)*sin(x1)),generation budget reached
trig_product,spurious,0.03,300,4,9009,federated-tree-gp-style,1.0,1.0,1.0,1.609373509703334e-06,0.0008391036487768199,0.0,1.0,0.8736315510000168,429696,1467,sin(x1)*cos(x2),0.00014 + 2.003*(cos(x2)*sin(x1)),generation budget reached
trig_product,spurious,0.03,300,4,9009,centralized-residual-counterexample-gp,1.0,1.0,1.0,1.60937350970169e-06,0.0008391036487768199,0.0,1.0,0.719186271000126,0,1467,sin(x1)*cos(x2),0.00014 + 2.003*(cos(x2)*sin(x1)),generation budget reached
trig_product,spurious,0.03,300,4,9010,fedfalsify-v05,1.0,1.0,1.0,1.1949403875753108e-06,0.0009152911222180467,0.0,1.0,0.16971288400009144,152151,2,sin(x1)*cos(x2),0.001117 + 2·sin(x₁)cos(x₂),target federated MSE reached; no replacement passed the federated certificate
trig_product,spurious,0.03,300,4,9010,centralized-tree-gp,1.0,1.0,1.0,1.1949403875753072e-06,0.0009152911222180467,0.0,1.0,0.7269819980001557,0,1474,sin(x1)*cos(x2),0.001117 + 2*(cos(x2)*sin(x1)),generation budget reached
trig_product,spurious,0.03,300,4,9010,federated-tree-gp-style,1.0,1.0,1.0,1.1949403875753108e-06,0.0009152911222180467,0.0,1.0,0.8964815720000843,441920,1474,sin(x1)*cos(x2),0.001117 + 2*(cos(x2)*sin(x1)),generation budget reached
trig_product,spurious,0.03,300,4,9010,centralized-residual-counterexample-gp,1.0,1.0,1.0,1.1949403875753072e-06,0.0009152911222180467,0.0,1.0,0.7503912100000889,0,1474,sin(x1)*cos(x2),0.001117 + 2*(cos(x2)*sin(x1)),generation budget reached
trig_product,spurious,0.1,300,4,9006,fedfalsify-v05,1.0,1.0,1.0,1.832294297600672e-05,0.009425733303555377,0.0,1.0,0.1696146399999634,151528,2,sin(x1)*cos(x2),0.0002419 + 2.009·sin(x₁)cos(x₂),target federated MSE reached; no replacement passed the federated certificate
trig_product,spurious,0.1,300,4,9006,centralized-tree-gp,1.0,1.0,1.0,1.8322942976016226e-05,0.009425733303555377,0.0,1.0,0.6968164879999676,0,1457,sin(x1)*cos(x2),0.0002419 + 2.009*(cos(x2)*sin(x1)),generation budget reached
trig_product,spurious,0.1,300,4,9006,federated-tree-gp-style,1.0,1.0,1.0,1.832294297600672e-05,0.009425733303555377,0.0,1.0,0.8636778019999838,429312,1457,sin(x1)*cos(x2),0.0002419 + 2.009*(cos(x2)*sin(x1)),generation budget reached
trig_product,spurious,0.1,300,4,9006,centralized-residual-counterexample-gp,1.0,1.0,1.0,1.8322942976016226e-05,0.009425733303555377,0.0,1.0,0.7249452999999448,0,1457,sin(x1)*cos(x2),0.0002419 + 2.009*(cos(x2)*sin(x1)),generation budget reached
trig_product,spurious,0.1,300,4,9007,fedfalsify-v05,1.0,1.0,1.0,8.633180134680091e-05,0.009219178247483747,0.0,1.0,0.16005994400006784,151621,2,sin(x1)*cos(x2),0.002605 + 1.982·sin(x₁)cos(x₂),target federated MSE reached; no replacement passed the federated certificate
trig_product,spurious,0.1,300,4,9007,centralized-tree-gp,1.0,1.0,1.0,8.633180134680547e-05,0.009219178247483747,0.0,1.0,0.6822200460001113,0,1466,sin(x1)*cos(x2),0.002605 + 1.982*(cos(x2)*sin(x1)),generation budget reached
trig_product,spurious,0.1,300,4,9007,federated-tree-gp-style,1.0,1.0,1.0,8.633180134680091e-05,0.009219178247483747,0.0,1.0,0.8700957990001825,433984,1466,sin(x1)*cos(x2),0.002605 + 1.982*(cos(x2)*sin(x1)),generation budget reached
trig_product,spurious,0.1,300,4,9007,centralized-residual-counterexample-gp,1.0,1.0,1.0,8.633180134680547e-05,0.009219178247483747,0.0,1.0,1.1498458539999774,0,1470,sin(x1)*cos(x2),0.002605 + 1.982*(cos(x2)*sin(x1)),generation budget reached
trig_product,spurious,0.1,300,4,9008,fedfalsify-v05,1.0,1.0,1.0,2.965904874743219e-07,0.010007536415575983,0.0,1.0,0.2183379909999985,151678,2,sin(x1)*cos(x2),-0.0004848 + 2·sin(x₁)cos(x₂),target federated MSE reached; no replacement passed the federated certificate
trig_product,spurious,0.1,300,4,9008,centralized-tree-gp,1.0,1.0,1.0,2.9659048747442284e-07,0.010007536415575984,0.0,1.0,1.087902923999991,0,1448,sin(x1)*cos(x2),-0.0004848 + 2*(cos(x2)*sin(x1)),generation budget reached
trig_product,spurious,0.1,300,4,9008,federated-tree-gp-style,1.0,1.0,1.0,2.965904874743219e-07,0.010007536415575983,0.0,1.0,1.3913416880000113,425920,1448,sin(x1)*cos(x2),-0.0004848 + 2*(cos(x2)*sin(x1)),generation budget reached
trig_product,spurious,0.1,300,4,9008,centralized-residual-counterexample-gp,1.0,1.0,1.0,2.9659048747442284e-07,0.010007536415575984,0.0,1.0,1.0131908309999744,0,1448,sin(x1)*cos(x2),-0.0004848 + 2*(cos(x2)*sin(x1)),generation budget reached
trig_product,spurious,0.1,300,4,9009,fedfalsify-v05,1.0,1.0,1.0,1.7881928542912634e-05,0.009323373875298,0.0,1.0,0.16019226200000958,151813,2,sin(x1)*cos(x2),0.0004665 + 2.008·sin(x₁)cos(x₂),target federated MSE reached; no replacement passed the federated certificate
trig_product,spurious,0.1,300,4,9009,centralized-tree-gp,1.0,1.0,1.0,1.7881928542912634e-05,0.009323373875298,0.0,1.0,0.6857560000000831,0,1467,sin(x1)*cos(x2),0.0004665 + 2.008*(cos(x2)*sin(x1)),generation budget reached
trig_product,spurious,0.1,300,4,9009,federated-tree-gp-style,1.0,1.0,1.0,1.7881928542912634e-05,0.009323373875298,0.0,1.0,0.9237887570000112,429248,1467,sin(x1)*cos(x2),0.0004665 + 2.008*(cos(x2)*sin(x1)),generation budget reached
trig_product,spurious,0.1,300,4,9009,centralized-residual-counterexample-gp,1.0,1.0,1.0,1.7881928542912634e-05,0.009323373875298,0.0,1.0,0.7485537550001027,0,1467,sin(x1)*cos(x2),0.0004665 + 2.008*(cos(x2)*sin(x1)),generation budget reached
trig_product,spurious,0.1,300,4,9010,fedfalsify-v05,1.0,1.0,1.0,1.3277115418630997e-05,0.010169901357978298,0.0,1.0,0.17312006999986806,151558,2,sin(x1)*cos(x2),0.003724 + 2·sin(x₁)cos(x₂),target federated MSE reached; no replacement passed the federated certificate
trig_product,spurious,0.1,300,4,9010,centralized-tree-gp,1.0,1.0,1.0,1.3277115418631866e-05,0.0101699013579783,0.0,1.0,0.7344586609999624,0,1474,sin(x1)*cos(x2),0.003724 + 2*(cos(x2)*sin(x1)),generation budget reached
trig_product,spurious,0.1,300,4,9010,federated-tree-gp-style,1.0,1.0,1.0,1.3277115418630997e-05,0.010169901357978298,0.0,1.0,0.8692541689999871,442112,1474,sin(x1)*cos(x2),0.003724 + 2*(cos(x2)*sin(x1)),generation budget reached
trig_product,spurious,0.1,300,4,9010,centralized-residual-counterexample-gp,1.0,1.0,1.0,1.3277115418631866e-05,0.0101699013579783,0.0,1.0,0.7310379490002106,0,1473,sin(x1)*cos(x2),0.003724 + 2*(cos(x2)*sin(x1)),generation budget reached
trig_product,exception,0.03,300,4,9006,fedfalsify-v05,1.0,1.0,1.0,3.1620324708719686e-06,0.0023866900485230397,0.0,1.0,0.22535927300009462,187641,3,I(x3>1)*x3^2;sin(x1)*cos(x2),0.0012 + 0.7483·𝟙[x₃>1]·x₃² + 2.001·sin(x₁)cos(x₂),target federated MSE reached; no replacement passed the federated certificate
trig_product,exception,0.03,300,4,9006,centralized-tree-gp,0.0,0.5,0.5,0.0008702793720909496,0.0047991430744006225,0.0,1.0,0.885380658000031,0,1553,"I(x3>1)*x3^2;expr:sin(mul(cos(x2),sin(x1)))",0.001585 + 0.7476*I(x3>1)*((x3)^2) + 2.194*sin((cos(x2)*sin(x1))),generation budget reached
trig_product,exception,0.03,300,4,9006,federated-tree-gp-style,0.0,0.5,0.5,0.0008702793720909511,0.004799143074400624,0.0,1.0,1.0573400599998877,561856,1553,"I(x3>1)*x3^2;expr:sin(mul(cos(x2),sin(x1)))",0.001585 + 0.7476*I(x3>1)*((x3)^2) + 2.194*sin((cos(x2)*sin(x1))),generation budget reached
trig_product,exception,0.03,300,4,9006,centralized-residual-counterexample-gp,0.0,0.5,0.5,0.0008702793720909496,0.0047991430744006225,0.0,1.0,0.9078384839999671,0,1583,"I(x3>1)*x3^2;expr:sin(mul(cos(x2),sin(x1)))",0.001585 + 0.7476*I(x3>1)*((x3)^2) + 2.194*sin((cos(x2)*sin(x1))),generation budget reached
trig_product,exception,0.03,300,4,9007,fedfalsify-v05,1.0,1.0,1.0,1.652566767792897e-06,0.0022644209791293033,0.0,1.0,0.23382112800004506,187577,3,I(x3>1)*x3^2;sin(x1)*cos(x2),0.0005955 + 0.7505·𝟙[x₃>1]·x₃² + 2.003·sin(x₁)cos(x₂),target federated MSE reached; no replacement passed the federated certificate
trig_product,exception,0.03,300,4,9007,centralized-tree-gp,0.0,0.5,0.5,0.0008886388080978823,0.004171647495218629,0.0,1.0,0.7785625129999971,0,1521,"I(x3>1)*x3^2;expr:sin(mul(cos(x2),sin(x1)))",-5.26e-05 + 0.7512*I(x3>1)*((x3)^2) + 2.196*sin((cos(x2)*sin(x1))),generation budget reached
trig_product,exception,0.03,300,4,9007,federated-tree-gp-style,0.0,0.5,0.5,0.0008886388080978844,0.0041716474952186305,0.0,1.0,1.3410794440001155,547840,1521,"I(x3>1)*x3^2;expr:sin(mul(cos(x2),sin(x1)))",-5.26e-05 + 0.7512*I(x3>1)*((x3)^2) + 2.196*sin((cos(x2)*sin(x1))),generation budget reached
trig_product,exception,0.03,300,4,9007,centralized-residual-counterexample-gp,0.0,0.5,0.5,0.0008886388080978823,0.004171647495218629,0.0,1.0,1.3519285410000066,0,1534,"I(x3>1)*x3^2;expr:sin(mul(cos(x2),sin(x1)))",-5.26e-05 + 0.7512*I(x3>1)*((x3)^2) + 2.196*sin((cos(x2)*sin(x1))),generation budget reached
trig_product,exception,0.03,300,4,9008,fedfalsify-v05,1.0,1.0,1.0,2.1662142195989143e-06,0.0022852326630405225,0.0,1.0,0.3440796729998965,249047,3,I(x3>1)*x3^2;sin(x1)*cos(x2),-0.001767 + 0.7508·𝟙[x₃>1]·x₃² + 1.997·sin(x₁)cos(x₂),target federated MSE reached; no replacement passed the federated certificate
trig_product,exception,0.03,300,4,9008,centralized-tree-gp,0.0,0.0,0.0,0.00920492385134137,0.023150747455994203,0.0,0.0,1.3567814370001088,0,1556,"expr:add(square(x3),x3);expr:add(x3,x3);expr:mul(square(x3),x3);expr:sin(mul(cos(x2),sin(x1)))",-0.08007 + 0.389*((x3)^2+x3) - 0.09774*(x3+x3) + 0.1323*((x3)^2*x3) + 2.188*sin((cos(x2)*sin(x1))),generation budget reached
trig_product,exception,0.03,300,4,9008,federated-tree-gp-style,0.0,0.0,0.0,0.009204923851341364,0.023150747455994207,0.0,0.0,1.408343758000001,616448,1556,"expr:add(square(x3),x3);expr:add(x3,x3);expr:mul(square(x3),x3);expr:sin(mul(cos(x2),sin(x1)))",-0.08007 + 0.389*((x3)^2+x3) - 0.09774*(x3+x3) + 0.1323*((x3)^2*x3) + 2.188*sin((cos(x2)*sin(x1))),generation budget reached
trig_product,exception,0.03,300,4,9008,centralized-residual-counterexample-gp,0.0,0.0,0.0,0.013329486475106072,0.033984032675944596,0.0,0.0,0.9080806189999748,0,1571,"expr:add(square(x3),x3);expr:mul(square(x3),x3);expr:sin(mul(cos(x2),sin(x1)))",-0.03316 + 0.3717*((x3)^2+x3) + 0.09128*((x3)^2*x3) + 2.18*sin((cos(x2)*sin(x1))),generation budget reached
trig_product,exception,0.03,300,4,9009,fedfalsify-v05,1.0,1.0,1.0,4.109738470551444e-06,0.0022696026201782776,0.0,1.0,0.2720518880000782,218934,3,I(x3>1)*x3^2;sin(x1)*cos(x2),0.002256 + 0.7499·𝟙[x₃>1]·x₃² + 2.005·sin(x₁)cos(x₂),target federated MSE reached; no replacement passed the federated certificate
trig_product,exception,0.03,300,4,9009,centralized-tree-gp,0.0,0.5,0.5,0.0008908382748432412,0.004365294879075534,0.0,1.0,0.8140476639998724,0,1538,"I(x3>1)*x3^2;expr:sin(mul(cos(x2),sin(x1)))",0.000828 + 0.7505*I(x3>1)*((x3)^2) + 2.194*sin((cos(x2)*sin(x1))),generation budget reached
trig_product,exception,0.03,300,4,9009,federated-tree-gp-style,0.0,0.5,0.5,0.0008908382748432412,0.004365294879075533,0.0,1.0,1.0874299990000509,571712,1538,"I(x3>1)*x3^2;expr:sin(mul(cos(x2),sin(x1)))",0.000828 + 0.7505*I(x3>1)*((x3)^2) + 2.194*sin((cos(x2)*sin(x1))),generation budget reached
trig_product,exception,0.03,300,4,9009,centralized-residual-counterexample-gp,0.0,0.5,0.5,0.0008908382748432412,0.004365294879075534,0.0,1.0,0.8763051429998541,0,1532,"I(x3>1)*x3^2;expr:sin(mul(cos(x2),sin(x1)))",0.000828 + 0.7505*I(x3>1)*((x3)^2) + 2.194*sin((cos(x2)*sin(x1))),generation budget reached
trig_product,exception,0.03,300,4,9010,fedfalsify-v05,1.0,1.0,1.0,1.3909793679471384e-06,0.002333070865161273,0.0,1.0,0.23367451599983724,187654,3,I(x3>1)*x3^2;sin(x1)*cos(x2),0.001614 + 0.7491·𝟙[x₃>1]·x₃² + 2.002·sin(x₁)cos(x₂),target federated MSE reached; no replacement passed the federated certificate
trig_product,exception,0.03,300,4,9010,centralized-tree-gp,0.0,0.0,0.0,0.012319475431998857,0.030206635411701016,0.0,0.0,0.876567729999806,0,1570,"expr:add(square(x3),x3);expr:sin(mul(cos(x2),sin(x1)));expr:square(add(square(x3),x3));expr:square(mul(cos(x3),square(x3)))",-0.04747 + 0.1039*((x3)^2+x3) + 2.191*sin((cos(x2)*sin(x1))) + 0.07543*(((x3)^2+x3))^2 - 0.08158*((cos(x3)*(x3)^2))^2,generation budget reached
trig_product,exception,0.03,300,4,9010,federated-tree-gp-style,0.0,0.0,0.0,0.01231947543199883,0.030206635411701016,0.0,0.0,1.1819843749999563,615744,1570,"expr:add(square(x3),x3);expr:sin(mul(cos(x2),sin(x1)));expr:square(add(square(x3),x3));expr:square(mul(cos(x3),square(x3)))",-0.04747 + 0.1039*((x3)^2+x3) + 2.191*sin((cos(x2)*sin(x1))) + 0.07543*(((x3)^2+x3))^2 - 0.08158*((cos(x3)*(x3)^2))^2,generation budget reached
trig_product,exception,0.03,300,4,9010,centralized-residual-counterexample-gp,0.0,0.0,0.0,0.020288202635456307,0.050551228449487964,0.0,0.0,0.9771582719999969,0,1592,"expr:add(sin(x3),sin(x3));expr:cos(add(x3,x3));expr:sin(mul(cos(x2),sin(x1)));expr:square(add(square(x3),x3))",0.07545 + 0.1755*(sin(x3)+sin(x3)) - 0.218*cos((x3+x3)) + 2.194*sin((cos(x2)*sin(x1))) + 0.06294*(((x3)^2+x3))^2,generation budget reached
trig_product,exception,0.1,300,4,9006,fedfalsify-v05,1.0,1.0,1.0,3.513369417215114e-05,0.026518778316922655,0.0,1.0,0.22549373399988326,187067,3,I(x3>1)*x3^2;sin(x1)*cos(x2),0.004 + 0.7444·𝟙[x₃>1]·x₃² + 2.003·sin(x₁)cos(x₂),target federated MSE reached; no replacement passed the federated certificate
trig_product,exception,0.1,300,4,9006,centralized-tree-gp,1.0,1.0,1.0,3.513369417214771e-05,0.026518778316922658,0.0,1.0,0.8353112560000682,0,1557,I(x3>1)*x3^2;sin(x1)*cos(x2),0.004 + 0.7444*I(x3>1)*((x3)^2) + 2.003*(cos(x2)*sin(x1)),generation budget reached
trig_product,exception,0.1,300,4,9006,federated-tree-gp-style,1.0,1.0,1.0,3.513369417215116e-05,0.02651877831692266,0.0,1.0,1.1638489849999587,577792,1557,I(x3>1)*x3^2;sin(x1)*cos(x2),0.004 + 0.7444*I(x3>1)*((x3)^2) + 2.003*(cos(x2)*sin(x1)),generation budget reached
trig_product,exception,0.1,300,4,9006,centralized-residual-counterexample-gp,1.0,1.0,1.0,3.513369417214771e-05,0.026518778316922658,0.0,1.0,1.3701913620000141,0,1526,I(x3>1)*x3^2;sin(x1)*cos(x2),0.004 + 0.7444*I(x3>1)*((x3)^2) + 2.003*(cos(x2)*sin(x1)),generation budget reached
trig_product,exception,0.1,300,4,9007,fedfalsify-v05,1.0,1.0,1.0,1.8361853295286e-05,0.025160233101436707,0.0,1.0,0.30784367499995824,186985,3,I(x3>1)*x3^2;sin(x1)*cos(x2),0.001985 + 0.7517·𝟙[x₃>1]·x₃² + 2.01·sin(x₁)cos(x₂),target federated MSE reached; no replacement passed the federated certificate
trig_product,exception,0.1,300,4,9007,centralized-tree-gp,0.0,0.5,0.5,0.0009097140565989459,0.02644272942267743,0.0,1.0,1.3205505920000178,0,1537,"I(x3>1)*x3^2;expr:sin(mul(cos(x2),sin(x1)))",0.001339 + 0.7524*I(x3>1)*((x3)^2) + 2.205*sin((cos(x2)*sin(x1))),generation budget reached
trig_product,exception,0.1,300,4,9007,federated-tree-gp-style,0.0,0.5,0.5,0.0009097140565989485,0.02644272942267743,0.0,1.0,1.7404855089998819,569728,1537,"I(x3>1)*x3^2;expr:sin(mul(cos(x2),sin(x1)))",0.001339 + 0.7524*I(x3>1)*((x3)^2) + 2.205*sin((cos(x2)*sin(x1))),generation budget reached
trig_product,exception,0.1,300,4,9007,centralized-residual-counterexample-gp,0.0,0.5,0.5,0.0009097140565989459,0.02644272942267743,0.0,1.0,0.8630356109999866,0,1516,"I(x3>1)*x3^2;expr:sin(mul(cos(x2),sin(x1)))",0.001339 + 0.7524*I(x3>1)*((x3)^2) + 2.205*sin((cos(x2)*sin(x1))),generation budget reached
trig_product,exception,0.1,300,4,9008,fedfalsify-v05,1.0,1.0,1.0,2.406904658169066e-05,0.025391474033783588,0.0,1.0,0.27048791299989716,248434,3,I(x3>1)*x3^2;sin(x1)*cos(x2),-0.00589 + 0.7528·𝟙[x₃>1]·x₃² + 1.989·sin(x₁)cos(x₂),target federated MSE reached; no replacement passed the federated certificate
trig_product,exception,0.1,300,4,9008,centralized-tree-gp,0.0,0.25,0.5,0.0809245763532598,0.12295575078897832,0.0,1.0,0.8610119380000469,0,1572,"I(x3>1)*x3^2;expr:mul(cos(x2),x1);expr:square(add(cos(x2),sin(x1)));expr:square(add(cos(x2),x1))",-0.3688 + 0.756*I(x3>1)*((x3)^2) + 0.6331*(cos(x2)*x1) + 0.4772*((cos(x2)+sin(x1)))^2 - 0.05695*((cos(x2)+x1))^2,generation budget reached
trig_product,exception,0.1,300,4,9008,federated-tree-gp-style,0.0,0.25,0.5,0.08092457635325943,0.12295575078897832,0.0,1.0,1.1177764110000226,605632,1572,"I(x3>1)*x3^2;expr:mul(cos(x2),x1);expr:square(add(cos(x2),sin(x1)));expr:square(add(cos(x2),x1))",-0.3688 + 0.756*I(x3>1)*((x3)^2) + 0.6331*(cos(x2)*x1) + 0.4772*((cos(x2)+sin(x1)))^2 - 0.05695*((cos(x2)+x1))^2,generation budget reached
trig_product,exception,0.1,300,4,9008,centralized-residual-counterexample-gp,0.0,0.25,0.5,0.06201669712391029,0.12118792757627835,0.0,1.0,0.9232761620000929,0,1563,"I(x3>1)*x3^2;expr:cos(add(cos(x3),square(x1)));expr:mul(cos(x2),x1);expr:square(add(cos(x2),sin(x1)))",-0.5677 + 0.1908*cos((cos(x3)+(x1)^2)) + 0.7385*I(x3>1)*((x3)^2) + 0.4703*(cos(x2)*x1) + 0.5214*((cos(x2)+sin(x1)))^2,generation budget reached
trig_product,exception,0.1,300,4,9009,fedfalsify-v05,1.0,1.0,1.0,4.5663761312988874e-05,0.025217806890869752,0.0,1.0,0.2696618809998199,248430,3,I(x3>1)*x3^2;sin(x1)*cos(x2),0.007521 + 0.7497·𝟙[x₃>1]·x₃² + 2.017·sin(x₁)cos(x₂),target federated MSE reached; no replacement passed the federated certificate
trig_product,exception,0.1,300,4,9009,centralized-tree-gp,1.0,1.0,1.0,4.566376131299502e-05,0.025217806890869752,0.0,1.0,0.8702820940000038,0,1558,I(x3>1)*x3^2;sin(x1)*cos(x2),0.007521 + 0.7497*I(x3>1)*((x3)^2) + 2.017*(cos(x2)*sin(x1)),generation budget reached
trig_product,exception,0.1,300,4,9009,federated-tree-gp-style,1.0,1.0,1.0,4.5663761312988935e-05,0.025217806890869752,0.0,1.0,1.1015307129998746,589376,1558,I(x3>1)*x3^2;sin(x1)*cos(x2),0.007521 + 0.7497*I(x3>1)*((x3)^2) + 2.017*(cos(x2)*sin(x1)),generation budget reached
trig_product,exception,0.1,300,4,9009,centralized-residual-counterexample-gp,1.0,1.0,1.0,4.566376131299502e-05,0.025217806890869752,0.0,1.0,0.9040445069999805,0,1555,I(x3>1)*x3^2;sin(x1)*cos(x2),0.007521 + 0.7497*I(x3>1)*((x3)^2) + 2.017*(cos(x2)*sin(x1)),generation budget reached
trig_product,exception,0.1,300,4,9010,fedfalsify-v05,1.0,1.0,1.0,1.5455326481312546e-05,0.025923009612903038,0.0,1.0,0.2290855730000203,186842,3,I(x3>1)*x3^2;sin(x1)*cos(x2),0.005379 + 0.7471·𝟙[x₃>1]·x₃² + 2.006·sin(x₁)cos(x₂),target federated MSE reached; no replacement passed the federated certificate
trig_product,exception,0.1,300,4,9010,centralized-tree-gp,1.0,1.0,1.0,1.5455326481315917e-05,0.025923009612903034,0.0,1.0,0.9360141419999763,0,1615,I(x3>1)*x3^2;sin(x1)*cos(x2),0.005379 + 0.7471*I(x3>1)*((x3)^2) + 2.006*(cos(x2)*sin(x1)),generation budget reached
trig_product,exception,0.1,300,4,9010,federated-tree-gp-style,1.0,1.0,1.0,1.545532648131261e-05,0.025923009612903034,0.0,1.0,1.2540195459998813,656896,1615,I(x3>1)*x3^2;sin(x1)*cos(x2),0.005379 + 0.7471*I(x3>1)*((x3)^2) + 2.006*(cos(x2)*sin(x1)),generation budget reached
trig_product,exception,0.1,300,4,9010,centralized-residual-counterexample-gp,1.0,1.0,1.0,1.5455326481315917e-05,0.025923009612903034,0.0,1.0,1.5133400070001244,0,1603,I(x3>1)*x3^2;sin(x1)*cos(x2),0.005379 + 0.7471*I(x3>1)*((x3)^2) + 2.006*(cos(x2)*sin(x1)),generation budget reached
interaction,complementary,0.03,300,4,9006,fedfalsify-v05,1.0,1.0,1.0,3.3583047404910643e-06,0.004443291624864215,0.0,1.0,0.27047497599983217,180492,3,x1*x2;x3^2,0.001069 + 1.002·x₁x₂ + 0.4986·x₃²,target federated MSE reached; no replacement passed the federated certificate
interaction,complementary,0.03,300,4,9006,centralized-tree-gp,1.0,1.0,1.0,3.3583047404918567e-06,0.004443291624864217,0.0,1.0,1.388828445999934,0,1564,x1*x2;x3^2,0.001069 + 1.002*(x1*x2) + 0.4986*(x3)^2,generation budget reached
interaction,complementary,0.03,300,4,9006,federated-tree-gp-style,1.0,1.0,1.0,3.358304740491041e-06,0.004443291624864217,0.0,1.0,1.7436293750001823,575808,1564,x1*x2;x3^2,0.001069 + 1.002*(x1*x2) + 0.4986*(x3)^2,generation budget reached
interaction,complementary,0.03,300,4,9006,centralized-residual-counterexample-gp,0.0,0.3333333333333333,0.5,0.0005022430405555294,0.007006660281520766,0.0,1.0,0.9465611369998896,0,1594,"expr:mul(square(x3),square(x3));expr:sin(mul(cos(x3),cos(x3)));x1*x2",0.7071 + 0.08382*((x3)^2*(x3)^2) + 1.001*(x1*x2) - 0.8591*sin((cos(x3)*cos(x3))),generation budget reached
interaction,complementary,0.03,300,4,9007,fedfalsify-v05,1.0,1.0,1.0,4.133589541058065e-06,0.0037840606179055875,0.0,1.0,0.20428684100011196,180396,3,x1*x2;x3^2,-0.00122 + 0.9986·x₁x₂ + 0.5021·x₃²,target federated MSE reached; no replacement passed the federated certificate
interaction,complementary,0.03,300,4,9007,centralized-tree-gp,1.0,1.0,1.0,4.133589541063888e-06,0.0037840606179055884,0.0,1.0,0.8119286210001064,0,1561,x1*x2;x3^2,-0.00122 + 0.9986*(x1*x2) + 0.5021*(x3*x3),generation budget reached
interaction,complementary,0.03,300,4,9007,federated-tree-gp-style,1.0,1.0,1.0,4.133589541058088e-06,0.0037840606179055875,0.0,1.0,1.0512076069999239,600000,1561,x1*x2;x3^2,-0.00122 + 0.9986*(x1*x2) + 0.5021*(x3*x3),generation budget reached
interaction,complementary,0.03,300,4,9007,centralized-residual-counterexample-gp,1.0,1.0,1.0,4.133589541063888e-06,0.0037840606179055884,0.0,1.0,0.8325522909999563,0,1538,x1*x2;x3^2,-0.00122 + 0.9986*(x1*x2) + 0.5021*(x3*x3),generation budget reached
interaction,complementary,0.03,300,4,9008,fedfalsify-v05,1.0,1.0,1.0,1.2783884116218777e-06,0.00395584011480443,0.0,1.0,0.26192073400011395,271091,3,x1*x2;x3^2,0.0006874 + 0.9996·x₁x₂ + 0.4986·x₃²,target federated MSE reached; no replacement passed the federated certificate
interaction,complementary,0.03,300,4,9008,centralized-tree-gp,1.0,1.0,1.0,1.278388411620341e-06,0.003955840114804431,0.0,1.0,0.7192493749998903,0,1479,x1*x2;x3^2,0.0006874 + 0.9996*(x1*x2) + 0.4986*(x3*x3),generation budget reached
interaction,complementary,0.03,300,4,9008,federated-tree-gp-style,1.0,1.0,1.0,1.2783884116219036e-06,0.00395584011480443,0.0,1.0,0.9042500630000632,498048,1479,x1*x2;x3^2,0.0006874 + 0.9996*(x1*x2) + 0.4986*(x3*x3),generation budget reached
interaction,complementary,0.03,300,4,9008,centralized-residual-counterexample-gp,1.0,1.0,1.0,1.278388411620341e-06,0.003955840114804431,0.0,1.0,0.8127011510000557,0,1542,x1*x2;x3^2,0.0006874 + 0.9996*(x1*x2) + 0.4986*(x3*x3),generation budget reached
interaction,complementary,0.03,300,4,9009,fedfalsify-v05,1.0,1.0,1.0,8.044605248662837e-06,0.0039033381085333786,0.0,1.0,0.20406636100005926,180267,3,x1*x2;x3^2,0.001303 + 1.003·x₁x₂ + 0.5·x₃²,target federated MSE reached; no replacement passed the federated certificate
interaction,complementary,0.03,300,4,9009,centralized-tree-gp,0.0,0.25,0.5,0.0006304191317082688,0.008538489880271593,0.0,1.0,0.8905354900000475,0,1587,"expr:cos(add(sin(x3),x3));expr:sin(add(x1,x1));expr:square(add(square(x3),square(x3)));x1*x2",0.3883 - 0.4604*cos((sin(x3)+x3)) + 1.004*(x1*x2) + 0.002503*sin((x1+x1)) + 0.01645*(((x3)^2+(x3)^2))^2,generation budget reached
interaction,complementary,0.03,300,4,9009,federated-tree-gp-style,0.0,0.25,0.5,0.0006304191317082863,0.008538489880271592,0.0,1.0,1.1548869089999698,616576,1587,"expr:cos(add(sin(x3),x3));expr:sin(add(x1,x1));expr:square(add(square(x3),square(x3)));x1*x2",0.3883 - 0.4604*cos((sin(x3)+x3)) + 1.004*(x1*x2) + 0.002503*sin((x1+x1)) + 0.01645*(((x3)^2+(x3)^2))^2,generation budget reached
interaction,complementary,0.03,300,4,9009,centralized-residual-counterexample-gp,0.0,0.25,0.5,0.002252207123880066,0.01768826881929194,0.0,1.0,0.9487905709997904,0,1593,"expr:cos(add(sin(x3),x3));expr:square(add(cos(x2),square(x3)));expr:square(add(square(x2),square(x3)));x1*x2",0.2973 - 0.448*cos((sin(x3)+x3)) + 0.9967*(x1*x2) + 0.05056*((cos(x2)+(x3)^2))^2 + 0.004909*(((x2)^2+(x3)^2))^2,generation budget reached
interaction,complementary,0.03,300,4,9010,fedfalsify-v05,1.0,1.0,1.0,1.3007865831989111e-06,0.004053668920734097,0.0,1.0,0.20558709000010822,180395,3,x1*x2;x3^2,0.003774 + 0.9993·x₁x₂ + 0.4984·x₃²,target federated MSE reached; no replacement passed the federated certificate
interaction,complementary,0.03,300,4,9010,centralized-tree-gp,1.0,1.0,1.0,1.3007865831973329e-06,0.004053668920734097,0.0,1.0,1.1922565209999902,0,1499,x1*x2;x3^2,0.003774 + 0.9993*(x1*x2) + 0.4984*(x3*x3),generation budget reached
interaction,complementary,0.03,300,4,9010,federated-tree-gp-style,1.0,1.0,1.0,1.3007865831989213e-06,0.004053668920734097,0.0,1.0,1.5575010570000813,515968,1499,x1*x2;x3^2,0.003774 + 0.9993*(x1*x2) + 0.4984*(x3*x3),generation budget reached
interaction,complementary,0.03,300,4,9010,centralized-residual-counterexample-gp,1.0,1.0,1.0,1.3007865831973329e-06,0.004053668920734097,0.0,1.0,1.3175115380001898,0,1530,x1*x2;x3^2,0.003774 + 0.9993*(x1*x2) + 0.4984*(x3*x3),generation budget reached
interaction,complementary,0.1,300,4,9006,fedfalsify-v05,1.0,1.0,1.0,3.73144971470001e-05,0.04936990694293575,0.0,1.0,0.29451844899995194,179949,3,x1*x2;x3^2,0.003564 + 1.005·x₁x₂ + 0.4953·x₃²,target federated MSE reached; no replacement passed the federated certificate
interaction,complementary,0.1,300,4,9006,centralized-tree-gp,1.0,1.0,1.0,3.731449714700705e-05,0.04936990694293575,0.0,1.0,0.9788463560000764,0,1522,x1*x2;x3^2,0.003564 + 1.005*(x1*x2) + 0.4953*(x3)^2,generation budget reached
interaction,complementary,0.1,300,4,9006,federated-tree-gp-style,1.0,1.0,1.0,3.731449714700008e-05,0.04936990694293574,0.0,1.0,0.974161969999841,529280,1522,x1*x2;x3^2,0.003564 + 1.005*(x1*x2) + 0.4953*(x3)^2,generation budget reached
interaction,complementary,0.1,300,4,9006,centralized-residual-counterexample-gp,1.0,1.0,1.0,3.731449714700705e-05,0.04936990694293575,0.0,1.0,0.8392962309999348,0,1523,x1*x2;x3^2,0.003564 + 1.005*(x1*x2) + 0.4953*(x3)^2,generation budget reached
interaction,complementary,0.1,300,4,9007,fedfalsify-v05,1.0,1.0,1.0,4.592877265449994e-05,0.04204511797672878,0.0,1.0,0.20397679000006974,179907,3,x1*x2;x3^2,-0.004066 + 0.9954·x₁x₂ + 0.507·x₃²,target federated MSE reached; no replacement passed the federated certificate
interaction,complementary,0.1,300,4,9007,centralized-tree-gp,1.0,1.0,1.0,4.5928772654504096e-05,0.042045117976728774,0.0,1.0,0.8548397269998986,0,1584,x1*x2;x3^2,-0.004066 + 0.9954*(x1*x2) + 0.507*(x3*x3),generation budget reached
interaction,complementary,0.1,300,4,9007,federated-tree-gp-style,1.0,1.0,1.0,4.592877265449999e-05,0.04204511797672878,0.0,1.0,1.1231068499998855,621184,1584,x1*x2;x3^2,-0.004066 + 0.9954*(x1*x2) + 0.507*(x3*x3),generation budget reached
interaction,complementary,0.1,300,4,9007,centralized-residual-counterexample-gp,1.0,1.0,1.0,4.5928772654504096e-05,0.042045117976728774,0.0,1.0,0.8831373429998166,0,1585,x1*x2;x3^2,-0.004066 + 0.9954*(x1*x2) + 0.507*(x3*x3),generation budget reached
interaction,complementary,0.1,300,4,9008,fedfalsify-v05,1.0,1.0,1.0,1.4204315657809141e-05,0.04395377905338258,0.0,1.0,0.26325250900003994,270446,3,x1*x2;x3^2,0.002291 + 0.9988·x₁x₂ + 0.4954·x₃²,target federated MSE reached; no replacement passed the federated certificate
interaction,complementary,0.1,300,4,9008,centralized-tree-gp,1.0,1.0,1.0,1.4204315657803027e-05,0.04395377905338259,0.0,1.0,0.7448845650001203,0,1492,x1*x2;x3^2,0.002291 + 0.9988*(x1*x2) + 0.4954*(x3*x3),generation budget reached
interaction,complementary,0.1,300,4,9008,federated-tree-gp-style,1.0,1.0,1.0,1.4204315657809133e-05,0.04395377905338259,0.0,1.0,0.9628420720000577,511360,1492,x1*x2;x3^2,0.002291 + 0.9988*(x1*x2) + 0.4954*(x3*x3),generation budget reached
interaction,complementary,0.1,300,4,9008,centralized-residual-counterexample-gp,1.0,1.0,1.0,1.4204315657803027e-05,0.04395377905338259,0.0,1.0,0.7861288690000947,0,1485,x1*x2;x3^2,0.002291 + 0.9988*(x1*x2) + 0.4954*(x3*x3),generation budget reached
interaction,complementary,0.1,300,4,9009,fedfalsify-v05,1.0,1.0,1.0,8.938450285210629e-05,0.043370423428148674,0.0,1.0,0.20008669399999235,179778,3,x1*x2;x3^2,0.004343 + 1.01·x₁x₂ + 0.5·x₃²,target federated MSE reached; no replacement passed the federated certificate
interaction,complementary,0.1,300,4,9009,centralized-tree-gp,0.0,0.25,0.5,0.0003231482797177288,0.04435830232533316,0.0,1.0,0.8721903689997816,0,1570,"expr:cos(mul(cos(x3),x3));expr:square(add(cos(x3),cos(x3)));expr:square(add(cos(x3),square(x3)));x1*x2",-0.1879 + 0.6022*cos((cos(x3)*x3)) + 1.01*(x1*x2) - 0.1349*((cos(x3)+cos(x3)))^2 + 0.14*((cos(x3)+(x3)^2))^2,generation budget reached
interaction,complementary,0.1,300,4,9009,federated-tree-gp-style,0.0,0.25,0.5,0.00032314827971777226,0.04435830232533315,0.0,1.0,1.4262626589998035,604608,1570,"expr:cos(mul(cos(x3),x3));expr:square(add(cos(x3),cos(x3)));expr:square(add(cos(x3),square(x3)));x1*x2",-0.1879 + 0.6022*cos((cos(x3)*x3)) + 1.01*(x1*x2) - 0.1349*((cos(x3)+cos(x3)))^2 + 0.14*((cos(x3)+(x3)^2))^2,generation budget reached
interaction,complementary,0.1,300,4,9009,centralized-residual-counterexample-gp,0.0,0.3333333333333333,0.5,0.003369414475656789,0.08053833148814246,0.0,1.0,1.5122338660000878,0,1617,"expr:cos(add(cos(x3),cos(x3)));expr:cos(add(sin(x3),x3));x1*x2",1.005 - 1.632*cos((cos(x3)+cos(x3))) - 1.994*cos((sin(x3)+x3)) + 1.014*(x1*x2),generation budget reached
interaction,complementary,0.1,300,4,9010,fedfalsify-v05,1.0,1.0,1.0,1.4453184220092023e-05,0.045040765785934425,0.0,1.0,0.26396949500008304,179729,3,x1*x2;x3^2,0.01258 + 0.9977·x₁x₂ + 0.4948·x₃²,target federated MSE reached; no replacement passed the federated certificate
interaction,complementary,0.1,300,4,9010,centralized-tree-gp,0.0,0.25,0.5,0.0005409926236412738,0.04764323720253298,0.0,1.0,1.3892257850000078,0,1574,"expr:add(sin(x1),square(x3));expr:cos(add(x3,x3));expr:square(mul(x3,x3));x1*x2",0.3257 + 0.008236*(sin(x1)+(x3)^2) - 0.3667*cos((x3+x3)) + 0.9977*(x1*x2) + 0.08121*((x3*x3))^2,generation budget reached
interaction,complementary,0.1,300,4,9010,federated-tree-gp-style,0.0,0.25,0.5,0.0005409926236412486,0.04764323720253299,0.0,1.0,1.439066645000139,617024,1574,"expr:add(sin(x1),square(x3));expr:cos(add(x3,x3));expr:square(mul(x3,x3));x1*x2",0.3257 + 0.008236*(sin(x1)+(x3)^2) - 0.3667*cos((x3+x3)) + 0.9977*(x1*x2) + 0.08121*((x3*x3))^2,generation budget reached
interaction,complementary,0.1,300,4,9010,centralized-residual-counterexample-gp,1.0,1.0,1.0,1.4453184220093258e-05,0.04504076578593442,0.0,1.0,0.7980234030001156,0,1510,x1*x2;x3^2,0.01258 + 0.9977*(x1*x2) + 0.4948*(x3*x3),generation budget reached
interaction,spurious,0.03,300,4,9006,fedfalsify-v05,1.0,1.0,1.0,2.7991082125713976e-06,0.004243682518033546,0.0,1.0,0.21538241500002187,180075,3,x1*x2;x3^2,-0.003966 + 1.001·x₁x₂ + 0.5025·x₃²,target federated MSE reached; no replacement passed the federated certificate
interaction,spurious,0.03,300,4,9006,centralized-tree-gp,1.0,1.0,1.0,2.7991082125697713e-06,0.004243682518033547,0.0,1.0,0.7267294460000358,0,1500,x1*x2;x3^2,-0.003966 + 1.001*(x1*x2) + 0.5025*(x3*x3),generation budget reached
interaction,spurious,0.03,300,4,9006,federated-tree-gp-style,1.0,1.0,1.0,2.7991082125714298e-06,0.004243682518033546,0.0,1.0,0.9514041679999536,509760,1500,x1*x2;x3^2,-0.003966 + 1.001*(x1*x2) + 0.5025*(x3*x3),generation budget reached
interaction,spurious,0.03,300,4,9006,centralized-residual-counterexample-gp,1.0,1.0,1.0,2.7991082125697713e-06,0.004243682518033547,0.0,1.0,0.7828037849999419,0,1491,x1*x2;x3^2,-0.003966 + 1.001*(x1*x2) + 0.5025*(x3*x3),generation budget reached
interaction,spurious,0.03,300,4,9007,fedfalsify-v05,1.0,1.0,1.0,4.6786421410547794e-07,0.0037818128483565485,0.0,1.0,0.32088815800011616,329228,3,x1*x2;x3^2,0.0032 + 1·x₁x₂ + 0.4991·x₃²,target federated MSE reached; no replacement passed the federated certificate
interaction,spurious,0.03,300,4,9007,centralized-tree-gp,0.0,0.5,0.5,3.094532680461218e-06,0.0037715718428954054,0.0,1.0,0.9974327659999744,0,1629,"expr:square(add(x3,x3));x1*x2",0.002897 + 1*(x1*x2) - 0.0004983*(((x3)^2+x1))^2 + 0.1253*((x3+x3))^2,generation budget reached
interaction,spurious,0.03,300,4,9007,federated-tree-gp-style,0.0,0.5,0.5,3.094532680461223e-06,0.003771571842895405,0.0,1.0,1.2295645049998711,680384,1629,"expr:square(add(x3,x3));x1*x2",0.002897 + 1*(x1*x2) - 0.0004983*(((x3)^2+x1))^2 + 0.1253*((x3+x3))^2,generation budget reached
interaction,spurious,0.03,300,4,9007,centralized-residual-counterexample-gp,0.0,0.5,0.5,4.67864213283959e-07,0.0037818128483565502,0.0,1.0,0.9312032650000219,0,1581,"expr:square(add(x3,x3));x1*x2",0.0032 + 1*(x1*x2) + 0.1248*((x3+x3))^2,generation budget reached
interaction,spurious,0.03,300,4,9008,fedfalsify-v05,1.0,1.0,1.0,2.090267170099815e-07,0.003989198851834444,0.0,1.0,0.22754998699997486,180404,3,x1*x2;x3^2,-0.001306 + 1·x₁x₂ + 0.5006·x₃²,target federated MSE reached; no replacement passed the federated certificate
interaction,spurious,0.03,300,4,9008,centralized-tree-gp,1.0,1.0,1.0,2.0902671701107444e-07,0.003989198851834443,0.0,1.0,0.6937484979998771,0,1447,x1*x2;x3^2,-0.001306 + 1*(x1*x2) + 0.5006*(x3)^2,generation budget reached
interaction,spurious,0.03,300,4,9008,federated-tree-gp-style,1.0,1.0,1.0,2.090267170099932e-07,0.003989198851834444,0.0,1.0,0.9193216160001612,474688,1447,x1*x2;x3^2,-0.001306 + 1*(x1*x2) + 0.5006*(x3)^2,generation budget reached
interaction,spurious,0.03,300,4,9008,centralized-residual-counterexample-gp,1.0,1.0,1.0,2.0902671701107444e-07,0.003989198851834443,0.0,1.0,0.9359121130000858,0,1447,x1*x2;x3^2,-0.001306 + 1*(x1*x2) + 0.5006*(x3)^2,generation budget reached
interaction,spurious,0.03,300,4,9009,fedfalsify-v05,1.0,1.0,1.0,1.5924144067087598e-07,0.003997012891763965,0.0,1.0,0.25665228200000456,180283,3,x1*x2;x3^2,0.0007928 + 1·x₁x₂ + 0.4995·x₃²,target federated MSE reached; no replacement passed the federated certificate
interaction,spurious,0.03,300,4,9009,centralized-tree-gp,0.0,0.3333333333333333,0.5,1.5432993353363335e-07,0.00399701078306142,0.0,1.0,1.3583796649998021,0,1571,"expr:add(square(x1),square(x3));x1*x2;x1^2",0.0007513 + 0.4995*((x1)^2+(x3)^2) - 0.4995*(x1*x1) + 1*(x1*x2),generation budget reached
interaction,spurious,0.03,300,4,9009,federated-tree-gp-style,0.0,0.3333333333333333,0.5,1.5432993353465607e-07,0.0039970107830614235,0.0,1.0,1.7505793970001378,597248,1571,"expr:add(square(x1),square(x3));x1*x2;x1^2",0.0007513 + 0.4995*((x1)^2+(x3)^2) - 0.4995*(x1*x1) + 1*(x1*x2),generation budget reached
interaction,spurious,0.03,300,4,9009,centralized-residual-counterexample-gp,0.0,0.3333333333333333,0.5,0.0007743787326649941,0.01247908251754699,0.0,1.0,1.289138137000009,0,1568,"expr:cos(mul(sin(x3),square(x3)));expr:square(add(square(x3),square(x3)));x1*x2",0.5975 - 0.4423*cos((sin(x3)*(x3)^2)) + 1.002*(x1*x2) + 0.01498*(((x3)^2+(x3)^2))^2,generation budget reached
interaction,spurious,0.03,300,4,9010,fedfalsify-v05,1.0,1.0,1.0,4.78315267718446e-07,0.003983339019871985,0.0,1.0,0.23705854199988607,180634,3,x1*x2;x3^2,0.003079 + 0.9999·x₁x₂ + 0.4995·x₃²,target federated MSE reached; no replacement passed the federated certificate
interaction,spurious,0.03,300,4,9010,centralized-tree-gp,1.0,1.0,1.0,4.783152677188903e-07,0.003983339019871987,0.0,1.0,0.7890511900000092,0,1496,x1*x2;x3^2,0.003079 + 0.9999*(x1*x2) + 0.4995*(x3*x3),generation budget reached
interaction,spurious,0.03,300,4,9010,federated-tree-gp-style,1.0,1.0,1.0,4.783152677184457e-07,0.003983339019871985,0.0,1.0,0.9546819920001326,519936,1496,x1*x2;x3^2,0.003079 + 0.9999*(x1*x2) + 0.4995*(x3*x3),generation budget reached
interaction,spurious,0.03,300,4,9010,centralized-residual-counterexample-gp,1.0,1.0,1.0,4.783152677188903e-07,0.003983339019871987,0.0,1.0,0.7729814040001202,0,1491,x1*x2;x3^2,0.003079 + 0.9999*(x1*x2) + 0.4995*(x3*x3),generation budget reached
interaction,spurious,0.1,300,4,9006,fedfalsify-v05,1.0,1.0,1.0,3.1101202403581226e-05,0.047152027978150504,0.0,1.0,0.20964556900003117,179435,3,x1*x2;x3^2,-0.01322 + 1.002·x₁x₂ + 0.5084·x₃²,target federated MSE reached; no replacement passed the federated certificate
interaction,spurious,0.1,300,4,9006,centralized-tree-gp,0.0,0.25,0.5,0.0009776258187417064,0.05417284627344961,1.0,1.0,0.8743619069998658,0,1590,"expr:cos(mul(cos(x3),cos(x3)));expr:cos(mul(cos(x4),square(x3)));expr:square(mul(x3,x3));x1*x2",-0.639 + 1.288*cos((cos(x3)*cos(x3))) - 0.14*cos((cos(x4)*(x3)^2)) + 1.005*(x1*x2) + 0.07877*((x3*x3))^2,generation budget reached
interaction,spurious,0.1,300,4,9006,federated-tree-gp-style,0.0,0.25,0.5,0.000977625818741677,0.0541728462734496,1.0,1.0,1.0774494049999248,616640,1590,"expr:cos(mul(cos(x3),cos(x3)));expr:cos(mul(cos(x4),square(x3)));expr:square(mul(x3,x3));x1*x2",-0.639 + 1.288*cos((cos(x3)*cos(x3))) - 0.14*cos((cos(x4)*(x3)^2)) + 1.005*(x1*x2) + 0.07877*((x3*x3))^2,generation budget reached
interaction,spurious,0.1,300,4,9006,centralized-residual-counterexample-gp,0.0,0.25,0.5,0.0006118592620058469,0.05510076594498879,1.0,1.0,0.8522927110000182,0,1558,"expr:cos(mul(cos(x4),square(x3)));expr:cos(mul(x3,x3));expr:square(mul(x3,x3));x1*x2",0.4948 - 0.002689*cos((cos(x4)*(x3)^2)) - 0.3665*cos((x3*x3)) + 1.001*(x1*x2) + 0.08176*((x3*x3))^2,generation budget reached
interaction,spurious,0.1,300,4,9007,fedfalsify-v05,1.0,1.0,1.0,5.198491264964826e-06,0.04202014275951722,0.0,1.0,0.30359991799991803,328752,3,x1*x2;x3^2,0.01067 + 1.001·x₁x₂ + 0.4969·x₃²,target federated MSE reached; no replacement passed the federated certificate
interaction,spurious,0.1,300,4,9007,centralized-tree-gp,0.0,0.5,0.5,5.198491262238101e-06,0.04202014275951722,0.0,1.0,0.8350825429999986,0,1579,"expr:square(add(x3,x3));x1*x2",0.01067 + 1.001*(x1*x2) + 0.1242*((x3+x3))^2,generation budget reached
interaction,spurious,0.1,300,4,9007,federated-tree-gp-style,0.0,0.5,0.5,5.198491262238216e-06,0.04202014275951722,0.0,1.0,1.0739007800000309,603584,1579,"expr:square(add(x3,x3));x1*x2",0.01067 + 1.001*(x1*x2) + 0.1242*((x3+x3))^2,generation budget reached
interaction,spurious,0.1,300,4,9007,centralized-residual-counterexample-gp,0.0,0.5,0.5,5.198491262238101e-06,0.04202014275951722,0.0,1.0,0.9163484299999709,0,1568,"expr:square(add(x3,x3));x1*x2",0.01067 + 1.001*(x1*x2) + 0.1242*((x3+x3))^2,generation budget reached
interaction,spurious,0.1,300,4,9008,fedfalsify-v05,1.0,1.0,1.0,2.3225190928974136e-06,0.04432443168704939,0.0,1.0,0.2094148529999984,179852,3,x1*x2;x3^2,-0.004354 + 1.001·x₁x₂ + 0.5019·x₃²,target federated MSE reached; no replacement passed the federated certificate
interaction,spurious,0.1,300,4,9008,centralized-tree-gp,1.0,1.0,1.0,2.3225190929036978e-06,0.04432443168704939,0.0,1.0,1.065718066999807,0,1578,x1*x2;x3^2,-0.004354 + 1.001*(x1*x2) + 0.5019*(x3*x3),generation budget reached
interaction,spurious,0.1,300,4,9008,federated-tree-gp-style,1.0,1.0,1.0,2.322519092897426e-06,0.04432443168704939,0.0,1.0,1.686907981000104,592768,1578,x1*x2;x3^2,-0.004354 + 1.001*(x1*x2) + 0.5019*(x3*x3),generation budget reached
interaction,spurious,0.1,300,4,9008,centralized-residual-counterexample-gp,0.0,0.5,0.5,2.322519095236194e-06,0.04432443168704939,0.0,1.0,1.3080592109999998,0,1554,"expr:square(add(x3,x3));x1*x2",-0.004354 + 1.001*(x1*x2) + 0.1255*((x3+x3))^2,generation budget reached
interaction,spurious,0.1,300,4,9009,fedfalsify-v05,1.0,1.0,1.0,1.7693493453737634e-06,0.04441125435293296,0.0,1.0,0.2968098420001297,179775,3,x1*x2;x3^2,0.002643 + 1.001·x₁x₂ + 0.4984·x₃²,target federated MSE reached; no replacement passed the federated certificate
interaction,spurious,0.1,300,4,9009,centralized-tree-gp,1.0,1.0,1.0,1.7693493453727893e-06,0.04441125435293296,0.0,1.0,1.11211722500002,0,1535,x1*x2;x3^2,0.002643 + 1.001*(x1*x2) + 0.4984*(x3)^2,generation budget reached
interaction,spurious,0.1,300,4,9009,federated-tree-gp-style,1.0,1.0,1.0,1.7693493453737807e-06,0.04441125435293296,0.0,1.0,1.0105300769998848,547392,1535,x1*x2;x3^2,0.002643 + 1.001*(x1*x2) + 0.4984*(x3)^2,generation budget reached
interaction,spurious,0.1,300,4,9009,centralized-residual-counterexample-gp,0.0,0.3333333333333333,0.5,0.0007802997424142419,0.05293702478899837,0.0,1.0,0.9505780700001196,0,1613,"expr:cos(mul(sin(x3),square(x3)));expr:square(add(square(x3),square(x3)));x1*x2",0.5946 - 0.4364*cos((sin(x3)*(x3)^2)) + 1.003*(x1*x2) + 0.01507*(((x3)^2+(x3)^2))^2,generation budget reached
interaction,spurious,0.1,300,4,9010,fedfalsify-v05,1.0,1.0,1.0,5.314614078975246e-06,0.04425932244302209,0.0,1.0,0.2047229489999154,179940,3,x1*x2;x3^2,0.01026 + 0.9998·x₁x₂ + 0.4983·x₃²,target federated MSE reached; no replacement passed the federated certificate
interaction,spurious,0.1,300,4,9010,centralized-tree-gp,1.0,1.0,1.0,5.3146140789770605e-06,0.04425932244302209,0.0,1.0,0.7012013559999559,0,1457,x1*x2;x3^2,0.01026 + 0.9998*(x1*x2) + 0.4983*(x3)^2,generation budget reached
interaction,spurious,0.1,300,4,9010,federated-tree-gp-style,1.0,1.0,1.0,5.314614078975238e-06,0.04425932244302209,0.0,1.0,0.8771063169999707,482816,1457,x1*x2;x3^2,0.01026 + 0.9998*(x1*x2) + 0.4983*(x3)^2,generation budget reached
interaction,spurious,0.1,300,4,9010,centralized-residual-counterexample-gp,1.0,1.0,1.0,5.3146140789770605e-06,0.04425932244302209,0.0,1.0,0.8880399229999512,0,1597,x1*x2;x3^2,0.01026 + 0.9998*(x1*x2) + 0.4983*(x3*x3),generation budget reached
interaction,exception,0.03,300,4,9006,fedfalsify-v05,1.0,1.0,1.0,5.72271290768975e-06,0.007464386592566221,0.0,1.0,0.31330562900006953,247818,5,I(x3>1)*x3^2;x1*x2;x3^2,0.00296 + 1.002·x₁x₂ + 0.7478·𝟙[x₃>1]·x₃² + 0.4987·x₃²,target federated MSE reached; no replacement passed the federated certificate
interaction,exception,0.03,300,4,9006,centralized-tree-gp,0.0,0.25,0.3333333333333333,0.0034890223180085926,0.04778211562376511,0.0,0.0,0.8800499890000992,0,1616,"expr:square(add(cos(x3),square(x3)));expr:square(add(sin(x3),square(x3)));expr:square(mul(sin(x3),x3));x1*x2",0.2627 + 0.9967*(x1*x2) - 0.1539*((cos(x3)+(x3)^2))^2 + 0.2174*((sin(x3)+(x3)^2))^2 + 0.5065*((sin(x3)*x3))^2,generation budget reached
interaction,exception,0.03,300,4,9006,federated-tree-gp-style,0.0,0.25,0.3333333333333333,0.003489022318008593,0.0477821156237651,0.0,0.0,1.1413510200000019,660160,1616,"expr:square(add(cos(x3),square(x3)));expr:square(add(sin(x3),square(x3)));expr:square(mul(sin(x3),x3));x1*x2",0.2627 + 0.9967*(x1*x2) - 0.1539*((cos(x3)+(x3)^2))^2 + 0.2174*((sin(x3)+(x3)^2))^2 + 0.5065*((sin(x3)*x3))^2,generation budget reached
interaction,exception,0.03,300,4,9006,centralized-residual-counterexample-gp,0.0,0.25,0.3333333333333333,0.0017376788398937488,0.02861272652140609,0.0,0.0,0.9175198010000258,0,1589,"expr:add(square(x3),x3);expr:square(add(cos(x3),sin(x3)));expr:square(mul(sin(x3),square(x3)));x1*x2",0.4598 + 0.6411*((x3)^2+x3) + 1.001*(x1*x2) - 0.449*((cos(x3)+sin(x3)))^2 + 0.07904*((sin(x3)*(x3)^2))^2,generation budget reached
interaction,exception,0.03,300,4,9007,fedfalsify-v05,1.0,1.0,1.0,5.1818813086803486e-06,0.006295471393838419,0.0,1.0,0.311403313000028,247766,5,I(x3>1)*x3^2;x1*x2;x3^2,-0.003408 + 0.9982·x₁x₂ + 0.7486·𝟙[x₃>1]·x₃² + 0.5036·x₃²,target federated MSE reached; no replacement passed the federated certificate
interaction,exception,0.03,300,4,9007,centralized-tree-gp,0.0,0.25,0.3333333333333333,0.0067534105729211815,0.0866101895780173,1.0,0.0,0.8241565240000455,0,1578,"cos(x3);expr:add(square(x3),x3);expr:sin(add(sin(x4),x3));x1*x2",0.1485 + 0.8146*((x3)^2+x3) - 0.2691*cos(x3) + 1.001*(x1*x2) - 0.3491*sin((sin(x4)+x3)),generation budget reached
interaction,exception,0.03,300,4,9007,federated-tree-gp-style,0.0,0.25,0.3333333333333333,0.0067534105729211815,0.0866101895780173,1.0,0.0,1.4158714830000463,619648,1578,"cos(x3);expr:add(square(x3),x3);expr:sin(add(sin(x4),x3));x1*x2",0.1485 + 0.8146*((x3)^2+x3) - 0.2691*cos(x3) + 1.001*(x1*x2) - 0.3491*sin((sin(x4)+x3)),generation budget reached
interaction,exception,0.03,300,4,9007,centralized-residual-counterexample-gp,0.0,0.3333333333333333,0.3333333333333333,0.0076491975841458575,0.10443358366818159,1.0,0.0,1.5385975950000557,0,1633,"expr:add(square(x3),x3);expr:sin(mul(cos(x4),sin(x3)));x1*x2",-0.04238 + 0.8743*((x3)^2+x3) + 1.002*(x1*x2) - 0.5772*sin((cos(x4)*sin(x3))),generation budget reached
interaction,exception,0.03,300,4,9008,fedfalsify-v05,1.0,1.0,1.0,1.8696549679398094e-06,0.006696455003262415,0.0,1.0,0.49136632500017186,278847,5,I(x3>1)*x3^2;x1*x2;x3^2,0.0003787 + 0.9995·x₁x₂ + 0.753·𝟙[x₃>1]·x₃² + 0.4976·x₃²,target federated MSE reached; no replacement passed the federated certificate
interaction,exception,0.03,300,4,9008,centralized-tree-gp,0.0,0.5,0.6666666666666666,0.011896544563958354,0.13875315831065468,1.0,1.0,1.4523334640000485,0,1586,"I(x3>1)*x3^2;expr:add(cos(x2),cos(x3));expr:add(square(x3),x4);x1*x2",0.4738 - 0.233*(cos(x2)+cos(x3)) + 0.2811*((x3)^2+x4) + 0.8364*I(x3>1)*((x3)^2) + 0.9792*(x1*x2),generation budget reached
interaction,exception,0.03,300,4,9008,federated-tree-gp-style,0.0,0.5,0.6666666666666666,0.011896544563958427,0.13875315831065468,1.0,1.0,1.2801600999998755,627648,1586,"I(x3>1)*x3^2;expr:add(cos(x2),cos(x3));expr:add(square(x3),x4);x1*x2",0.4738 - 0.233*(cos(x2)+cos(x3)) + 0.2811*((x3)^2+x4) + 0.8364*I(x3>1)*((x3)^2) + 0.9792*(x1*x2),generation budget reached
interaction,exception,0.03,300,4,9008,centralized-residual-counterexample-gp,0.0,0.5,0.6666666666666666,0.004937235092413051,0.07478689045736163,0.0,1.0,0.9725372049999805,0,1626,"I(x3>1)*x3^2;expr:cos(mul(sin(x1),square(x3)));expr:square(add(sin(x3),square(x3)));x1*x2",0.6604 - 0.3929*cos((sin(x1)*(x3)^2)) + 0.4898*I(x3>1)*((x3)^2) + 0.9981*(x1*x2) + 0.09342*((sin(x3)+(x3)^2))^2,generation budget reached
interaction,exception,0.03,300,4,9009,fedfalsify-v05,1.0,1.0,1.0,1.0896104036828435e-05,0.006693217623692433,0.0,1.0,0.335204825999881,247694,5,I(x3>1)*x3^2;x1*x2;x3^2,0.0003465 + 1.004·x₁x₂ + 0.7491·𝟙[x₃>1]·x₃² + 0.5011·x₃²,target federated MSE reached; no replacement passed the federated certificate
interaction,exception,0.03,300,4,9009,centralized-tree-gp,0.0,0.3333333333333333,0.3333333333333333,0.006867732558955314,0.09912840335441206,1.0,0.0,0.8547345069998755,0,1568,"expr:add(square(x3),x3);expr:sin(add(sin(x4),x3));x1*x2",-0.03461 + 0.8774*((x3)^2+x3) + 0.9993*(x1*x2) - 0.4372*sin((sin(x4)+x3)),generation budget reached
interaction,exception,0.03,300,4,9009,federated-tree-gp-style,0.0,0.3333333333333333,0.3333333333333333,0.006867732558955312,0.09912840335441206,1.0,0.0,1.0807473679999475,607168,1568,"expr:add(square(x3),x3);expr:sin(add(sin(x4),x3));x1*x2",-0.03461 + 0.8774*((x3)^2+x3) + 0.9993*(x1*x2) - 0.4372*sin((sin(x4)+x3)),generation budget reached
interaction,exception,0.03,300,4,9009,centralized-residual-counterexample-gp,0.0,0.25,0.3333333333333333,0.008288212062850983,0.10020082769363253,0.0,0.0,0.8667072230000485,0,1561,"expr:add(square(x3),x3);expr:cos(mul(sin(x3),square(x3)));expr:sin(add(cos(x2),sin(x3)));x1*x2",0.1978 + 0.8001*((x3)^2+x3) - 0.1708*cos((sin(x3)*(x3)^2)) + 0.9814*(x1*x2) - 0.3285*sin((cos(x2)+sin(x3))),generation budget reached
interaction,exception,0.03,300,4,9010,fedfalsify-v05,1.0,1.0,1.0,1.162301777314097e-06,0.007354569922252562,0.0,1.0,0.33413635499982774,247634,5,I(x3>1)*x3^2;x1*x2;x3^2,0.003033 + 0.9992·x₁x₂ + 0.7485·𝟙[x₃>1]·x₃² + 0.5·x₃²,target federated MSE reached; no replacement passed the federated certificate
interaction,exception,0.03,300,4,9010,centralized-tree-gp,0.0,0.25,0.3333333333333333,0.011127455192606146,0.10461282947067052,0.0,0.0,0.9318491909998556,0,1622,"expr:add(cos(x1),square(x3));expr:sin(mul(sin(x3),sin(x3)));expr:square(add(sin(x3),square(x3)));x1*x2",-0.1591 - 0.1953*(cos(x1)+(x3)^2) + 0.9783*(x1*x2) + 1.652*sin((sin(x3)*sin(x3))) + 0.186*((sin(x3)+(x3)^2))^2,generation budget reached
interaction,exception,0.03,300,4,9010,federated-tree-gp-style,0.0,0.25,0.3333333333333333,0.011127455192606078,0.10461282947067052,0.0,0.0,1.1985764369999288,677056,1622,"expr:add(cos(x1),square(x3));expr:sin(mul(sin(x3),sin(x3)));expr:square(add(sin(x3),square(x3)));x1*x2",-0.1591 - 0.1953*(cos(x1)+(x3)^2) + 0.9783*(x1*x2) + 1.652*sin((sin(x3)*sin(x3))) + 0.186*((sin(x3)+(x3)^2))^2,generation budget reached
interaction,exception,0.03,300,4,9010,centralized-residual-counterexample-gp,0.0,0.25,0.3333333333333333,0.006788158922545036,0.10066046917657807,0.0,0.0,0.9386041259999729,0,1622,"expr:add(square(x3),x3);expr:square(add(cos(x3),sin(x3)));expr:square(mul(square(x3),x2));x1*x2",0.4844 + 0.7706*((x3)^2+x3) + 0.9852*(x1*x2) - 0.3623*((cos(x3)+sin(x3)))^2 + 0.003531*(((x3)^2*x2))^2,generation budget reached
interaction,exception,0.1,300,4,9006,fedfalsify-v05,1.0,1.0,1.0,6.358569899807949e-05,0.08293762880629134,0.0,1.0,0.32362895500000377,247236,5,I(x3>1)*x3^2;x1*x2;x3^2,0.009865 + 1.007·x₁x₂ + 0.7426·𝟙[x₃>1]·x₃² + 0.4958·x₃²,target federated MSE reached; no replacement passed the federated certificate
interaction,exception,0.1,300,4,9006,centralized-tree-gp,0.0,0.5,0.6666666666666666,0.0004587763948890242,0.08732287866477521,0.0,1.0,0.9136077690000093,0,1617,"I(x3>1)*x3^2;expr:add(sin(x3),square(x3));expr:sin(add(sin(x3),sin(x3)));x1*x2",0.01576 + 0.5052*(sin(x3)+(x3)^2) + 0.7226*I(x3>1)*((x3)^2) + 1.005*(x1*x2) - 0.4109*sin((sin(x3)+sin(x3))),generation budget reached
interaction,exception,0.1,300,4,9006,federated-tree-gp-style,0.0,0.5,0.6666666666666666,0.0004587763948890251,0.08732287866477523,0.0,1.0,1.78070068299985,660672,1617,"I(x3>1)*x3^2;expr:add(sin(x3),square(x3));expr:sin(add(sin(x3),sin(x3)));x1*x2",0.01576 + 0.5052*(sin(x3)+(x3)^2) + 0.7226*I(x3>1)*((x3)^2) + 1.005*(x1*x2) - 0.4109*sin((sin(x3)+sin(x3))),generation budget reached
interaction,exception,0.1,300,4,9006,centralized-residual-counterexample-gp,0.0,0.3333333333333333,0.3333333333333333,0.0010237851569100244,0.0983615503571705,0.0,0.0,1.4619907629999034,0,1576,"expr:add(sin(x3),square(x3));expr:mul(cos(x3),x3);x1*x2",-0.07746 + 0.8851*(sin(x3)+(x3)^2) - 0.87*(cos(x3)*x3) + 1.009*(x1*x2),generation budget reached
interaction,exception,0.1,300,4,9007,fedfalsify-v05,1.0,1.0,1.0,5.7576458945771814e-05,0.06994968215376021,0.0,1.0,0.4734731160001502,247143,5,I(x3>1)*x3^2;x1*x2;x3^2,-0.01136 + 0.9939·x₁x₂ + 0.7454·𝟙[x₃>1]·x₃² + 0.512·x₃²,target federated MSE reached; no replacement passed the federated certificate
interaction,exception,0.1,300,4,9007,centralized-tree-gp,0.0,0.5,0.6666666666666666,0.005357589292406156,0.11266520238208774,0.0,0.0,1.3787148309997974,0,1598,"expr:cos(mul(sin(x3),sin(x3)));expr:square(add(sin(x3),square(x3)));x1*x2;x3^2",3.485 - 3.512*cos((sin(x3)*sin(x3))) + 0.9923*(x1*x2) - 0.3315*(x3*x3) + 0.2089*((sin(x3)+(x3)^2))^2,generation budget reached
interaction,exception,0.1,300,4,9007,federated-tree-gp-style,0.0,0.5,0.6666666666666666,0.005357589292405992,0.11266520238208774,0.0,0.0,1.1224534160000985,633024,1598,"expr:cos(mul(sin(x3),sin(x3)));expr:square(add(sin(x3),square(x3)));x1*x2;x3^2",3.485 - 3.512*cos((sin(x3)*sin(x3))) + 0.9923*(x1*x2) - 0.3315*(x3*x3) + 0.2089*((sin(x3)+(x3)^2))^2,generation budget reached
interaction,exception,0.1,300,4,9007,centralized-residual-counterexample-gp,0.0,0.5,0.6666666666666666,0.005357589292406156,0.11266520238208774,0.0,0.0,0.9378837129997919,0,1605,"expr:cos(mul(sin(x3),sin(x3)));expr:square(add(sin(x3),square(x3)));x1*x2;x3^2",3.485 - 3.512*cos((sin(x3)*sin(x3))) + 0.9923*(x1*x2) - 0.3315*(x3*x3) + 0.2089*((sin(x3)+(x3)^2))^2,generation budget reached
interaction,exception,0.1,300,4,9008,fedfalsify-v05,1.0,1.0,1.0,2.077394408935321e-05,0.07440505559180463,0.0,1.0,0.34386934900021515,278361,5,I(x3>1)*x3^2;x1*x2;x3^2,0.001262 + 0.9984·x₁x₂ + 0.7598·𝟙[x₃>1]·x₃² + 0.492·x₃²,target federated MSE reached; no replacement passed the federated certificate
interaction,exception,0.1,300,4,9008,centralized-tree-gp,0.0,0.0,0.0,0.4593110066456621,0.6541602718012134,0.0,0.0,0.8904160400002183,0,1569,"expr:sin(mul(cos(x1),cos(x2)));expr:square(add(sin(x1),x2));expr:square(add(sin(x2),x1));expr:square(add(sin(x3),square(x3)))",-1.268 + 1.696*sin((cos(x1)*cos(x2))) + 0.3349*((sin(x1)+x2))^2 + 0.3473*((sin(x2)+x1))^2 + 0.1689*((sin(x3)+(x3)^2))^2,generation budget reached
interaction,exception,0.1,300,4,9008,federated-tree-gp-style,0.0,0.0,0.0,0.45931100664566216,0.6541602718012134,0.0,0.0,1.1744021469999097,626496,1569,"expr:sin(mul(cos(x1),cos(x2)));expr:square(add(sin(x1),x2));expr:square(add(sin(x2),x1));expr:square(add(sin(x3),square(x3)))",-1.268 + 1.696*sin((cos(x1)*cos(x2))) + 0.3349*((sin(x1)+x2))^2 + 0.3473*((sin(x2)+x1))^2 + 0.1689*((sin(x3)+(x3)^2))^2,generation budget reached
interaction,exception,0.1,300,4,9008,centralized-residual-counterexample-gp,0.0,0.0,0.0,0.4593110066456621,0.6541602718012134,0.0,0.0,0.9291487209998195,0,1576,"expr:sin(mul(cos(x1),cos(x2)));expr:square(add(sin(x1),x2));expr:square(add(sin(x2),x1));expr:square(add(sin(x3),square(x3)))",-1.268 + 1.696*sin((cos(x1)*cos(x2))) + 0.3349*((sin(x1)+x2))^2 + 0.3473*((sin(x2)+x1))^2 + 0.1689*((sin(x3)+(x3)^2))^2,generation budget reached
interaction,exception,0.1,300,4,9009,fedfalsify-v05,1.0,1.0,1.0,0.00012106782271700144,0.07436908470769373,0.0,1.0,0.3537026710000646,247127,5,I(x3>1)*x3^2;x1*x2;x3^2,0.001155 + 1.013·x₁x₂ + 0.7471·𝟙[x₃>1]·x₃² + 0.5037·x₃²,target federated MSE reached; no replacement passed the federated certificate
interaction,exception,0.1,300,4,9009,centralized-tree-gp,0.0,0.0,0.0,0.14845922767369368,0.5198555826836935,0.0,0.0,0.909198232000108,0,1622,"expr:add(square(x3),x3);expr:mul(sin(x1),x2);expr:mul(sin(x2),x1);expr:square(add(x1,x2))",-0.3858 + 0.7919*((x3)^2+x3) + 0.5487*(sin(x1)*x2) + 0.6517*(sin(x2)*x1) + 0.1597*((x1+x2))^2,generation budget reached
interaction,exception,0.1,300,4,9009,federated-tree-gp-style,0.0,0.0,0.0,0.14845922767369388,0.5198555826836935,0.0,0.0,1.1573057190003055,667264,1622,"expr:add(square(x3),x3);expr:mul(sin(x1),x2);expr:mul(sin(x2),x1);expr:square(add(x1,x2))",-0.3858 + 0.7919*((x3)^2+x3) + 0.5487*(sin(x1)*x2) + 0.6517*(sin(x2)*x1) + 0.1597*((x1+x2))^2,generation budget reached
interaction,exception,0.1,300,4,9009,centralized-residual-counterexample-gp,0.0,0.25,0.3333333333333333,0.00286565526628486,0.10451565779490489,0.0,0.0,0.8699764819998563,0,1596,"expr:add(square(x3),x3);expr:mul(sin(x3),square(x3));x1*x2;x3",-0.08551 + 0.9017*((x3)^2+x3) + 0.5679*(sin(x3)*(x3)^2) + 1.009*(x1*x2) - 1.121*x3,generation budget reached
interaction,exception,0.1,300,4,9010,fedfalsify-v05,1.0,1.0,1.0,1.2914464161410959e-05,0.08171744358058404,0.0,1.0,0.3325287779998689,247062,5,I(x3>1)*x3^2;x1*x2;x3^2,0.01011 + 0.9972·x₁x₂ + 0.745·𝟙[x₃>1]·x₃² + 0.5002·x₃²,target federated MSE reached; no replacement passed the federated certificate
interaction,exception,0.1,300,4,9010,centralized-tree-gp,0.0,0.25,0.3333333333333333,0.006235450115733782,0.16077180925699439,0.0,0.0,0.913105416000235,0,1593,"expr:add(cos(x3),cos(x3));expr:cos(mul(sin(x3),x3));expr:square(add(sin(x3),square(x3)));x1*x2",0.7451 + 1.598*(cos(x3)+cos(x3)) - 3.566*cos((sin(x3)*x3)) + 0.9958*(x1*x2) + 0.1969*((sin(x3)+(x3)^2))^2,generation budget reached
interaction,exception,0.1,300,4,9010,federated-tree-gp-style,0.0,0.25,0.3333333333333333,0.0062354501157336085,0.16077180925699439,0.0,0.0,1.8339636900000187,626176,1593,"expr:add(cos(x3),cos(x3));expr:cos(mul(sin(x3),x3));expr:square(add(sin(x3),square(x3)));x1*x2",0.7451 + 1.598*(cos(x3)+cos(x3)) - 3.566*cos((sin(x3)*x3)) + 0.9958*(x1*x2) + 0.1969*((sin(x3)+(x3)^2))^2,generation budget reached
interaction,exception,0.1,300,4,9010,centralized-residual-counterexample-gp,0.0,0.5,0.6666666666666666,0.0004208451599112387,0.08731907853525854,0.0,1.0,1.4297898700001497,0,1557,"I(x3>1)*x3^2;expr:cos(mul(sin(x3),x3));expr:square(add(sin(x3),square(x3)));x1*x2",1.07 - 0.9932*cos((sin(x3)*x3)) + 0.5092*I(x3>1)*((x3)^2) + 0.9955*(x1*x2) + 0.07146*((sin(x3)+(x3)^2))^2,generation budget reached
